[17:39:08] [main/INFO]: Extra: []
[17:39:08] [main/INFO]: Running with arguments: [--userProperties, {}, --assetsDir, D:/maven/.grable/caches/minecraft/assets, --assetIndex, 1.9, --accessToken{REDACTED}, --version, 1.9, --tweakClass, net.minecraftforge.fml.common.launcher.FMLTweaker, --tweakClass, net.minecraftforge.gradle.tweakers.CoremodTweaker]
[17:39:08] [main/INFO]: Loading tweak class name net.minecraftforge.fml.common.launcher.FMLTweaker
[17:39:08] [main/INFO]: Using primary tweak class name net.minecraftforge.fml.common.launcher.FMLTweaker
[17:39:08] [main/INFO]: Loading tweak class name net.minecraftforge.gradle.tweakers.CoremodTweaker
[17:39:08] [main/INFO]: Calling tweak class net.minecraftforge.fml.common.launcher.FMLTweaker
[17:39:08] [main/INFO]: Forge Mod Loader version 12.16.1.1934 for Minecraft 1.9 loading
[17:39:08] [main/INFO]: Java is Java HotSpot(TM) 64-Bit Server VM, version 1.8.0_271, running on Windows 10:amd64:10.0, installed at D:\Java\jdk1.8.0_271\jre
[17:39:08] [main/INFO]: Managed to load a deobfuscated Minecraft name- we are in a deobfuscated environment. Skipping runtime deobfuscation
[17:39:08] [main/INFO]: Calling tweak class net.minecraftforge.gradle.tweakers.CoremodTweaker
[17:39:08] [main/INFO]: Injecting location in coremod net.minecraftforge.fml.relauncher.FMLCorePlugin
[17:39:08] [main/INFO]: Injecting location in coremod net.minecraftforge.classloading.FMLForgePlugin
[17:39:08] [main/INFO]: Loading tweak class name net.minecraftforge.fml.common.launcher.FMLInjectionAndSortingTweaker
[17:39:08] [main/INFO]: Loading tweak class name net.minecraftforge.fml.common.launcher.FMLDeobfTweaker
[17:39:08] [main/INFO]: Loading tweak class name net.minecraftforge.gradle.tweakers.AccessTransformerTweaker
[17:39:08] [main/INFO]: Calling tweak class net.minecraftforge.fml.common.launcher.FMLInjectionAndSortingTweaker
[17:39:08] [main/INFO]: Calling tweak class net.minecraftforge.fml.common.launcher.FMLInjectionAndSortingTweaker
[17:39:08] [main/INFO]: Calling tweak class net.minecraftforge.fml.relauncher.CoreModManager$FMLPluginWrapper
[17:39:08] [main/ERROR]: The binary patch set is missing. Either you are in a development environment, or things are not going to work!
[17:39:12] [main/ERROR]: FML appears to be missing any signature data. This is not a good thing
[17:39:12] [main/INFO]: Calling tweak class net.minecraftforge.fml.relauncher.CoreModManager$FMLPluginWrapper
[17:39:12] [main/INFO]: Calling tweak class net.minecraftforge.fml.common.launcher.FMLDeobfTweaker
[17:39:13] [main/INFO]: Calling tweak class net.minecraftforge.gradle.tweakers.AccessTransformerTweaker
[17:39:14] [main/INFO]: Remapping AccessTransformer rules...
[17:39:14] [main/INFO]: Loading tweak class name net.minecraftforge.fml.common.launcher.TerminalTweaker
[17:39:14] [main/INFO]: Calling tweak class net.minecraftforge.fml.common.launcher.TerminalTweaker
[17:39:14] [main/INFO]: Launching wrapped minecraft {net.minecraft.client.main.Main}
[17:39:15] [Client thread/INFO]: Setting user: Player229
[17:39:21] [Client thread/INFO]: LWJGL Version: 2.9.4
[17:39:22] [Client thread/INFO]: [net.minecraftforge.fml.client.SplashProgress:start:200]: ---- Minecraft Crash Report ----
// Daisy, daisy...

Time: 23-8-17 下午5:39
Description: Loading screen debug info

This is just a prompt for computer specs to be printed. THIS IS NOT A ERROR


A detailed walkthrough of the error, its code path and all known details is as follows:
---------------------------------------------------------------------------------------

-- System Details --
Details:
	Minecraft Version: 1.9
	Operating System: Windows 10 (amd64) version 10.0
	Java Version: 1.8.0_271, Oracle Corporation
	Java VM Version: Java HotSpot(TM) 64-Bit Server VM (mixed mode), Oracle Corporation
	Memory: 242186808 bytes (230 MB) / 749731840 bytes (715 MB) up to 7609516032 bytes (7257 MB)
	JVM Flags: 0 total; 
	IntCache: cache: 0, tcache: 0, allocated: 0, tallocated: 0
	FML: 
	Loaded coremods (and transformers): 
	GL info: ' Vendor: 'Intel' Version: '4.6.0 - Build 27.20.100.8280' Renderer: 'Intel(R) HD Graphics 630'
[17:39:22] [Client thread/INFO]: MinecraftForge v12.16.1.1934 Initialized
[17:39:23] [Client thread/INFO]: Replaced 231 ore recipes
[17:39:23] [Client thread/INFO]: Found 0 mods from the command line. Injecting into mod discoverer
[17:39:23] [Client thread/INFO]: Searching G:\Game\work\sim-u\Trhsy-sim-u\mc-sim-u-1.9\eclipse\mods for mods
[17:39:26] [Client thread/INFO]: Forge Mod Loader has identified 7 mods to load
[17:39:26] [Client thread/INFO]: Attempting connection with missing mods [mcp, FML, Forge, sim, JEI, VeinMiner, VeinMinerModSupport] at CLIENT
[17:39:26] [Client thread/INFO]: Attempting connection with missing mods [mcp, FML, Forge, sim, JEI, VeinMiner, VeinMinerModSupport] at SERVER
[17:39:27] [Client thread/INFO]: Reloading ResourceManager: Default, FMLFileResourcePack:Forge Mod Loader, FMLFileResourcePack:Minecraft Forge, FMLFileResourcePack:Simulated town, FMLFileResourcePack:Just Enough Items, FMLFileResourcePack:Vein Miner, FMLFileResourcePack:Mod Support
[17:39:27] [Client thread/INFO]: Processing ObjectHolder annotations
[17:39:27] [Client thread/INFO]: Found 418 ObjectHolder annotations
[17:39:27] [Client thread/INFO]: Identifying ItemStackHolder annotations
[17:39:27] [Client thread/INFO]: Found 0 ItemStackHolder annotations
[17:39:28] [Client thread/INFO]: Configured a dormant chunk cache size of 0
[17:39:28] [Forge Version Check/INFO]: [Forge] Starting version check at http://files.minecraftforge.net/maven/net/minecraftforge/forge/promotions_slim.json
[17:39:28] [Client thread/INFO]: 当前语言：zh_CN,开始解压建筑蓝图
[17:39:29] [Client thread/INFO]: Applying holder lookups
[17:39:29] [Client thread/INFO]: Holder lookups applied
[17:39:29] [Client thread/INFO]: Injecting itemstacks
[17:39:29] [Client thread/INFO]: Itemstack injection complete
[17:39:36] [Sound Library Loader/INFO]: Starting up SoundSystem...
[17:39:36] [Thread-8/INFO]: Initializing LWJGL OpenAL
[17:39:36] [Thread-8/INFO]: (The LWJGL binding of OpenAL.  For more information, see http://www.lwjgl.org)
[17:39:36] [Thread-8/INFO]: OpenAL initialized.
[17:39:37] [Sound Library Loader/INFO]: Sound engine started
[17:39:50] [Client thread/INFO]: Max texture size: 16384
[17:39:50] [Client thread/INFO]: Created: 16x16 textures-atlas
[17:39:52] [Client thread/INFO]: Injecting itemstacks
[17:39:52] [Client thread/INFO]: Itemstack injection complete
[17:39:52] [Client thread/INFO]: [com.trhsy.sim.npc.build.BuildingBlueprint:addBuildingBlueprint:387]: 当前建筑：仓库
[17:39:52] [Client thread/INFO]: [com.trhsy.sim.npc.build.BuildingBlueprint:addBuildingBlueprint:641]: 当前建筑所需方块：1092
[17:39:52] [Client thread/INFO]: [com.trhsy.sim.npc.build.BuildingBlueprint:addBuildingBlueprint:387]: 当前建筑：医院
[17:39:52] [Client thread/INFO]: [com.trhsy.sim.npc.build.BuildingBlueprint:addBuildingBlueprint:641]: 当前建筑所需方块：5520
[17:39:52] [Client thread/INFO]: [com.trhsy.sim.npc.build.BuildingBlueprint:addBuildingBlueprint:387]: 当前建筑：叶老酒馆
[17:39:52] [Client thread/INFO]: [com.trhsy.sim.npc.build.BuildingBlueprint:addBuildingBlueprint:641]: 当前建筑所需方块：3744
[17:39:52] [Client thread/INFO]: [com.trhsy.sim.npc.build.BuildingBlueprint:addBuildingBlueprint:387]: 当前建筑：杂货铺
[17:39:52] [Client thread/INFO]: [com.trhsy.sim.npc.build.BuildingBlueprint:addBuildingBlueprint:641]: 当前建筑所需方块：648
[17:39:52] [Client thread/INFO]: [com.trhsy.sim.npc.build.BuildingBlueprint:addBuildingBlueprint:387]: 当前建筑：汉堡店
[17:39:52] [Client thread/INFO]: [com.trhsy.sim.npc.build.BuildingBlueprint:addBuildingBlueprint:641]: 当前建筑所需方块：5712
[17:39:52] [Client thread/INFO]: [com.trhsy.sim.npc.build.BuildingBlueprint:addBuildingBlueprint:387]: 当前建筑：肉铺
[17:39:52] [Client thread/INFO]: [com.trhsy.sim.npc.build.BuildingBlueprint:addBuildingBlueprint:641]: 当前建筑所需方块：432
[17:39:52] [Client thread/INFO]: [com.trhsy.sim.npc.build.BuildingBlueprint:addBuildingBlueprint:387]: 当前建筑：花店
[17:39:52] [Client thread/INFO]: [com.trhsy.sim.npc.build.BuildingBlueprint:addBuildingBlueprint:641]: 当前建筑所需方块：1512
[17:39:52] [Client thread/INFO]: [com.trhsy.sim.npc.build.BuildingBlueprint:addBuildingBlueprint:387]: 当前建筑：诊所
[17:39:52] [Client thread/INFO]: [com.trhsy.sim.npc.build.BuildingBlueprint:addBuildingBlueprint:641]: 当前建筑所需方块：2240
[17:39:52] [Client thread/INFO]: [com.trhsy.sim.npc.build.BuildingBlueprint:addBuildingBlueprint:387]: 当前建筑：银行
[17:39:52] [Client thread/INFO]: [com.trhsy.sim.npc.build.BuildingBlueprint:addBuildingBlueprint:641]: 当前建筑所需方块：750
[17:39:52] [Client thread/INFO]: [com.trhsy.sim.npc.build.BuildingBlueprint:addBuildingBlueprint:387]: 当前建筑：面包店
[17:39:52] [Client thread/INFO]: [com.trhsy.sim.npc.build.BuildingBlueprint:addBuildingBlueprint:641]: 当前建筑所需方块：432
[17:39:52] [Client thread/INFO]: [com.trhsy.sim.npc.build.BuildingBlueprint:addBuildingBlueprint:387]: 当前建筑：食品店
[17:39:52] [Client thread/INFO]: [com.trhsy.sim.npc.build.BuildingBlueprint:addBuildingBlueprint:641]: 当前建筑所需方块：495
[17:39:52] [Client thread/INFO]: [com.trhsy.sim.npc.build.BuildingBlueprint:addBuildingBlueprint:387]: 当前建筑：麦当劳
[17:39:52] [Client thread/INFO]: [com.trhsy.sim.npc.build.BuildingBlueprint:addBuildingBlueprint:641]: 当前建筑所需方块：11339
[17:39:52] [Client thread/INFO]: [com.trhsy.sim.npc.build.BuildingBlueprint:addBuildingBlueprint:387]: 当前建筑：二师兄
[17:39:52] [Client thread/INFO]: [com.trhsy.sim.npc.build.BuildingBlueprint:addBuildingBlueprint:641]: 当前建筑所需方块：3900
[17:39:52] [Client thread/INFO]: [com.trhsy.sim.npc.build.BuildingBlueprint:addBuildingBlueprint:387]: 当前建筑：僵尸
[17:39:52] [Client thread/INFO]: [com.trhsy.sim.npc.build.BuildingBlueprint:addBuildingBlueprint:641]: 当前建筑所需方块：7680
[17:39:52] [Client thread/INFO]: [com.trhsy.sim.npc.build.BuildingBlueprint:addBuildingBlueprint:387]: 当前建筑：南瓜
[17:39:52] [Client thread/INFO]: [com.trhsy.sim.npc.build.BuildingBlueprint:addBuildingBlueprint:641]: 当前建筑所需方块：5376
[17:39:52] [Client thread/INFO]: [com.trhsy.sim.npc.build.BuildingBlueprint:addBuildingBlueprint:387]: 当前建筑：史蒂夫
[17:39:52] [Client thread/INFO]: [com.trhsy.sim.npc.build.BuildingBlueprint:addBuildingBlueprint:641]: 当前建筑所需方块：4096
[17:39:52] [Client thread/INFO]: [com.trhsy.sim.npc.build.BuildingBlueprint:addBuildingBlueprint:387]: 当前建筑：羊羔疯
[17:39:52] [Client thread/INFO]: [com.trhsy.sim.npc.build.BuildingBlueprint:addBuildingBlueprint:641]: 当前建筑所需方块：8050
[17:39:52] [Client thread/INFO]: [com.trhsy.sim.npc.build.BuildingBlueprint:addBuildingBlueprint:387]: 当前建筑：苦力怕
[17:39:52] [Client thread/INFO]: [com.trhsy.sim.npc.build.BuildingBlueprint:addBuildingBlueprint:641]: 当前建筑所需方块：2496
[17:39:52] [Client thread/INFO]: [com.trhsy.sim.npc.build.BuildingBlueprint:addBuildingBlueprint:387]: 当前建筑：茶壶
[17:39:52] [Client thread/INFO]: [com.trhsy.sim.npc.build.BuildingBlueprint:addBuildingBlueprint:641]: 当前建筑所需方块：1050
[17:39:52] [Client thread/INFO]: [com.trhsy.sim.npc.build.BuildingBlueprint:addBuildingBlueprint:387]: 当前建筑：蜘蛛
[17:39:52] [Client thread/INFO]: [com.trhsy.sim.npc.build.BuildingBlueprint:addBuildingBlueprint:641]: 当前建筑所需方块：20812
[17:39:52] [Client thread/INFO]: [com.trhsy.sim.npc.build.BuildingBlueprint:addBuildingBlueprint:387]: 当前建筑：骷髅小白
[17:39:52] [Client thread/INFO]: [com.trhsy.sim.npc.build.BuildingBlueprint:addBuildingBlueprint:641]: 当前建筑所需方块：7680
[17:39:52] [Client thread/INFO]: [com.trhsy.sim.npc.build.BuildingBlueprint:addBuildingBlueprint:387]: 当前建筑：鸡太美
[17:39:52] [Client thread/INFO]: [com.trhsy.sim.npc.build.BuildingBlueprint:addBuildingBlueprint:641]: 当前建筑所需方块：1632
[17:39:52] [Client thread/INFO]: [com.trhsy.sim.npc.build.BuildingBlueprint:addBuildingBlueprint:387]: 当前建筑：伐木场
[17:39:52] [Client thread/INFO]: [com.trhsy.sim.npc.build.BuildingBlueprint:addBuildingBlueprint:641]: 当前建筑所需方块：560
[17:39:52] [Client thread/INFO]: [com.trhsy.sim.npc.build.BuildingBlueprint:addBuildingBlueprint:387]: 当前建筑：养兔场
[17:39:52] [Client thread/INFO]: [com.trhsy.sim.npc.build.BuildingBlueprint:addBuildingBlueprint:641]: 当前建筑所需方块：243
[17:39:52] [Client thread/INFO]: [com.trhsy.sim.npc.build.BuildingBlueprint:addBuildingBlueprint:387]: 当前建筑：养牛场
[17:39:52] [Client thread/INFO]: [com.trhsy.sim.npc.build.BuildingBlueprint:addBuildingBlueprint:641]: 当前建筑所需方块：243
[17:39:52] [Client thread/INFO]: [com.trhsy.sim.npc.build.BuildingBlueprint:addBuildingBlueprint:387]: 当前建筑：养猪场
[17:39:52] [Client thread/INFO]: [com.trhsy.sim.npc.build.BuildingBlueprint:addBuildingBlueprint:641]: 当前建筑所需方块：243
[17:39:52] [Client thread/INFO]: [com.trhsy.sim.npc.build.BuildingBlueprint:addBuildingBlueprint:387]: 当前建筑：养羊场
[17:39:52] [Client thread/INFO]: [com.trhsy.sim.npc.build.BuildingBlueprint:addBuildingBlueprint:641]: 当前建筑所需方块：243
[17:39:52] [Client thread/INFO]: [com.trhsy.sim.npc.build.BuildingBlueprint:addBuildingBlueprint:387]: 当前建筑：养鸡场
[17:39:52] [Client thread/INFO]: [com.trhsy.sim.npc.build.BuildingBlueprint:addBuildingBlueprint:641]: 当前建筑所需方块：243
[17:39:52] [Client thread/INFO]: [com.trhsy.sim.npc.build.BuildingBlueprint:addBuildingBlueprint:387]: 当前建筑：军营
[17:39:52] [Client thread/INFO]: [com.trhsy.sim.npc.build.BuildingBlueprint:addBuildingBlueprint:641]: 当前建筑所需方块：324
[17:39:52] [Client thread/INFO]: [com.trhsy.sim.npc.build.BuildingBlueprint:addBuildingBlueprint:387]: 当前建筑：制糖厂
[17:39:52] [Client thread/INFO]: [com.trhsy.sim.npc.build.BuildingBlueprint:addBuildingBlueprint:641]: 当前建筑所需方块：405
[17:39:52] [Client thread/INFO]: [com.trhsy.sim.npc.build.BuildingBlueprint:addBuildingBlueprint:387]: 当前建筑：奶牛场
[17:39:52] [Client thread/INFO]: [com.trhsy.sim.npc.build.BuildingBlueprint:addBuildingBlueprint:641]: 当前建筑所需方块：243
[17:39:52] [Client thread/INFO]: [com.trhsy.sim.npc.build.BuildingBlueprint:addBuildingBlueprint:387]: 当前建筑：奶酪工厂
[17:39:52] [Client thread/INFO]: [com.trhsy.sim.npc.build.BuildingBlueprint:addBuildingBlueprint:641]: 当前建筑所需方块：2592
[17:39:52] [Client thread/INFO]: [com.trhsy.sim.npc.build.BuildingBlueprint:addBuildingBlueprint:387]: 当前建筑：建筑商
[17:39:52] [Client thread/INFO]: [com.trhsy.sim.npc.build.BuildingBlueprint:addBuildingBlueprint:641]: 当前建筑所需方块：648
[17:39:52] [Client thread/INFO]: [com.trhsy.sim.npc.build.BuildingBlueprint:addBuildingBlueprint:387]: 当前建筑：板砖厂
[17:39:52] [Client thread/INFO]: [com.trhsy.sim.npc.build.BuildingBlueprint:addBuildingBlueprint:641]: 当前建筑所需方块：420
[17:39:52] [Client thread/INFO]: [com.trhsy.sim.npc.build.BuildingBlueprint:addBuildingBlueprint:387]: 当前建筑：渔场
[17:39:52] [Client thread/INFO]: [com.trhsy.sim.npc.build.BuildingBlueprint:addBuildingBlueprint:641]: 当前建筑所需方块：280
[17:39:52] [Client thread/INFO]: [com.trhsy.sim.npc.build.BuildingBlueprint:addBuildingBlueprint:387]: 当前建筑：玻璃工厂
[17:39:52] [Client thread/INFO]: [com.trhsy.sim.npc.build.BuildingBlueprint:addBuildingBlueprint:641]: 当前建筑所需方块：420
[17:39:52] [Client thread/INFO]: [com.trhsy.sim.npc.build.BuildingBlueprint:addBuildingBlueprint:387]: 当前建筑：羊毛场
[17:39:52] [Client thread/INFO]: [com.trhsy.sim.npc.build.BuildingBlueprint:addBuildingBlueprint:641]: 当前建筑所需方块：243
[17:39:52] [Client thread/INFO]: [com.trhsy.sim.npc.build.BuildingBlueprint:addBuildingBlueprint:387]: 当前建筑：鸡蛋农场
[17:39:52] [Client thread/INFO]: [com.trhsy.sim.npc.build.BuildingBlueprint:addBuildingBlueprint:641]: 当前建筑所需方块：243
[17:39:52] [Client thread/INFO]: [com.trhsy.sim.npc.build.BuildingBlueprint:addBuildingBlueprint:387]: 当前建筑：8号车站
[17:39:52] [Client thread/INFO]: [com.trhsy.sim.npc.build.BuildingBlueprint:addBuildingBlueprint:641]: 当前建筑所需方块：3456
[17:39:52] [Client thread/INFO]: [com.trhsy.sim.npc.build.BuildingBlueprint:addBuildingBlueprint:387]: 当前建筑：PAB LDB
[17:39:52] [Client thread/INFO]: [com.trhsy.sim.npc.build.BuildingBlueprint:addBuildingBlueprint:641]: 当前建筑所需方块：5040
[17:39:52] [Client thread/INFO]: [com.trhsy.sim.npc.build.BuildingBlueprint:addBuildingBlueprint:387]: 当前建筑：Sim-U-迷宫
[17:39:52] [Client thread/INFO]: [com.trhsy.sim.npc.build.BuildingBlueprint:addBuildingBlueprint:641]: 当前建筑所需方块：910
[17:39:52] [Client thread/INFO]: [com.trhsy.sim.npc.build.BuildingBlueprint:addBuildingBlueprint:387]: 当前建筑：东方小庙
[17:39:52] [Client thread/INFO]: [com.trhsy.sim.npc.build.BuildingBlueprint:addBuildingBlueprint:641]: 当前建筑所需方块：180
[17:39:52] [Client thread/INFO]: [com.trhsy.sim.npc.build.BuildingBlueprint:addBuildingBlueprint:387]: 当前建筑：中型农场
[17:39:52] [Client thread/INFO]: [com.trhsy.sim.npc.build.BuildingBlueprint:addBuildingBlueprint:641]: 当前建筑所需方块：1386
[17:39:52] [Client thread/INFO]: [com.trhsy.sim.npc.build.BuildingBlueprint:addBuildingBlueprint:387]: 当前建筑：乘船回家（水上）
[17:39:52] [Client thread/INFO]: [com.trhsy.sim.npc.build.BuildingBlueprint:addBuildingBlueprint:641]: 当前建筑所需方块：1890
[17:39:52] [Client thread/INFO]: [com.trhsy.sim.npc.build.BuildingBlueprint:addBuildingBlueprint:387]: 当前建筑：乘船回家（陆上）
[17:39:52] [Client thread/INFO]: [com.trhsy.sim.npc.build.BuildingBlueprint:addBuildingBlueprint:641]: 当前建筑所需方块：1890
[17:39:52] [Client thread/INFO]: [com.trhsy.sim.npc.build.BuildingBlueprint:addBuildingBlueprint:387]: 当前建筑：乡村农场
[17:39:52] [Client thread/INFO]: [com.trhsy.sim.npc.build.BuildingBlueprint:addBuildingBlueprint:641]: 当前建筑所需方块：117
[17:39:52] [Client thread/INFO]: [com.trhsy.sim.npc.build.BuildingBlueprint:addBuildingBlueprint:387]: 当前建筑：乡村图书馆
[17:39:52] [Client thread/INFO]: [com.trhsy.sim.npc.build.BuildingBlueprint:addBuildingBlueprint:641]: 当前建筑所需方块：648
[17:39:52] [Client thread/INFO]: [com.trhsy.sim.npc.build.BuildingBlueprint:addBuildingBlueprint:387]: 当前建筑：乡村教堂
[17:39:52] [Client thread/INFO]: [com.trhsy.sim.npc.build.BuildingBlueprint:addBuildingBlueprint:641]: 当前建筑所需方块：4032
[17:39:52] [Client thread/INFO]: [com.trhsy.sim.npc.build.BuildingBlueprint:addBuildingBlueprint:387]: 当前建筑：井
[17:39:52] [Client thread/INFO]: [com.trhsy.sim.npc.build.BuildingBlueprint:addBuildingBlueprint:641]: 当前建筑所需方块：180
[17:39:52] [Client thread/INFO]: [com.trhsy.sim.npc.build.BuildingBlueprint:addBuildingBlueprint:387]: 当前建筑：仓库
[17:39:52] [Client thread/INFO]: [com.trhsy.sim.npc.build.BuildingBlueprint:addBuildingBlueprint:641]: 当前建筑所需方块：1260
[17:39:52] [Client thread/INFO]: [com.trhsy.sim.npc.build.BuildingBlueprint:addBuildingBlueprint:387]: 当前建筑：保龄球道
[17:39:52] [Client thread/INFO]: [com.trhsy.sim.npc.build.BuildingBlueprint:addBuildingBlueprint:641]: 当前建筑所需方块：4410
[17:39:52] [Client thread/INFO]: [com.trhsy.sim.npc.build.BuildingBlueprint:addBuildingBlueprint:387]: 当前建筑：保龄球道2
[17:39:53] [Client thread/INFO]: [com.trhsy.sim.npc.build.BuildingBlueprint:addBuildingBlueprint:641]: 当前建筑所需方块：7560
[17:39:53] [Client thread/INFO]: [com.trhsy.sim.npc.build.BuildingBlueprint:addBuildingBlueprint:387]: 当前建筑：储藏室
[17:39:53] [Client thread/INFO]: [com.trhsy.sim.npc.build.BuildingBlueprint:addBuildingBlueprint:641]: 当前建筑所需方块：1080
[17:39:53] [Client thread/INFO]: [com.trhsy.sim.npc.build.BuildingBlueprint:addBuildingBlueprint:387]: 当前建筑：先进城市广场
[17:39:53] [Client thread/INFO]: [com.trhsy.sim.npc.build.BuildingBlueprint:addBuildingBlueprint:641]: 当前建筑所需方块：2601
[17:39:53] [Client thread/INFO]: [com.trhsy.sim.npc.build.BuildingBlueprint:addBuildingBlueprint:387]: 当前建筑：公路和铁路
[17:39:53] [Client thread/INFO]: [com.trhsy.sim.npc.build.BuildingBlueprint:addBuildingBlueprint:641]: 当前建筑所需方块：1584
[17:39:53] [Client thread/INFO]: [com.trhsy.sim.npc.build.BuildingBlueprint:addBuildingBlueprint:387]: 当前建筑：公路铁路段
[17:39:53] [Client thread/INFO]: [com.trhsy.sim.npc.build.BuildingBlueprint:addBuildingBlueprint:641]: 当前建筑所需方块：2112
[17:39:53] [Client thread/INFO]: [com.trhsy.sim.npc.build.BuildingBlueprint:addBuildingBlueprint:387]: 当前建筑：农场
[17:39:53] [Client thread/INFO]: [com.trhsy.sim.npc.build.BuildingBlueprint:addBuildingBlueprint:641]: 当前建筑所需方块：300
[17:39:53] [Client thread/INFO]: [com.trhsy.sim.npc.build.BuildingBlueprint:addBuildingBlueprint:387]: 当前建筑：农舍v1
[17:39:53] [Client thread/INFO]: [com.trhsy.sim.npc.build.BuildingBlueprint:addBuildingBlueprint:641]: 当前建筑所需方块：3312
[17:39:53] [Client thread/INFO]: [com.trhsy.sim.npc.build.BuildingBlueprint:addBuildingBlueprint:387]: 当前建筑：农舍v2
[17:39:53] [Client thread/INFO]: [com.trhsy.sim.npc.build.BuildingBlueprint:addBuildingBlueprint:641]: 当前建筑所需方块：3456
[17:39:53] [Client thread/INFO]: [com.trhsy.sim.npc.build.BuildingBlueprint:addBuildingBlueprint:387]: 当前建筑：冰屋入口
[17:39:53] [Client thread/INFO]: [com.trhsy.sim.npc.build.BuildingBlueprint:addBuildingBlueprint:641]: 当前建筑所需方块：858
[17:39:53] [Client thread/INFO]: [com.trhsy.sim.npc.build.BuildingBlueprint:addBuildingBlueprint:387]: 当前建筑：凉亭
[17:39:53] [Client thread/INFO]: [com.trhsy.sim.npc.build.BuildingBlueprint:addBuildingBlueprint:641]: 当前建筑所需方块：5200
[17:39:53] [Client thread/INFO]: [com.trhsy.sim.npc.build.BuildingBlueprint:addBuildingBlueprint:387]: 当前建筑：利用多维数据集
[17:39:53] [Client thread/INFO]: [com.trhsy.sim.npc.build.BuildingBlueprint:addBuildingBlueprint:641]: 当前建筑所需方块：100
[17:39:53] [Client thread/INFO]: [com.trhsy.sim.npc.build.BuildingBlueprint:addBuildingBlueprint:387]: 当前建筑：卵石沙坑
[17:39:53] [Client thread/INFO]: [com.trhsy.sim.npc.build.BuildingBlueprint:addBuildingBlueprint:641]: 当前建筑所需方块：125
[17:39:53] [Client thread/INFO]: [com.trhsy.sim.npc.build.BuildingBlueprint:addBuildingBlueprint:387]: 当前建筑：双车道公路
[17:39:53] [Client thread/INFO]: [com.trhsy.sim.npc.build.BuildingBlueprint:addBuildingBlueprint:641]: 当前建筑所需方块：12420
[17:39:53] [Client thread/INFO]: [com.trhsy.sim.npc.build.BuildingBlueprint:addBuildingBlueprint:387]: 当前建筑：喷泉广场
[17:39:53] [Client thread/INFO]: [com.trhsy.sim.npc.build.BuildingBlueprint:addBuildingBlueprint:641]: 当前建筑所需方块：968
[17:39:53] [Client thread/INFO]: [com.trhsy.sim.npc.build.BuildingBlueprint:addBuildingBlueprint:387]: 当前建筑：圣诞树1
[17:39:53] [Client thread/INFO]: [com.trhsy.sim.npc.build.BuildingBlueprint:addBuildingBlueprint:641]: 当前建筑所需方块：616
[17:39:53] [Client thread/INFO]: [com.trhsy.sim.npc.build.BuildingBlueprint:addBuildingBlueprint:387]: 当前建筑：圣诞树2
[17:39:53] [Client thread/INFO]: [com.trhsy.sim.npc.build.BuildingBlueprint:addBuildingBlueprint:641]: 当前建筑所需方块：3757
[17:39:53] [Client thread/INFO]: [com.trhsy.sim.npc.build.BuildingBlueprint:addBuildingBlueprint:387]: 当前建筑：地铁站
[17:39:53] [Client thread/INFO]: [com.trhsy.sim.npc.build.BuildingBlueprint:addBuildingBlueprint:641]: 当前建筑所需方块：693
[17:39:53] [Client thread/INFO]: [com.trhsy.sim.npc.build.BuildingBlueprint:addBuildingBlueprint:387]: 当前建筑：城市广场
[17:39:53] [Client thread/INFO]: [com.trhsy.sim.npc.build.BuildingBlueprint:addBuildingBlueprint:641]: 当前建筑所需方块：128
[17:39:53] [Client thread/INFO]: [com.trhsy.sim.npc.build.BuildingBlueprint:addBuildingBlueprint:387]: 当前建筑：塔段
[17:39:53] [Client thread/INFO]: [com.trhsy.sim.npc.build.BuildingBlueprint:addBuildingBlueprint:641]: 当前建筑所需方块：10976
[17:39:53] [Client thread/INFO]: [com.trhsy.sim.npc.build.BuildingBlueprint:addBuildingBlueprint:387]: 当前建筑：墓地
[17:39:53] [Client thread/INFO]: [com.trhsy.sim.npc.build.BuildingBlueprint:addBuildingBlueprint:641]: 当前建筑所需方块：5082
[17:39:53] [Client thread/INFO]: [com.trhsy.sim.npc.build.BuildingBlueprint:addBuildingBlueprint:387]: 当前建筑：外贮
[17:39:53] [Client thread/INFO]: [com.trhsy.sim.npc.build.BuildingBlueprint:addBuildingBlueprint:641]: 当前建筑所需方块：567
[17:39:53] [Client thread/INFO]: [com.trhsy.sim.npc.build.BuildingBlueprint:addBuildingBlueprint:387]: 当前建筑：大城墙
[17:39:53] [Client thread/INFO]: [com.trhsy.sim.npc.build.BuildingBlueprint:addBuildingBlueprint:641]: 当前建筑所需方块：180
[17:39:53] [Client thread/INFO]: [com.trhsy.sim.npc.build.BuildingBlueprint:addBuildingBlueprint:387]: 当前建筑：大温室
[17:39:53] [Client thread/INFO]: [com.trhsy.sim.npc.build.BuildingBlueprint:addBuildingBlueprint:641]: 当前建筑所需方块：5600
[17:39:53] [Client thread/INFO]: [com.trhsy.sim.npc.build.BuildingBlueprint:addBuildingBlueprint:387]: 当前建筑：大街
[17:39:53] [Client thread/INFO]: [com.trhsy.sim.npc.build.BuildingBlueprint:addBuildingBlueprint:641]: 当前建筑所需方块：4200
[17:39:53] [Client thread/INFO]: [com.trhsy.sim.npc.build.BuildingBlueprint:addBuildingBlueprint:387]: 当前建筑：大门
[17:39:53] [Client thread/INFO]: [com.trhsy.sim.npc.build.BuildingBlueprint:addBuildingBlueprint:641]: 当前建筑所需方块：324
[17:39:53] [Client thread/INFO]: [com.trhsy.sim.npc.build.BuildingBlueprint:addBuildingBlueprint:387]: 当前建筑：大马厩
[17:39:53] [Client thread/INFO]: [com.trhsy.sim.npc.build.BuildingBlueprint:addBuildingBlueprint:641]: 当前建筑所需方块：7616
[17:39:53] [Client thread/INFO]: [com.trhsy.sim.npc.build.BuildingBlueprint:addBuildingBlueprint:387]: 当前建筑：天空之爱
[17:39:53] [Client thread/INFO]: [com.trhsy.sim.npc.build.BuildingBlueprint:addBuildingBlueprint:641]: 当前建筑所需方块：31500
[17:39:53] [Client thread/INFO]: [com.trhsy.sim.npc.build.BuildingBlueprint:addBuildingBlueprint:387]: 当前建筑：天空的刮刀
[17:39:53] [Client thread/INFO]: [com.trhsy.sim.npc.build.BuildingBlueprint:addBuildingBlueprint:641]: 当前建筑所需方块：120780
[17:39:53] [Client thread/INFO]: [com.trhsy.sim.npc.build.BuildingBlueprint:addBuildingBlueprint:387]: 当前建筑：奶牛炊具
[17:39:53] [Client thread/INFO]: [com.trhsy.sim.npc.build.BuildingBlueprint:addBuildingBlueprint:641]: 当前建筑所需方块：2400
[17:39:53] [Client thread/INFO]: [com.trhsy.sim.npc.build.BuildingBlueprint:addBuildingBlueprint:387]: 当前建筑：射箭场
[17:39:53] [Client thread/INFO]: [com.trhsy.sim.npc.build.BuildingBlueprint:addBuildingBlueprint:641]: 当前建筑所需方块：7548
[17:39:53] [Client thread/INFO]: [com.trhsy.sim.npc.build.BuildingBlueprint:addBuildingBlueprint:387]: 当前建筑：小喷泉
[17:39:53] [Client thread/INFO]: [com.trhsy.sim.npc.build.BuildingBlueprint:addBuildingBlueprint:641]: 当前建筑所需方块：100
[17:39:53] [Client thread/INFO]: [com.trhsy.sim.npc.build.BuildingBlueprint:addBuildingBlueprint:387]: 当前建筑：小型作物收割机
[17:39:53] [Client thread/INFO]: [com.trhsy.sim.npc.build.BuildingBlueprint:addBuildingBlueprint:641]: 当前建筑所需方块：3528
[17:39:53] [Client thread/INFO]: [com.trhsy.sim.npc.build.BuildingBlueprint:addBuildingBlueprint:387]: 当前建筑：小型图书馆
[17:39:53] [Client thread/INFO]: [com.trhsy.sim.npc.build.BuildingBlueprint:addBuildingBlueprint:641]: 当前建筑所需方块：630
[17:39:53] [Client thread/INFO]: [com.trhsy.sim.npc.build.BuildingBlueprint:addBuildingBlueprint:387]: 当前建筑：小型船舶
[17:39:53] [Client thread/INFO]: [com.trhsy.sim.npc.build.BuildingBlueprint:addBuildingBlueprint:641]: 当前建筑所需方块：3696
[17:39:53] [Client thread/INFO]: [com.trhsy.sim.npc.build.BuildingBlueprint:addBuildingBlueprint:387]: 当前建筑：小城墙
[17:39:53] [Client thread/INFO]: [com.trhsy.sim.npc.build.BuildingBlueprint:addBuildingBlueprint:641]: 当前建筑所需方块：108
[17:39:53] [Client thread/INFO]: [com.trhsy.sim.npc.build.BuildingBlueprint:addBuildingBlueprint:387]: 当前建筑：尤里斯仓库
[17:39:53] [Client thread/INFO]: [com.trhsy.sim.npc.build.BuildingBlueprint:addBuildingBlueprint:641]: 当前建筑所需方块：300
[17:39:53] [Client thread/INFO]: [com.trhsy.sim.npc.build.BuildingBlueprint:addBuildingBlueprint:387]: 当前建筑：巨型Sim-U-Kraft标志
[17:39:53] [Client thread/INFO]: [com.trhsy.sim.npc.build.BuildingBlueprint:addBuildingBlueprint:641]: 当前建筑所需方块：5220
[17:39:53] [Client thread/INFO]: [com.trhsy.sim.npc.build.BuildingBlueprint:addBuildingBlueprint:387]: 当前建筑：市中心
[17:39:53] [Client thread/INFO]: [com.trhsy.sim.npc.build.BuildingBlueprint:addBuildingBlueprint:641]: 当前建筑所需方块：486
[17:39:53] [Client thread/INFO]: [com.trhsy.sim.npc.build.BuildingBlueprint:addBuildingBlueprint:387]: 当前建筑：广场
[17:39:53] [Client thread/INFO]: [com.trhsy.sim.npc.build.BuildingBlueprint:addBuildingBlueprint:641]: 当前建筑所需方块：8625
[17:39:53] [Client thread/INFO]: [com.trhsy.sim.npc.build.BuildingBlueprint:addBuildingBlueprint:387]: 当前建筑：教学楼
[17:39:53] [Client thread/INFO]: [com.trhsy.sim.npc.build.BuildingBlueprint:addBuildingBlueprint:641]: 当前建筑所需方块：3510
[17:39:53] [Client thread/INFO]: [com.trhsy.sim.npc.build.BuildingBlueprint:addBuildingBlueprint:387]: 当前建筑：暴民驱逐舰MKII
[17:39:53] [Client thread/INFO]: [com.trhsy.sim.npc.build.BuildingBlueprint:addBuildingBlueprint:641]: 当前建筑所需方块：22491
[17:39:53] [Client thread/INFO]: [com.trhsy.sim.npc.build.BuildingBlueprint:addBuildingBlueprint:387]: 当前建筑：望塔
[17:39:53] [Client thread/INFO]: [com.trhsy.sim.npc.build.BuildingBlueprint:addBuildingBlueprint:641]: 当前建筑所需方块：1331
[17:39:53] [Client thread/INFO]: [com.trhsy.sim.npc.build.BuildingBlueprint:addBuildingBlueprint:387]: 当前建筑：木桥
[17:39:53] [Client thread/INFO]: [com.trhsy.sim.npc.build.BuildingBlueprint:addBuildingBlueprint:641]: 当前建筑所需方块：2484
[17:39:53] [Client thread/INFO]: [com.trhsy.sim.npc.build.BuildingBlueprint:addBuildingBlueprint:387]: 当前建筑：本尼森中屋酒店
[17:39:53] [Client thread/INFO]: [com.trhsy.sim.npc.build.BuildingBlueprint:addBuildingBlueprint:641]: 当前建筑所需方块：1080
[17:39:53] [Client thread/INFO]: [com.trhsy.sim.npc.build.BuildingBlueprint:addBuildingBlueprint:387]: 当前建筑：村井
[17:39:53] [Client thread/INFO]: [com.trhsy.sim.npc.build.BuildingBlueprint:addBuildingBlueprint:641]: 当前建筑所需方块：80
[17:39:53] [Client thread/INFO]: [com.trhsy.sim.npc.build.BuildingBlueprint:addBuildingBlueprint:387]: 当前建筑：林场 9t
[17:39:53] [Client thread/INFO]: [com.trhsy.sim.npc.build.BuildingBlueprint:addBuildingBlueprint:641]: 当前建筑所需方块：1575
[17:39:53] [Client thread/INFO]: [com.trhsy.sim.npc.build.BuildingBlueprint:addBuildingBlueprint:387]: 当前建筑：林场
[17:39:53] [Client thread/INFO]: [com.trhsy.sim.npc.build.BuildingBlueprint:addBuildingBlueprint:641]: 当前建筑所需方块：450
[17:39:53] [Client thread/INFO]: [com.trhsy.sim.npc.build.BuildingBlueprint:addBuildingBlueprint:387]: 当前建筑：林场4t
[17:39:53] [Client thread/INFO]: [com.trhsy.sim.npc.build.BuildingBlueprint:addBuildingBlueprint:641]: 当前建筑所需方块：847
[17:39:53] [Client thread/INFO]: [com.trhsy.sim.npc.build.BuildingBlueprint:addBuildingBlueprint:387]: 当前建筑：树木陷阱 1600
[17:39:53] [Client thread/INFO]: [com.trhsy.sim.npc.build.BuildingBlueprint:addBuildingBlueprint:641]: 当前建筑所需方块：270
[17:39:53] [Client thread/INFO]: [com.trhsy.sim.npc.build.BuildingBlueprint:addBuildingBlueprint:387]: 当前建筑：梅斯雕像
[17:39:53] [Client thread/INFO]: [com.trhsy.sim.npc.build.BuildingBlueprint:addBuildingBlueprint:641]: 当前建筑所需方块：396
[17:39:53] [Client thread/INFO]: [com.trhsy.sim.npc.build.BuildingBlueprint:addBuildingBlueprint:387]: 当前建筑：楼梯（木制）
[17:39:53] [Client thread/INFO]: [com.trhsy.sim.npc.build.BuildingBlueprint:addBuildingBlueprint:641]: 当前建筑所需方块：36
[17:39:53] [Client thread/INFO]: [com.trhsy.sim.npc.build.BuildingBlueprint:addBuildingBlueprint:387]: 当前建筑：殡仪馆
[17:39:53] [Client thread/INFO]: [com.trhsy.sim.npc.build.BuildingBlueprint:addBuildingBlueprint:641]: 当前建筑所需方块：4488
[17:39:53] [Client thread/INFO]: [com.trhsy.sim.npc.build.BuildingBlueprint:addBuildingBlueprint:387]: 当前建筑：水塔
[17:39:53] [Client thread/INFO]: [com.trhsy.sim.npc.build.BuildingBlueprint:addBuildingBlueprint:641]: 当前建筑所需方块：360
[17:39:53] [Client thread/INFO]: [com.trhsy.sim.npc.build.BuildingBlueprint:addBuildingBlueprint:387]: 当前建筑：水宫 
[17:39:53] [Client thread/INFO]: [com.trhsy.sim.npc.build.BuildingBlueprint:addBuildingBlueprint:641]: 当前建筑所需方块：70356
[17:39:53] [Client thread/INFO]: [com.trhsy.sim.npc.build.BuildingBlueprint:addBuildingBlueprint:387]: 当前建筑：水方尖碑
[17:39:53] [Client thread/INFO]: [com.trhsy.sim.npc.build.BuildingBlueprint:addBuildingBlueprint:641]: 当前建筑所需方块：1920
[17:39:53] [Client thread/INFO]: [com.trhsy.sim.npc.build.BuildingBlueprint:addBuildingBlueprint:387]: 当前建筑：浮动库
[17:39:53] [Client thread/INFO]: [com.trhsy.sim.npc.build.BuildingBlueprint:addBuildingBlueprint:641]: 当前建筑所需方块：3213
[17:39:53] [Client thread/INFO]: [com.trhsy.sim.npc.build.BuildingBlueprint:addBuildingBlueprint:387]: 当前建筑：海盗船
[17:39:53] [Client thread/INFO]: [com.trhsy.sim.npc.build.BuildingBlueprint:addBuildingBlueprint:641]: 当前建筑所需方块：12298
[17:39:53] [Client thread/INFO]: [com.trhsy.sim.npc.build.BuildingBlueprint:addBuildingBlueprint:387]: 当前建筑：混凝土塔基
[17:39:53] [Client thread/INFO]: [com.trhsy.sim.npc.build.BuildingBlueprint:addBuildingBlueprint:641]: 当前建筑所需方块：1456
[17:39:53] [Client thread/INFO]: [com.trhsy.sim.npc.build.BuildingBlueprint:addBuildingBlueprint:387]: 当前建筑：混凝土塔顶
[17:39:53] [Client thread/INFO]: [com.trhsy.sim.npc.build.BuildingBlueprint:addBuildingBlueprint:641]: 当前建筑所需方块：3328
[17:39:53] [Client thread/INFO]: [com.trhsy.sim.npc.build.BuildingBlueprint:addBuildingBlueprint:387]: 当前建筑：温室
[17:39:53] [Client thread/INFO]: [com.trhsy.sim.npc.build.BuildingBlueprint:addBuildingBlueprint:641]: 当前建筑所需方块：245
[17:39:53] [Client thread/INFO]: [com.trhsy.sim.npc.build.BuildingBlueprint:addBuildingBlueprint:387]: 当前建筑：温室1
[17:39:53] [Client thread/INFO]: [com.trhsy.sim.npc.build.BuildingBlueprint:addBuildingBlueprint:641]: 当前建筑所需方块：1428
[17:39:53] [Client thread/INFO]: [com.trhsy.sim.npc.build.BuildingBlueprint:addBuildingBlueprint:387]: 当前建筑：温室2
[17:39:53] [Client thread/INFO]: [com.trhsy.sim.npc.build.BuildingBlueprint:addBuildingBlueprint:641]: 当前建筑所需方块：8800
[17:39:53] [Client thread/INFO]: [com.trhsy.sim.npc.build.BuildingBlueprint:addBuildingBlueprint:387]: 当前建筑：溜冰场
[17:39:53] [Client thread/INFO]: [com.trhsy.sim.npc.build.BuildingBlueprint:addBuildingBlueprint:641]: 当前建筑所需方块：5880
[17:39:53] [Client thread/INFO]: [com.trhsy.sim.npc.build.BuildingBlueprint:addBuildingBlueprint:387]: 当前建筑：漂亮的马厩
[17:39:53] [Client thread/INFO]: [com.trhsy.sim.npc.build.BuildingBlueprint:addBuildingBlueprint:641]: 当前建筑所需方块：4950
[17:39:53] [Client thread/INFO]: [com.trhsy.sim.npc.build.BuildingBlueprint:addBuildingBlueprint:387]: 当前建筑：漩涡
[17:39:53] [Client thread/INFO]: [com.trhsy.sim.npc.build.BuildingBlueprint:addBuildingBlueprint:641]: 当前建筑所需方块：858
[17:39:53] [Client thread/INFO]: [com.trhsy.sim.npc.build.BuildingBlueprint:addBuildingBlueprint:387]: 当前建筑：灯塔中景风格
[17:39:53] [Client thread/INFO]: [com.trhsy.sim.npc.build.BuildingBlueprint:addBuildingBlueprint:641]: 当前建筑所需方块：22218
[17:39:53] [Client thread/INFO]: [com.trhsy.sim.npc.build.BuildingBlueprint:addBuildingBlueprint:387]: 当前建筑：热气球
[17:39:53] [Client thread/INFO]: [com.trhsy.sim.npc.build.BuildingBlueprint:addBuildingBlueprint:641]: 当前建筑所需方块：6776
[17:39:53] [Client thread/INFO]: [com.trhsy.sim.npc.build.BuildingBlueprint:addBuildingBlueprint:387]: 当前建筑：熔岩井
[17:39:53] [Client thread/INFO]: [com.trhsy.sim.npc.build.BuildingBlueprint:addBuildingBlueprint:641]: 当前建筑所需方块：147
[17:39:53] [Client thread/INFO]: [com.trhsy.sim.npc.build.BuildingBlueprint:addBuildingBlueprint:387]: 当前建筑：熔岩和水井
[17:39:53] [Client thread/INFO]: [com.trhsy.sim.npc.build.BuildingBlueprint:addBuildingBlueprint:641]: 当前建筑所需方块：5060
[17:39:53] [Client thread/INFO]: [com.trhsy.sim.npc.build.BuildingBlueprint:addBuildingBlueprint:387]: 当前建筑：特拉德灯塔
[17:39:53] [Client thread/INFO]: [com.trhsy.sim.npc.build.BuildingBlueprint:addBuildingBlueprint:641]: 当前建筑所需方块：13158
[17:39:53] [Client thread/INFO]: [com.trhsy.sim.npc.build.BuildingBlueprint:addBuildingBlueprint:387]: 当前建筑：玻璃塔
[17:39:53] [Client thread/INFO]: [com.trhsy.sim.npc.build.BuildingBlueprint:addBuildingBlueprint:641]: 当前建筑所需方块：4455
[17:39:53] [Client thread/INFO]: [com.trhsy.sim.npc.build.BuildingBlueprint:addBuildingBlueprint:387]: 当前建筑：玻璃水喷泉
[17:39:53] [Client thread/INFO]: [com.trhsy.sim.npc.build.BuildingBlueprint:addBuildingBlueprint:641]: 当前建筑所需方块：200
[17:39:53] [Client thread/INFO]: [com.trhsy.sim.npc.build.BuildingBlueprint:addBuildingBlueprint:387]: 当前建筑：瑞夫凉亭
[17:39:53] [Client thread/INFO]: [com.trhsy.sim.npc.build.BuildingBlueprint:addBuildingBlueprint:641]: 当前建筑所需方块：968
[17:39:53] [Client thread/INFO]: [com.trhsy.sim.npc.build.BuildingBlueprint:addBuildingBlueprint:387]: 当前建筑：瞭望塔
[17:39:53] [Client thread/INFO]: [com.trhsy.sim.npc.build.BuildingBlueprint:addBuildingBlueprint:641]: 当前建筑所需方块：1792
[17:39:53] [Client thread/INFO]: [com.trhsy.sim.npc.build.BuildingBlueprint:addBuildingBlueprint:387]: 当前建筑：石铁桥
[17:39:53] [Client thread/INFO]: [com.trhsy.sim.npc.build.BuildingBlueprint:addBuildingBlueprint:641]: 当前建筑所需方块：620
[17:39:53] [Client thread/INFO]: [com.trhsy.sim.npc.build.BuildingBlueprint:addBuildingBlueprint:387]: 当前建筑：磁链
[17:39:53] [Client thread/INFO]: [com.trhsy.sim.npc.build.BuildingBlueprint:addBuildingBlueprint:641]: 当前建筑所需方块：1400
[17:39:53] [Client thread/INFO]: [com.trhsy.sim.npc.build.BuildingBlueprint:addBuildingBlueprint:387]: 当前建筑：社区游泳池
[17:39:53] [Client thread/INFO]: [com.trhsy.sim.npc.build.BuildingBlueprint:addBuildingBlueprint:641]: 当前建筑所需方块：1152
[17:39:53] [Client thread/INFO]: [com.trhsy.sim.npc.build.BuildingBlueprint:addBuildingBlueprint:387]: 当前建筑：禅园
[17:39:53] [Client thread/INFO]: [com.trhsy.sim.npc.build.BuildingBlueprint:addBuildingBlueprint:641]: 当前建筑所需方块：845
[17:39:53] [Client thread/INFO]: [com.trhsy.sim.npc.build.BuildingBlueprint:addBuildingBlueprint:387]: 当前建筑：福格顿地段
[17:39:53] [Client thread/INFO]: [com.trhsy.sim.npc.build.BuildingBlueprint:addBuildingBlueprint:641]: 当前建筑所需方块：500
[17:39:53] [Client thread/INFO]: [com.trhsy.sim.npc.build.BuildingBlueprint:addBuildingBlueprint:387]: 当前建筑：穷人Sim-U-Logo
[17:39:53] [Client thread/INFO]: [com.trhsy.sim.npc.build.BuildingBlueprint:addBuildingBlueprint:641]: 当前建筑所需方块：240
[17:39:53] [Client thread/INFO]: [com.trhsy.sim.npc.build.BuildingBlueprint:addBuildingBlueprint:387]: 当前建筑：粮仓
[17:39:53] [Client thread/INFO]: [com.trhsy.sim.npc.build.BuildingBlueprint:addBuildingBlueprint:641]: 当前建筑所需方块：539
[17:39:53] [Client thread/INFO]: [com.trhsy.sim.npc.build.BuildingBlueprint:addBuildingBlueprint:387]: 当前建筑：维克兹巢穴
[17:39:53] [Client thread/INFO]: [com.trhsy.sim.npc.build.BuildingBlueprint:addBuildingBlueprint:641]: 当前建筑所需方块：8000
[17:39:53] [Client thread/INFO]: [com.trhsy.sim.npc.build.BuildingBlueprint:addBuildingBlueprint:387]: 当前建筑：羊毛仓库
[17:39:53] [Client thread/INFO]: [com.trhsy.sim.npc.build.BuildingBlueprint:addBuildingBlueprint:641]: 当前建筑所需方块：1344
[17:39:53] [Client thread/INFO]: [com.trhsy.sim.npc.build.BuildingBlueprint:addBuildingBlueprint:387]: 当前建筑：自动小麦收获机
[17:39:53] [Client thread/INFO]: [com.trhsy.sim.npc.build.BuildingBlueprint:addBuildingBlueprint:641]: 当前建筑所需方块：1344
[17:39:53] [Client thread/INFO]: [com.trhsy.sim.npc.build.BuildingBlueprint:addBuildingBlueprint:387]: 当前建筑：船坞
[17:39:53] [Client thread/INFO]: [com.trhsy.sim.npc.build.BuildingBlueprint:addBuildingBlueprint:641]: 当前建筑所需方块：1764
[17:39:53] [Client thread/INFO]: [com.trhsy.sim.npc.build.BuildingBlueprint:addBuildingBlueprint:387]: 当前建筑：街道中等贫民区
[17:39:53] [Client thread/INFO]: [com.trhsy.sim.npc.build.BuildingBlueprint:addBuildingBlueprint:641]: 当前建筑所需方块：840
[17:39:53] [Client thread/INFO]: [com.trhsy.sim.npc.build.BuildingBlueprint:addBuildingBlueprint:387]: 当前建筑：西部自动瓜场
[17:39:53] [Client thread/INFO]: [com.trhsy.sim.npc.build.BuildingBlueprint:addBuildingBlueprint:641]: 当前建筑所需方块：3960
[17:39:53] [Client thread/INFO]: [com.trhsy.sim.npc.build.BuildingBlueprint:addBuildingBlueprint:387]: 当前建筑：西部迷你瓜农场
[17:39:53] [Client thread/INFO]: [com.trhsy.sim.npc.build.BuildingBlueprint:addBuildingBlueprint:641]: 当前建筑所需方块：1755
[17:39:53] [Client thread/INFO]: [com.trhsy.sim.npc.build.BuildingBlueprint:addBuildingBlueprint:387]: 当前建筑：观景台
[17:39:53] [Client thread/INFO]: [com.trhsy.sim.npc.build.BuildingBlueprint:addBuildingBlueprint:641]: 当前建筑所需方块：3712
[17:39:53] [Client thread/INFO]: [com.trhsy.sim.npc.build.BuildingBlueprint:addBuildingBlueprint:387]: 当前建筑：角
[17:39:53] [Client thread/INFO]: [com.trhsy.sim.npc.build.BuildingBlueprint:addBuildingBlueprint:641]: 当前建筑所需方块：54
[17:39:53] [Client thread/INFO]: [com.trhsy.sim.npc.build.BuildingBlueprint:addBuildingBlueprint:387]: 当前建筑：警卫塔
[17:39:53] [Client thread/INFO]: [com.trhsy.sim.npc.build.BuildingBlueprint:addBuildingBlueprint:641]: 当前建筑所需方块：715
[17:39:53] [Client thread/INFO]: [com.trhsy.sim.npc.build.BuildingBlueprint:addBuildingBlueprint:387]: 当前建筑：谷仓
[17:39:53] [Client thread/INFO]: [com.trhsy.sim.npc.build.BuildingBlueprint:addBuildingBlueprint:641]: 当前建筑所需方块：1232
[17:39:53] [Client thread/INFO]: [com.trhsy.sim.npc.build.BuildingBlueprint:addBuildingBlueprint:387]: 当前建筑：路灯
[17:39:53] [Client thread/INFO]: [com.trhsy.sim.npc.build.BuildingBlueprint:addBuildingBlueprint:641]: 当前建筑所需方块：15
[17:39:53] [Client thread/INFO]: [com.trhsy.sim.npc.build.BuildingBlueprint:addBuildingBlueprint:387]: 当前建筑：轻便海滩
[17:39:53] [Client thread/INFO]: [com.trhsy.sim.npc.build.BuildingBlueprint:addBuildingBlueprint:641]: 当前建筑所需方块：240
[17:39:53] [Client thread/INFO]: [com.trhsy.sim.npc.build.BuildingBlueprint:addBuildingBlueprint:387]: 当前建筑：道路围堵装置
[17:39:53] [Client thread/INFO]: [com.trhsy.sim.npc.build.BuildingBlueprint:addBuildingBlueprint:641]: 当前建筑所需方块：975
[17:39:53] [Client thread/INFO]: [com.trhsy.sim.npc.build.BuildingBlueprint:addBuildingBlueprint:387]: 当前建筑：郊区牧场
[17:39:53] [Client thread/INFO]: [com.trhsy.sim.npc.build.BuildingBlueprint:addBuildingBlueprint:641]: 当前建筑所需方块：864
[17:39:53] [Client thread/INFO]: [com.trhsy.sim.npc.build.BuildingBlueprint:addBuildingBlueprint:387]: 当前建筑：钓鱼角
[17:39:53] [Client thread/INFO]: [com.trhsy.sim.npc.build.BuildingBlueprint:addBuildingBlueprint:641]: 当前建筑所需方块：735
[17:39:53] [Client thread/INFO]: [com.trhsy.sim.npc.build.BuildingBlueprint:addBuildingBlueprint:387]: 当前建筑：铁路中动力
[17:39:53] [Client thread/INFO]: [com.trhsy.sim.npc.build.BuildingBlueprint:addBuildingBlueprint:641]: 当前建筑所需方块：180
[17:39:53] [Client thread/INFO]: [com.trhsy.sim.npc.build.BuildingBlueprint:addBuildingBlueprint:387]: 当前建筑：铁路中段
[17:39:53] [Client thread/INFO]: [com.trhsy.sim.npc.build.BuildingBlueprint:addBuildingBlueprint:641]: 当前建筑所需方块：180
[17:39:53] [Client thread/INFO]: [com.trhsy.sim.npc.build.BuildingBlueprint:addBuildingBlueprint:387]: 当前建筑：铁路入口匝道
[17:39:53] [Client thread/INFO]: [com.trhsy.sim.npc.build.BuildingBlueprint:addBuildingBlueprint:641]: 当前建筑所需方块：936
[17:39:53] [Client thread/INFO]: [com.trhsy.sim.npc.build.BuildingBlueprint:addBuildingBlueprint:387]: 当前建筑：铁路出口匝道
[17:39:53] [Client thread/INFO]: [com.trhsy.sim.npc.build.BuildingBlueprint:addBuildingBlueprint:641]: 当前建筑所需方块：936
[17:39:53] [Client thread/INFO]: [com.trhsy.sim.npc.build.BuildingBlueprint:addBuildingBlueprint:387]: 当前建筑：铁路右转
[17:39:53] [Client thread/INFO]: [com.trhsy.sim.npc.build.BuildingBlueprint:addBuildingBlueprint:641]: 当前建筑所需方块：150
[17:39:53] [Client thread/INFO]: [com.trhsy.sim.npc.build.BuildingBlueprint:addBuildingBlueprint:387]: 当前建筑：铁路左转
[17:39:53] [Client thread/INFO]: [com.trhsy.sim.npc.build.BuildingBlueprint:addBuildingBlueprint:641]: 当前建筑所需方块：150
[17:39:53] [Client thread/INFO]: [com.trhsy.sim.npc.build.BuildingBlueprint:addBuildingBlueprint:387]: 当前建筑：铁路短动力
[17:39:53] [Client thread/INFO]: [com.trhsy.sim.npc.build.BuildingBlueprint:addBuildingBlueprint:641]: 当前建筑所需方块：105
[17:39:53] [Client thread/INFO]: [com.trhsy.sim.npc.build.BuildingBlueprint:addBuildingBlueprint:387]: 当前建筑：铁路短段
[17:39:53] [Client thread/INFO]: [com.trhsy.sim.npc.build.BuildingBlueprint:addBuildingBlueprint:641]: 当前建筑所需方块：105
[17:39:53] [Client thread/INFO]: [com.trhsy.sim.npc.build.BuildingBlueprint:addBuildingBlueprint:387]: 当前建筑：铁路长动力
[17:39:53] [Client thread/INFO]: [com.trhsy.sim.npc.build.BuildingBlueprint:addBuildingBlueprint:641]: 当前建筑所需方块：255
[17:39:53] [Client thread/INFO]: [com.trhsy.sim.npc.build.BuildingBlueprint:addBuildingBlueprint:387]: 当前建筑：铁路长段
[17:39:53] [Client thread/INFO]: [com.trhsy.sim.npc.build.BuildingBlueprint:addBuildingBlueprint:641]: 当前建筑所需方块：255
[17:39:53] [Client thread/INFO]: [com.trhsy.sim.npc.build.BuildingBlueprint:addBuildingBlueprint:387]: 当前建筑：雷区
[17:39:53] [Client thread/INFO]: [com.trhsy.sim.npc.build.BuildingBlueprint:addBuildingBlueprint:641]: 当前建筑所需方块：3060
[17:39:53] [Client thread/INFO]: [com.trhsy.sim.npc.build.BuildingBlueprint:addBuildingBlueprint:387]: 当前建筑：马厩
[17:39:53] [Client thread/INFO]: [com.trhsy.sim.npc.build.BuildingBlueprint:addBuildingBlueprint:641]: 当前建筑所需方块：3179
[17:39:53] [Client thread/INFO]: [com.trhsy.sim.npc.build.BuildingBlueprint:addBuildingBlueprint:387]: 当前建筑：高级附魔台
[17:39:53] [Client thread/INFO]: [com.trhsy.sim.npc.build.BuildingBlueprint:addBuildingBlueprint:641]: 当前建筑所需方块：567
[17:39:53] [Client thread/INFO]: [com.trhsy.sim.npc.build.BuildingBlueprint:addBuildingBlueprint:387]: 当前建筑：鹅卵石农场
[17:39:53] [Client thread/INFO]: [com.trhsy.sim.npc.build.BuildingBlueprint:addBuildingBlueprint:641]: 当前建筑所需方块：396
[17:39:53] [Client thread/INFO]: [com.trhsy.sim.npc.build.BuildingBlueprint:addBuildingBlueprint:387]: 当前建筑：鹅卵石发电机
[17:39:53] [Client thread/INFO]: [com.trhsy.sim.npc.build.BuildingBlueprint:addBuildingBlueprint:641]: 当前建筑所需方块：567
[17:39:53] [Client thread/INFO]: [com.trhsy.sim.npc.build.BuildingBlueprint:addBuildingBlueprint:387]: 当前建筑：鹅卵石火炬
[17:39:53] [Client thread/INFO]: [com.trhsy.sim.npc.build.BuildingBlueprint:addBuildingBlueprint:641]: 当前建筑所需方块：36
[17:39:53] [Client thread/INFO]: [com.trhsy.sim.npc.build.BuildingBlueprint:addBuildingBlueprint:387]: 当前建筑：16 单元
[17:39:53] [Client thread/INFO]: [com.trhsy.sim.npc.build.BuildingBlueprint:addBuildingBlueprint:641]: 当前建筑所需方块：5460
[17:39:53] [Client thread/INFO]: [com.trhsy.sim.npc.build.BuildingBlueprint:addBuildingBlueprint:387]: 当前建筑：1单元牢房
[17:39:53] [Client thread/INFO]: [com.trhsy.sim.npc.build.BuildingBlueprint:addBuildingBlueprint:641]: 当前建筑所需方块：90
[17:39:53] [Client thread/INFO]: [com.trhsy.sim.npc.build.BuildingBlueprint:addBuildingBlueprint:387]: 当前建筑：1单元监狱
[17:39:53] [Client thread/INFO]: [com.trhsy.sim.npc.build.BuildingBlueprint:addBuildingBlueprint:641]: 当前建筑所需方块：945
[17:39:53] [Client thread/INFO]: [com.trhsy.sim.npc.build.BuildingBlueprint:addBuildingBlueprint:387]: 当前建筑：3层沙楼
[17:39:53] [Client thread/INFO]: [com.trhsy.sim.npc.build.BuildingBlueprint:addBuildingBlueprint:641]: 当前建筑所需方块：704
[17:39:53] [Client thread/INFO]: [com.trhsy.sim.npc.build.BuildingBlueprint:addBuildingBlueprint:387]: 当前建筑：4 公寓
[17:39:53] [Client thread/INFO]: [com.trhsy.sim.npc.build.BuildingBlueprint:addBuildingBlueprint:641]: 当前建筑所需方块：1792
[17:39:53] [Client thread/INFO]: [com.trhsy.sim.npc.build.BuildingBlueprint:addBuildingBlueprint:387]: 当前建筑：4 单元
[17:39:53] [Client thread/INFO]: [com.trhsy.sim.npc.build.BuildingBlueprint:addBuildingBlueprint:641]: 当前建筑所需方块：2205
[17:39:53] [Client thread/INFO]: [com.trhsy.sim.npc.build.BuildingBlueprint:addBuildingBlueprint:387]: 当前建筑：8 单元
[17:39:53] [Client thread/INFO]: [com.trhsy.sim.npc.build.BuildingBlueprint:addBuildingBlueprint:641]: 当前建筑所需方块：3150
[17:39:53] [Client thread/INFO]: [com.trhsy.sim.npc.build.BuildingBlueprint:addBuildingBlueprint:387]: 当前建筑：一室一厅
[17:39:53] [Client thread/INFO]: [com.trhsy.sim.npc.build.BuildingBlueprint:addBuildingBlueprint:641]: 当前建筑所需方块：480
[17:39:53] [Client thread/INFO]: [com.trhsy.sim.npc.build.BuildingBlueprint:addBuildingBlueprint:387]: 当前建筑：三层别墅
[17:39:53] [Client thread/INFO]: [com.trhsy.sim.npc.build.BuildingBlueprint:addBuildingBlueprint:641]: 当前建筑所需方块：2475
[17:39:53] [Client thread/INFO]: [com.trhsy.sim.npc.build.BuildingBlueprint:addBuildingBlueprint:387]: 当前建筑：世贸中心v1
[17:39:53] [Client thread/INFO]: [com.trhsy.sim.npc.build.BuildingBlueprint:addBuildingBlueprint:641]: 当前建筑所需方块：1421
[17:39:53] [Client thread/INFO]: [com.trhsy.sim.npc.build.BuildingBlueprint:addBuildingBlueprint:387]: 当前建筑：世贸中心v2
[17:39:53] [Client thread/INFO]: [com.trhsy.sim.npc.build.BuildingBlueprint:addBuildingBlueprint:641]: 当前建筑所需方块：182900
[17:39:53] [Client thread/INFO]: [com.trhsy.sim.npc.build.BuildingBlueprint:addBuildingBlueprint:387]: 当前建筑：东都铎大厦
[17:39:53] [Client thread/INFO]: [com.trhsy.sim.npc.build.BuildingBlueprint:addBuildingBlueprint:641]: 当前建筑所需方块：4284
[17:39:53] [Client thread/INFO]: [com.trhsy.sim.npc.build.BuildingBlueprint:addBuildingBlueprint:387]: 当前建筑：两层公寓
[17:39:53] [Client thread/INFO]: [com.trhsy.sim.npc.build.BuildingBlueprint:addBuildingBlueprint:641]: 当前建筑所需方块：945
[17:39:53] [Client thread/INFO]: [com.trhsy.sim.npc.build.BuildingBlueprint:addBuildingBlueprint:387]: 当前建筑：两层地堡
[17:39:53] [Client thread/INFO]: [com.trhsy.sim.npc.build.BuildingBlueprint:addBuildingBlueprint:641]: 当前建筑所需方块：1521
[17:39:53] [Client thread/INFO]: [com.trhsy.sim.npc.build.BuildingBlueprint:addBuildingBlueprint:387]: 当前建筑：两层大房子
[17:39:53] [Client thread/INFO]: [com.trhsy.sim.npc.build.BuildingBlueprint:addBuildingBlueprint:641]: 当前建筑所需方块：960
[17:39:53] [Client thread/INFO]: [com.trhsy.sim.npc.build.BuildingBlueprint:addBuildingBlueprint:387]: 当前建筑：两层楼
[17:39:53] [Client thread/INFO]: [com.trhsy.sim.npc.build.BuildingBlueprint:addBuildingBlueprint:641]: 当前建筑所需方块：420
[17:39:53] [Client thread/INFO]: [com.trhsy.sim.npc.build.BuildingBlueprint:addBuildingBlueprint:387]: 当前建筑：两层砖房
[17:39:53] [Client thread/INFO]: [com.trhsy.sim.npc.build.BuildingBlueprint:addBuildingBlueprint:641]: 当前建筑所需方块：896
[17:39:53] [Client thread/INFO]: [com.trhsy.sim.npc.build.BuildingBlueprint:addBuildingBlueprint:387]: 当前建筑：中世纪住宅
[17:39:53] [Client thread/INFO]: [com.trhsy.sim.npc.build.BuildingBlueprint:addBuildingBlueprint:641]: 当前建筑所需方块：392
[17:39:53] [Client thread/INFO]: [com.trhsy.sim.npc.build.BuildingBlueprint:addBuildingBlueprint:387]: 当前建筑：中世纪木屋
[17:39:53] [Client thread/INFO]: [com.trhsy.sim.npc.build.BuildingBlueprint:addBuildingBlueprint:641]: 当前建筑所需方块：648
[17:39:53] [Client thread/INFO]: [com.trhsy.sim.npc.build.BuildingBlueprint:addBuildingBlueprint:387]: 当前建筑：中世纪酒店
[17:39:53] [Client thread/INFO]: [com.trhsy.sim.npc.build.BuildingBlueprint:addBuildingBlueprint:641]: 当前建筑所需方块：6859
[17:39:53] [Client thread/INFO]: [com.trhsy.sim.npc.build.BuildingBlueprint:addBuildingBlueprint:387]: 当前建筑：中型农舍
[17:39:53] [Client thread/INFO]: [com.trhsy.sim.npc.build.BuildingBlueprint:addBuildingBlueprint:641]: 当前建筑所需方块：990
[17:39:53] [Client thread/INFO]: [com.trhsy.sim.npc.build.BuildingBlueprint:addBuildingBlueprint:387]: 当前建筑：中型土坯房
[17:39:53] [Client thread/INFO]: [com.trhsy.sim.npc.build.BuildingBlueprint:addBuildingBlueprint:641]: 当前建筑所需方块：225
[17:39:53] [Client thread/INFO]: [com.trhsy.sim.npc.build.BuildingBlueprint:addBuildingBlueprint:387]: 当前建筑：中庭酒店
[17:39:53] [Client thread/INFO]: [com.trhsy.sim.npc.build.BuildingBlueprint:addBuildingBlueprint:641]: 当前建筑所需方块：448
[17:39:53] [Client thread/INFO]: [com.trhsy.sim.npc.build.BuildingBlueprint:addBuildingBlueprint:387]: 当前建筑：乡村别墅
[17:39:53] [Client thread/INFO]: [com.trhsy.sim.npc.build.BuildingBlueprint:addBuildingBlueprint:641]: 当前建筑所需方块：756
[17:39:53] [Client thread/INFO]: [com.trhsy.sim.npc.build.BuildingBlueprint:addBuildingBlueprint:387]: 当前建筑：乡村图书屋
[17:39:53] [Client thread/INFO]: [com.trhsy.sim.npc.build.BuildingBlueprint:addBuildingBlueprint:641]: 当前建筑所需方块：648
[17:39:53] [Client thread/INFO]: [com.trhsy.sim.npc.build.BuildingBlueprint:addBuildingBlueprint:387]: 当前建筑：伐木工人之家
[17:39:53] [Client thread/INFO]: [com.trhsy.sim.npc.build.BuildingBlueprint:addBuildingBlueprint:641]: 当前建筑所需方块：1680
[17:39:53] [Client thread/INFO]: [com.trhsy.sim.npc.build.BuildingBlueprint:addBuildingBlueprint:387]: 当前建筑：公寓
[17:39:53] [Client thread/INFO]: [com.trhsy.sim.npc.build.BuildingBlueprint:addBuildingBlueprint:641]: 当前建筑所需方块：405
[17:39:53] [Client thread/INFO]: [com.trhsy.sim.npc.build.BuildingBlueprint:addBuildingBlueprint:387]: 当前建筑：公寓A
[17:39:54] [Client thread/INFO]: [com.trhsy.sim.npc.build.BuildingBlueprint:addBuildingBlueprint:641]: 当前建筑所需方块：405
[17:39:54] [Client thread/INFO]: [com.trhsy.sim.npc.build.BuildingBlueprint:addBuildingBlueprint:387]: 当前建筑：公寓B
[17:39:54] [Client thread/INFO]: [com.trhsy.sim.npc.build.BuildingBlueprint:addBuildingBlueprint:641]: 当前建筑所需方块：405
[17:39:54] [Client thread/INFO]: [com.trhsy.sim.npc.build.BuildingBlueprint:addBuildingBlueprint:387]: 当前建筑：公寓C
[17:39:54] [Client thread/INFO]: [com.trhsy.sim.npc.build.BuildingBlueprint:addBuildingBlueprint:641]: 当前建筑所需方块：405
[17:39:54] [Client thread/INFO]: [com.trhsy.sim.npc.build.BuildingBlueprint:addBuildingBlueprint:387]: 当前建筑：公寓D
[17:39:54] [Client thread/INFO]: [com.trhsy.sim.npc.build.BuildingBlueprint:addBuildingBlueprint:641]: 当前建筑所需方块：280
[17:39:54] [Client thread/INFO]: [com.trhsy.sim.npc.build.BuildingBlueprint:addBuildingBlueprint:387]: 当前建筑：公寓F
[17:39:54] [Client thread/INFO]: [com.trhsy.sim.npc.build.BuildingBlueprint:addBuildingBlueprint:641]: 当前建筑所需方块：405
[17:39:54] [Client thread/INFO]: [com.trhsy.sim.npc.build.BuildingBlueprint:addBuildingBlueprint:387]: 当前建筑：公馆 1
[17:39:54] [Client thread/INFO]: [com.trhsy.sim.npc.build.BuildingBlueprint:addBuildingBlueprint:641]: 当前建筑所需方块：2912
[17:39:54] [Client thread/INFO]: [com.trhsy.sim.npc.build.BuildingBlueprint:addBuildingBlueprint:387]: 当前建筑：冥府
[17:39:54] [Client thread/INFO]: [com.trhsy.sim.npc.build.BuildingBlueprint:addBuildingBlueprint:641]: 当前建筑所需方块：5236
[17:39:54] [Client thread/INFO]: [com.trhsy.sim.npc.build.BuildingBlueprint:addBuildingBlueprint:387]: 当前建筑：冰屋
[17:39:54] [Client thread/INFO]: [com.trhsy.sim.npc.build.BuildingBlueprint:addBuildingBlueprint:641]: 当前建筑所需方块：975
[17:39:54] [Client thread/INFO]: [com.trhsy.sim.npc.build.BuildingBlueprint:addBuildingBlueprint:387]: 当前建筑：别墅 A
[17:39:54] [Client thread/INFO]: [com.trhsy.sim.npc.build.BuildingBlueprint:addBuildingBlueprint:641]: 当前建筑所需方块：540
[17:39:54] [Client thread/INFO]: [com.trhsy.sim.npc.build.BuildingBlueprint:addBuildingBlueprint:387]: 当前建筑：别墅 B
[17:39:54] [Client thread/INFO]: [com.trhsy.sim.npc.build.BuildingBlueprint:addBuildingBlueprint:641]: 当前建筑所需方块：540
[17:39:54] [Client thread/INFO]: [com.trhsy.sim.npc.build.BuildingBlueprint:addBuildingBlueprint:387]: 当前建筑：别墅 C
[17:39:54] [Client thread/INFO]: [com.trhsy.sim.npc.build.BuildingBlueprint:addBuildingBlueprint:641]: 当前建筑所需方块：756
[17:39:54] [Client thread/INFO]: [com.trhsy.sim.npc.build.BuildingBlueprint:addBuildingBlueprint:387]: 当前建筑：别墅 D
[17:39:54] [Client thread/INFO]: [com.trhsy.sim.npc.build.BuildingBlueprint:addBuildingBlueprint:641]: 当前建筑所需方块：540
[17:39:54] [Client thread/INFO]: [com.trhsy.sim.npc.build.BuildingBlueprint:addBuildingBlueprint:387]: 当前建筑：办公大楼
[17:39:54] [Client thread/INFO]: [com.trhsy.sim.npc.build.BuildingBlueprint:addBuildingBlueprint:641]: 当前建筑所需方块：10976
[17:39:54] [Client thread/INFO]: [com.trhsy.sim.npc.build.BuildingBlueprint:addBuildingBlueprint:387]: 当前建筑：北方寺院
[17:39:54] [Client thread/INFO]: [com.trhsy.sim.npc.build.BuildingBlueprint:addBuildingBlueprint:641]: 当前建筑所需方块：355347
[17:39:54] [Client thread/INFO]: [com.trhsy.sim.npc.build.BuildingBlueprint:addBuildingBlueprint:387]: 当前建筑：北方度假酒店
[17:39:54] [Client thread/INFO]: [com.trhsy.sim.npc.build.BuildingBlueprint:addBuildingBlueprint:641]: 当前建筑所需方块：43560
[17:39:54] [Client thread/INFO]: [com.trhsy.sim.npc.build.BuildingBlueprint:addBuildingBlueprint:387]: 当前建筑：北欧大别墅(木)
[17:39:54] [Client thread/INFO]: [com.trhsy.sim.npc.build.BuildingBlueprint:addBuildingBlueprint:641]: 当前建筑所需方块：31280
[17:39:54] [Client thread/INFO]: [com.trhsy.sim.npc.build.BuildingBlueprint:addBuildingBlueprint:387]: 当前建筑：北欧大别墅(石)
[17:39:54] [Client thread/INFO]: [com.trhsy.sim.npc.build.BuildingBlueprint:addBuildingBlueprint:641]: 当前建筑所需方块：9975
[17:39:54] [Client thread/INFO]: [com.trhsy.sim.npc.build.BuildingBlueprint:addBuildingBlueprint:387]: 当前建筑：北欧小别墅
[17:39:54] [Client thread/INFO]: [com.trhsy.sim.npc.build.BuildingBlueprint:addBuildingBlueprint:641]: 当前建筑所需方块：4750
[17:39:54] [Client thread/INFO]: [com.trhsy.sim.npc.build.BuildingBlueprint:addBuildingBlueprint:387]: 当前建筑：北欧石楼
[17:39:54] [Client thread/INFO]: [com.trhsy.sim.npc.build.BuildingBlueprint:addBuildingBlueprint:641]: 当前建筑所需方块：891
[17:39:54] [Client thread/INFO]: [com.trhsy.sim.npc.build.BuildingBlueprint:addBuildingBlueprint:387]: 当前建筑：北欧风小屋
[17:39:54] [Client thread/INFO]: [com.trhsy.sim.npc.build.BuildingBlueprint:addBuildingBlueprint:641]: 当前建筑所需方块：567
[17:39:54] [Client thread/INFO]: [com.trhsy.sim.npc.build.BuildingBlueprint:addBuildingBlueprint:387]: 当前建筑：古雅的小屋
[17:39:54] [Client thread/INFO]: [com.trhsy.sim.npc.build.BuildingBlueprint:addBuildingBlueprint:641]: 当前建筑所需方块：210
[17:39:54] [Client thread/INFO]: [com.trhsy.sim.npc.build.BuildingBlueprint:addBuildingBlueprint:387]: 当前建筑：可堆叠木屋
[17:39:54] [Client thread/INFO]: [com.trhsy.sim.npc.build.BuildingBlueprint:addBuildingBlueprint:641]: 当前建筑所需方块：1200
[17:39:54] [Client thread/INFO]: [com.trhsy.sim.npc.build.BuildingBlueprint:addBuildingBlueprint:387]: 当前建筑：可爱家庭旅馆
[17:39:54] [Client thread/INFO]: [com.trhsy.sim.npc.build.BuildingBlueprint:addBuildingBlueprint:641]: 当前建筑所需方块：440
[17:39:54] [Client thread/INFO]: [com.trhsy.sim.npc.build.BuildingBlueprint:addBuildingBlueprint:387]: 当前建筑：可爱的小屋
[17:39:54] [Client thread/INFO]: [com.trhsy.sim.npc.build.BuildingBlueprint:addBuildingBlueprint:641]: 当前建筑所需方块：180
[17:39:54] [Client thread/INFO]: [com.trhsy.sim.npc.build.BuildingBlueprint:addBuildingBlueprint:387]: 当前建筑：史诗之家
[17:39:54] [Client thread/INFO]: [com.trhsy.sim.npc.build.BuildingBlueprint:addBuildingBlueprint:641]: 当前建筑所需方块：726
[17:39:54] [Client thread/INFO]: [com.trhsy.sim.npc.build.BuildingBlueprint:addBuildingBlueprint:387]: 当前建筑：启示录庇护所
[17:39:54] [Client thread/INFO]: [com.trhsy.sim.npc.build.BuildingBlueprint:addBuildingBlueprint:641]: 当前建筑所需方块：150
[17:39:54] [Client thread/INFO]: [com.trhsy.sim.npc.build.BuildingBlueprint:addBuildingBlueprint:387]: 当前建筑：地下室
[17:39:54] [Client thread/INFO]: [com.trhsy.sim.npc.build.BuildingBlueprint:addBuildingBlueprint:641]: 当前建筑所需方块：2880
[17:39:54] [Client thread/INFO]: [com.trhsy.sim.npc.build.BuildingBlueprint:addBuildingBlueprint:387]: 当前建筑：地狱汽车旅馆
[17:39:54] [Client thread/INFO]: [com.trhsy.sim.npc.build.BuildingBlueprint:addBuildingBlueprint:641]: 当前建筑所需方块：139230
[17:39:54] [Client thread/INFO]: [com.trhsy.sim.npc.build.BuildingBlueprint:addBuildingBlueprint:387]: 当前建筑：堆叠式四层公寓
[17:39:54] [Client thread/INFO]: [com.trhsy.sim.npc.build.BuildingBlueprint:addBuildingBlueprint:641]: 当前建筑所需方块：660
[17:39:54] [Client thread/INFO]: [com.trhsy.sim.npc.build.BuildingBlueprint:addBuildingBlueprint:387]: 当前建筑：多生物群落之家
[17:39:54] [Client thread/INFO]: [com.trhsy.sim.npc.build.BuildingBlueprint:addBuildingBlueprint:641]: 当前建筑所需方块：980
[17:39:54] [Client thread/INFO]: [com.trhsy.sim.npc.build.BuildingBlueprint:addBuildingBlueprint:387]: 当前建筑：大型土坯房
[17:39:54] [Client thread/INFO]: [com.trhsy.sim.npc.build.BuildingBlueprint:addBuildingBlueprint:641]: 当前建筑所需方块：720
[17:39:54] [Client thread/INFO]: [com.trhsy.sim.npc.build.BuildingBlueprint:addBuildingBlueprint:387]: 当前建筑：大城堡v1
[17:39:54] [Client thread/INFO]: [com.trhsy.sim.npc.build.BuildingBlueprint:addBuildingBlueprint:641]: 当前建筑所需方块：9375
[17:39:54] [Client thread/INFO]: [com.trhsy.sim.npc.build.BuildingBlueprint:addBuildingBlueprint:387]: 当前建筑：大城堡v2
[17:39:54] [Client thread/INFO]: [com.trhsy.sim.npc.build.BuildingBlueprint:addBuildingBlueprint:641]: 当前建筑所需方块：10092
[17:39:54] [Client thread/INFO]: [com.trhsy.sim.npc.build.BuildingBlueprint:addBuildingBlueprint:387]: 当前建筑：大宫殿
[17:39:54] [Client thread/INFO]: [com.trhsy.sim.npc.build.BuildingBlueprint:addBuildingBlueprint:641]: 当前建筑所需方块：9576
[17:39:54] [Client thread/INFO]: [com.trhsy.sim.npc.build.BuildingBlueprint:addBuildingBlueprint:387]: 当前建筑：大房子v1
[17:39:54] [Client thread/INFO]: [com.trhsy.sim.npc.build.BuildingBlueprint:addBuildingBlueprint:641]: 当前建筑所需方块：2250
[17:39:54] [Client thread/INFO]: [com.trhsy.sim.npc.build.BuildingBlueprint:addBuildingBlueprint:387]: 当前建筑：大房子v2
[17:39:54] [Client thread/INFO]: [com.trhsy.sim.npc.build.BuildingBlueprint:addBuildingBlueprint:641]: 当前建筑所需方块：1170
[17:39:54] [Client thread/INFO]: [com.trhsy.sim.npc.build.BuildingBlueprint:addBuildingBlueprint:387]: 当前建筑：大房子v3
[17:39:54] [Client thread/INFO]: [com.trhsy.sim.npc.build.BuildingBlueprint:addBuildingBlueprint:641]: 当前建筑所需方块：704
[17:39:54] [Client thread/INFO]: [com.trhsy.sim.npc.build.BuildingBlueprint:addBuildingBlueprint:387]: 当前建筑：大砖房
[17:39:54] [Client thread/INFO]: [com.trhsy.sim.npc.build.BuildingBlueprint:addBuildingBlueprint:641]: 当前建筑所需方块：1728
[17:39:54] [Client thread/INFO]: [com.trhsy.sim.npc.build.BuildingBlueprint:addBuildingBlueprint:387]: 当前建筑：大豪宅
[17:39:54] [Client thread/INFO]: [com.trhsy.sim.npc.build.BuildingBlueprint:addBuildingBlueprint:641]: 当前建筑所需方块：17255
[17:39:54] [Client thread/INFO]: [com.trhsy.sim.npc.build.BuildingBlueprint:addBuildingBlueprint:387]: 当前建筑：奶酪屋
[17:39:54] [Client thread/INFO]: [com.trhsy.sim.npc.build.BuildingBlueprint:addBuildingBlueprint:641]: 当前建筑所需方块：1100
[17:39:54] [Client thread/INFO]: [com.trhsy.sim.npc.build.BuildingBlueprint:addBuildingBlueprint:387]: 当前建筑：学者之家
[17:39:54] [Client thread/INFO]: [com.trhsy.sim.npc.build.BuildingBlueprint:addBuildingBlueprint:641]: 当前建筑所需方块：486
[17:39:54] [Client thread/INFO]: [com.trhsy.sim.npc.build.BuildingBlueprint:addBuildingBlueprint:387]: 当前建筑：安逸小屋
[17:39:54] [Client thread/INFO]: [com.trhsy.sim.npc.build.BuildingBlueprint:addBuildingBlueprint:641]: 当前建筑所需方块：343
[17:39:54] [Client thread/INFO]: [com.trhsy.sim.npc.build.BuildingBlueprint:addBuildingBlueprint:387]: 当前建筑：客房
[17:39:54] [Client thread/INFO]: [com.trhsy.sim.npc.build.BuildingBlueprint:addBuildingBlueprint:641]: 当前建筑所需方块：378
[17:39:54] [Client thread/INFO]: [com.trhsy.sim.npc.build.BuildingBlueprint:addBuildingBlueprint:387]: 当前建筑：宽敞的房子
[17:39:54] [Client thread/INFO]: [com.trhsy.sim.npc.build.BuildingBlueprint:addBuildingBlueprint:641]: 当前建筑所需方块：800
[17:39:54] [Client thread/INFO]: [com.trhsy.sim.npc.build.BuildingBlueprint:addBuildingBlueprint:387]: 当前建筑：宽敞的木屋
[17:39:54] [Client thread/INFO]: [com.trhsy.sim.npc.build.BuildingBlueprint:addBuildingBlueprint:641]: 当前建筑所需方块：882
[17:39:54] [Client thread/INFO]: [com.trhsy.sim.npc.build.BuildingBlueprint:addBuildingBlueprint:387]: 当前建筑：寄宿室
[17:39:54] [Client thread/INFO]: [com.trhsy.sim.npc.build.BuildingBlueprint:addBuildingBlueprint:641]: 当前建筑所需方块：125
[17:39:54] [Client thread/INFO]: [com.trhsy.sim.npc.build.BuildingBlueprint:addBuildingBlueprint:387]: 当前建筑：小型木屋
[17:39:54] [Client thread/INFO]: [com.trhsy.sim.npc.build.BuildingBlueprint:addBuildingBlueprint:641]: 当前建筑所需方块：180
[17:39:54] [Client thread/INFO]: [com.trhsy.sim.npc.build.BuildingBlueprint:addBuildingBlueprint:387]: 当前建筑：小房子A
[17:39:54] [Client thread/INFO]: [com.trhsy.sim.npc.build.BuildingBlueprint:addBuildingBlueprint:641]: 当前建筑所需方块：150
[17:39:54] [Client thread/INFO]: [com.trhsy.sim.npc.build.BuildingBlueprint:addBuildingBlueprint:387]: 当前建筑：小房子B
[17:39:54] [Client thread/INFO]: [com.trhsy.sim.npc.build.BuildingBlueprint:addBuildingBlueprint:641]: 当前建筑所需方块：125
[17:39:54] [Client thread/INFO]: [com.trhsy.sim.npc.build.BuildingBlueprint:addBuildingBlueprint:387]: 当前建筑：小房子C
[17:39:54] [Client thread/INFO]: [com.trhsy.sim.npc.build.BuildingBlueprint:addBuildingBlueprint:641]: 当前建筑所需方块：125
[17:39:54] [Client thread/INFO]: [com.trhsy.sim.npc.build.BuildingBlueprint:addBuildingBlueprint:387]: 当前建筑：小房子D
[17:39:54] [Client thread/INFO]: [com.trhsy.sim.npc.build.BuildingBlueprint:addBuildingBlueprint:641]: 当前建筑所需方块：150
[17:39:54] [Client thread/INFO]: [com.trhsy.sim.npc.build.BuildingBlueprint:addBuildingBlueprint:387]: 当前建筑：小房子公寓
[17:39:54] [Client thread/INFO]: [com.trhsy.sim.npc.build.BuildingBlueprint:addBuildingBlueprint:641]: 当前建筑所需方块：10948
[17:39:54] [Client thread/INFO]: [com.trhsy.sim.npc.build.BuildingBlueprint:addBuildingBlueprint:387]: 当前建筑：小木屋v1
[17:39:54] [Client thread/INFO]: [com.trhsy.sim.npc.build.BuildingBlueprint:addBuildingBlueprint:641]: 当前建筑所需方块：75
[17:39:54] [Client thread/INFO]: [com.trhsy.sim.npc.build.BuildingBlueprint:addBuildingBlueprint:387]: 当前建筑：小木屋v2
[17:39:54] [Client thread/INFO]: [com.trhsy.sim.npc.build.BuildingBlueprint:addBuildingBlueprint:641]: 当前建筑所需方块：210
[17:39:54] [Client thread/INFO]: [com.trhsy.sim.npc.build.BuildingBlueprint:addBuildingBlueprint:387]: 当前建筑：小砖房
[17:39:54] [Client thread/INFO]: [com.trhsy.sim.npc.build.BuildingBlueprint:addBuildingBlueprint:641]: 当前建筑所需方块：294
[17:39:54] [Client thread/INFO]: [com.trhsy.sim.npc.build.BuildingBlueprint:addBuildingBlueprint:387]: 当前建筑：巨树屋
[17:39:54] [Client thread/INFO]: [com.trhsy.sim.npc.build.BuildingBlueprint:addBuildingBlueprint:641]: 当前建筑所需方块：6783
[17:39:54] [Client thread/INFO]: [com.trhsy.sim.npc.build.BuildingBlueprint:addBuildingBlueprint:387]: 当前建筑：巨石大厦
[17:39:54] [Client thread/INFO]: [com.trhsy.sim.npc.build.BuildingBlueprint:addBuildingBlueprint:641]: 当前建筑所需方块：3640
[17:39:54] [Client thread/INFO]: [com.trhsy.sim.npc.build.BuildingBlueprint:addBuildingBlueprint:387]: 当前建筑：市长府v1
[17:39:54] [Client thread/INFO]: [com.trhsy.sim.npc.build.BuildingBlueprint:addBuildingBlueprint:641]: 当前建筑所需方块：1430
[17:39:54] [Client thread/INFO]: [com.trhsy.sim.npc.build.BuildingBlueprint:addBuildingBlueprint:387]: 当前建筑：市长府v2
[17:39:54] [Client thread/INFO]: [com.trhsy.sim.npc.build.BuildingBlueprint:addBuildingBlueprint:641]: 当前建筑所需方块：11136
[17:39:54] [Client thread/INFO]: [com.trhsy.sim.npc.build.BuildingBlueprint:addBuildingBlueprint:387]: 当前建筑：布朗斯通公寓 
[17:39:54] [Client thread/INFO]: [com.trhsy.sim.npc.build.BuildingBlueprint:addBuildingBlueprint:641]: 当前建筑所需方块：4250
[17:39:54] [Client thread/INFO]: [com.trhsy.sim.npc.build.BuildingBlueprint:addBuildingBlueprint:387]: 当前建筑：希姆利斯豪斯酒店
[17:39:54] [Client thread/INFO]: [com.trhsy.sim.npc.build.BuildingBlueprint:addBuildingBlueprint:641]: 当前建筑所需方块：1820
[17:39:54] [Client thread/INFO]: [com.trhsy.sim.npc.build.BuildingBlueprint:addBuildingBlueprint:387]: 当前建筑：希尔赛德工作室
[17:39:54] [Client thread/INFO]: [com.trhsy.sim.npc.build.BuildingBlueprint:addBuildingBlueprint:641]: 当前建筑所需方块：252
[17:39:54] [Client thread/INFO]: [com.trhsy.sim.npc.build.BuildingBlueprint:addBuildingBlueprint:387]: 当前建筑：带图书馆的伍德大厦
[17:39:54] [Client thread/INFO]: [com.trhsy.sim.npc.build.BuildingBlueprint:addBuildingBlueprint:641]: 当前建筑所需方块：3432
[17:39:54] [Client thread/INFO]: [com.trhsy.sim.npc.build.BuildingBlueprint:addBuildingBlueprint:387]: 当前建筑：带池塘的家
[17:39:54] [Client thread/INFO]: [com.trhsy.sim.npc.build.BuildingBlueprint:addBuildingBlueprint:641]: 当前建筑所需方块：1352
[17:39:54] [Client thread/INFO]: [com.trhsy.sim.npc.build.BuildingBlueprint:addBuildingBlueprint:387]: 当前建筑：带门廊的房子
[17:39:54] [Client thread/INFO]: [com.trhsy.sim.npc.build.BuildingBlueprint:addBuildingBlueprint:641]: 当前建筑所需方块：315
[17:39:54] [Client thread/INFO]: [com.trhsy.sim.npc.build.BuildingBlueprint:addBuildingBlueprint:387]: 当前建筑：平房v1
[17:39:54] [Client thread/INFO]: [com.trhsy.sim.npc.build.BuildingBlueprint:addBuildingBlueprint:641]: 当前建筑所需方块：420
[17:39:54] [Client thread/INFO]: [com.trhsy.sim.npc.build.BuildingBlueprint:addBuildingBlueprint:387]: 当前建筑：平房v2
[17:39:54] [Client thread/INFO]: [com.trhsy.sim.npc.build.BuildingBlueprint:addBuildingBlueprint:641]: 当前建筑所需方块：567
[17:39:54] [Client thread/INFO]: [com.trhsy.sim.npc.build.BuildingBlueprint:addBuildingBlueprint:387]: 当前建筑：廉价小屋
[17:39:54] [Client thread/INFO]: [com.trhsy.sim.npc.build.BuildingBlueprint:addBuildingBlueprint:641]: 当前建筑所需方块：45
[17:39:54] [Client thread/INFO]: [com.trhsy.sim.npc.build.BuildingBlueprint:addBuildingBlueprint:387]: 当前建筑：强迫症沙居
[17:39:54] [Client thread/INFO]: [com.trhsy.sim.npc.build.BuildingBlueprint:addBuildingBlueprint:641]: 当前建筑所需方块：1014
[17:39:54] [Client thread/INFO]: [com.trhsy.sim.npc.build.BuildingBlueprint:addBuildingBlueprint:387]: 当前建筑：彩色房子
[17:39:54] [Client thread/INFO]: [com.trhsy.sim.npc.build.BuildingBlueprint:addBuildingBlueprint:641]: 当前建筑所需方块：858
[17:39:54] [Client thread/INFO]: [com.trhsy.sim.npc.build.BuildingBlueprint:addBuildingBlueprint:387]: 当前建筑：房屋
[17:39:54] [Client thread/INFO]: [com.trhsy.sim.npc.build.BuildingBlueprint:addBuildingBlueprint:641]: 当前建筑所需方块：252
[17:39:54] [Client thread/INFO]: [com.trhsy.sim.npc.build.BuildingBlueprint:addBuildingBlueprint:387]: 当前建筑：拉祖利城堡
[17:39:54] [Client thread/INFO]: [com.trhsy.sim.npc.build.BuildingBlueprint:addBuildingBlueprint:641]: 当前建筑所需方块：274170
[17:39:54] [Client thread/INFO]: [com.trhsy.sim.npc.build.BuildingBlueprint:addBuildingBlueprint:387]: 当前建筑：拿铁咖啡馆
[17:39:54] [Client thread/INFO]: [com.trhsy.sim.npc.build.BuildingBlueprint:addBuildingBlueprint:641]: 当前建筑所需方块：840
[17:39:54] [Client thread/INFO]: [com.trhsy.sim.npc.build.BuildingBlueprint:addBuildingBlueprint:387]: 当前建筑：掩体
[17:39:54] [Client thread/INFO]: [com.trhsy.sim.npc.build.BuildingBlueprint:addBuildingBlueprint:641]: 当前建筑所需方块：676
[17:39:54] [Client thread/INFO]: [com.trhsy.sim.npc.build.BuildingBlueprint:addBuildingBlueprint:387]: 当前建筑：故事屋
[17:39:54] [Client thread/INFO]: [com.trhsy.sim.npc.build.BuildingBlueprint:addBuildingBlueprint:641]: 当前建筑所需方块：420
[17:39:54] [Client thread/INFO]: [com.trhsy.sim.npc.build.BuildingBlueprint:addBuildingBlueprint:387]: 当前建筑：有石板的小房子
[17:39:54] [Client thread/INFO]: [com.trhsy.sim.npc.build.BuildingBlueprint:addBuildingBlueprint:641]: 当前建筑所需方块：80
[17:39:54] [Client thread/INFO]: [com.trhsy.sim.npc.build.BuildingBlueprint:addBuildingBlueprint:387]: 当前建筑：木屋v1
[17:39:54] [Client thread/INFO]: [com.trhsy.sim.npc.build.BuildingBlueprint:addBuildingBlueprint:641]: 当前建筑所需方块：125
[17:39:54] [Client thread/INFO]: [com.trhsy.sim.npc.build.BuildingBlueprint:addBuildingBlueprint:387]: 当前建筑：木屋v2
[17:39:54] [Client thread/INFO]: [com.trhsy.sim.npc.build.BuildingBlueprint:addBuildingBlueprint:641]: 当前建筑所需方块：384
[17:39:54] [Client thread/INFO]: [com.trhsy.sim.npc.build.BuildingBlueprint:addBuildingBlueprint:387]: 当前建筑：木屋v3
[17:39:54] [Client thread/INFO]: [com.trhsy.sim.npc.build.BuildingBlueprint:addBuildingBlueprint:641]: 当前建筑所需方块：1344
[17:39:54] [Client thread/INFO]: [com.trhsy.sim.npc.build.BuildingBlueprint:addBuildingBlueprint:387]: 当前建筑：木屋车库
[17:39:54] [Client thread/INFO]: [com.trhsy.sim.npc.build.BuildingBlueprint:addBuildingBlueprint:641]: 当前建筑所需方块：480
[17:39:54] [Client thread/INFO]: [com.trhsy.sim.npc.build.BuildingBlueprint:addBuildingBlueprint:387]: 当前建筑：未来派木屋
[17:39:54] [Client thread/INFO]: [com.trhsy.sim.npc.build.BuildingBlueprint:addBuildingBlueprint:641]: 当前建筑所需方块：1326
[17:39:54] [Client thread/INFO]: [com.trhsy.sim.npc.build.BuildingBlueprint:addBuildingBlueprint:387]: 当前建筑：朴素的大厦
[17:39:54] [Client thread/INFO]: [com.trhsy.sim.npc.build.BuildingBlueprint:addBuildingBlueprint:641]: 当前建筑所需方块：15744
[17:39:54] [Client thread/INFO]: [com.trhsy.sim.npc.build.BuildingBlueprint:addBuildingBlueprint:387]: 当前建筑：村民住宅
[17:39:54] [Client thread/INFO]: [com.trhsy.sim.npc.build.BuildingBlueprint:addBuildingBlueprint:641]: 当前建筑所需方块：420
[17:39:54] [Client thread/INFO]: [com.trhsy.sim.npc.build.BuildingBlueprint:addBuildingBlueprint:387]: 当前建筑：树屋
[17:39:54] [Client thread/INFO]: [com.trhsy.sim.npc.build.BuildingBlueprint:addBuildingBlueprint:641]: 当前建筑所需方块：819
[17:39:54] [Client thread/INFO]: [com.trhsy.sim.npc.build.BuildingBlueprint:addBuildingBlueprint:387]: 当前建筑：梅斯仓库
[17:39:54] [Client thread/INFO]: [com.trhsy.sim.npc.build.BuildingBlueprint:addBuildingBlueprint:641]: 当前建筑所需方块：1100
[17:39:54] [Client thread/INFO]: [com.trhsy.sim.npc.build.BuildingBlueprint:addBuildingBlueprint:387]: 当前建筑：梅斯公主大城堡
[17:39:54] [Client thread/INFO]: [com.trhsy.sim.npc.build.BuildingBlueprint:addBuildingBlueprint:641]: 当前建筑所需方块：41382
[17:39:54] [Client thread/INFO]: [com.trhsy.sim.npc.build.BuildingBlueprint:addBuildingBlueprint:387]: 当前建筑：梅斯别墅
[17:39:54] [Client thread/INFO]: [com.trhsy.sim.npc.build.BuildingBlueprint:addBuildingBlueprint:641]: 当前建筑所需方块：486
[17:39:54] [Client thread/INFO]: [com.trhsy.sim.npc.build.BuildingBlueprint:addBuildingBlueprint:387]: 当前建筑：梅斯沙庙
[17:39:54] [Client thread/INFO]: [com.trhsy.sim.npc.build.BuildingBlueprint:addBuildingBlueprint:641]: 当前建筑所需方块：2028
[17:39:54] [Client thread/INFO]: [com.trhsy.sim.npc.build.BuildingBlueprint:addBuildingBlueprint:387]: 当前建筑：梅斯沙漠市场
[17:39:54] [Client thread/INFO]: [com.trhsy.sim.npc.build.BuildingBlueprint:addBuildingBlueprint:641]: 当前建筑所需方块：3468
[17:39:54] [Client thread/INFO]: [com.trhsy.sim.npc.build.BuildingBlueprint:addBuildingBlueprint:387]: 当前建筑：梅斯炼金术士
[17:39:54] [Client thread/INFO]: [com.trhsy.sim.npc.build.BuildingBlueprint:addBuildingBlueprint:641]: 当前建筑所需方块：2057
[17:39:54] [Client thread/INFO]: [com.trhsy.sim.npc.build.BuildingBlueprint:addBuildingBlueprint:387]: 当前建筑：梅斯迷你城堡
[17:39:54] [Client thread/INFO]: [com.trhsy.sim.npc.build.BuildingBlueprint:addBuildingBlueprint:641]: 当前建筑所需方块：15138
[17:39:54] [Client thread/INFO]: [com.trhsy.sim.npc.build.BuildingBlueprint:addBuildingBlueprint:387]: 当前建筑：梅斯铁匠铺
[17:39:54] [Client thread/INFO]: [com.trhsy.sim.npc.build.BuildingBlueprint:addBuildingBlueprint:641]: 当前建筑所需方块：1400
[17:39:54] [Client thread/INFO]: [com.trhsy.sim.npc.build.BuildingBlueprint:addBuildingBlueprint:387]: 当前建筑：橙色摩天大楼
[17:39:54] [Client thread/INFO]: [com.trhsy.sim.npc.build.BuildingBlueprint:addBuildingBlueprint:641]: 当前建筑所需方块：30008
[17:39:54] [Client thread/INFO]: [com.trhsy.sim.npc.build.BuildingBlueprint:addBuildingBlueprint:387]: 当前建筑：水屋酒店
[17:39:54] [Client thread/INFO]: [com.trhsy.sim.npc.build.BuildingBlueprint:addBuildingBlueprint:641]: 当前建筑所需方块：192
[17:39:54] [Client thread/INFO]: [com.trhsy.sim.npc.build.BuildingBlueprint:addBuildingBlueprint:387]: 当前建筑：沙石屋
[17:39:54] [Client thread/INFO]: [com.trhsy.sim.npc.build.BuildingBlueprint:addBuildingBlueprint:641]: 当前建筑所需方块：560
[17:39:54] [Client thread/INFO]: [com.trhsy.sim.npc.build.BuildingBlueprint:addBuildingBlueprint:387]: 当前建筑：沙达斯大厦
[17:39:54] [Client thread/INFO]: [com.trhsy.sim.npc.build.BuildingBlueprint:addBuildingBlueprint:641]: 当前建筑所需方块：3036
[17:39:54] [Client thread/INFO]: [com.trhsy.sim.npc.build.BuildingBlueprint:addBuildingBlueprint:387]: 当前建筑：没有羊毛的家
[17:39:54] [Client thread/INFO]: [com.trhsy.sim.npc.build.BuildingBlueprint:addBuildingBlueprint:641]: 当前建筑所需方块：567
[17:39:54] [Client thread/INFO]: [com.trhsy.sim.npc.build.BuildingBlueprint:addBuildingBlueprint:387]: 当前建筑：泥土屋
[17:39:54] [Client thread/INFO]: [com.trhsy.sim.npc.build.BuildingBlueprint:addBuildingBlueprint:641]: 当前建筑所需方块：360
[17:39:54] [Client thread/INFO]: [com.trhsy.sim.npc.build.BuildingBlueprint:addBuildingBlueprint:387]: 当前建筑：流浪汉小屋
[17:39:54] [Client thread/INFO]: [com.trhsy.sim.npc.build.BuildingBlueprint:addBuildingBlueprint:641]: 当前建筑所需方块：150
[17:39:54] [Client thread/INFO]: [com.trhsy.sim.npc.build.BuildingBlueprint:addBuildingBlueprint:387]: 当前建筑：漂亮的普通房子
[17:39:54] [Client thread/INFO]: [com.trhsy.sim.npc.build.BuildingBlueprint:addBuildingBlueprint:641]: 当前建筑所需方块：891
[17:39:54] [Client thread/INFO]: [com.trhsy.sim.npc.build.BuildingBlueprint:addBuildingBlueprint:387]: 当前建筑：热中屋酒店
[17:39:54] [Client thread/INFO]: [com.trhsy.sim.npc.build.BuildingBlueprint:addBuildingBlueprint:641]: 当前建筑所需方块：450
[17:39:54] [Client thread/INFO]: [com.trhsy.sim.npc.build.BuildingBlueprint:addBuildingBlueprint:387]: 当前建筑：爬行立方体
[17:39:54] [Client thread/INFO]: [com.trhsy.sim.npc.build.BuildingBlueprint:addBuildingBlueprint:641]: 当前建筑所需方块：512
[17:39:54] [Client thread/INFO]: [com.trhsy.sim.npc.build.BuildingBlueprint:addBuildingBlueprint:387]: 当前建筑：爱情小屋
[17:39:54] [Client thread/INFO]: [com.trhsy.sim.npc.build.BuildingBlueprint:addBuildingBlueprint:641]: 当前建筑所需方块：180
[17:39:54] [Client thread/INFO]: [com.trhsy.sim.npc.build.BuildingBlueprint:addBuildingBlueprint:387]: 当前建筑：现代住宅v1
[17:39:54] [Client thread/INFO]: [com.trhsy.sim.npc.build.BuildingBlueprint:addBuildingBlueprint:641]: 当前建筑所需方块：1188
[17:39:54] [Client thread/INFO]: [com.trhsy.sim.npc.build.BuildingBlueprint:addBuildingBlueprint:387]: 当前建筑：现代住宅v2
[17:39:54] [Client thread/INFO]: [com.trhsy.sim.npc.build.BuildingBlueprint:addBuildingBlueprint:641]: 当前建筑所需方块：13728
[17:39:54] [Client thread/INFO]: [com.trhsy.sim.npc.build.BuildingBlueprint:addBuildingBlueprint:387]: 当前建筑：现代住宅v3
[17:39:54] [Client thread/INFO]: [com.trhsy.sim.npc.build.BuildingBlueprint:addBuildingBlueprint:641]: 当前建筑所需方块：6460
[17:39:54] [Client thread/INFO]: [com.trhsy.sim.npc.build.BuildingBlueprint:addBuildingBlueprint:387]: 当前建筑：现代住宅v4
[17:39:54] [Client thread/INFO]: [com.trhsy.sim.npc.build.BuildingBlueprint:addBuildingBlueprint:641]: 当前建筑所需方块：4680
[17:39:54] [Client thread/INFO]: [com.trhsy.sim.npc.build.BuildingBlueprint:addBuildingBlueprint:387]: 当前建筑：现代住宅v5
[17:39:54] [Client thread/INFO]: [com.trhsy.sim.npc.build.BuildingBlueprint:addBuildingBlueprint:641]: 当前建筑所需方块：780
[17:39:54] [Client thread/INFO]: [com.trhsy.sim.npc.build.BuildingBlueprint:addBuildingBlueprint:387]: 当前建筑：现代大厦
[17:39:54] [Client thread/INFO]: [com.trhsy.sim.npc.build.BuildingBlueprint:addBuildingBlueprint:641]: 当前建筑所需方块：29952
[17:39:54] [Client thread/INFO]: [com.trhsy.sim.npc.build.BuildingBlueprint:addBuildingBlueprint:387]: 当前建筑：现代摩天大楼
[17:39:54] [Client thread/INFO]: [com.trhsy.sim.npc.build.BuildingBlueprint:addBuildingBlueprint:641]: 当前建筑所需方块：14280
[17:39:54] [Client thread/INFO]: [com.trhsy.sim.npc.build.BuildingBlueprint:addBuildingBlueprint:387]: 当前建筑：现代木屋v1
[17:39:54] [Client thread/INFO]: [com.trhsy.sim.npc.build.BuildingBlueprint:addBuildingBlueprint:641]: 当前建筑所需方块：2016
[17:39:54] [Client thread/INFO]: [com.trhsy.sim.npc.build.BuildingBlueprint:addBuildingBlueprint:387]: 当前建筑：现代木屋v2
[17:39:54] [Client thread/INFO]: [com.trhsy.sim.npc.build.BuildingBlueprint:addBuildingBlueprint:641]: 当前建筑所需方块：8280
[17:39:54] [Client thread/INFO]: [com.trhsy.sim.npc.build.BuildingBlueprint:addBuildingBlueprint:387]: 当前建筑：白宫
[17:39:54] [Client thread/INFO]: [com.trhsy.sim.npc.build.BuildingBlueprint:addBuildingBlueprint:641]: 当前建筑所需方块：80640
[17:39:54] [Client thread/INFO]: [com.trhsy.sim.npc.build.BuildingBlueprint:addBuildingBlueprint:387]: 当前建筑：石屋
[17:39:54] [Client thread/INFO]: [com.trhsy.sim.npc.build.BuildingBlueprint:addBuildingBlueprint:641]: 当前建筑所需方块：336
[17:39:54] [Client thread/INFO]: [com.trhsy.sim.npc.build.BuildingBlueprint:addBuildingBlueprint:387]: 当前建筑：砂岩单体
[17:39:54] [Client thread/INFO]: [com.trhsy.sim.npc.build.BuildingBlueprint:addBuildingBlueprint:641]: 当前建筑所需方块：968
[17:39:54] [Client thread/INFO]: [com.trhsy.sim.npc.build.BuildingBlueprint:addBuildingBlueprint:387]: 当前建筑：砂岩工作室
[17:39:54] [Client thread/INFO]: [com.trhsy.sim.npc.build.BuildingBlueprint:addBuildingBlueprint:641]: 当前建筑所需方块：2645
[17:39:54] [Client thread/INFO]: [com.trhsy.sim.npc.build.BuildingBlueprint:addBuildingBlueprint:387]: 当前建筑：砂岩棚屋
[17:39:54] [Client thread/INFO]: [com.trhsy.sim.npc.build.BuildingBlueprint:addBuildingBlueprint:641]: 当前建筑所需方块：486
[17:39:54] [Client thread/INFO]: [com.trhsy.sim.npc.build.BuildingBlueprint:addBuildingBlueprint:387]: 当前建筑：砂岩沙漠绿洲
[17:39:54] [Client thread/INFO]: [com.trhsy.sim.npc.build.BuildingBlueprint:addBuildingBlueprint:641]: 当前建筑所需方块：5775
[17:39:54] [Client thread/INFO]: [com.trhsy.sim.npc.build.BuildingBlueprint:addBuildingBlueprint:387]: 当前建筑：砖房v1
[17:39:54] [Client thread/INFO]: [com.trhsy.sim.npc.build.BuildingBlueprint:addBuildingBlueprint:641]: 当前建筑所需方块：280
[17:39:54] [Client thread/INFO]: [com.trhsy.sim.npc.build.BuildingBlueprint:addBuildingBlueprint:387]: 当前建筑：穷人之家v1
[17:39:54] [Client thread/INFO]: [com.trhsy.sim.npc.build.BuildingBlueprint:addBuildingBlueprint:641]: 当前建筑所需方块：27
[17:39:54] [Client thread/INFO]: [com.trhsy.sim.npc.build.BuildingBlueprint:addBuildingBlueprint:387]: 当前建筑：穷人之家v2
[17:39:54] [Client thread/INFO]: [com.trhsy.sim.npc.build.BuildingBlueprint:addBuildingBlueprint:641]: 当前建筑所需方块：27
[17:39:54] [Client thread/INFO]: [com.trhsy.sim.npc.build.BuildingBlueprint:addBuildingBlueprint:387]: 当前建筑：紧凑型住宅
[17:39:54] [Client thread/INFO]: [com.trhsy.sim.npc.build.BuildingBlueprint:addBuildingBlueprint:641]: 当前建筑所需方块：144
[17:39:54] [Client thread/INFO]: [com.trhsy.sim.npc.build.BuildingBlueprint:addBuildingBlueprint:387]: 当前建筑：美丽乡村别墅酒店
[17:39:54] [Client thread/INFO]: [com.trhsy.sim.npc.build.BuildingBlueprint:addBuildingBlueprint:641]: 当前建筑所需方块：715
[17:39:54] [Client thread/INFO]: [com.trhsy.sim.npc.build.BuildingBlueprint:addBuildingBlueprint:387]: 当前建筑：花盆酒店
[17:39:54] [Client thread/INFO]: [com.trhsy.sim.npc.build.BuildingBlueprint:addBuildingBlueprint:641]: 当前建筑所需方块：2106
[17:39:54] [Client thread/INFO]: [com.trhsy.sim.npc.build.BuildingBlueprint:addBuildingBlueprint:387]: 当前建筑：莱克豪斯酒店
[17:39:54] [Client thread/INFO]: [com.trhsy.sim.npc.build.BuildingBlueprint:addBuildingBlueprint:641]: 当前建筑所需方块：275
[17:39:54] [Client thread/INFO]: [com.trhsy.sim.npc.build.BuildingBlueprint:addBuildingBlueprint:387]: 当前建筑：街角小屋
[17:39:54] [Client thread/INFO]: [com.trhsy.sim.npc.build.BuildingBlueprint:addBuildingBlueprint:641]: 当前建筑所需方块：320
[17:39:54] [Client thread/INFO]: [com.trhsy.sim.npc.build.BuildingBlueprint:addBuildingBlueprint:387]: 当前建筑：西尔斯大厦
[17:39:55] [Client thread/INFO]: [com.trhsy.sim.npc.build.BuildingBlueprint:addBuildingBlueprint:641]: 当前建筑所需方块：390825
[17:39:55] [Client thread/INFO]: [com.trhsy.sim.npc.build.BuildingBlueprint:addBuildingBlueprint:387]: 当前建筑：西瓜南瓜农场
[17:39:55] [Client thread/INFO]: [com.trhsy.sim.npc.build.BuildingBlueprint:addBuildingBlueprint:641]: 当前建筑所需方块：3230
[17:39:55] [Client thread/INFO]: [com.trhsy.sim.npc.build.BuildingBlueprint:addBuildingBlueprint:387]: 当前建筑：诺兹之家酒店
[17:39:55] [Client thread/INFO]: [com.trhsy.sim.npc.build.BuildingBlueprint:addBuildingBlueprint:641]: 当前建筑所需方块：1089
[17:39:55] [Client thread/INFO]: [com.trhsy.sim.npc.build.BuildingBlueprint:addBuildingBlueprint:387]: 当前建筑：豪华公寓
[17:39:55] [Client thread/INFO]: [com.trhsy.sim.npc.build.BuildingBlueprint:addBuildingBlueprint:641]: 当前建筑所需方块：3750
[17:39:55] [Client thread/INFO]: [com.trhsy.sim.npc.build.BuildingBlueprint:addBuildingBlueprint:387]: 当前建筑：豪华木屋酒店
[17:39:55] [Client thread/INFO]: [com.trhsy.sim.npc.build.BuildingBlueprint:addBuildingBlueprint:641]: 当前建筑所需方块：1365
[17:39:55] [Client thread/INFO]: [com.trhsy.sim.npc.build.BuildingBlueprint:addBuildingBlueprint:387]: 当前建筑：超小房子
[17:39:55] [Client thread/INFO]: [com.trhsy.sim.npc.build.BuildingBlueprint:addBuildingBlueprint:641]: 当前建筑所需方块：24
[17:39:55] [Client thread/INFO]: [com.trhsy.sim.npc.build.BuildingBlueprint:addBuildingBlueprint:387]: 当前建筑：迎阳楼
[17:39:55] [Client thread/INFO]: [com.trhsy.sim.npc.build.BuildingBlueprint:addBuildingBlueprint:641]: 当前建筑所需方块：4752
[17:39:55] [Client thread/INFO]: [com.trhsy.sim.npc.build.BuildingBlueprint:addBuildingBlueprint:387]: 当前建筑：迷宫砖房
[17:39:55] [Client thread/INFO]: [com.trhsy.sim.npc.build.BuildingBlueprint:addBuildingBlueprint:641]: 当前建筑所需方块：6156
[17:39:55] [Client thread/INFO]: [com.trhsy.sim.npc.build.BuildingBlueprint:addBuildingBlueprint:387]: 当前建筑：郊区门廊
[17:39:55] [Client thread/INFO]: [com.trhsy.sim.npc.build.BuildingBlueprint:addBuildingBlueprint:641]: 当前建筑所需方块：504
[17:39:55] [Client thread/INFO]: [com.trhsy.sim.npc.build.BuildingBlueprint:addBuildingBlueprint:387]: 当前建筑：都铎住宅
[17:39:55] [Client thread/INFO]: [com.trhsy.sim.npc.build.BuildingBlueprint:addBuildingBlueprint:641]: 当前建筑所需方块：616
[17:39:55] [Client thread/INFO]: [com.trhsy.sim.npc.build.BuildingBlueprint:addBuildingBlueprint:387]: 当前建筑：金字塔
[17:39:55] [Client thread/INFO]: [com.trhsy.sim.npc.build.BuildingBlueprint:addBuildingBlueprint:641]: 当前建筑所需方块：196
[17:39:55] [Client thread/INFO]: [com.trhsy.sim.npc.build.BuildingBlueprint:addBuildingBlueprint:387]: 当前建筑：金库
[17:39:55] [Client thread/INFO]: [com.trhsy.sim.npc.build.BuildingBlueprint:addBuildingBlueprint:641]: 当前建筑所需方块：6300
[17:39:55] [Client thread/INFO]: [com.trhsy.sim.npc.build.BuildingBlueprint:addBuildingBlueprint:387]: 当前建筑：铁匠之家
[17:39:55] [Client thread/INFO]: [com.trhsy.sim.npc.build.BuildingBlueprint:addBuildingBlueprint:641]: 当前建筑所需方块：462
[17:39:55] [Client thread/INFO]: [com.trhsy.sim.npc.build.BuildingBlueprint:addBuildingBlueprint:387]: 当前建筑：铁屋v1
[17:39:55] [Client thread/INFO]: [com.trhsy.sim.npc.build.BuildingBlueprint:addBuildingBlueprint:641]: 当前建筑所需方块：294
[17:39:55] [Client thread/INFO]: [com.trhsy.sim.npc.build.BuildingBlueprint:addBuildingBlueprint:387]: 当前建筑：铁屋v2
[17:39:55] [Client thread/INFO]: [com.trhsy.sim.npc.build.BuildingBlueprint:addBuildingBlueprint:641]: 当前建筑所需方块：280
[17:39:55] [Client thread/INFO]: [com.trhsy.sim.npc.build.BuildingBlueprint:addBuildingBlueprint:387]: 当前建筑：长木屋
[17:39:55] [Client thread/INFO]: [com.trhsy.sim.npc.build.BuildingBlueprint:addBuildingBlueprint:641]: 当前建筑所需方块：72
[17:39:55] [Client thread/INFO]: [com.trhsy.sim.npc.build.BuildingBlueprint:addBuildingBlueprint:387]: 当前建筑：阁楼
[17:39:55] [Client thread/INFO]: [com.trhsy.sim.npc.build.BuildingBlueprint:addBuildingBlueprint:641]: 当前建筑所需方块：630
[17:39:55] [Client thread/INFO]: [com.trhsy.sim.npc.build.BuildingBlueprint:addBuildingBlueprint:387]: 当前建筑：阳光房
[17:39:55] [Client thread/INFO]: [com.trhsy.sim.npc.build.BuildingBlueprint:addBuildingBlueprint:641]: 当前建筑所需方块：540
[17:39:55] [Client thread/INFO]: [com.trhsy.sim.npc.build.BuildingBlueprint:addBuildingBlueprint:387]: 当前建筑：阿蒙纳之家酒店v1
[17:39:55] [Client thread/INFO]: [com.trhsy.sim.npc.build.BuildingBlueprint:addBuildingBlueprint:641]: 当前建筑所需方块：324
[17:39:55] [Client thread/INFO]: [com.trhsy.sim.npc.build.BuildingBlueprint:addBuildingBlueprint:387]: 当前建筑：阿蒙纳之家酒店v2
[17:39:55] [Client thread/INFO]: [com.trhsy.sim.npc.build.BuildingBlueprint:addBuildingBlueprint:641]: 当前建筑所需方块：528
[17:39:55] [Client thread/INFO]: [com.trhsy.sim.npc.build.BuildingBlueprint:addBuildingBlueprint:387]: 当前建筑：隐士之家
[17:39:55] [Client thread/INFO]: [com.trhsy.sim.npc.build.BuildingBlueprint:addBuildingBlueprint:641]: 当前建筑所需方块：216
[17:39:55] [Client thread/INFO]: [com.trhsy.sim.npc.build.BuildingBlueprint:addBuildingBlueprint:387]: 当前建筑：鹅卵石小屋
[17:39:55] [Client thread/INFO]: [com.trhsy.sim.npc.build.BuildingBlueprint:addBuildingBlueprint:641]: 当前建筑所需方块：120
[17:39:55] [Client thread/INFO]: [com.trhsy.sim.npc.build.BuildingBlueprint:addBuildingBlueprint:387]: 当前建筑：鹅卵石屋
[17:39:55] [Client thread/INFO]: [com.trhsy.sim.npc.build.BuildingBlueprint:addBuildingBlueprint:641]: 当前建筑所需方块：140
[17:39:55] [Client thread/INFO]: [com.trhsy.sim.npc.build.BuildingBlueprint:addBuildingBlueprint:387]: 当前建筑：鹅卵石隔间
[17:39:55] [Client thread/INFO]: [com.trhsy.sim.npc.build.BuildingBlueprint:addBuildingBlueprint:641]: 当前建筑所需方块：125
[17:39:55] [Client thread/INFO]: [com.trhsy.sim.npc.build.BuildingBlueprint:addBuildingBlueprint:387]: 当前建筑：黑白摩天大楼
[17:39:55] [Client thread/INFO]: [com.trhsy.sim.npc.build.BuildingBlueprint:addBuildingBlueprint:641]: 当前建筑所需方块：21609
[17:39:55] [Client thread/INFO]: [com.trhsy.sim.npc.build.BuildingBlueprint:addBuildingBlueprint:387]: 当前建筑：乡村教堂1
[17:39:55] [Client thread/INFO]: [com.trhsy.sim.npc.build.BuildingBlueprint:addBuildingBlueprint:641]: 当前建筑所需方块：4032
[17:39:55] [Client thread/INFO]: [com.trhsy.sim.npc.build.BuildingBlueprint:addBuildingBlueprint:387]: 当前建筑：乡村教堂2
[17:39:55] [Client thread/INFO]: [com.trhsy.sim.npc.build.BuildingBlueprint:addBuildingBlueprint:641]: 当前建筑所需方块：9384
[17:39:55] [Client thread/INFO]: [com.trhsy.sim.npc.build.BuildingBlueprint:addBuildingBlueprint:387]: 当前建筑：南大教堂2
[17:39:55] [Client thread/INFO]: [com.trhsy.sim.npc.build.BuildingBlueprint:addBuildingBlueprint:641]: 当前建筑所需方块：354705
[17:39:55] [Client thread/INFO]: [com.trhsy.sim.npc.build.BuildingBlueprint:addBuildingBlueprint:387]: 当前建筑：梅斯教堂
[17:39:55] [Client thread/INFO]: [com.trhsy.sim.npc.build.BuildingBlueprint:addBuildingBlueprint:641]: 当前建筑所需方块：12348
[17:39:55] [Client thread/INFO]: Forge Mod Loader has successfully loaded 7 mods
[17:39:55] [Client thread/INFO]: Reloading ResourceManager: Default, FMLFileResourcePack:Forge Mod Loader, FMLFileResourcePack:Minecraft Forge, FMLFileResourcePack:Simulated town, FMLFileResourcePack:Just Enough Items, FMLFileResourcePack:Vein Miner, FMLFileResourcePack:Mod Support
[17:40:01] [Client thread/INFO]: SoundSystem shutting down...
[17:40:02] [Client thread/WARN]: Author: Paul Lamb, www.paulscode.com
[17:40:02] [Sound Library Loader/INFO]: Starting up SoundSystem...
[17:40:02] [Thread-10/INFO]: Initializing LWJGL OpenAL
[17:40:02] [Thread-10/INFO]: (The LWJGL binding of OpenAL.  For more information, see http://www.lwjgl.org)
[17:40:02] [Thread-10/INFO]: OpenAL initialized.
[17:40:02] [Sound Library Loader/INFO]: Sound engine started
[17:40:14] [Client thread/INFO]: Max texture size: 16384
[17:40:16] [Client thread/INFO]: Created: 1024x512 textures-atlas
[17:49:46] [Server thread/INFO]: Starting integrated minecraft server version 1.9
[17:49:46] [Server thread/INFO]: Generating keypair
[17:49:46] [Server thread/INFO]: Injecting existing block and item data into this server instance
[17:49:46] [Server thread/INFO]: Applying holder lookups
[17:49:46] [Server thread/INFO]: Holder lookups applied
[17:49:46] [Server thread/INFO]: Loading dimension 0 (11) (net.minecraft.server.integrated.IntegratedServer@3c3b1c5a)
[17:49:47] [Server thread/INFO]: Loading dimension 1 (11) (net.minecraft.server.integrated.IntegratedServer@3c3b1c5a)
[17:49:47] [Server thread/INFO]: 检查是否应该加载人员
[17:49:47] [Server thread/INFO]: 清除旧的世界数据
[17:49:47] [Server thread/INFO]: 加载世界...
[17:49:47] [Server thread/INFO]: 加载农场
[17:49:47] [Server thread/INFO]: 加载矿场
[17:49:47] [Server thread/INFO]: 获得保存的NPC
[17:49:47] [Server thread/INFO]: loadFolk 开始重生实体
[17:49:47] [Server thread/INFO]: female2.png
[17:49:47] [Server thread/INFO]: loadFolk 开始重生实体
[17:49:47] [Server thread/INFO]: female49.png
[17:49:47] [Server thread/ERROR]: createConBox出错了：null行数：760
[17:49:47] [Server thread/INFO]: loadFolk 开始重生实体
[17:49:47] [Server thread/INFO]: female2.png
[17:49:47] [Server thread/INFO]: loadFolk 开始重生实体
[17:49:47] [Server thread/INFO]: female4.png
[17:49:47] [Server thread/INFO]: loadFolk 开始重生实体
[17:49:47] [Server thread/INFO]: male33.png
[17:49:47] [Server thread/INFO]: loadFolk 开始重生实体
[17:49:47] [Server thread/INFO]: female41.png
[17:49:47] [Server thread/INFO]: loadFolk 开始重生实体
[17:49:47] [Server thread/INFO]: male3.png
[17:49:47] [Server thread/INFO]: loadFolk 开始重生实体
[17:49:47] [Server thread/INFO]: female40.png
[17:49:47] [Server thread/INFO]: loadFolk 开始重生实体
[17:49:47] [Server thread/INFO]: male15.png
[17:49:47] [Server thread/INFO]: loadFolk 开始重生实体
[17:49:47] [Server thread/INFO]: female1.png
[17:49:47] [Server thread/INFO]: loadFolk 开始重生实体
[17:49:47] [Server thread/INFO]: female51.png
[17:49:47] [Server thread/INFO]: loadFolk 开始重生实体
[17:49:47] [Server thread/INFO]: female23.png
[17:49:47] [Server thread/INFO]: loadFolk 开始重生实体
[17:49:47] [Server thread/INFO]: male54.png
[17:49:47] [Server thread/INFO]: loadFolk 开始重生实体
[17:49:47] [Server thread/INFO]: male30.png
[17:49:47] [Server thread/ERROR]: loadFolk出错了：String index out of range: 1行数：1963
[17:49:47] [Server thread/ERROR]: 获得保存的NPC出错了：null行数：234
[17:49:47] [Server thread/INFO]: 加载建筑物
[17:49:47] [Server thread/INFO]: 加载快递点
[17:49:47] [Server thread/INFO]: Loading dimension -1 (11) (net.minecraft.server.integrated.IntegratedServer@3c3b1c5a)
[17:49:47] [Server thread/INFO]: 检查是否应该加载人员
[17:49:47] [Server thread/INFO]: 世界尚未加载，正在取消
[17:49:47] [Server thread/INFO]: 检查是否应该加载人员
[17:49:47] [Server thread/INFO]: 世界尚未加载，正在取消
[17:49:47] [Server thread/INFO]: Preparing start region for level 0
[17:49:47] [Server thread/WARN]: Keeping entity sim.EntityFolk that already exists with UUID 160b9afb-1f16-4bf6-a404-4ddc784ba5de
[17:49:47] [Server thread/WARN]: Keeping entity sim.EntityFolk that already exists with UUID 160b9afb-1f16-4bf6-a404-4ddc784ba5de
[17:49:47] [Server thread/WARN]: Keeping entity sim.EntityFolk that already exists with UUID 160b9afb-1f16-4bf6-a404-4ddc784ba5de
[17:49:47] [Server thread/WARN]: Keeping entity sim.EntityFolk that already exists with UUID 160b9afb-1f16-4bf6-a404-4ddc784ba5de
[17:49:47] [Server thread/WARN]: Keeping entity sim.EntityFolk that already exists with UUID 51daa965-41df-434c-9bba-1af697fefcf5
[17:49:47] [Server thread/WARN]: Keeping entity sim.EntityFolk that already exists with UUID 51daa965-41df-434c-9bba-1af697fefcf5
[17:49:47] [Server thread/WARN]: Keeping entity sim.EntityFolk that already exists with UUID 160b9afb-1f16-4bf6-a404-4ddc784ba5de
[17:49:47] [Server thread/WARN]: Keeping entity sim.EntityFolk that already exists with UUID 51daa965-41df-434c-9bba-1af697fefcf5
[17:49:47] [Server thread/WARN]: Keeping entity sim.EntityFolk that already exists with UUID 160b9afb-1f16-4bf6-a404-4ddc784ba5de
[17:49:47] [Server thread/WARN]: Keeping entity sim.EntityFolk that already exists with UUID 51daa965-41df-434c-9bba-1af697fefcf5
[17:49:47] [Server thread/WARN]: Keeping entity sim.EntityFolk that already exists with UUID 4b5c803a-388c-4989-a5b2-33aa6ebd27ba
[17:49:47] [Server thread/WARN]: Keeping entity sim.EntityFolk that already exists with UUID 4b5c803a-388c-4989-a5b2-33aa6ebd27ba
[17:49:47] [Server thread/WARN]: Keeping entity sim.EntityFolk that already exists with UUID 4b5c803a-388c-4989-a5b2-33aa6ebd27ba
[17:49:47] [Server thread/WARN]: Keeping entity sim.EntityFolk that already exists with UUID 4b5c803a-388c-4989-a5b2-33aa6ebd27ba
[17:49:47] [Server thread/WARN]: Keeping entity sim.EntityFolk that already exists with UUID 4b5c803a-388c-4989-a5b2-33aa6ebd27ba
[17:49:47] [Server thread/WARN]: Keeping entity sim.EntityFolk that already exists with UUID 51daa965-41df-434c-9bba-1af697fefcf5
[17:49:47] [Server thread/WARN]: Keeping entity sim.EntityFolk that already exists with UUID 9ec97c5d-fa9d-4ca3-a831-c5eb6158ebbf
[17:49:47] [Server thread/WARN]: Keeping entity sim.EntityFolk that already exists with UUID 9ec97c5d-fa9d-4ca3-a831-c5eb6158ebbf
[17:49:47] [Server thread/WARN]: Keeping entity sim.EntityFolk that already exists with UUID db2f54d1-6b6f-47ca-9f9a-6b25166d7905
[17:49:47] [Server thread/WARN]: Keeping entity sim.EntityFolk that already exists with UUID 7af7c39b-f015-4c3e-896b-b9d1e6252fea
[17:49:47] [Server thread/WARN]: Keeping entity sim.EntityFolk that already exists with UUID db2f54d1-6b6f-47ca-9f9a-6b25166d7905
[17:49:47] [Server thread/WARN]: Keeping entity sim.EntityFolk that already exists with UUID db2f54d1-6b6f-47ca-9f9a-6b25166d7905
[17:49:47] [Server thread/WARN]: Keeping entity sim.EntityFolk that already exists with UUID 7af7c39b-f015-4c3e-896b-b9d1e6252fea
[17:49:47] [Server thread/WARN]: Keeping entity sim.EntityFolk that already exists with UUID 7af7c39b-f015-4c3e-896b-b9d1e6252fea
[17:49:47] [Server thread/WARN]: Keeping entity sim.EntityFolk that already exists with UUID 2591f08f-8044-4aea-9abc-87270340e152
[17:49:48] [Server thread/WARN]: Keeping entity sim.EntityFolk that already exists with UUID 51daa965-41df-434c-9bba-1af697fefcf5
[17:49:48] [Server thread/WARN]: Keeping entity sim.EntityFolk that already exists with UUID 2786540e-6c12-4a0a-b15a-7a81a7928b84
[17:49:48] [Server thread/WARN]: Keeping entity sim.EntityFolk that already exists with UUID 2786540e-6c12-4a0a-b15a-7a81a7928b84
[17:49:48] [Server thread/WARN]: Keeping entity sim.EntityFolk that already exists with UUID 9ec97c5d-fa9d-4ca3-a831-c5eb6158ebbf
[17:49:48] [Server thread/WARN]: Keeping entity sim.EntityFolk that already exists with UUID 2786540e-6c12-4a0a-b15a-7a81a7928b84
[17:49:48] [Server thread/WARN]: Keeping entity sim.EntityFolk that already exists with UUID 7af7c39b-f015-4c3e-896b-b9d1e6252fea
[17:49:48] [Server thread/WARN]: Keeping entity sim.EntityFolk that already exists with UUID 54034938-c181-4bf8-a7d3-2bd3d5cfd321
[17:49:48] [Server thread/WARN]: Keeping entity sim.EntityFolk that already exists with UUID 9560e211-69d0-46a5-80c0-8cc04a002d93
[17:49:48] [Server thread/WARN]: Keeping entity sim.EntityFolk that already exists with UUID 9560e211-69d0-46a5-80c0-8cc04a002d93
[17:49:48] [Server thread/WARN]: Keeping entity sim.EntityFolk that already exists with UUID 7f8e55ab-fd28-4b5c-acd4-f4f34883f5e6
[17:49:48] [Server thread/WARN]: Keeping entity sim.EntityFolk that already exists with UUID 209f48fa-c1f8-4291-ae1d-471f62ebbc99
[17:49:48] [Server thread/WARN]: Keeping entity sim.EntityFolk that already exists with UUID 273999c5-8fa5-4d5a-82ef-fc94b86f53de
[17:49:48] [Server thread/WARN]: Keeping entity sim.EntityFolk that already exists with UUID 273999c5-8fa5-4d5a-82ef-fc94b86f53de
[17:49:48] [Server thread/WARN]: Keeping entity sim.EntityFolk that already exists with UUID 7f8e55ab-fd28-4b5c-acd4-f4f34883f5e6
[17:49:48] [Server thread/WARN]: Keeping entity sim.EntityFolk that already exists with UUID 2786540e-6c12-4a0a-b15a-7a81a7928b84
[17:49:48] [Server thread/WARN]: Keeping entity sim.EntityFolk that already exists with UUID 3dd6ca49-0cf0-45f6-9e41-a92280b8a0cf
[17:49:48] [Server thread/WARN]: Keeping entity sim.EntityFolk that already exists with UUID 9560e211-69d0-46a5-80c0-8cc04a002d93
[17:49:48] [Server thread/WARN]: Keeping entity sim.EntityFolk that already exists with UUID 160b9afb-1f16-4bf6-a404-4ddc784ba5de
[17:49:48] [Server thread/WARN]: Keeping entity sim.EntityFolk that already exists with UUID 4fcc6f2f-fa7f-4864-8af2-9280685b5ac0
[17:49:48] [Server thread/WARN]: Keeping entity sim.EntityFolk that already exists with UUID 5e12619b-2571-4164-bc0b-cfe643d45dd9
[17:49:48] [Server thread/WARN]: Keeping entity sim.EntityFolk that already exists with UUID 2591f08f-8044-4aea-9abc-87270340e152
[17:49:48] [Server thread/INFO]: Changing view distance to 12, from 10
[17:49:49] [Netty Local Client IO #0/INFO]: Server protocol version 2
[17:49:49] [Netty Server IO #1/INFO]: Client protocol version 2
[17:49:49] [Netty Server IO #1/INFO]: Client attempting to join with 7 mods : VeinMinerModSupport@0.38.2_1.9-127e28f,FML@8.0.99.99,sim@1.9-1.0.6 Beta,Forge@12.16.1.1934,mcp@9.19,VeinMiner@0.38.2_1.9-127e28f,JEI@3.4.3.207
[17:49:49] [Netty Local Client IO #0/INFO]: [Netty Local Client IO #0] Client side modded connection established
[17:49:49] [Server thread/INFO]: [Server thread] Server side modded connection established
[17:49:49] [Server thread/INFO]: Player229[local:E:cc97ed6a] logged in with entity id 140 at (-307.92531141884615, 4.0, -1062.5498698827707)
[17:49:49] [Server thread/INFO]: Player229 加入了游戏
[17:49:49] [Server thread/INFO]: 【Player229】欢迎来到模拟城市1.9-1.0.6 Beta由TRHSY重制,官网：trhsy.github.io
[17:49:49] [Client thread/INFO]: 检查是否应该加载人员
[17:49:49] [Client thread/INFO]: 世界遥远，正在取消
[17:49:49] [Thread-13/INFO]: *********************玩家加入*****************
[17:49:49] [Server thread/WARN]: Keeping entity sim.EntityFolk that already exists with UUID 4b5c803a-388c-4989-a5b2-33aa6ebd27ba
[17:49:49] [Server thread/WARN]: Keeping entity sim.EntityFolk that already exists with UUID 51daa965-41df-434c-9bba-1af697fefcf5
[17:49:49] [Server thread/WARN]: Keeping entity sim.EntityFolk that already exists with UUID 4b5c803a-388c-4989-a5b2-33aa6ebd27ba
[17:49:49] [Server thread/WARN]: Keeping entity sim.EntityFolk that already exists with UUID 51daa965-41df-434c-9bba-1af697fefcf5
[17:49:50] [Server thread/INFO]: Saving and pausing game...
[17:49:50] [Server thread/INFO]: Saving chunks for level '11'/Overworld
[17:49:50] [Server thread/INFO]: 游戏状态: saveStates() called BOTH sides, 金额存储为 1133.9281
[17:49:50] [Server thread/INFO]: Saving chunks for level '11'/Nether
[17:49:50] [Server thread/INFO]: 游戏状态: saveStates() called BOTH sides, 金额存储为 1133.9281
[17:49:50] [Server thread/INFO]: Saving chunks for level '11'/The End
[17:49:50] [Server thread/INFO]: 游戏状态: saveStates() called BOTH sides, 金额存储为 1133.9281
[17:49:50] [Client thread/INFO]: Registered plugin: mezz.jei.plugins.vanilla.VanillaPlugin
[17:49:50] [Client thread/INFO]: Registered plugin: mezz.jei.plugins.jei.JEIInternalPlugin
[17:49:52] [Client thread/INFO]: [CHAT] 【Player229】欢迎来到模拟城市1.9-1.0.6 Beta由TRHSY重制,官网：trhsy.github.io
[17:49:52] [Client thread/INFO]: [CHAT] VeinMiner 正使用热键模式, 详情请查看配置项
[17:49:52] [Client thread/INFO]: Received mode change 1
[17:49:52] [Client thread/INFO]: [CHAT] 已设置客户端 Veinminer 的热键为按下时启用
[17:49:52] [Server thread/INFO]: Saving and pausing game...
[17:49:52] [Server thread/INFO]: Saving chunks for level '11'/Overworld
[17:49:52] [Server thread/INFO]: 游戏状态: saveStates() called BOTH sides, 金额存储为 1133.9281
[17:49:52] [Server thread/INFO]: Saving chunks for level '11'/Nether
[17:49:52] [Server thread/INFO]: 游戏状态: saveStates() called BOTH sides, 金额存储为 1133.9281
[17:49:52] [Server thread/INFO]: Saving chunks for level '11'/The End
[17:49:52] [Server thread/INFO]: 游戏状态: saveStates() called BOTH sides, 金额存储为 1133.9281
[17:49:55] [Server thread/INFO]: onSecond 重生
[17:49:55] [Server thread/INFO]: ********************Npc:209f48fa-c1f8-4291-ae1d-471f62ebbc99重生于x:-317.0,y:3.0,z:-1054.0
[17:49:55] [Server thread/WARN]: Keeping entity sim.EntityFolk that already exists with UUID 209f48fa-c1f8-4291-ae1d-471f62ebbc99
[17:49:55] [Server thread/INFO]: onSecond 重生
[17:49:55] [Server thread/INFO]: ********************Npc:273999c5-8fa5-4d5a-82ef-fc94b86f53de重生于x:-291.0,y:3.0,z:-1095.0
[17:49:55] [Server thread/WARN]: Keeping entity sim.EntityFolk that already exists with UUID 273999c5-8fa5-4d5a-82ef-fc94b86f53de
[17:49:55] [Server thread/INFO]: onSecond 重生
[17:49:55] [Server thread/INFO]: ********************Npc:3dd6ca49-0cf0-45f6-9e41-a92280b8a0cf重生于x:-276.0,y:3.0,z:-1049.0
[17:49:55] [Server thread/WARN]: Keeping entity sim.EntityFolk that already exists with UUID 3dd6ca49-0cf0-45f6-9e41-a92280b8a0cf
[17:49:55] [Server thread/INFO]: onSecond 重生
[17:49:55] [Server thread/INFO]: ********************Npc:4fcc6f2f-fa7f-4864-8af2-9280685b5ac0重生于x:-341.0,y:3.0,z:-1058.0
[17:49:55] [Server thread/WARN]: Keeping entity sim.EntityFolk that already exists with UUID 4fcc6f2f-fa7f-4864-8af2-9280685b5ac0
[17:49:55] [Server thread/INFO]: onSecond 重生
[17:49:55] [Server thread/INFO]: ********************Npc:5e12619b-2571-4164-bc0b-cfe643d45dd9重生于x:-284.0,y:3.0,z:-1088.0
[17:49:55] [Server thread/WARN]: Keeping entity sim.EntityFolk that already exists with UUID 5e12619b-2571-4164-bc0b-cfe643d45dd9
[17:49:55] [Server thread/INFO]: onSecond 重生
[17:49:55] [Server thread/INFO]: ********************Npc:7af7c39b-f015-4c3e-896b-b9d1e6252fea重生于x:-342.0,y:4.0,z:-1070.0
[17:49:55] [Server thread/WARN]: Keeping entity sim.EntityFolk that already exists with UUID 7af7c39b-f015-4c3e-896b-b9d1e6252fea
[17:49:55] [Server thread/INFO]: onSecond 重生
[17:49:55] [Server thread/INFO]: ********************Npc:9560e211-69d0-46a5-80c0-8cc04a002d93重生于x:-329.0,y:4.0,z:-1056.0
[17:49:55] [Server thread/WARN]: Keeping entity sim.EntityFolk that already exists with UUID 9560e211-69d0-46a5-80c0-8cc04a002d93
[17:49:55] [Server thread/INFO]: 农民运行 completeTask() 任务完成在 200 ms
[17:49:55] [Server thread/INFO]: 当前任务索引为 0
[17:49:55] [Server thread/INFO]: 将任务[农民]更改为 com.trhsy.sim.npc.task.JobTaskFarmer@304c8210(01)
[17:49:55] [Server thread/INFO]: 当前任务索引为 1
[17:49:55] [Server thread/INFO]: 将任务[农民]更改为 com.trhsy.sim.npc.task.JobTaskFarmerPlant@7ef4b4b8(11)
[17:49:55] [Server thread/INFO]: 面包师运行 completeTask() 任务完成在 200 ms
[17:49:55] [Server thread/INFO]: 当前任务索引为 0
[17:49:55] [Server thread/INFO]: 将任务[面包师]更改为 com.trhsy.sim.npc.task.JobTaskIdle@6435287a(01)
[17:49:56] [Server thread/INFO]: 面包师运行 completeTask() 任务完成在 200 ms
[17:49:56] [Server thread/INFO]: 当前任务索引为 1
[17:49:56] [Server thread/INFO]: 将任务[面包师]更改为 com.trhsy.sim.npc.task.JobTaskCollectItems@9f4dcb2(11)
[17:49:56] [Server thread/INFO]: [com.trhsy.sim.npc.task.JobTaskCollectItems:lambda$addDestination$0:158]: 最近的农场：小麦
[17:50:03] [Server thread/INFO]: 开始收集
[17:50:03] [Server thread/INFO]: 从所有目的地收集
[17:50:03] [Server thread/INFO]: 当前任务索引为 2
[17:50:03] [Server thread/INFO]: 将任务[面包师]更改为 com.trhsy.sim.npc.task.JobTaskUnloadItems@694a7355(21)
[17:50:10] [Server thread/WARN]: Keeping entity sim.EntityFolk that already exists with UUID 51daa965-41df-434c-9bba-1af697fefcf5
[17:50:10] [Server thread/WARN]: Keeping entity sim.EntityFolk that already exists with UUID 4b5c803a-388c-4989-a5b2-33aa6ebd27ba
[17:50:10] [Server thread/WARN]: Keeping entity sim.EntityFolk that already exists with UUID 860a3d14-c4ad-4d78-8bf3-5acc09039c6c
[17:50:15] [Server thread/INFO]: 当前任务索引为 3
[17:50:15] [Server thread/INFO]: 将任务[面包师]更改为 com.trhsy.sim.npc.task.JobTaskShopkeep@4ec1069a(31)
[17:50:15] [Server thread/INFO]: 没有剩余任务
[17:50:15] [Server thread/INFO]: 面包师运行 completeTask() 任务完成在 200 ms
[17:50:15] [Server thread/INFO]: 当前任务索引为 0
[17:50:15] [Server thread/INFO]: 将任务[面包师]更改为 com.trhsy.sim.npc.task.JobTaskIdle@2c003ac1(01)
[17:50:15] [Server thread/INFO]: 面包师运行 completeTask() 任务完成在 200 ms
[17:50:15] [Server thread/INFO]: 当前任务索引为 1
[17:50:15] [Server thread/INFO]: 将任务[面包师]更改为 com.trhsy.sim.npc.task.JobTaskCollectItems@76b1a376(11)
[17:50:15] [Server thread/INFO]: [com.trhsy.sim.npc.task.JobTaskCollectItems:lambda$addDestination$0:158]: 最近的农场：小麦
[17:50:25] [Server thread/INFO]: 开始收集
[17:50:25] [Server thread/INFO]: 从所有目的地收集
[17:50:25] [Server thread/INFO]: 当前任务索引为 2
[17:50:25] [Server thread/INFO]: 将任务[面包师]更改为 com.trhsy.sim.npc.task.JobTaskUnloadItems@7dfe833e(21)
[17:50:38] [Server thread/INFO]: 游戏状态: saveStates() called BOTH sides, 金额存储为 1126.859
[17:50:38] [Server thread/INFO]: 游戏状态: saveStates() called BOTH sides, 金额存储为 1126.859
[17:50:38] [Server thread/INFO]: 游戏状态: saveStates() called BOTH sides, 金额存储为 1126.859
[17:50:52] [Server thread/INFO]: onSecond 重生
[17:50:52] [Server thread/INFO]: ********************Npc:9f058ecd-55a9-45b7-9ac2-7ff60bf294d7重生于x:-433.0,y:4.0,z:-1049.0
[17:50:52] [Server thread/WARN]: Keeping entity sim.EntityFolk that already exists with UUID 9f058ecd-55a9-45b7-9ac2-7ff60bf294d7
[17:50:55] [Server thread/INFO]: 面包师运行 completeTask() 任务完成在 30000 ms
[17:50:55] [Server thread/INFO]: 当前任务索引为 3
[17:50:55] [Server thread/INFO]: 将任务[面包师]更改为 com.trhsy.sim.npc.task.JobTaskProduceItem@15bd5e96(31)
[17:51:04] [Server thread/WARN]: Keeping entity Villager that already exists with UUID 61d0730e-30ba-4446-987b-4d4b525901ba
[17:51:16] [Server thread/INFO]: 制作 26 item.bread
[17:51:16] [Server thread/INFO]: 当前任务索引为 4
[17:51:16] [Server thread/INFO]: 将任务[面包师]更改为 com.trhsy.sim.npc.task.JobTaskShopkeep@3e2a2273(41)
[17:51:16] [Server thread/INFO]: 没有剩余任务
[17:51:16] [Server thread/INFO]: 面包师运行 completeTask() 任务完成在 200 ms
[17:51:16] [Server thread/INFO]: 当前任务索引为 0
[17:51:16] [Server thread/INFO]: 将任务[面包师]更改为 com.trhsy.sim.npc.task.JobTaskIdle@4bcc7a9b(01)
[17:51:16] [Server thread/INFO]: 面包师运行 completeTask() 任务完成在 200 ms
[17:51:16] [Server thread/INFO]: 当前任务索引为 1
[17:51:16] [Server thread/INFO]: 将任务[面包师]更改为 com.trhsy.sim.npc.task.JobTaskCollectItems@14b01b3e(11)
[17:51:16] [Server thread/INFO]: [com.trhsy.sim.npc.task.JobTaskCollectItems:lambda$addDestination$0:158]: 最近的农场：小麦
[17:51:23] [Server thread/INFO]: 游戏状态: saveStates() called BOTH sides, 金额存储为 1121.569
[17:51:23] [Server thread/INFO]: 游戏状态: saveStates() called BOTH sides, 金额存储为 1121.569
[17:51:23] [Server thread/INFO]: 游戏状态: saveStates() called BOTH sides, 金额存储为 1121.569
[17:51:29] [Server thread/INFO]: 建筑方向为 2
[17:51:35] [Server thread/INFO]: 开始收集
[17:51:35] [Server thread/INFO]: 从所有目的地收集
[17:51:35] [Server thread/INFO]: 当前任务索引为 2
[17:51:35] [Server thread/INFO]: 将任务[面包师]更改为 com.trhsy.sim.npc.task.JobTaskUnloadItems@4d19ad07(21)
[17:51:38] [Server thread/INFO]: 找到建筑描述 用路径箱标记后NPC会将标记点物品取回 在 仓库
[17:51:38] [Server thread/INFO]: 找到工作类型 快递员 在 仓库
[17:51:47] [Server thread/INFO]: 当前任务索引为 3
[17:51:47] [Server thread/INFO]: 将任务[面包师]更改为 com.trhsy.sim.npc.task.JobTaskProduceItem@27848c8f(31)
[17:51:51] [Server thread/INFO]: 祖 清思谁在建造(仓库) 需要更多石砖
[17:51:51] [Client thread/INFO]: [CHAT] 祖 清思谁在建造(仓库) 需要更多石砖
[17:51:57] [Server thread/INFO]: 制作 21 item.bread
[17:51:57] [Server thread/INFO]: 当前任务索引为 4
[17:51:57] [Server thread/INFO]: 将任务[面包师]更改为 com.trhsy.sim.npc.task.JobTaskShopkeep@6309ba29(41)
[17:51:57] [Server thread/INFO]: 没有剩余任务
[17:51:58] [Server thread/INFO]: 面包师运行 completeTask() 任务完成在 200 ms
[17:51:58] [Server thread/INFO]: 当前任务索引为 0
[17:51:58] [Server thread/INFO]: 将任务[面包师]更改为 com.trhsy.sim.npc.task.JobTaskIdle@3cb2462d(01)
[17:51:58] [Server thread/INFO]: 面包师运行 completeTask() 任务完成在 200 ms
[17:51:58] [Server thread/INFO]: 当前任务索引为 1
[17:51:58] [Server thread/INFO]: 将任务[面包师]更改为 com.trhsy.sim.npc.task.JobTaskCollectItems@73ee74e5(11)
[17:51:58] [Server thread/INFO]: [com.trhsy.sim.npc.task.JobTaskCollectItems:lambda$addDestination$0:158]: 最近的农场：小麦
[17:52:05] [Server thread/INFO]: 开始收集
[17:52:05] [Server thread/INFO]: 从所有目的地收集
[17:52:05] [Server thread/INFO]: 当前任务索引为 2
[17:52:05] [Server thread/INFO]: 将任务[面包师]更改为 com.trhsy.sim.npc.task.JobTaskUnloadItems@4e24c704(21)
[17:52:08] [Server thread/INFO]: 游戏状态: saveStates() called BOTH sides, 金额存储为 1112.1686
[17:52:08] [Server thread/INFO]: 游戏状态: saveStates() called BOTH sides, 金额存储为 1112.1686
[17:52:08] [Server thread/INFO]: 游戏状态: saveStates() called BOTH sides, 金额存储为 1112.1686
[17:52:32] [Client thread/INFO]: 初始化GUI
[17:52:32] [Server thread/INFO]: Saving and pausing game...
[17:52:32] [Server thread/INFO]: Saving chunks for level '11'/Overworld
[17:52:32] [Server thread/INFO]: 游戏状态: saveStates() called BOTH sides, 金额存储为 1112.0485
[17:52:32] [Server thread/INFO]: Saving chunks for level '11'/Nether
[17:52:32] [Server thread/INFO]: 游戏状态: saveStates() called BOTH sides, 金额存储为 1112.0485
[17:52:32] [Server thread/INFO]: Saving chunks for level '11'/The End
[17:52:32] [Server thread/INFO]: 游戏状态: saveStates() called BOTH sides, 金额存储为 1112.0485
[17:52:33] [Client thread/INFO]: 接受任命书
[17:52:33] [Client thread/INFO]: 初始化GUI
[17:52:34] [Client thread/INFO]: 在创造模式下重新加载模拟城市
[17:52:35] [Server thread/INFO]: 面包师运行 completeTask() 任务完成在 30000 ms
[17:52:35] [Server thread/INFO]: 当前任务索引为 3
[17:52:35] [Server thread/INFO]: 将任务[面包师]更改为 com.trhsy.sim.npc.task.JobTaskProduceItem@1f33b971(31)
[17:52:43] [Server thread/WARN]: Keeping entity sim.EntityFolk that already exists with UUID 860a3d14-c4ad-4d78-8bf3-5acc09039c6c
[17:52:43] [Server thread/WARN]: Can't keep up! Did the system time change, or is the server overloaded? Running 7592ms behind, skipping 151 tick(s)
[17:52:47] [Server thread/INFO]: 制作 26 item.bread
[17:52:47] [Server thread/INFO]: 当前任务索引为 4
[17:52:47] [Server thread/INFO]: 将任务[面包师]更改为 com.trhsy.sim.npc.task.JobTaskShopkeep@7c785132(41)
[17:52:48] [Server thread/INFO]: 没有剩余任务
[17:52:50] [Server thread/INFO]: 面包师运行 completeTask() 任务完成在 200 ms
[17:52:50] [Server thread/INFO]: 当前任务索引为 0
[17:52:50] [Server thread/INFO]: 将任务[面包师]更改为 com.trhsy.sim.npc.task.JobTaskIdle@2bea01c4(01)
[17:52:51] [Server thread/INFO]: 面包师运行 completeTask() 任务完成在 200 ms
[17:52:51] [Server thread/INFO]: 当前任务索引为 1
[17:52:51] [Server thread/INFO]: 将任务[面包师]更改为 com.trhsy.sim.npc.task.JobTaskCollectItems@49bfdc0f(11)
[17:52:51] [Server thread/INFO]: [com.trhsy.sim.npc.task.JobTaskCollectItems:lambda$addDestination$0:158]: 最近的农场：小麦
[17:52:52] [Server thread/INFO]: ================================================================
[17:52:52] [Server thread/INFO]: 2 : 2
[17:52:52] [Server thread/INFO]: 得到方块tile.torch面向
[17:52:52] [Server thread/INFO]: 块当前面向up
[17:52:53] [Server thread/INFO]: ================================================================
[17:52:53] [Server thread/INFO]: 2 : 2
[17:52:53] [Server thread/INFO]: 得到方块tile.torch面向
[17:52:53] [Server thread/INFO]: 块当前面向up
[17:53:00] [Server thread/INFO]: 游戏状态: saveStates() called BOTH sides, 金额存储为 1112.0485
[17:53:00] [Server thread/INFO]: 游戏状态: saveStates() called BOTH sides, 金额存储为 1112.0485
[17:53:00] [Server thread/INFO]: 游戏状态: saveStates() called BOTH sides, 金额存储为 1112.0485
[17:53:04] [Server thread/INFO]: 开始收集
[17:53:04] [Server thread/INFO]: 从所有目的地收集
[17:53:04] [Server thread/INFO]: 当前任务索引为 2
[17:53:04] [Server thread/INFO]: 将任务[面包师]更改为 com.trhsy.sim.npc.task.JobTaskUnloadItems@61ee9af6(21)
[17:53:06] [Server thread/WARN]: Can't keep up! Did the system time change, or is the server overloaded? Running 2108ms behind, skipping 42 tick(s)
[17:53:07] [Server thread/INFO]: ================================================================
[17:53:07] [Server thread/INFO]: 2 : 2
[17:53:07] [Server thread/INFO]: 得到方块tile.chest面向
[17:53:07] [Server thread/INFO]: 块当前面向north
[17:53:07] [Server thread/INFO]: 方块应该面向 north (无旋转)
[17:53:08] [Server thread/INFO]: ================================================================
[17:53:08] [Server thread/INFO]: 2 : 2
[17:53:08] [Server thread/INFO]: 得到方块tile.chest面向
[17:53:08] [Server thread/INFO]: 块当前面向north
[17:53:08] [Server thread/INFO]: 方块应该面向 north (无旋转)
[17:53:09] [Server thread/INFO]: ================================================================
[17:53:09] [Server thread/INFO]: 2 : 2
[17:53:09] [Server thread/INFO]: 得到方块tile.chest面向
[17:53:09] [Server thread/INFO]: 块当前面向north
[17:53:09] [Server thread/INFO]: 方块应该面向 north (无旋转)
[17:53:09] [Server thread/INFO]: ================================================================
[17:53:09] [Server thread/INFO]: 2 : 2
[17:53:09] [Server thread/INFO]: 得到方块tile.chest面向
[17:53:09] [Server thread/INFO]: 块当前面向north
[17:53:09] [Server thread/INFO]: 方块应该面向 north (无旋转)
[17:53:11] [Server thread/WARN]: Keeping entity sim.EntityFolk that already exists with UUID 160b9afb-1f16-4bf6-a404-4ddc784ba5de
[17:53:11] [Server thread/WARN]: Keeping entity sim.EntityFolk that already exists with UUID 160b9afb-1f16-4bf6-a404-4ddc784ba5de
[17:53:11] [Server thread/WARN]: Keeping entity sim.EntityFolk that already exists with UUID 160b9afb-1f16-4bf6-a404-4ddc784ba5de
[17:53:11] [Server thread/WARN]: Keeping entity sim.EntityFolk that already exists with UUID 160b9afb-1f16-4bf6-a404-4ddc784ba5de
[17:53:11] [Server thread/WARN]: Keeping entity sim.EntityFolk that already exists with UUID 51daa965-41df-434c-9bba-1af697fefcf5
[17:53:11] [Server thread/WARN]: Keeping entity sim.EntityFolk that already exists with UUID 160b9afb-1f16-4bf6-a404-4ddc784ba5de
[17:53:11] [Server thread/WARN]: Keeping entity sim.EntityFolk that already exists with UUID 51daa965-41df-434c-9bba-1af697fefcf5
[17:53:11] [Server thread/WARN]: Keeping entity sim.EntityFolk that already exists with UUID 160b9afb-1f16-4bf6-a404-4ddc784ba5de
[17:53:11] [Server thread/WARN]: Keeping entity sim.EntityFolk that already exists with UUID 51daa965-41df-434c-9bba-1af697fefcf5
[17:53:13] [Server thread/WARN]: Keeping entity sim.EntityFolk that already exists with UUID 51daa965-41df-434c-9bba-1af697fefcf5
[17:53:13] [Server thread/WARN]: Keeping entity sim.EntityFolk that already exists with UUID 4b5c803a-388c-4989-a5b2-33aa6ebd27ba
[17:53:13] [Server thread/WARN]: Keeping entity sim.EntityFolk that already exists with UUID 51daa965-41df-434c-9bba-1af697fefcf5
[17:53:13] [Server thread/WARN]: Keeping entity sim.EntityFolk that already exists with UUID 51daa965-41df-434c-9bba-1af697fefcf5
[17:53:20] [Server thread/INFO]: Saving and pausing game...
[17:53:20] [Server thread/INFO]: Saving chunks for level '11'/Overworld
[17:53:20] [Server thread/INFO]: 游戏状态: saveStates() called BOTH sides, 金额存储为 1112.0485
[17:53:20] [Server thread/INFO]: Saving chunks for level '11'/Nether
[17:53:20] [Server thread/INFO]: 游戏状态: saveStates() called BOTH sides, 金额存储为 1112.0485
[17:53:20] [Server thread/INFO]: Saving chunks for level '11'/The End
[17:53:20] [Server thread/INFO]: 游戏状态: saveStates() called BOTH sides, 金额存储为 1112.0485
[17:53:21] [Server thread/INFO]: 当前任务索引为 3
[17:53:21] [Server thread/INFO]: 将任务[面包师]更改为 com.trhsy.sim.npc.task.JobTaskProduceItem@10cf0cc4(31)
[17:53:28] [Server thread/WARN]: Can't keep up! Did the system time change, or is the server overloaded? Running 6948ms behind, skipping 138 tick(s)
[17:53:31] [Server thread/INFO]: 制作 21 item.bread
[17:53:32] [Server thread/INFO]: 当前任务索引为 4
[17:53:32] [Server thread/INFO]: 将任务[面包师]更改为 com.trhsy.sim.npc.task.JobTaskShopkeep@4b263e2b(41)
[17:53:32] [Server thread/INFO]: 没有剩余任务
[17:53:33] [Server thread/INFO]: ================================================================
[17:53:33] [Server thread/INFO]: 2 : 2
[17:53:33] [Server thread/INFO]: 得到方块tile.chest面向
[17:53:33] [Server thread/INFO]: 块当前面向west
[17:53:33] [Server thread/INFO]: 方块应该面向 west (无旋转)
[17:53:34] [Server thread/INFO]: ================================================================
[17:53:34] [Server thread/INFO]: 2 : 2
[17:53:34] [Server thread/INFO]: 得到方块tile.chest面向
[17:53:34] [Server thread/INFO]: 块当前面向east
[17:53:34] [Server thread/INFO]: 方块应该面向 east (无旋转)
[17:53:36] [Server thread/INFO]: 面包师运行 completeTask() 任务完成在 200 ms
[17:53:36] [Server thread/INFO]: 当前任务索引为 0
[17:53:36] [Server thread/INFO]: 将任务[面包师]更改为 com.trhsy.sim.npc.task.JobTaskIdle@3a374cd7(01)
[17:53:37] [Server thread/INFO]: 面包师运行 completeTask() 任务完成在 200 ms
[17:53:37] [Server thread/INFO]: 当前任务索引为 1
[17:53:37] [Server thread/INFO]: 将任务[面包师]更改为 com.trhsy.sim.npc.task.JobTaskCollectItems@510437b1(11)
[17:53:37] [Server thread/INFO]: [com.trhsy.sim.npc.task.JobTaskCollectItems:lambda$addDestination$0:158]: 最近的农场：小麦
[17:53:37] [Server thread/INFO]: ================================================================
[17:53:37] [Server thread/INFO]: 2 : 2
[17:53:37] [Server thread/INFO]: 得到方块tile.chest面向
[17:53:37] [Server thread/INFO]: 块当前面向west
[17:53:37] [Server thread/INFO]: 方块应该面向 west (无旋转)
[17:53:43] [Server thread/INFO]: ================================================================
[17:53:43] [Server thread/INFO]: 2 : 2
[17:53:43] [Server thread/INFO]: 得到方块tile.chest面向
[17:53:43] [Server thread/INFO]: 块当前面向east
[17:53:43] [Server thread/INFO]: 方块应该面向 east (无旋转)
[17:53:45] [Server thread/INFO]: ================================================================
[17:53:45] [Server thread/INFO]: 2 : 2
[17:53:45] [Server thread/INFO]: 得到方块tile.chest面向
[17:53:45] [Server thread/INFO]: 块当前面向east
[17:53:45] [Server thread/INFO]: 方块应该面向 east (无旋转)
[17:53:46] [Server thread/INFO]: ================================================================
[17:53:46] [Server thread/INFO]: 2 : 2
[17:53:46] [Server thread/INFO]: 得到方块tile.chest面向
[17:53:46] [Server thread/INFO]: 块当前面向west
[17:53:46] [Server thread/INFO]: 方块应该面向 west (无旋转)
[17:53:48] [Server thread/INFO]: ================================================================
[17:53:48] [Server thread/INFO]: 2 : 2
[17:53:48] [Server thread/INFO]: 得到方块tile.chest面向
[17:53:48] [Server thread/INFO]: 块当前面向east
[17:53:48] [Server thread/INFO]: 方块应该面向 east (无旋转)
[17:53:50] [Server thread/INFO]: 开始收集
[17:53:50] [Server thread/INFO]: 从所有目的地收集
[17:53:50] [Server thread/INFO]: ================================================================
[17:53:50] [Server thread/INFO]: 2 : 2
[17:53:50] [Server thread/INFO]: 得到方块tile.chest面向
[17:53:50] [Server thread/INFO]: 块当前面向west
[17:53:50] [Server thread/INFO]: 方块应该面向 west (无旋转)
[17:53:50] [Server thread/INFO]: 当前任务索引为 2
[17:53:50] [Server thread/INFO]: 将任务[面包师]更改为 com.trhsy.sim.npc.task.JobTaskUnloadItems@6f3e583a(21)
[17:53:52] [Server thread/WARN]: Can't keep up! Did the system time change, or is the server overloaded? Running 7576ms behind, skipping 151 tick(s)
[17:54:04] [Server thread/INFO]: 游戏状态: saveStates() called BOTH sides, 金额存储为 1112.0485
[17:54:05] [Server thread/INFO]: 游戏状态: saveStates() called BOTH sides, 金额存储为 1112.0485
[17:54:05] [Server thread/INFO]: 游戏状态: saveStates() called BOTH sides, 金额存储为 1112.0485
[17:54:08] [Server thread/INFO]: 当前任务索引为 3
[17:54:08] [Server thread/INFO]: 将任务[面包师]更改为 com.trhsy.sim.npc.task.JobTaskProduceItem@38528b11(31)
[17:54:12] [Server thread/WARN]: Keeping entity sim.EntityFolk that already exists with UUID 160b9afb-1f16-4bf6-a404-4ddc784ba5de
[17:54:12] [Server thread/WARN]: Keeping entity sim.EntityFolk that already exists with UUID 160b9afb-1f16-4bf6-a404-4ddc784ba5de
[17:54:12] [Server thread/WARN]: Keeping entity sim.EntityFolk that already exists with UUID 160b9afb-1f16-4bf6-a404-4ddc784ba5de
[17:54:12] [Server thread/WARN]: Keeping entity sim.EntityFolk that already exists with UUID 160b9afb-1f16-4bf6-a404-4ddc784ba5de
[17:54:12] [Server thread/WARN]: Keeping entity sim.EntityFolk that already exists with UUID 51daa965-41df-434c-9bba-1af697fefcf5
[17:54:12] [Server thread/WARN]: Keeping entity sim.EntityFolk that already exists with UUID 160b9afb-1f16-4bf6-a404-4ddc784ba5de
[17:54:12] [Server thread/WARN]: Keeping entity sim.EntityFolk that already exists with UUID 51daa965-41df-434c-9bba-1af697fefcf5
[17:54:12] [Server thread/WARN]: Keeping entity sim.EntityFolk that already exists with UUID 160b9afb-1f16-4bf6-a404-4ddc784ba5de
[17:54:12] [Server thread/WARN]: Keeping entity sim.EntityFolk that already exists with UUID 51daa965-41df-434c-9bba-1af697fefcf5
[17:54:12] [Server thread/WARN]: Keeping entity sim.EntityFolk that already exists with UUID 51daa965-41df-434c-9bba-1af697fefcf5
[17:54:12] [Server thread/WARN]: Keeping entity sim.EntityFolk that already exists with UUID 4b5c803a-388c-4989-a5b2-33aa6ebd27ba
[17:54:12] [Server thread/WARN]: Keeping entity sim.EntityFolk that already exists with UUID 51daa965-41df-434c-9bba-1af697fefcf5
[17:54:12] [Server thread/WARN]: Keeping entity sim.EntityFolk that already exists with UUID 51daa965-41df-434c-9bba-1af697fefcf5
[17:54:12] [Server thread/WARN]: Can't keep up! Did the system time change, or is the server overloaded? Running 3149ms behind, skipping 62 tick(s)
[17:54:20] [Server thread/INFO]: 制作 21 item.bread
[17:54:21] [Server thread/INFO]: 当前任务索引为 4
[17:54:21] [Server thread/INFO]: 将任务[面包师]更改为 com.trhsy.sim.npc.task.JobTaskShopkeep@3881260e(41)
[17:54:21] [Server thread/INFO]: 没有剩余任务
[17:54:23] [Server thread/INFO]: 面包师运行 completeTask() 任务完成在 200 ms
[17:54:30] [Server thread/INFO]: 当前任务索引为 0
[17:54:30] [Server thread/INFO]: 将任务[面包师]更改为 com.trhsy.sim.npc.task.JobTaskIdle@2be91acc(01)
[17:54:31] [Server thread/INFO]: 面包师运行 completeTask() 任务完成在 200 ms
[17:54:31] [Server thread/INFO]: 当前任务索引为 1
[17:54:31] [Server thread/INFO]: 将任务[面包师]更改为 com.trhsy.sim.npc.task.JobTaskCollectItems@36ac652c(11)
[17:54:31] [Server thread/INFO]: [com.trhsy.sim.npc.task.JobTaskCollectItems:lambda$addDestination$0:158]: 最近的农场：小麦
[17:54:37] [Server thread/WARN]: Can't keep up! Did the system time change, or is the server overloaded? Running 5947ms behind, skipping 118 tick(s)
[17:54:38] [Server thread/WARN]: Keeping entity sim.EntityFolk that already exists with UUID 51daa965-41df-434c-9bba-1af697fefcf5
[17:54:38] [Server thread/WARN]: Keeping entity sim.EntityFolk that already exists with UUID 4b5c803a-388c-4989-a5b2-33aa6ebd27ba
[17:54:38] [Server thread/WARN]: Keeping entity sim.EntityFolk that already exists with UUID 860a3d14-c4ad-4d78-8bf3-5acc09039c6c
[17:54:44] [Server thread/INFO]: 开始收集
[17:54:44] [Server thread/INFO]: 从所有目的地收集
[17:54:45] [Server thread/INFO]: 当前任务索引为 2
[17:54:45] [Server thread/INFO]: 将任务[面包师]更改为 com.trhsy.sim.npc.task.JobTaskUnloadItems@631fb3ad(21)
[17:54:47] [Server thread/INFO]: 游戏状态: saveStates() called BOTH sides, 金额存储为 1112.0485
[17:54:47] [Server thread/INFO]: 游戏状态: saveStates() called BOTH sides, 金额存储为 1112.0485
[17:54:47] [Server thread/INFO]: 游戏状态: saveStates() called BOTH sides, 金额存储为 1112.0485
[17:54:59] [Server thread/WARN]: Keeping entity sim.EntityFolk that already exists with UUID 160b9afb-1f16-4bf6-a404-4ddc784ba5de
[17:54:59] [Server thread/WARN]: Keeping entity sim.EntityFolk that already exists with UUID 160b9afb-1f16-4bf6-a404-4ddc784ba5de
[17:54:59] [Server thread/WARN]: Keeping entity sim.EntityFolk that already exists with UUID 160b9afb-1f16-4bf6-a404-4ddc784ba5de
[17:54:59] [Server thread/WARN]: Keeping entity sim.EntityFolk that already exists with UUID 160b9afb-1f16-4bf6-a404-4ddc784ba5de
[17:54:59] [Server thread/WARN]: Keeping entity sim.EntityFolk that already exists with UUID 160b9afb-1f16-4bf6-a404-4ddc784ba5de
[17:54:59] [Server thread/WARN]: Keeping entity sim.EntityFolk that already exists with UUID 51daa965-41df-434c-9bba-1af697fefcf5
[17:54:59] [Server thread/WARN]: Keeping entity sim.EntityFolk that already exists with UUID 160b9afb-1f16-4bf6-a404-4ddc784ba5de
[17:54:59] [Server thread/WARN]: Keeping entity sim.EntityFolk that already exists with UUID 51daa965-41df-434c-9bba-1af697fefcf5
[17:55:02] [Server thread/WARN]: Keeping entity sim.EntityFolk that already exists with UUID 51daa965-41df-434c-9bba-1af697fefcf5
[17:55:02] [Server thread/WARN]: Keeping entity sim.EntityFolk that already exists with UUID 4b5c803a-388c-4989-a5b2-33aa6ebd27ba
[17:55:02] [Server thread/WARN]: Keeping entity sim.EntityFolk that already exists with UUID 51daa965-41df-434c-9bba-1af697fefcf5
[17:55:02] [Server thread/WARN]: Keeping entity sim.EntityFolk that already exists with UUID 51daa965-41df-434c-9bba-1af697fefcf5
[17:55:02] [Server thread/WARN]: Keeping entity sim.EntityFolk that already exists with UUID 51daa965-41df-434c-9bba-1af697fefcf5
[17:55:05] [Server thread/WARN]: Keeping entity sim.EntityFolk that already exists with UUID 860a3d14-c4ad-4d78-8bf3-5acc09039c6c
[17:55:05] [Server thread/WARN]: Keeping entity sim.EntityFolk that already exists with UUID 51daa965-41df-434c-9bba-1af697fefcf5
[17:55:05] [Server thread/WARN]: Keeping entity sim.EntityFolk that already exists with UUID 4b5c803a-388c-4989-a5b2-33aa6ebd27ba
[17:55:32] [Server thread/INFO]: 游戏状态: saveStates() called BOTH sides, 金额存储为 1112.0485
[17:55:32] [Server thread/INFO]: 游戏状态: saveStates() called BOTH sides, 金额存储为 1112.0485
[17:55:32] [Server thread/INFO]: 游戏状态: saveStates() called BOTH sides, 金额存储为 1112.0485
[17:55:43] [Server thread/WARN]: Keeping entity sim.EntityFolk that already exists with UUID 4b5c803a-388c-4989-a5b2-33aa6ebd27ba
[17:55:43] [Server thread/WARN]: Keeping entity sim.EntityFolk that already exists with UUID 51daa965-41df-434c-9bba-1af697fefcf5
[17:55:43] [Server thread/WARN]: Keeping entity sim.EntityFolk that already exists with UUID 51daa965-41df-434c-9bba-1af697fefcf5
[17:55:43] [Server thread/WARN]: Keeping entity sim.EntityFolk that already exists with UUID 51daa965-41df-434c-9bba-1af697fefcf5
[17:55:43] [Server thread/WARN]: Keeping entity sim.EntityFolk that already exists with UUID 51daa965-41df-434c-9bba-1af697fefcf5
[17:55:45] [Server thread/WARN]: Keeping entity sim.EntityFolk that already exists with UUID 860a3d14-c4ad-4d78-8bf3-5acc09039c6c
[17:55:45] [Server thread/WARN]: Keeping entity sim.EntityFolk that already exists with UUID 51daa965-41df-434c-9bba-1af697fefcf5
[17:55:45] [Server thread/WARN]: Keeping entity sim.EntityFolk that already exists with UUID 4b5c803a-388c-4989-a5b2-33aa6ebd27ba
[17:55:47] [Server thread/INFO]: 建筑方向为 2
[17:55:48] [Client thread/INFO]: 0
[17:55:53] [Server thread/INFO]: 建筑方向为 2
[17:55:54] [Client thread/INFO]: 0
[17:56:17] [Server thread/INFO]: 游戏状态: saveStates() called BOTH sides, 金额存储为 1112.0485
[17:56:17] [Server thread/INFO]: 游戏状态: saveStates() called BOTH sides, 金额存储为 1112.0485
[17:56:17] [Server thread/INFO]: 游戏状态: saveStates() called BOTH sides, 金额存储为 1112.0485
[17:56:19] [Client thread/ERROR]: FMLIndexedMessageCodec exception caught
io.netty.handler.codec.EncoderException: java.lang.IllegalArgumentException: The string is too long for this encoding.
	at io.netty.handler.codec.MessageToMessageEncoder.write(MessageToMessageEncoder.java:107) ~[MessageToMessageEncoder.class:4.0.23.Final]
	at io.netty.handler.codec.MessageToMessageCodec.write(MessageToMessageCodec.java:116) ~[MessageToMessageCodec.class:4.0.23.Final]
	at io.netty.channel.AbstractChannelHandlerContext.invokeWrite(AbstractChannelHandlerContext.java:658) ~[AbstractChannelHandlerContext.class:4.0.23.Final]
	at io.netty.channel.AbstractChannelHandlerContext.write(AbstractChannelHandlerContext.java:716) ~[AbstractChannelHandlerContext.class:4.0.23.Final]
	at io.netty.channel.AbstractChannelHandlerContext.writeAndFlush(AbstractChannelHandlerContext.java:706) ~[AbstractChannelHandlerContext.class:4.0.23.Final]
	at io.netty.channel.AbstractChannelHandlerContext.writeAndFlush(AbstractChannelHandlerContext.java:741) ~[AbstractChannelHandlerContext.class:4.0.23.Final]
	at io.netty.channel.DefaultChannelPipeline.writeAndFlush(DefaultChannelPipeline.java:895) ~[DefaultChannelPipeline.class:4.0.23.Final]
	at io.netty.channel.AbstractChannel.writeAndFlush(AbstractChannel.java:240) ~[AbstractChannel.class:4.0.23.Final]
	at net.minecraftforge.fml.common.network.simpleimpl.SimpleNetworkWrapper.sendToServer(SimpleNetworkWrapper.java:270) [SimpleNetworkWrapper.class:?]
	at com.trhsy.sim.gui.block.GuiBlockConstructorBlock.actionPerformed(GuiBlockConstructorBlock.java:570) [GuiBlockConstructorBlock.class:?]
	at net.minecraft.client.gui.GuiScreen.mouseClicked(GuiScreen.java:498) [GuiScreen.class:?]
	at net.minecraft.client.gui.GuiScreen.handleMouseInput(GuiScreen.java:617) [GuiScreen.class:?]
	at net.minecraft.client.gui.GuiScreen.handleInput(GuiScreen.java:583) [GuiScreen.class:?]
	at net.minecraft.client.Minecraft.runTick(Minecraft.java:1791) [Minecraft.class:?]
	at net.minecraft.client.Minecraft.runGameLoop(Minecraft.java:1114) [Minecraft.class:?]
	at net.minecraft.client.Minecraft.run(Minecraft.java:401) [Minecraft.class:?]
	at net.minecraft.client.main.Main.main(Main.java:118) [Main.class:?]
	at sun.reflect.NativeMethodAccessorImpl.invoke0(Native Method) ~[?:1.8.0_271]
	at sun.reflect.NativeMethodAccessorImpl.invoke(NativeMethodAccessorImpl.java:62) ~[?:1.8.0_271]
	at sun.reflect.DelegatingMethodAccessorImpl.invoke(DelegatingMethodAccessorImpl.java:43) ~[?:1.8.0_271]
	at java.lang.reflect.Method.invoke(Method.java:498) ~[?:1.8.0_271]
	at net.minecraft.launchwrapper.Launch.launch(Launch.java:135) [launchwrapper-1.12.jar:?]
	at net.minecraft.launchwrapper.Launch.main(Launch.java:28) [launchwrapper-1.12.jar:?]
	at sun.reflect.NativeMethodAccessorImpl.invoke0(Native Method) ~[?:1.8.0_271]
	at sun.reflect.NativeMethodAccessorImpl.invoke(NativeMethodAccessorImpl.java:62) ~[?:1.8.0_271]
	at sun.reflect.DelegatingMethodAccessorImpl.invoke(DelegatingMethodAccessorImpl.java:43) ~[?:1.8.0_271]
	at java.lang.reflect.Method.invoke(Method.java:498) ~[?:1.8.0_271]
	at net.minecraftforge.gradle.GradleStartCommon.launch(GradleStartCommon.java:97) [start/:?]
	at GradleStart.main(GradleStart.java:26) [start/:?]
Caused by: java.lang.IllegalArgumentException: The string is too long for this encoding.
	at org.apache.commons.lang3.Validate.isTrue(Validate.java:155) ~[commons-lang3-3.3.2.jar:3.3.2]
	at net.minecraftforge.fml.common.network.ByteBufUtils.writeUTF8String(ByteBufUtils.java:133) ~[ByteBufUtils.class:?]
	at com.trhsy.sim.network.server.PacketSendBlueprint.toBytes(PacketSendBlueprint.java:52) ~[PacketSendBlueprint.class:?]
	at net.minecraftforge.fml.common.network.simpleimpl.SimpleIndexedCodec.encodeInto(SimpleIndexedCodec.java:11) ~[SimpleIndexedCodec.class:?]
	at net.minecraftforge.fml.common.network.simpleimpl.SimpleIndexedCodec.encodeInto(SimpleIndexedCodec.java:7) ~[SimpleIndexedCodec.class:?]
	at net.minecraftforge.fml.common.network.FMLIndexedMessageToMessageCodec.encode(FMLIndexedMessageToMessageCodec.java:54) ~[FMLIndexedMessageToMessageCodec.class:?]
	at io.netty.handler.codec.MessageToMessageCodec$1.encode(MessageToMessageCodec.java:67) ~[MessageToMessageCodec$1.class:4.0.23.Final]
	at io.netty.handler.codec.MessageToMessageEncoder.write(MessageToMessageEncoder.java:89) ~[MessageToMessageEncoder.class:4.0.23.Final]
	... 28 more
[17:56:19] [Client thread/ERROR]: SimpleChannelHandlerWrapper exception
io.netty.handler.codec.EncoderException: java.lang.IllegalArgumentException: The string is too long for this encoding.
	at io.netty.handler.codec.MessageToMessageEncoder.write(MessageToMessageEncoder.java:107) ~[MessageToMessageEncoder.class:4.0.23.Final]
	at io.netty.handler.codec.MessageToMessageCodec.write(MessageToMessageCodec.java:116) ~[MessageToMessageCodec.class:4.0.23.Final]
	at io.netty.channel.AbstractChannelHandlerContext.invokeWrite(AbstractChannelHandlerContext.java:658) ~[AbstractChannelHandlerContext.class:4.0.23.Final]
	at io.netty.channel.AbstractChannelHandlerContext.write(AbstractChannelHandlerContext.java:716) ~[AbstractChannelHandlerContext.class:4.0.23.Final]
	at io.netty.channel.AbstractChannelHandlerContext.writeAndFlush(AbstractChannelHandlerContext.java:706) ~[AbstractChannelHandlerContext.class:4.0.23.Final]
	at io.netty.channel.AbstractChannelHandlerContext.writeAndFlush(AbstractChannelHandlerContext.java:741) ~[AbstractChannelHandlerContext.class:4.0.23.Final]
	at io.netty.channel.DefaultChannelPipeline.writeAndFlush(DefaultChannelPipeline.java:895) ~[DefaultChannelPipeline.class:4.0.23.Final]
	at io.netty.channel.AbstractChannel.writeAndFlush(AbstractChannel.java:240) ~[AbstractChannel.class:4.0.23.Final]
	at net.minecraftforge.fml.common.network.simpleimpl.SimpleNetworkWrapper.sendToServer(SimpleNetworkWrapper.java:270) [SimpleNetworkWrapper.class:?]
	at com.trhsy.sim.gui.block.GuiBlockConstructorBlock.actionPerformed(GuiBlockConstructorBlock.java:570) [GuiBlockConstructorBlock.class:?]
	at net.minecraft.client.gui.GuiScreen.mouseClicked(GuiScreen.java:498) [GuiScreen.class:?]
	at net.minecraft.client.gui.GuiScreen.handleMouseInput(GuiScreen.java:617) [GuiScreen.class:?]
	at net.minecraft.client.gui.GuiScreen.handleInput(GuiScreen.java:583) [GuiScreen.class:?]
	at net.minecraft.client.Minecraft.runTick(Minecraft.java:1791) [Minecraft.class:?]
	at net.minecraft.client.Minecraft.runGameLoop(Minecraft.java:1114) [Minecraft.class:?]
	at net.minecraft.client.Minecraft.run(Minecraft.java:401) [Minecraft.class:?]
	at net.minecraft.client.main.Main.main(Main.java:118) [Main.class:?]
	at sun.reflect.NativeMethodAccessorImpl.invoke0(Native Method) ~[?:1.8.0_271]
	at sun.reflect.NativeMethodAccessorImpl.invoke(NativeMethodAccessorImpl.java:62) ~[?:1.8.0_271]
	at sun.reflect.DelegatingMethodAccessorImpl.invoke(DelegatingMethodAccessorImpl.java:43) ~[?:1.8.0_271]
	at java.lang.reflect.Method.invoke(Method.java:498) ~[?:1.8.0_271]
	at net.minecraft.launchwrapper.Launch.launch(Launch.java:135) [launchwrapper-1.12.jar:?]
	at net.minecraft.launchwrapper.Launch.main(Launch.java:28) [launchwrapper-1.12.jar:?]
	at sun.reflect.NativeMethodAccessorImpl.invoke0(Native Method) ~[?:1.8.0_271]
	at sun.reflect.NativeMethodAccessorImpl.invoke(NativeMethodAccessorImpl.java:62) ~[?:1.8.0_271]
	at sun.reflect.DelegatingMethodAccessorImpl.invoke(DelegatingMethodAccessorImpl.java:43) ~[?:1.8.0_271]
	at java.lang.reflect.Method.invoke(Method.java:498) ~[?:1.8.0_271]
	at net.minecraftforge.gradle.GradleStartCommon.launch(GradleStartCommon.java:97) [start/:?]
	at GradleStart.main(GradleStart.java:26) [start/:?]
Caused by: java.lang.IllegalArgumentException: The string is too long for this encoding.
	at org.apache.commons.lang3.Validate.isTrue(Validate.java:155) ~[commons-lang3-3.3.2.jar:3.3.2]
	at net.minecraftforge.fml.common.network.ByteBufUtils.writeUTF8String(ByteBufUtils.java:133) ~[ByteBufUtils.class:?]
	at com.trhsy.sim.network.server.PacketSendBlueprint.toBytes(PacketSendBlueprint.java:52) ~[PacketSendBlueprint.class:?]
	at net.minecraftforge.fml.common.network.simpleimpl.SimpleIndexedCodec.encodeInto(SimpleIndexedCodec.java:11) ~[SimpleIndexedCodec.class:?]
	at net.minecraftforge.fml.common.network.simpleimpl.SimpleIndexedCodec.encodeInto(SimpleIndexedCodec.java:7) ~[SimpleIndexedCodec.class:?]
	at net.minecraftforge.fml.common.network.FMLIndexedMessageToMessageCodec.encode(FMLIndexedMessageToMessageCodec.java:54) ~[FMLIndexedMessageToMessageCodec.class:?]
	at io.netty.handler.codec.MessageToMessageCodec$1.encode(MessageToMessageCodec.java:67) ~[MessageToMessageCodec$1.class:4.0.23.Final]
	at io.netty.handler.codec.MessageToMessageEncoder.write(MessageToMessageEncoder.java:89) ~[MessageToMessageEncoder.class:4.0.23.Final]
	... 28 more
[17:56:19] [Client thread/ERROR]: SimpleChannelHandlerWrapper exception
io.netty.handler.codec.EncoderException: java.lang.IllegalArgumentException: The string is too long for this encoding.
	at io.netty.handler.codec.MessageToMessageEncoder.write(MessageToMessageEncoder.java:107) ~[MessageToMessageEncoder.class:4.0.23.Final]
	at io.netty.handler.codec.MessageToMessageCodec.write(MessageToMessageCodec.java:116) ~[MessageToMessageCodec.class:4.0.23.Final]
	at io.netty.channel.AbstractChannelHandlerContext.invokeWrite(AbstractChannelHandlerContext.java:658) ~[AbstractChannelHandlerContext.class:4.0.23.Final]
	at io.netty.channel.AbstractChannelHandlerContext.write(AbstractChannelHandlerContext.java:716) ~[AbstractChannelHandlerContext.class:4.0.23.Final]
	at io.netty.channel.AbstractChannelHandlerContext.writeAndFlush(AbstractChannelHandlerContext.java:706) ~[AbstractChannelHandlerContext.class:4.0.23.Final]
	at io.netty.channel.AbstractChannelHandlerContext.writeAndFlush(AbstractChannelHandlerContext.java:741) ~[AbstractChannelHandlerContext.class:4.0.23.Final]
	at io.netty.channel.DefaultChannelPipeline.writeAndFlush(DefaultChannelPipeline.java:895) ~[DefaultChannelPipeline.class:4.0.23.Final]
	at io.netty.channel.AbstractChannel.writeAndFlush(AbstractChannel.java:240) ~[AbstractChannel.class:4.0.23.Final]
	at net.minecraftforge.fml.common.network.simpleimpl.SimpleNetworkWrapper.sendToServer(SimpleNetworkWrapper.java:270) [SimpleNetworkWrapper.class:?]
	at com.trhsy.sim.gui.block.GuiBlockConstructorBlock.actionPerformed(GuiBlockConstructorBlock.java:570) [GuiBlockConstructorBlock.class:?]
	at net.minecraft.client.gui.GuiScreen.mouseClicked(GuiScreen.java:498) [GuiScreen.class:?]
	at net.minecraft.client.gui.GuiScreen.handleMouseInput(GuiScreen.java:617) [GuiScreen.class:?]
	at net.minecraft.client.gui.GuiScreen.handleInput(GuiScreen.java:583) [GuiScreen.class:?]
	at net.minecraft.client.Minecraft.runTick(Minecraft.java:1791) [Minecraft.class:?]
	at net.minecraft.client.Minecraft.runGameLoop(Minecraft.java:1114) [Minecraft.class:?]
	at net.minecraft.client.Minecraft.run(Minecraft.java:401) [Minecraft.class:?]
	at net.minecraft.client.main.Main.main(Main.java:118) [Main.class:?]
	at sun.reflect.NativeMethodAccessorImpl.invoke0(Native Method) ~[?:1.8.0_271]
	at sun.reflect.NativeMethodAccessorImpl.invoke(NativeMethodAccessorImpl.java:62) ~[?:1.8.0_271]
	at sun.reflect.DelegatingMethodAccessorImpl.invoke(DelegatingMethodAccessorImpl.java:43) ~[?:1.8.0_271]
	at java.lang.reflect.Method.invoke(Method.java:498) ~[?:1.8.0_271]
	at net.minecraft.launchwrapper.Launch.launch(Launch.java:135) [launchwrapper-1.12.jar:?]
	at net.minecraft.launchwrapper.Launch.main(Launch.java:28) [launchwrapper-1.12.jar:?]
	at sun.reflect.NativeMethodAccessorImpl.invoke0(Native Method) ~[?:1.8.0_271]
	at sun.reflect.NativeMethodAccessorImpl.invoke(NativeMethodAccessorImpl.java:62) ~[?:1.8.0_271]
	at sun.reflect.DelegatingMethodAccessorImpl.invoke(DelegatingMethodAccessorImpl.java:43) ~[?:1.8.0_271]
	at java.lang.reflect.Method.invoke(Method.java:498) ~[?:1.8.0_271]
	at net.minecraftforge.gradle.GradleStartCommon.launch(GradleStartCommon.java:97) [start/:?]
	at GradleStart.main(GradleStart.java:26) [start/:?]
Caused by: java.lang.IllegalArgumentException: The string is too long for this encoding.
	at org.apache.commons.lang3.Validate.isTrue(Validate.java:155) ~[commons-lang3-3.3.2.jar:3.3.2]
	at net.minecraftforge.fml.common.network.ByteBufUtils.writeUTF8String(ByteBufUtils.java:133) ~[ByteBufUtils.class:?]
	at com.trhsy.sim.network.server.PacketSendBlueprint.toBytes(PacketSendBlueprint.java:52) ~[PacketSendBlueprint.class:?]
	at net.minecraftforge.fml.common.network.simpleimpl.SimpleIndexedCodec.encodeInto(SimpleIndexedCodec.java:11) ~[SimpleIndexedCodec.class:?]
	at net.minecraftforge.fml.common.network.simpleimpl.SimpleIndexedCodec.encodeInto(SimpleIndexedCodec.java:7) ~[SimpleIndexedCodec.class:?]
	at net.minecraftforge.fml.common.network.FMLIndexedMessageToMessageCodec.encode(FMLIndexedMessageToMessageCodec.java:54) ~[FMLIndexedMessageToMessageCodec.class:?]
	at io.netty.handler.codec.MessageToMessageCodec$1.encode(MessageToMessageCodec.java:67) ~[MessageToMessageCodec$1.class:4.0.23.Final]
	at io.netty.handler.codec.MessageToMessageEncoder.write(MessageToMessageEncoder.java:89) ~[MessageToMessageEncoder.class:4.0.23.Final]
	... 28 more
[17:56:19] [Client thread/ERROR]: SimpleChannelHandlerWrapper exception
io.netty.handler.codec.EncoderException: java.lang.IllegalArgumentException: The string is too long for this encoding.
	at io.netty.handler.codec.MessageToMessageEncoder.write(MessageToMessageEncoder.java:107) ~[MessageToMessageEncoder.class:4.0.23.Final]
	at io.netty.handler.codec.MessageToMessageCodec.write(MessageToMessageCodec.java:116) ~[MessageToMessageCodec.class:4.0.23.Final]
	at io.netty.channel.AbstractChannelHandlerContext.invokeWrite(AbstractChannelHandlerContext.java:658) ~[AbstractChannelHandlerContext.class:4.0.23.Final]
	at io.netty.channel.AbstractChannelHandlerContext.write(AbstractChannelHandlerContext.java:716) ~[AbstractChannelHandlerContext.class:4.0.23.Final]
	at io.netty.channel.AbstractChannelHandlerContext.writeAndFlush(AbstractChannelHandlerContext.java:706) ~[AbstractChannelHandlerContext.class:4.0.23.Final]
	at io.netty.channel.AbstractChannelHandlerContext.writeAndFlush(AbstractChannelHandlerContext.java:741) ~[AbstractChannelHandlerContext.class:4.0.23.Final]
	at io.netty.channel.DefaultChannelPipeline.writeAndFlush(DefaultChannelPipeline.java:895) ~[DefaultChannelPipeline.class:4.0.23.Final]
	at io.netty.channel.AbstractChannel.writeAndFlush(AbstractChannel.java:240) ~[AbstractChannel.class:4.0.23.Final]
	at net.minecraftforge.fml.common.network.simpleimpl.SimpleNetworkWrapper.sendToServer(SimpleNetworkWrapper.java:270) [SimpleNetworkWrapper.class:?]
	at com.trhsy.sim.gui.block.GuiBlockConstructorBlock.actionPerformed(GuiBlockConstructorBlock.java:570) [GuiBlockConstructorBlock.class:?]
	at net.minecraft.client.gui.GuiScreen.mouseClicked(GuiScreen.java:498) [GuiScreen.class:?]
	at net.minecraft.client.gui.GuiScreen.handleMouseInput(GuiScreen.java:617) [GuiScreen.class:?]
	at net.minecraft.client.gui.GuiScreen.handleInput(GuiScreen.java:583) [GuiScreen.class:?]
	at net.minecraft.client.Minecraft.runTick(Minecraft.java:1791) [Minecraft.class:?]
	at net.minecraft.client.Minecraft.runGameLoop(Minecraft.java:1114) [Minecraft.class:?]
	at net.minecraft.client.Minecraft.run(Minecraft.java:401) [Minecraft.class:?]
	at net.minecraft.client.main.Main.main(Main.java:118) [Main.class:?]
	at sun.reflect.NativeMethodAccessorImpl.invoke0(Native Method) ~[?:1.8.0_271]
	at sun.reflect.NativeMethodAccessorImpl.invoke(NativeMethodAccessorImpl.java:62) ~[?:1.8.0_271]
	at sun.reflect.DelegatingMethodAccessorImpl.invoke(DelegatingMethodAccessorImpl.java:43) ~[?:1.8.0_271]
	at java.lang.reflect.Method.invoke(Method.java:498) ~[?:1.8.0_271]
	at net.minecraft.launchwrapper.Launch.launch(Launch.java:135) [launchwrapper-1.12.jar:?]
	at net.minecraft.launchwrapper.Launch.main(Launch.java:28) [launchwrapper-1.12.jar:?]
	at sun.reflect.NativeMethodAccessorImpl.invoke0(Native Method) ~[?:1.8.0_271]
	at sun.reflect.NativeMethodAccessorImpl.invoke(NativeMethodAccessorImpl.java:62) ~[?:1.8.0_271]
	at sun.reflect.DelegatingMethodAccessorImpl.invoke(DelegatingMethodAccessorImpl.java:43) ~[?:1.8.0_271]
	at java.lang.reflect.Method.invoke(Method.java:498) ~[?:1.8.0_271]
	at net.minecraftforge.gradle.GradleStartCommon.launch(GradleStartCommon.java:97) [start/:?]
	at GradleStart.main(GradleStart.java:26) [start/:?]
Caused by: java.lang.IllegalArgumentException: The string is too long for this encoding.
	at org.apache.commons.lang3.Validate.isTrue(Validate.java:155) ~[commons-lang3-3.3.2.jar:3.3.2]
	at net.minecraftforge.fml.common.network.ByteBufUtils.writeUTF8String(ByteBufUtils.java:133) ~[ByteBufUtils.class:?]
	at com.trhsy.sim.network.server.PacketSendBlueprint.toBytes(PacketSendBlueprint.java:52) ~[PacketSendBlueprint.class:?]
	at net.minecraftforge.fml.common.network.simpleimpl.SimpleIndexedCodec.encodeInto(SimpleIndexedCodec.java:11) ~[SimpleIndexedCodec.class:?]
	at net.minecraftforge.fml.common.network.simpleimpl.SimpleIndexedCodec.encodeInto(SimpleIndexedCodec.java:7) ~[SimpleIndexedCodec.class:?]
	at net.minecraftforge.fml.common.network.FMLIndexedMessageToMessageCodec.encode(FMLIndexedMessageToMessageCodec.java:54) ~[FMLIndexedMessageToMessageCodec.class:?]
	at io.netty.handler.codec.MessageToMessageCodec$1.encode(MessageToMessageCodec.java:67) ~[MessageToMessageCodec$1.class:4.0.23.Final]
	at io.netty.handler.codec.MessageToMessageEncoder.write(MessageToMessageEncoder.java:89) ~[MessageToMessageEncoder.class:4.0.23.Final]
	... 28 more
[17:56:19] [Client thread/ERROR]: SimpleChannelHandlerWrapper exception
io.netty.handler.codec.EncoderException: java.lang.IllegalArgumentException: The string is too long for this encoding.
	at io.netty.handler.codec.MessageToMessageEncoder.write(MessageToMessageEncoder.java:107) ~[MessageToMessageEncoder.class:4.0.23.Final]
	at io.netty.handler.codec.MessageToMessageCodec.write(MessageToMessageCodec.java:116) ~[MessageToMessageCodec.class:4.0.23.Final]
	at io.netty.channel.AbstractChannelHandlerContext.invokeWrite(AbstractChannelHandlerContext.java:658) ~[AbstractChannelHandlerContext.class:4.0.23.Final]
	at io.netty.channel.AbstractChannelHandlerContext.write(AbstractChannelHandlerContext.java:716) ~[AbstractChannelHandlerContext.class:4.0.23.Final]
	at io.netty.channel.AbstractChannelHandlerContext.writeAndFlush(AbstractChannelHandlerContext.java:706) ~[AbstractChannelHandlerContext.class:4.0.23.Final]
	at io.netty.channel.AbstractChannelHandlerContext.writeAndFlush(AbstractChannelHandlerContext.java:741) ~[AbstractChannelHandlerContext.class:4.0.23.Final]
	at io.netty.channel.DefaultChannelPipeline.writeAndFlush(DefaultChannelPipeline.java:895) ~[DefaultChannelPipeline.class:4.0.23.Final]
	at io.netty.channel.AbstractChannel.writeAndFlush(AbstractChannel.java:240) ~[AbstractChannel.class:4.0.23.Final]
	at net.minecraftforge.fml.common.network.simpleimpl.SimpleNetworkWrapper.sendToServer(SimpleNetworkWrapper.java:270) [SimpleNetworkWrapper.class:?]
	at com.trhsy.sim.gui.block.GuiBlockConstructorBlock.actionPerformed(GuiBlockConstructorBlock.java:570) [GuiBlockConstructorBlock.class:?]
	at net.minecraft.client.gui.GuiScreen.mouseClicked(GuiScreen.java:498) [GuiScreen.class:?]
	at net.minecraft.client.gui.GuiScreen.handleMouseInput(GuiScreen.java:617) [GuiScreen.class:?]
	at net.minecraft.client.gui.GuiScreen.handleInput(GuiScreen.java:583) [GuiScreen.class:?]
	at net.minecraft.client.Minecraft.runTick(Minecraft.java:1791) [Minecraft.class:?]
	at net.minecraft.client.Minecraft.runGameLoop(Minecraft.java:1114) [Minecraft.class:?]
	at net.minecraft.client.Minecraft.run(Minecraft.java:401) [Minecraft.class:?]
	at net.minecraft.client.main.Main.main(Main.java:118) [Main.class:?]
	at sun.reflect.NativeMethodAccessorImpl.invoke0(Native Method) ~[?:1.8.0_271]
	at sun.reflect.NativeMethodAccessorImpl.invoke(NativeMethodAccessorImpl.java:62) ~[?:1.8.0_271]
	at sun.reflect.DelegatingMethodAccessorImpl.invoke(DelegatingMethodAccessorImpl.java:43) ~[?:1.8.0_271]
	at java.lang.reflect.Method.invoke(Method.java:498) ~[?:1.8.0_271]
	at net.minecraft.launchwrapper.Launch.launch(Launch.java:135) [launchwrapper-1.12.jar:?]
	at net.minecraft.launchwrapper.Launch.main(Launch.java:28) [launchwrapper-1.12.jar:?]
	at sun.reflect.NativeMethodAccessorImpl.invoke0(Native Method) ~[?:1.8.0_271]
	at sun.reflect.NativeMethodAccessorImpl.invoke(NativeMethodAccessorImpl.java:62) ~[?:1.8.0_271]
	at sun.reflect.DelegatingMethodAccessorImpl.invoke(DelegatingMethodAccessorImpl.java:43) ~[?:1.8.0_271]
	at java.lang.reflect.Method.invoke(Method.java:498) ~[?:1.8.0_271]
	at net.minecraftforge.gradle.GradleStartCommon.launch(GradleStartCommon.java:97) [start/:?]
	at GradleStart.main(GradleStart.java:26) [start/:?]
Caused by: java.lang.IllegalArgumentException: The string is too long for this encoding.
	at org.apache.commons.lang3.Validate.isTrue(Validate.java:155) ~[commons-lang3-3.3.2.jar:3.3.2]
	at net.minecraftforge.fml.common.network.ByteBufUtils.writeUTF8String(ByteBufUtils.java:133) ~[ByteBufUtils.class:?]
	at com.trhsy.sim.network.server.PacketSendBlueprint.toBytes(PacketSendBlueprint.java:52) ~[PacketSendBlueprint.class:?]
	at net.minecraftforge.fml.common.network.simpleimpl.SimpleIndexedCodec.encodeInto(SimpleIndexedCodec.java:11) ~[SimpleIndexedCodec.class:?]
	at net.minecraftforge.fml.common.network.simpleimpl.SimpleIndexedCodec.encodeInto(SimpleIndexedCodec.java:7) ~[SimpleIndexedCodec.class:?]
	at net.minecraftforge.fml.common.network.FMLIndexedMessageToMessageCodec.encode(FMLIndexedMessageToMessageCodec.java:54) ~[FMLIndexedMessageToMessageCodec.class:?]
	at io.netty.handler.codec.MessageToMessageCodec$1.encode(MessageToMessageCodec.java:67) ~[MessageToMessageCodec$1.class:4.0.23.Final]
	at io.netty.handler.codec.MessageToMessageEncoder.write(MessageToMessageEncoder.java:89) ~[MessageToMessageEncoder.class:4.0.23.Final]
	... 28 more
[17:56:19] [Client thread/ERROR]: SimpleChannelHandlerWrapper exception
io.netty.handler.codec.EncoderException: java.lang.IllegalArgumentException: The string is too long for this encoding.
	at io.netty.handler.codec.MessageToMessageEncoder.write(MessageToMessageEncoder.java:107) ~[MessageToMessageEncoder.class:4.0.23.Final]
	at io.netty.handler.codec.MessageToMessageCodec.write(MessageToMessageCodec.java:116) ~[MessageToMessageCodec.class:4.0.23.Final]
	at io.netty.channel.AbstractChannelHandlerContext.invokeWrite(AbstractChannelHandlerContext.java:658) ~[AbstractChannelHandlerContext.class:4.0.23.Final]
	at io.netty.channel.AbstractChannelHandlerContext.write(AbstractChannelHandlerContext.java:716) ~[AbstractChannelHandlerContext.class:4.0.23.Final]
	at io.netty.channel.AbstractChannelHandlerContext.writeAndFlush(AbstractChannelHandlerContext.java:706) ~[AbstractChannelHandlerContext.class:4.0.23.Final]
	at io.netty.channel.AbstractChannelHandlerContext.writeAndFlush(AbstractChannelHandlerContext.java:741) ~[AbstractChannelHandlerContext.class:4.0.23.Final]
	at io.netty.channel.DefaultChannelPipeline.writeAndFlush(DefaultChannelPipeline.java:895) ~[DefaultChannelPipeline.class:4.0.23.Final]
	at io.netty.channel.AbstractChannel.writeAndFlush(AbstractChannel.java:240) ~[AbstractChannel.class:4.0.23.Final]
	at net.minecraftforge.fml.common.network.simpleimpl.SimpleNetworkWrapper.sendToServer(SimpleNetworkWrapper.java:270) [SimpleNetworkWrapper.class:?]
	at com.trhsy.sim.gui.block.GuiBlockConstructorBlock.actionPerformed(GuiBlockConstructorBlock.java:570) [GuiBlockConstructorBlock.class:?]
	at net.minecraft.client.gui.GuiScreen.mouseClicked(GuiScreen.java:498) [GuiScreen.class:?]
	at net.minecraft.client.gui.GuiScreen.handleMouseInput(GuiScreen.java:617) [GuiScreen.class:?]
	at net.minecraft.client.gui.GuiScreen.handleInput(GuiScreen.java:583) [GuiScreen.class:?]
	at net.minecraft.client.Minecraft.runTick(Minecraft.java:1791) [Minecraft.class:?]
	at net.minecraft.client.Minecraft.runGameLoop(Minecraft.java:1114) [Minecraft.class:?]
	at net.minecraft.client.Minecraft.run(Minecraft.java:401) [Minecraft.class:?]
	at net.minecraft.client.main.Main.main(Main.java:118) [Main.class:?]
	at sun.reflect.NativeMethodAccessorImpl.invoke0(Native Method) ~[?:1.8.0_271]
	at sun.reflect.NativeMethodAccessorImpl.invoke(NativeMethodAccessorImpl.java:62) ~[?:1.8.0_271]
	at sun.reflect.DelegatingMethodAccessorImpl.invoke(DelegatingMethodAccessorImpl.java:43) ~[?:1.8.0_271]
	at java.lang.reflect.Method.invoke(Method.java:498) ~[?:1.8.0_271]
	at net.minecraft.launchwrapper.Launch.launch(Launch.java:135) [launchwrapper-1.12.jar:?]
	at net.minecraft.launchwrapper.Launch.main(Launch.java:28) [launchwrapper-1.12.jar:?]
	at sun.reflect.NativeMethodAccessorImpl.invoke0(Native Method) ~[?:1.8.0_271]
	at sun.reflect.NativeMethodAccessorImpl.invoke(NativeMethodAccessorImpl.java:62) ~[?:1.8.0_271]
	at sun.reflect.DelegatingMethodAccessorImpl.invoke(DelegatingMethodAccessorImpl.java:43) ~[?:1.8.0_271]
	at java.lang.reflect.Method.invoke(Method.java:498) ~[?:1.8.0_271]
	at net.minecraftforge.gradle.GradleStartCommon.launch(GradleStartCommon.java:97) [start/:?]
	at GradleStart.main(GradleStart.java:26) [start/:?]
Caused by: java.lang.IllegalArgumentException: The string is too long for this encoding.
	at org.apache.commons.lang3.Validate.isTrue(Validate.java:155) ~[commons-lang3-3.3.2.jar:3.3.2]
	at net.minecraftforge.fml.common.network.ByteBufUtils.writeUTF8String(ByteBufUtils.java:133) ~[ByteBufUtils.class:?]
	at com.trhsy.sim.network.server.PacketSendBlueprint.toBytes(PacketSendBlueprint.java:52) ~[PacketSendBlueprint.class:?]
	at net.minecraftforge.fml.common.network.simpleimpl.SimpleIndexedCodec.encodeInto(SimpleIndexedCodec.java:11) ~[SimpleIndexedCodec.class:?]
	at net.minecraftforge.fml.common.network.simpleimpl.SimpleIndexedCodec.encodeInto(SimpleIndexedCodec.java:7) ~[SimpleIndexedCodec.class:?]
	at net.minecraftforge.fml.common.network.FMLIndexedMessageToMessageCodec.encode(FMLIndexedMessageToMessageCodec.java:54) ~[FMLIndexedMessageToMessageCodec.class:?]
	at io.netty.handler.codec.MessageToMessageCodec$1.encode(MessageToMessageCodec.java:67) ~[MessageToMessageCodec$1.class:4.0.23.Final]
	at io.netty.handler.codec.MessageToMessageEncoder.write(MessageToMessageEncoder.java:89) ~[MessageToMessageEncoder.class:4.0.23.Final]
	... 28 more
[17:56:19] [Client thread/ERROR]: SimpleChannelHandlerWrapper exception
io.netty.handler.codec.EncoderException: java.lang.IllegalArgumentException: The string is too long for this encoding.
	at io.netty.handler.codec.MessageToMessageEncoder.write(MessageToMessageEncoder.java:107) ~[MessageToMessageEncoder.class:4.0.23.Final]
	at io.netty.handler.codec.MessageToMessageCodec.write(MessageToMessageCodec.java:116) ~[MessageToMessageCodec.class:4.0.23.Final]
	at io.netty.channel.AbstractChannelHandlerContext.invokeWrite(AbstractChannelHandlerContext.java:658) ~[AbstractChannelHandlerContext.class:4.0.23.Final]
	at io.netty.channel.AbstractChannelHandlerContext.write(AbstractChannelHandlerContext.java:716) ~[AbstractChannelHandlerContext.class:4.0.23.Final]
	at io.netty.channel.AbstractChannelHandlerContext.writeAndFlush(AbstractChannelHandlerContext.java:706) ~[AbstractChannelHandlerContext.class:4.0.23.Final]
	at io.netty.channel.AbstractChannelHandlerContext.writeAndFlush(AbstractChannelHandlerContext.java:741) ~[AbstractChannelHandlerContext.class:4.0.23.Final]
	at io.netty.channel.DefaultChannelPipeline.writeAndFlush(DefaultChannelPipeline.java:895) ~[DefaultChannelPipeline.class:4.0.23.Final]
	at io.netty.channel.AbstractChannel.writeAndFlush(AbstractChannel.java:240) ~[AbstractChannel.class:4.0.23.Final]
	at net.minecraftforge.fml.common.network.simpleimpl.SimpleNetworkWrapper.sendToServer(SimpleNetworkWrapper.java:270) [SimpleNetworkWrapper.class:?]
	at com.trhsy.sim.gui.block.GuiBlockConstructorBlock.actionPerformed(GuiBlockConstructorBlock.java:570) [GuiBlockConstructorBlock.class:?]
	at net.minecraft.client.gui.GuiScreen.mouseClicked(GuiScreen.java:498) [GuiScreen.class:?]
	at net.minecraft.client.gui.GuiScreen.handleMouseInput(GuiScreen.java:617) [GuiScreen.class:?]
	at net.minecraft.client.gui.GuiScreen.handleInput(GuiScreen.java:583) [GuiScreen.class:?]
	at net.minecraft.client.Minecraft.runTick(Minecraft.java:1791) [Minecraft.class:?]
	at net.minecraft.client.Minecraft.runGameLoop(Minecraft.java:1114) [Minecraft.class:?]
	at net.minecraft.client.Minecraft.run(Minecraft.java:401) [Minecraft.class:?]
	at net.minecraft.client.main.Main.main(Main.java:118) [Main.class:?]
	at sun.reflect.NativeMethodAccessorImpl.invoke0(Native Method) ~[?:1.8.0_271]
	at sun.reflect.NativeMethodAccessorImpl.invoke(NativeMethodAccessorImpl.java:62) ~[?:1.8.0_271]
	at sun.reflect.DelegatingMethodAccessorImpl.invoke(DelegatingMethodAccessorImpl.java:43) ~[?:1.8.0_271]
	at java.lang.reflect.Method.invoke(Method.java:498) ~[?:1.8.0_271]
	at net.minecraft.launchwrapper.Launch.launch(Launch.java:135) [launchwrapper-1.12.jar:?]
	at net.minecraft.launchwrapper.Launch.main(Launch.java:28) [launchwrapper-1.12.jar:?]
	at sun.reflect.NativeMethodAccessorImpl.invoke0(Native Method) ~[?:1.8.0_271]
	at sun.reflect.NativeMethodAccessorImpl.invoke(NativeMethodAccessorImpl.java:62) ~[?:1.8.0_271]
	at sun.reflect.DelegatingMethodAccessorImpl.invoke(DelegatingMethodAccessorImpl.java:43) ~[?:1.8.0_271]
	at java.lang.reflect.Method.invoke(Method.java:498) ~[?:1.8.0_271]
	at net.minecraftforge.gradle.GradleStartCommon.launch(GradleStartCommon.java:97) [start/:?]
	at GradleStart.main(GradleStart.java:26) [start/:?]
Caused by: java.lang.IllegalArgumentException: The string is too long for this encoding.
	at org.apache.commons.lang3.Validate.isTrue(Validate.java:155) ~[commons-lang3-3.3.2.jar:3.3.2]
	at net.minecraftforge.fml.common.network.ByteBufUtils.writeUTF8String(ByteBufUtils.java:133) ~[ByteBufUtils.class:?]
	at com.trhsy.sim.network.server.PacketSendBlueprint.toBytes(PacketSendBlueprint.java:52) ~[PacketSendBlueprint.class:?]
	at net.minecraftforge.fml.common.network.simpleimpl.SimpleIndexedCodec.encodeInto(SimpleIndexedCodec.java:11) ~[SimpleIndexedCodec.class:?]
	at net.minecraftforge.fml.common.network.simpleimpl.SimpleIndexedCodec.encodeInto(SimpleIndexedCodec.java:7) ~[SimpleIndexedCodec.class:?]
	at net.minecraftforge.fml.common.network.FMLIndexedMessageToMessageCodec.encode(FMLIndexedMessageToMessageCodec.java:54) ~[FMLIndexedMessageToMessageCodec.class:?]
	at io.netty.handler.codec.MessageToMessageCodec$1.encode(MessageToMessageCodec.java:67) ~[MessageToMessageCodec$1.class:4.0.23.Final]
	at io.netty.handler.codec.MessageToMessageEncoder.write(MessageToMessageEncoder.java:89) ~[MessageToMessageEncoder.class:4.0.23.Final]
	... 28 more
[17:56:19] [Client thread/ERROR]: SimpleChannelHandlerWrapper exception
io.netty.handler.codec.EncoderException: java.lang.IllegalArgumentException: The string is too long for this encoding.
	at io.netty.handler.codec.MessageToMessageEncoder.write(MessageToMessageEncoder.java:107) ~[MessageToMessageEncoder.class:4.0.23.Final]
	at io.netty.handler.codec.MessageToMessageCodec.write(MessageToMessageCodec.java:116) ~[MessageToMessageCodec.class:4.0.23.Final]
	at io.netty.channel.AbstractChannelHandlerContext.invokeWrite(AbstractChannelHandlerContext.java:658) ~[AbstractChannelHandlerContext.class:4.0.23.Final]
	at io.netty.channel.AbstractChannelHandlerContext.write(AbstractChannelHandlerContext.java:716) ~[AbstractChannelHandlerContext.class:4.0.23.Final]
	at io.netty.channel.AbstractChannelHandlerContext.writeAndFlush(AbstractChannelHandlerContext.java:706) ~[AbstractChannelHandlerContext.class:4.0.23.Final]
	at io.netty.channel.AbstractChannelHandlerContext.writeAndFlush(AbstractChannelHandlerContext.java:741) ~[AbstractChannelHandlerContext.class:4.0.23.Final]
	at io.netty.channel.DefaultChannelPipeline.writeAndFlush(DefaultChannelPipeline.java:895) ~[DefaultChannelPipeline.class:4.0.23.Final]
	at io.netty.channel.AbstractChannel.writeAndFlush(AbstractChannel.java:240) ~[AbstractChannel.class:4.0.23.Final]
	at net.minecraftforge.fml.common.network.simpleimpl.SimpleNetworkWrapper.sendToServer(SimpleNetworkWrapper.java:270) [SimpleNetworkWrapper.class:?]
	at com.trhsy.sim.gui.block.GuiBlockConstructorBlock.actionPerformed(GuiBlockConstructorBlock.java:570) [GuiBlockConstructorBlock.class:?]
	at net.minecraft.client.gui.GuiScreen.mouseClicked(GuiScreen.java:498) [GuiScreen.class:?]
	at net.minecraft.client.gui.GuiScreen.handleMouseInput(GuiScreen.java:617) [GuiScreen.class:?]
	at net.minecraft.client.gui.GuiScreen.handleInput(GuiScreen.java:583) [GuiScreen.class:?]
	at net.minecraft.client.Minecraft.runTick(Minecraft.java:1791) [Minecraft.class:?]
	at net.minecraft.client.Minecraft.runGameLoop(Minecraft.java:1114) [Minecraft.class:?]
	at net.minecraft.client.Minecraft.run(Minecraft.java:401) [Minecraft.class:?]
	at net.minecraft.client.main.Main.main(Main.java:118) [Main.class:?]
	at sun.reflect.NativeMethodAccessorImpl.invoke0(Native Method) ~[?:1.8.0_271]
	at sun.reflect.NativeMethodAccessorImpl.invoke(NativeMethodAccessorImpl.java:62) ~[?:1.8.0_271]
	at sun.reflect.DelegatingMethodAccessorImpl.invoke(DelegatingMethodAccessorImpl.java:43) ~[?:1.8.0_271]
	at java.lang.reflect.Method.invoke(Method.java:498) ~[?:1.8.0_271]
	at net.minecraft.launchwrapper.Launch.launch(Launch.java:135) [launchwrapper-1.12.jar:?]
	at net.minecraft.launchwrapper.Launch.main(Launch.java:28) [launchwrapper-1.12.jar:?]
	at sun.reflect.NativeMethodAccessorImpl.invoke0(Native Method) ~[?:1.8.0_271]
	at sun.reflect.NativeMethodAccessorImpl.invoke(NativeMethodAccessorImpl.java:62) ~[?:1.8.0_271]
	at sun.reflect.DelegatingMethodAccessorImpl.invoke(DelegatingMethodAccessorImpl.java:43) ~[?:1.8.0_271]
	at java.lang.reflect.Method.invoke(Method.java:498) ~[?:1.8.0_271]
	at net.minecraftforge.gradle.GradleStartCommon.launch(GradleStartCommon.java:97) [start/:?]
	at GradleStart.main(GradleStart.java:26) [start/:?]
Caused by: java.lang.IllegalArgumentException: The string is too long for this encoding.
	at org.apache.commons.lang3.Validate.isTrue(Validate.java:155) ~[commons-lang3-3.3.2.jar:3.3.2]
	at net.minecraftforge.fml.common.network.ByteBufUtils.writeUTF8String(ByteBufUtils.java:133) ~[ByteBufUtils.class:?]
	at com.trhsy.sim.network.server.PacketSendBlueprint.toBytes(PacketSendBlueprint.java:52) ~[PacketSendBlueprint.class:?]
	at net.minecraftforge.fml.common.network.simpleimpl.SimpleIndexedCodec.encodeInto(SimpleIndexedCodec.java:11) ~[SimpleIndexedCodec.class:?]
	at net.minecraftforge.fml.common.network.simpleimpl.SimpleIndexedCodec.encodeInto(SimpleIndexedCodec.java:7) ~[SimpleIndexedCodec.class:?]
	at net.minecraftforge.fml.common.network.FMLIndexedMessageToMessageCodec.encode(FMLIndexedMessageToMessageCodec.java:54) ~[FMLIndexedMessageToMessageCodec.class:?]
	at io.netty.handler.codec.MessageToMessageCodec$1.encode(MessageToMessageCodec.java:67) ~[MessageToMessageCodec$1.class:4.0.23.Final]
	at io.netty.handler.codec.MessageToMessageEncoder.write(MessageToMessageEncoder.java:89) ~[MessageToMessageEncoder.class:4.0.23.Final]
	... 28 more
[17:56:19] [Client thread/ERROR]: SimpleChannelHandlerWrapper exception
io.netty.handler.codec.EncoderException: java.lang.IllegalArgumentException: The string is too long for this encoding.
	at io.netty.handler.codec.MessageToMessageEncoder.write(MessageToMessageEncoder.java:107) ~[MessageToMessageEncoder.class:4.0.23.Final]
	at io.netty.handler.codec.MessageToMessageCodec.write(MessageToMessageCodec.java:116) ~[MessageToMessageCodec.class:4.0.23.Final]
	at io.netty.channel.AbstractChannelHandlerContext.invokeWrite(AbstractChannelHandlerContext.java:658) ~[AbstractChannelHandlerContext.class:4.0.23.Final]
	at io.netty.channel.AbstractChannelHandlerContext.write(AbstractChannelHandlerContext.java:716) ~[AbstractChannelHandlerContext.class:4.0.23.Final]
	at io.netty.channel.AbstractChannelHandlerContext.writeAndFlush(AbstractChannelHandlerContext.java:706) ~[AbstractChannelHandlerContext.class:4.0.23.Final]
	at io.netty.channel.AbstractChannelHandlerContext.writeAndFlush(AbstractChannelHandlerContext.java:741) ~[AbstractChannelHandlerContext.class:4.0.23.Final]
	at io.netty.channel.DefaultChannelPipeline.writeAndFlush(DefaultChannelPipeline.java:895) ~[DefaultChannelPipeline.class:4.0.23.Final]
	at io.netty.channel.AbstractChannel.writeAndFlush(AbstractChannel.java:240) ~[AbstractChannel.class:4.0.23.Final]
	at net.minecraftforge.fml.common.network.simpleimpl.SimpleNetworkWrapper.sendToServer(SimpleNetworkWrapper.java:270) [SimpleNetworkWrapper.class:?]
	at com.trhsy.sim.gui.block.GuiBlockConstructorBlock.actionPerformed(GuiBlockConstructorBlock.java:570) [GuiBlockConstructorBlock.class:?]
	at net.minecraft.client.gui.GuiScreen.mouseClicked(GuiScreen.java:498) [GuiScreen.class:?]
	at net.minecraft.client.gui.GuiScreen.handleMouseInput(GuiScreen.java:617) [GuiScreen.class:?]
	at net.minecraft.client.gui.GuiScreen.handleInput(GuiScreen.java:583) [GuiScreen.class:?]
	at net.minecraft.client.Minecraft.runTick(Minecraft.java:1791) [Minecraft.class:?]
	at net.minecraft.client.Minecraft.runGameLoop(Minecraft.java:1114) [Minecraft.class:?]
	at net.minecraft.client.Minecraft.run(Minecraft.java:401) [Minecraft.class:?]
	at net.minecraft.client.main.Main.main(Main.java:118) [Main.class:?]
	at sun.reflect.NativeMethodAccessorImpl.invoke0(Native Method) ~[?:1.8.0_271]
	at sun.reflect.NativeMethodAccessorImpl.invoke(NativeMethodAccessorImpl.java:62) ~[?:1.8.0_271]
	at sun.reflect.DelegatingMethodAccessorImpl.invoke(DelegatingMethodAccessorImpl.java:43) ~[?:1.8.0_271]
	at java.lang.reflect.Method.invoke(Method.java:498) ~[?:1.8.0_271]
	at net.minecraft.launchwrapper.Launch.launch(Launch.java:135) [launchwrapper-1.12.jar:?]
	at net.minecraft.launchwrapper.Launch.main(Launch.java:28) [launchwrapper-1.12.jar:?]
	at sun.reflect.NativeMethodAccessorImpl.invoke0(Native Method) ~[?:1.8.0_271]
	at sun.reflect.NativeMethodAccessorImpl.invoke(NativeMethodAccessorImpl.java:62) ~[?:1.8.0_271]
	at sun.reflect.DelegatingMethodAccessorImpl.invoke(DelegatingMethodAccessorImpl.java:43) ~[?:1.8.0_271]
	at java.lang.reflect.Method.invoke(Method.java:498) ~[?:1.8.0_271]
	at net.minecraftforge.gradle.GradleStartCommon.launch(GradleStartCommon.java:97) [start/:?]
	at GradleStart.main(GradleStart.java:26) [start/:?]
Caused by: java.lang.IllegalArgumentException: The string is too long for this encoding.
	at org.apache.commons.lang3.Validate.isTrue(Validate.java:155) ~[commons-lang3-3.3.2.jar:3.3.2]
	at net.minecraftforge.fml.common.network.ByteBufUtils.writeUTF8String(ByteBufUtils.java:133) ~[ByteBufUtils.class:?]
	at com.trhsy.sim.network.server.PacketSendBlueprint.toBytes(PacketSendBlueprint.java:52) ~[PacketSendBlueprint.class:?]
	at net.minecraftforge.fml.common.network.simpleimpl.SimpleIndexedCodec.encodeInto(SimpleIndexedCodec.java:11) ~[SimpleIndexedCodec.class:?]
	at net.minecraftforge.fml.common.network.simpleimpl.SimpleIndexedCodec.encodeInto(SimpleIndexedCodec.java:7) ~[SimpleIndexedCodec.class:?]
	at net.minecraftforge.fml.common.network.FMLIndexedMessageToMessageCodec.encode(FMLIndexedMessageToMessageCodec.java:54) ~[FMLIndexedMessageToMessageCodec.class:?]
	at io.netty.handler.codec.MessageToMessageCodec$1.encode(MessageToMessageCodec.java:67) ~[MessageToMessageCodec$1.class:4.0.23.Final]
	at io.netty.handler.codec.MessageToMessageEncoder.write(MessageToMessageEncoder.java:89) ~[MessageToMessageEncoder.class:4.0.23.Final]
	... 28 more
[17:56:19] [Client thread/ERROR]: SimpleChannelHandlerWrapper exception
io.netty.handler.codec.EncoderException: java.lang.IllegalArgumentException: The string is too long for this encoding.
	at io.netty.handler.codec.MessageToMessageEncoder.write(MessageToMessageEncoder.java:107) ~[MessageToMessageEncoder.class:4.0.23.Final]
	at io.netty.handler.codec.MessageToMessageCodec.write(MessageToMessageCodec.java:116) ~[MessageToMessageCodec.class:4.0.23.Final]
	at io.netty.channel.AbstractChannelHandlerContext.invokeWrite(AbstractChannelHandlerContext.java:658) ~[AbstractChannelHandlerContext.class:4.0.23.Final]
	at io.netty.channel.AbstractChannelHandlerContext.write(AbstractChannelHandlerContext.java:716) ~[AbstractChannelHandlerContext.class:4.0.23.Final]
	at io.netty.channel.AbstractChannelHandlerContext.writeAndFlush(AbstractChannelHandlerContext.java:706) ~[AbstractChannelHandlerContext.class:4.0.23.Final]
	at io.netty.channel.AbstractChannelHandlerContext.writeAndFlush(AbstractChannelHandlerContext.java:741) ~[AbstractChannelHandlerContext.class:4.0.23.Final]
	at io.netty.channel.DefaultChannelPipeline.writeAndFlush(DefaultChannelPipeline.java:895) ~[DefaultChannelPipeline.class:4.0.23.Final]
	at io.netty.channel.AbstractChannel.writeAndFlush(AbstractChannel.java:240) ~[AbstractChannel.class:4.0.23.Final]
	at net.minecraftforge.fml.common.network.simpleimpl.SimpleNetworkWrapper.sendToServer(SimpleNetworkWrapper.java:270) [SimpleNetworkWrapper.class:?]
	at com.trhsy.sim.gui.block.GuiBlockConstructorBlock.actionPerformed(GuiBlockConstructorBlock.java:570) [GuiBlockConstructorBlock.class:?]
	at net.minecraft.client.gui.GuiScreen.mouseClicked(GuiScreen.java:498) [GuiScreen.class:?]
	at net.minecraft.client.gui.GuiScreen.handleMouseInput(GuiScreen.java:617) [GuiScreen.class:?]
	at net.minecraft.client.gui.GuiScreen.handleInput(GuiScreen.java:583) [GuiScreen.class:?]
	at net.minecraft.client.Minecraft.runTick(Minecraft.java:1791) [Minecraft.class:?]
	at net.minecraft.client.Minecraft.runGameLoop(Minecraft.java:1114) [Minecraft.class:?]
	at net.minecraft.client.Minecraft.run(Minecraft.java:401) [Minecraft.class:?]
	at net.minecraft.client.main.Main.main(Main.java:118) [Main.class:?]
	at sun.reflect.NativeMethodAccessorImpl.invoke0(Native Method) ~[?:1.8.0_271]
	at sun.reflect.NativeMethodAccessorImpl.invoke(NativeMethodAccessorImpl.java:62) ~[?:1.8.0_271]
	at sun.reflect.DelegatingMethodAccessorImpl.invoke(DelegatingMethodAccessorImpl.java:43) ~[?:1.8.0_271]
	at java.lang.reflect.Method.invoke(Method.java:498) ~[?:1.8.0_271]
	at net.minecraft.launchwrapper.Launch.launch(Launch.java:135) [launchwrapper-1.12.jar:?]
	at net.minecraft.launchwrapper.Launch.main(Launch.java:28) [launchwrapper-1.12.jar:?]
	at sun.reflect.NativeMethodAccessorImpl.invoke0(Native Method) ~[?:1.8.0_271]
	at sun.reflect.NativeMethodAccessorImpl.invoke(NativeMethodAccessorImpl.java:62) ~[?:1.8.0_271]
	at sun.reflect.DelegatingMethodAccessorImpl.invoke(DelegatingMethodAccessorImpl.java:43) ~[?:1.8.0_271]
	at java.lang.reflect.Method.invoke(Method.java:498) ~[?:1.8.0_271]
	at net.minecraftforge.gradle.GradleStartCommon.launch(GradleStartCommon.java:97) [start/:?]
	at GradleStart.main(GradleStart.java:26) [start/:?]
Caused by: java.lang.IllegalArgumentException: The string is too long for this encoding.
	at org.apache.commons.lang3.Validate.isTrue(Validate.java:155) ~[commons-lang3-3.3.2.jar:3.3.2]
	at net.minecraftforge.fml.common.network.ByteBufUtils.writeUTF8String(ByteBufUtils.java:133) ~[ByteBufUtils.class:?]
	at com.trhsy.sim.network.server.PacketSendBlueprint.toBytes(PacketSendBlueprint.java:52) ~[PacketSendBlueprint.class:?]
	at net.minecraftforge.fml.common.network.simpleimpl.SimpleIndexedCodec.encodeInto(SimpleIndexedCodec.java:11) ~[SimpleIndexedCodec.class:?]
	at net.minecraftforge.fml.common.network.simpleimpl.SimpleIndexedCodec.encodeInto(SimpleIndexedCodec.java:7) ~[SimpleIndexedCodec.class:?]
	at net.minecraftforge.fml.common.network.FMLIndexedMessageToMessageCodec.encode(FMLIndexedMessageToMessageCodec.java:54) ~[FMLIndexedMessageToMessageCodec.class:?]
	at io.netty.handler.codec.MessageToMessageCodec$1.encode(MessageToMessageCodec.java:67) ~[MessageToMessageCodec$1.class:4.0.23.Final]
	at io.netty.handler.codec.MessageToMessageEncoder.write(MessageToMessageEncoder.java:89) ~[MessageToMessageEncoder.class:4.0.23.Final]
	... 28 more
[17:56:19] [Client thread/ERROR]: SimpleChannelHandlerWrapper exception
io.netty.handler.codec.EncoderException: java.lang.IllegalArgumentException: The string is too long for this encoding.
	at io.netty.handler.codec.MessageToMessageEncoder.write(MessageToMessageEncoder.java:107) ~[MessageToMessageEncoder.class:4.0.23.Final]
	at io.netty.handler.codec.MessageToMessageCodec.write(MessageToMessageCodec.java:116) ~[MessageToMessageCodec.class:4.0.23.Final]
	at io.netty.channel.AbstractChannelHandlerContext.invokeWrite(AbstractChannelHandlerContext.java:658) ~[AbstractChannelHandlerContext.class:4.0.23.Final]
	at io.netty.channel.AbstractChannelHandlerContext.write(AbstractChannelHandlerContext.java:716) ~[AbstractChannelHandlerContext.class:4.0.23.Final]
	at io.netty.channel.AbstractChannelHandlerContext.writeAndFlush(AbstractChannelHandlerContext.java:706) ~[AbstractChannelHandlerContext.class:4.0.23.Final]
	at io.netty.channel.AbstractChannelHandlerContext.writeAndFlush(AbstractChannelHandlerContext.java:741) ~[AbstractChannelHandlerContext.class:4.0.23.Final]
	at io.netty.channel.DefaultChannelPipeline.writeAndFlush(DefaultChannelPipeline.java:895) ~[DefaultChannelPipeline.class:4.0.23.Final]
	at io.netty.channel.AbstractChannel.writeAndFlush(AbstractChannel.java:240) ~[AbstractChannel.class:4.0.23.Final]
	at net.minecraftforge.fml.common.network.simpleimpl.SimpleNetworkWrapper.sendToServer(SimpleNetworkWrapper.java:270) [SimpleNetworkWrapper.class:?]
	at com.trhsy.sim.gui.block.GuiBlockConstructorBlock.actionPerformed(GuiBlockConstructorBlock.java:570) [GuiBlockConstructorBlock.class:?]
	at net.minecraft.client.gui.GuiScreen.mouseClicked(GuiScreen.java:498) [GuiScreen.class:?]
	at net.minecraft.client.gui.GuiScreen.handleMouseInput(GuiScreen.java:617) [GuiScreen.class:?]
	at net.minecraft.client.gui.GuiScreen.handleInput(GuiScreen.java:583) [GuiScreen.class:?]
	at net.minecraft.client.Minecraft.runTick(Minecraft.java:1791) [Minecraft.class:?]
	at net.minecraft.client.Minecraft.runGameLoop(Minecraft.java:1114) [Minecraft.class:?]
	at net.minecraft.client.Minecraft.run(Minecraft.java:401) [Minecraft.class:?]
	at net.minecraft.client.main.Main.main(Main.java:118) [Main.class:?]
	at sun.reflect.NativeMethodAccessorImpl.invoke0(Native Method) ~[?:1.8.0_271]
	at sun.reflect.NativeMethodAccessorImpl.invoke(NativeMethodAccessorImpl.java:62) ~[?:1.8.0_271]
	at sun.reflect.DelegatingMethodAccessorImpl.invoke(DelegatingMethodAccessorImpl.java:43) ~[?:1.8.0_271]
	at java.lang.reflect.Method.invoke(Method.java:498) ~[?:1.8.0_271]
	at net.minecraft.launchwrapper.Launch.launch(Launch.java:135) [launchwrapper-1.12.jar:?]
	at net.minecraft.launchwrapper.Launch.main(Launch.java:28) [launchwrapper-1.12.jar:?]
	at sun.reflect.NativeMethodAccessorImpl.invoke0(Native Method) ~[?:1.8.0_271]
	at sun.reflect.NativeMethodAccessorImpl.invoke(NativeMethodAccessorImpl.java:62) ~[?:1.8.0_271]
	at sun.reflect.DelegatingMethodAccessorImpl.invoke(DelegatingMethodAccessorImpl.java:43) ~[?:1.8.0_271]
	at java.lang.reflect.Method.invoke(Method.java:498) ~[?:1.8.0_271]
	at net.minecraftforge.gradle.GradleStartCommon.launch(GradleStartCommon.java:97) [start/:?]
	at GradleStart.main(GradleStart.java:26) [start/:?]
Caused by: java.lang.IllegalArgumentException: The string is too long for this encoding.
	at org.apache.commons.lang3.Validate.isTrue(Validate.java:155) ~[commons-lang3-3.3.2.jar:3.3.2]
	at net.minecraftforge.fml.common.network.ByteBufUtils.writeUTF8String(ByteBufUtils.java:133) ~[ByteBufUtils.class:?]
	at com.trhsy.sim.network.server.PacketSendBlueprint.toBytes(PacketSendBlueprint.java:52) ~[PacketSendBlueprint.class:?]
	at net.minecraftforge.fml.common.network.simpleimpl.SimpleIndexedCodec.encodeInto(SimpleIndexedCodec.java:11) ~[SimpleIndexedCodec.class:?]
	at net.minecraftforge.fml.common.network.simpleimpl.SimpleIndexedCodec.encodeInto(SimpleIndexedCodec.java:7) ~[SimpleIndexedCodec.class:?]
	at net.minecraftforge.fml.common.network.FMLIndexedMessageToMessageCodec.encode(FMLIndexedMessageToMessageCodec.java:54) ~[FMLIndexedMessageToMessageCodec.class:?]
	at io.netty.handler.codec.MessageToMessageCodec$1.encode(MessageToMessageCodec.java:67) ~[MessageToMessageCodec$1.class:4.0.23.Final]
	at io.netty.handler.codec.MessageToMessageEncoder.write(MessageToMessageEncoder.java:89) ~[MessageToMessageEncoder.class:4.0.23.Final]
	... 28 more
[17:56:19] [Client thread/ERROR]: SimpleChannelHandlerWrapper exception
io.netty.handler.codec.EncoderException: java.lang.IllegalArgumentException: The string is too long for this encoding.
	at io.netty.handler.codec.MessageToMessageEncoder.write(MessageToMessageEncoder.java:107) ~[MessageToMessageEncoder.class:4.0.23.Final]
	at io.netty.handler.codec.MessageToMessageCodec.write(MessageToMessageCodec.java:116) ~[MessageToMessageCodec.class:4.0.23.Final]
	at io.netty.channel.AbstractChannelHandlerContext.invokeWrite(AbstractChannelHandlerContext.java:658) ~[AbstractChannelHandlerContext.class:4.0.23.Final]
	at io.netty.channel.AbstractChannelHandlerContext.write(AbstractChannelHandlerContext.java:716) ~[AbstractChannelHandlerContext.class:4.0.23.Final]
	at io.netty.channel.AbstractChannelHandlerContext.writeAndFlush(AbstractChannelHandlerContext.java:706) ~[AbstractChannelHandlerContext.class:4.0.23.Final]
	at io.netty.channel.AbstractChannelHandlerContext.writeAndFlush(AbstractChannelHandlerContext.java:741) ~[AbstractChannelHandlerContext.class:4.0.23.Final]
	at io.netty.channel.DefaultChannelPipeline.writeAndFlush(DefaultChannelPipeline.java:895) ~[DefaultChannelPipeline.class:4.0.23.Final]
	at io.netty.channel.AbstractChannel.writeAndFlush(AbstractChannel.java:240) ~[AbstractChannel.class:4.0.23.Final]
	at net.minecraftforge.fml.common.network.simpleimpl.SimpleNetworkWrapper.sendToServer(SimpleNetworkWrapper.java:270) [SimpleNetworkWrapper.class:?]
	at com.trhsy.sim.gui.block.GuiBlockConstructorBlock.actionPerformed(GuiBlockConstructorBlock.java:570) [GuiBlockConstructorBlock.class:?]
	at net.minecraft.client.gui.GuiScreen.mouseClicked(GuiScreen.java:498) [GuiScreen.class:?]
	at net.minecraft.client.gui.GuiScreen.handleMouseInput(GuiScreen.java:617) [GuiScreen.class:?]
	at net.minecraft.client.gui.GuiScreen.handleInput(GuiScreen.java:583) [GuiScreen.class:?]
	at net.minecraft.client.Minecraft.runTick(Minecraft.java:1791) [Minecraft.class:?]
	at net.minecraft.client.Minecraft.runGameLoop(Minecraft.java:1114) [Minecraft.class:?]
	at net.minecraft.client.Minecraft.run(Minecraft.java:401) [Minecraft.class:?]
	at net.minecraft.client.main.Main.main(Main.java:118) [Main.class:?]
	at sun.reflect.NativeMethodAccessorImpl.invoke0(Native Method) ~[?:1.8.0_271]
	at sun.reflect.NativeMethodAccessorImpl.invoke(NativeMethodAccessorImpl.java:62) ~[?:1.8.0_271]
	at sun.reflect.DelegatingMethodAccessorImpl.invoke(DelegatingMethodAccessorImpl.java:43) ~[?:1.8.0_271]
	at java.lang.reflect.Method.invoke(Method.java:498) ~[?:1.8.0_271]
	at net.minecraft.launchwrapper.Launch.launch(Launch.java:135) [launchwrapper-1.12.jar:?]
	at net.minecraft.launchwrapper.Launch.main(Launch.java:28) [launchwrapper-1.12.jar:?]
	at sun.reflect.NativeMethodAccessorImpl.invoke0(Native Method) ~[?:1.8.0_271]
	at sun.reflect.NativeMethodAccessorImpl.invoke(NativeMethodAccessorImpl.java:62) ~[?:1.8.0_271]
	at sun.reflect.DelegatingMethodAccessorImpl.invoke(DelegatingMethodAccessorImpl.java:43) ~[?:1.8.0_271]
	at java.lang.reflect.Method.invoke(Method.java:498) ~[?:1.8.0_271]
	at net.minecraftforge.gradle.GradleStartCommon.launch(GradleStartCommon.java:97) [start/:?]
	at GradleStart.main(GradleStart.java:26) [start/:?]
Caused by: java.lang.IllegalArgumentException: The string is too long for this encoding.
	at org.apache.commons.lang3.Validate.isTrue(Validate.java:155) ~[commons-lang3-3.3.2.jar:3.3.2]
	at net.minecraftforge.fml.common.network.ByteBufUtils.writeUTF8String(ByteBufUtils.java:133) ~[ByteBufUtils.class:?]
	at com.trhsy.sim.network.server.PacketSendBlueprint.toBytes(PacketSendBlueprint.java:52) ~[PacketSendBlueprint.class:?]
	at net.minecraftforge.fml.common.network.simpleimpl.SimpleIndexedCodec.encodeInto(SimpleIndexedCodec.java:11) ~[SimpleIndexedCodec.class:?]
	at net.minecraftforge.fml.common.network.simpleimpl.SimpleIndexedCodec.encodeInto(SimpleIndexedCodec.java:7) ~[SimpleIndexedCodec.class:?]
	at net.minecraftforge.fml.common.network.FMLIndexedMessageToMessageCodec.encode(FMLIndexedMessageToMessageCodec.java:54) ~[FMLIndexedMessageToMessageCodec.class:?]
	at io.netty.handler.codec.MessageToMessageCodec$1.encode(MessageToMessageCodec.java:67) ~[MessageToMessageCodec$1.class:4.0.23.Final]
	at io.netty.handler.codec.MessageToMessageEncoder.write(MessageToMessageEncoder.java:89) ~[MessageToMessageEncoder.class:4.0.23.Final]
	... 28 more
[17:56:19] [Client thread/ERROR]: SimpleChannelHandlerWrapper exception
io.netty.handler.codec.EncoderException: java.lang.IllegalArgumentException: The string is too long for this encoding.
	at io.netty.handler.codec.MessageToMessageEncoder.write(MessageToMessageEncoder.java:107) ~[MessageToMessageEncoder.class:4.0.23.Final]
	at io.netty.handler.codec.MessageToMessageCodec.write(MessageToMessageCodec.java:116) ~[MessageToMessageCodec.class:4.0.23.Final]
	at io.netty.channel.AbstractChannelHandlerContext.invokeWrite(AbstractChannelHandlerContext.java:658) ~[AbstractChannelHandlerContext.class:4.0.23.Final]
	at io.netty.channel.AbstractChannelHandlerContext.write(AbstractChannelHandlerContext.java:716) ~[AbstractChannelHandlerContext.class:4.0.23.Final]
	at io.netty.channel.AbstractChannelHandlerContext.writeAndFlush(AbstractChannelHandlerContext.java:706) ~[AbstractChannelHandlerContext.class:4.0.23.Final]
	at io.netty.channel.AbstractChannelHandlerContext.writeAndFlush(AbstractChannelHandlerContext.java:741) ~[AbstractChannelHandlerContext.class:4.0.23.Final]
	at io.netty.channel.DefaultChannelPipeline.writeAndFlush(DefaultChannelPipeline.java:895) ~[DefaultChannelPipeline.class:4.0.23.Final]
	at io.netty.channel.AbstractChannel.writeAndFlush(AbstractChannel.java:240) ~[AbstractChannel.class:4.0.23.Final]
	at net.minecraftforge.fml.common.network.simpleimpl.SimpleNetworkWrapper.sendToServer(SimpleNetworkWrapper.java:270) [SimpleNetworkWrapper.class:?]
	at com.trhsy.sim.gui.block.GuiBlockConstructorBlock.actionPerformed(GuiBlockConstructorBlock.java:570) [GuiBlockConstructorBlock.class:?]
	at net.minecraft.client.gui.GuiScreen.mouseClicked(GuiScreen.java:498) [GuiScreen.class:?]
	at net.minecraft.client.gui.GuiScreen.handleMouseInput(GuiScreen.java:617) [GuiScreen.class:?]
	at net.minecraft.client.gui.GuiScreen.handleInput(GuiScreen.java:583) [GuiScreen.class:?]
	at net.minecraft.client.Minecraft.runTick(Minecraft.java:1791) [Minecraft.class:?]
	at net.minecraft.client.Minecraft.runGameLoop(Minecraft.java:1114) [Minecraft.class:?]
	at net.minecraft.client.Minecraft.run(Minecraft.java:401) [Minecraft.class:?]
	at net.minecraft.client.main.Main.main(Main.java:118) [Main.class:?]
	at sun.reflect.NativeMethodAccessorImpl.invoke0(Native Method) ~[?:1.8.0_271]
	at sun.reflect.NativeMethodAccessorImpl.invoke(NativeMethodAccessorImpl.java:62) ~[?:1.8.0_271]
	at sun.reflect.DelegatingMethodAccessorImpl.invoke(DelegatingMethodAccessorImpl.java:43) ~[?:1.8.0_271]
	at java.lang.reflect.Method.invoke(Method.java:498) ~[?:1.8.0_271]
	at net.minecraft.launchwrapper.Launch.launch(Launch.java:135) [launchwrapper-1.12.jar:?]
	at net.minecraft.launchwrapper.Launch.main(Launch.java:28) [launchwrapper-1.12.jar:?]
	at sun.reflect.NativeMethodAccessorImpl.invoke0(Native Method) ~[?:1.8.0_271]
	at sun.reflect.NativeMethodAccessorImpl.invoke(NativeMethodAccessorImpl.java:62) ~[?:1.8.0_271]
	at sun.reflect.DelegatingMethodAccessorImpl.invoke(DelegatingMethodAccessorImpl.java:43) ~[?:1.8.0_271]
	at java.lang.reflect.Method.invoke(Method.java:498) ~[?:1.8.0_271]
	at net.minecraftforge.gradle.GradleStartCommon.launch(GradleStartCommon.java:97) [start/:?]
	at GradleStart.main(GradleStart.java:26) [start/:?]
Caused by: java.lang.IllegalArgumentException: The string is too long for this encoding.
	at org.apache.commons.lang3.Validate.isTrue(Validate.java:155) ~[commons-lang3-3.3.2.jar:3.3.2]
	at net.minecraftforge.fml.common.network.ByteBufUtils.writeUTF8String(ByteBufUtils.java:133) ~[ByteBufUtils.class:?]
	at com.trhsy.sim.network.server.PacketSendBlueprint.toBytes(PacketSendBlueprint.java:52) ~[PacketSendBlueprint.class:?]
	at net.minecraftforge.fml.common.network.simpleimpl.SimpleIndexedCodec.encodeInto(SimpleIndexedCodec.java:11) ~[SimpleIndexedCodec.class:?]
	at net.minecraftforge.fml.common.network.simpleimpl.SimpleIndexedCodec.encodeInto(SimpleIndexedCodec.java:7) ~[SimpleIndexedCodec.class:?]
	at net.minecraftforge.fml.common.network.FMLIndexedMessageToMessageCodec.encode(FMLIndexedMessageToMessageCodec.java:54) ~[FMLIndexedMessageToMessageCodec.class:?]
	at io.netty.handler.codec.MessageToMessageCodec$1.encode(MessageToMessageCodec.java:67) ~[MessageToMessageCodec$1.class:4.0.23.Final]
	at io.netty.handler.codec.MessageToMessageEncoder.write(MessageToMessageEncoder.java:89) ~[MessageToMessageEncoder.class:4.0.23.Final]
	... 28 more
[17:56:19] [Client thread/ERROR]: SimpleChannelHandlerWrapper exception
io.netty.handler.codec.EncoderException: java.lang.IllegalArgumentException: The string is too long for this encoding.
	at io.netty.handler.codec.MessageToMessageEncoder.write(MessageToMessageEncoder.java:107) ~[MessageToMessageEncoder.class:4.0.23.Final]
	at io.netty.handler.codec.MessageToMessageCodec.write(MessageToMessageCodec.java:116) ~[MessageToMessageCodec.class:4.0.23.Final]
	at io.netty.channel.AbstractChannelHandlerContext.invokeWrite(AbstractChannelHandlerContext.java:658) ~[AbstractChannelHandlerContext.class:4.0.23.Final]
	at io.netty.channel.AbstractChannelHandlerContext.write(AbstractChannelHandlerContext.java:716) ~[AbstractChannelHandlerContext.class:4.0.23.Final]
	at io.netty.channel.AbstractChannelHandlerContext.writeAndFlush(AbstractChannelHandlerContext.java:706) ~[AbstractChannelHandlerContext.class:4.0.23.Final]
	at io.netty.channel.AbstractChannelHandlerContext.writeAndFlush(AbstractChannelHandlerContext.java:741) ~[AbstractChannelHandlerContext.class:4.0.23.Final]
	at io.netty.channel.DefaultChannelPipeline.writeAndFlush(DefaultChannelPipeline.java:895) ~[DefaultChannelPipeline.class:4.0.23.Final]
	at io.netty.channel.AbstractChannel.writeAndFlush(AbstractChannel.java:240) ~[AbstractChannel.class:4.0.23.Final]
	at net.minecraftforge.fml.common.network.simpleimpl.SimpleNetworkWrapper.sendToServer(SimpleNetworkWrapper.java:270) [SimpleNetworkWrapper.class:?]
	at com.trhsy.sim.gui.block.GuiBlockConstructorBlock.actionPerformed(GuiBlockConstructorBlock.java:570) [GuiBlockConstructorBlock.class:?]
	at net.minecraft.client.gui.GuiScreen.mouseClicked(GuiScreen.java:498) [GuiScreen.class:?]
	at net.minecraft.client.gui.GuiScreen.handleMouseInput(GuiScreen.java:617) [GuiScreen.class:?]
	at net.minecraft.client.gui.GuiScreen.handleInput(GuiScreen.java:583) [GuiScreen.class:?]
	at net.minecraft.client.Minecraft.runTick(Minecraft.java:1791) [Minecraft.class:?]
	at net.minecraft.client.Minecraft.runGameLoop(Minecraft.java:1114) [Minecraft.class:?]
	at net.minecraft.client.Minecraft.run(Minecraft.java:401) [Minecraft.class:?]
	at net.minecraft.client.main.Main.main(Main.java:118) [Main.class:?]
	at sun.reflect.NativeMethodAccessorImpl.invoke0(Native Method) ~[?:1.8.0_271]
	at sun.reflect.NativeMethodAccessorImpl.invoke(NativeMethodAccessorImpl.java:62) ~[?:1.8.0_271]
	at sun.reflect.DelegatingMethodAccessorImpl.invoke(DelegatingMethodAccessorImpl.java:43) ~[?:1.8.0_271]
	at java.lang.reflect.Method.invoke(Method.java:498) ~[?:1.8.0_271]
	at net.minecraft.launchwrapper.Launch.launch(Launch.java:135) [launchwrapper-1.12.jar:?]
	at net.minecraft.launchwrapper.Launch.main(Launch.java:28) [launchwrapper-1.12.jar:?]
	at sun.reflect.NativeMethodAccessorImpl.invoke0(Native Method) ~[?:1.8.0_271]
	at sun.reflect.NativeMethodAccessorImpl.invoke(NativeMethodAccessorImpl.java:62) ~[?:1.8.0_271]
	at sun.reflect.DelegatingMethodAccessorImpl.invoke(DelegatingMethodAccessorImpl.java:43) ~[?:1.8.0_271]
	at java.lang.reflect.Method.invoke(Method.java:498) ~[?:1.8.0_271]
	at net.minecraftforge.gradle.GradleStartCommon.launch(GradleStartCommon.java:97) [start/:?]
	at GradleStart.main(GradleStart.java:26) [start/:?]
Caused by: java.lang.IllegalArgumentException: The string is too long for this encoding.
	at org.apache.commons.lang3.Validate.isTrue(Validate.java:155) ~[commons-lang3-3.3.2.jar:3.3.2]
	at net.minecraftforge.fml.common.network.ByteBufUtils.writeUTF8String(ByteBufUtils.java:133) ~[ByteBufUtils.class:?]
	at com.trhsy.sim.network.server.PacketSendBlueprint.toBytes(PacketSendBlueprint.java:52) ~[PacketSendBlueprint.class:?]
	at net.minecraftforge.fml.common.network.simpleimpl.SimpleIndexedCodec.encodeInto(SimpleIndexedCodec.java:11) ~[SimpleIndexedCodec.class:?]
	at net.minecraftforge.fml.common.network.simpleimpl.SimpleIndexedCodec.encodeInto(SimpleIndexedCodec.java:7) ~[SimpleIndexedCodec.class:?]
	at net.minecraftforge.fml.common.network.FMLIndexedMessageToMessageCodec.encode(FMLIndexedMessageToMessageCodec.java:54) ~[FMLIndexedMessageToMessageCodec.class:?]
	at io.netty.handler.codec.MessageToMessageCodec$1.encode(MessageToMessageCodec.java:67) ~[MessageToMessageCodec$1.class:4.0.23.Final]
	at io.netty.handler.codec.MessageToMessageEncoder.write(MessageToMessageEncoder.java:89) ~[MessageToMessageEncoder.class:4.0.23.Final]
	... 28 more
[17:56:19] [Client thread/ERROR]: SimpleChannelHandlerWrapper exception
io.netty.handler.codec.EncoderException: java.lang.IllegalArgumentException: The string is too long for this encoding.
	at io.netty.handler.codec.MessageToMessageEncoder.write(MessageToMessageEncoder.java:107) ~[MessageToMessageEncoder.class:4.0.23.Final]
	at io.netty.handler.codec.MessageToMessageCodec.write(MessageToMessageCodec.java:116) ~[MessageToMessageCodec.class:4.0.23.Final]
	at io.netty.channel.AbstractChannelHandlerContext.invokeWrite(AbstractChannelHandlerContext.java:658) ~[AbstractChannelHandlerContext.class:4.0.23.Final]
	at io.netty.channel.AbstractChannelHandlerContext.write(AbstractChannelHandlerContext.java:716) ~[AbstractChannelHandlerContext.class:4.0.23.Final]
	at io.netty.channel.AbstractChannelHandlerContext.writeAndFlush(AbstractChannelHandlerContext.java:706) ~[AbstractChannelHandlerContext.class:4.0.23.Final]
	at io.netty.channel.AbstractChannelHandlerContext.writeAndFlush(AbstractChannelHandlerContext.java:741) ~[AbstractChannelHandlerContext.class:4.0.23.Final]
	at io.netty.channel.DefaultChannelPipeline.writeAndFlush(DefaultChannelPipeline.java:895) ~[DefaultChannelPipeline.class:4.0.23.Final]
	at io.netty.channel.AbstractChannel.writeAndFlush(AbstractChannel.java:240) ~[AbstractChannel.class:4.0.23.Final]
	at net.minecraftforge.fml.common.network.simpleimpl.SimpleNetworkWrapper.sendToServer(SimpleNetworkWrapper.java:270) [SimpleNetworkWrapper.class:?]
	at com.trhsy.sim.gui.block.GuiBlockConstructorBlock.actionPerformed(GuiBlockConstructorBlock.java:570) [GuiBlockConstructorBlock.class:?]
	at net.minecraft.client.gui.GuiScreen.mouseClicked(GuiScreen.java:498) [GuiScreen.class:?]
	at net.minecraft.client.gui.GuiScreen.handleMouseInput(GuiScreen.java:617) [GuiScreen.class:?]
	at net.minecraft.client.gui.GuiScreen.handleInput(GuiScreen.java:583) [GuiScreen.class:?]
	at net.minecraft.client.Minecraft.runTick(Minecraft.java:1791) [Minecraft.class:?]
	at net.minecraft.client.Minecraft.runGameLoop(Minecraft.java:1114) [Minecraft.class:?]
	at net.minecraft.client.Minecraft.run(Minecraft.java:401) [Minecraft.class:?]
	at net.minecraft.client.main.Main.main(Main.java:118) [Main.class:?]
	at sun.reflect.NativeMethodAccessorImpl.invoke0(Native Method) ~[?:1.8.0_271]
	at sun.reflect.NativeMethodAccessorImpl.invoke(NativeMethodAccessorImpl.java:62) ~[?:1.8.0_271]
	at sun.reflect.DelegatingMethodAccessorImpl.invoke(DelegatingMethodAccessorImpl.java:43) ~[?:1.8.0_271]
	at java.lang.reflect.Method.invoke(Method.java:498) ~[?:1.8.0_271]
	at net.minecraft.launchwrapper.Launch.launch(Launch.java:135) [launchwrapper-1.12.jar:?]
	at net.minecraft.launchwrapper.Launch.main(Launch.java:28) [launchwrapper-1.12.jar:?]
	at sun.reflect.NativeMethodAccessorImpl.invoke0(Native Method) ~[?:1.8.0_271]
	at sun.reflect.NativeMethodAccessorImpl.invoke(NativeMethodAccessorImpl.java:62) ~[?:1.8.0_271]
	at sun.reflect.DelegatingMethodAccessorImpl.invoke(DelegatingMethodAccessorImpl.java:43) ~[?:1.8.0_271]
	at java.lang.reflect.Method.invoke(Method.java:498) ~[?:1.8.0_271]
	at net.minecraftforge.gradle.GradleStartCommon.launch(GradleStartCommon.java:97) [start/:?]
	at GradleStart.main(GradleStart.java:26) [start/:?]
Caused by: java.lang.IllegalArgumentException: The string is too long for this encoding.
	at org.apache.commons.lang3.Validate.isTrue(Validate.java:155) ~[commons-lang3-3.3.2.jar:3.3.2]
	at net.minecraftforge.fml.common.network.ByteBufUtils.writeUTF8String(ByteBufUtils.java:133) ~[ByteBufUtils.class:?]
	at com.trhsy.sim.network.server.PacketSendBlueprint.toBytes(PacketSendBlueprint.java:52) ~[PacketSendBlueprint.class:?]
	at net.minecraftforge.fml.common.network.simpleimpl.SimpleIndexedCodec.encodeInto(SimpleIndexedCodec.java:11) ~[SimpleIndexedCodec.class:?]
	at net.minecraftforge.fml.common.network.simpleimpl.SimpleIndexedCodec.encodeInto(SimpleIndexedCodec.java:7) ~[SimpleIndexedCodec.class:?]
	at net.minecraftforge.fml.common.network.FMLIndexedMessageToMessageCodec.encode(FMLIndexedMessageToMessageCodec.java:54) ~[FMLIndexedMessageToMessageCodec.class:?]
	at io.netty.handler.codec.MessageToMessageCodec$1.encode(MessageToMessageCodec.java:67) ~[MessageToMessageCodec$1.class:4.0.23.Final]
	at io.netty.handler.codec.MessageToMessageEncoder.write(MessageToMessageEncoder.java:89) ~[MessageToMessageEncoder.class:4.0.23.Final]
	... 28 more
[17:56:19] [Client thread/ERROR]: SimpleChannelHandlerWrapper exception
io.netty.handler.codec.EncoderException: java.lang.IllegalArgumentException: The string is too long for this encoding.
	at io.netty.handler.codec.MessageToMessageEncoder.write(MessageToMessageEncoder.java:107) ~[MessageToMessageEncoder.class:4.0.23.Final]
	at io.netty.handler.codec.MessageToMessageCodec.write(MessageToMessageCodec.java:116) ~[MessageToMessageCodec.class:4.0.23.Final]
	at io.netty.channel.AbstractChannelHandlerContext.invokeWrite(AbstractChannelHandlerContext.java:658) ~[AbstractChannelHandlerContext.class:4.0.23.Final]
	at io.netty.channel.AbstractChannelHandlerContext.write(AbstractChannelHandlerContext.java:716) ~[AbstractChannelHandlerContext.class:4.0.23.Final]
	at io.netty.channel.AbstractChannelHandlerContext.writeAndFlush(AbstractChannelHandlerContext.java:706) ~[AbstractChannelHandlerContext.class:4.0.23.Final]
	at io.netty.channel.AbstractChannelHandlerContext.writeAndFlush(AbstractChannelHandlerContext.java:741) ~[AbstractChannelHandlerContext.class:4.0.23.Final]
	at io.netty.channel.DefaultChannelPipeline.writeAndFlush(DefaultChannelPipeline.java:895) ~[DefaultChannelPipeline.class:4.0.23.Final]
	at io.netty.channel.AbstractChannel.writeAndFlush(AbstractChannel.java:240) ~[AbstractChannel.class:4.0.23.Final]
	at net.minecraftforge.fml.common.network.simpleimpl.SimpleNetworkWrapper.sendToServer(SimpleNetworkWrapper.java:270) [SimpleNetworkWrapper.class:?]
	at com.trhsy.sim.gui.block.GuiBlockConstructorBlock.actionPerformed(GuiBlockConstructorBlock.java:570) [GuiBlockConstructorBlock.class:?]
	at net.minecraft.client.gui.GuiScreen.mouseClicked(GuiScreen.java:498) [GuiScreen.class:?]
	at net.minecraft.client.gui.GuiScreen.handleMouseInput(GuiScreen.java:617) [GuiScreen.class:?]
	at net.minecraft.client.gui.GuiScreen.handleInput(GuiScreen.java:583) [GuiScreen.class:?]
	at net.minecraft.client.Minecraft.runTick(Minecraft.java:1791) [Minecraft.class:?]
	at net.minecraft.client.Minecraft.runGameLoop(Minecraft.java:1114) [Minecraft.class:?]
	at net.minecraft.client.Minecraft.run(Minecraft.java:401) [Minecraft.class:?]
	at net.minecraft.client.main.Main.main(Main.java:118) [Main.class:?]
	at sun.reflect.NativeMethodAccessorImpl.invoke0(Native Method) ~[?:1.8.0_271]
	at sun.reflect.NativeMethodAccessorImpl.invoke(NativeMethodAccessorImpl.java:62) ~[?:1.8.0_271]
	at sun.reflect.DelegatingMethodAccessorImpl.invoke(DelegatingMethodAccessorImpl.java:43) ~[?:1.8.0_271]
	at java.lang.reflect.Method.invoke(Method.java:498) ~[?:1.8.0_271]
	at net.minecraft.launchwrapper.Launch.launch(Launch.java:135) [launchwrapper-1.12.jar:?]
	at net.minecraft.launchwrapper.Launch.main(Launch.java:28) [launchwrapper-1.12.jar:?]
	at sun.reflect.NativeMethodAccessorImpl.invoke0(Native Method) ~[?:1.8.0_271]
	at sun.reflect.NativeMethodAccessorImpl.invoke(NativeMethodAccessorImpl.java:62) ~[?:1.8.0_271]
	at sun.reflect.DelegatingMethodAccessorImpl.invoke(DelegatingMethodAccessorImpl.java:43) ~[?:1.8.0_271]
	at java.lang.reflect.Method.invoke(Method.java:498) ~[?:1.8.0_271]
	at net.minecraftforge.gradle.GradleStartCommon.launch(GradleStartCommon.java:97) [start/:?]
	at GradleStart.main(GradleStart.java:26) [start/:?]
Caused by: java.lang.IllegalArgumentException: The string is too long for this encoding.
	at org.apache.commons.lang3.Validate.isTrue(Validate.java:155) ~[commons-lang3-3.3.2.jar:3.3.2]
	at net.minecraftforge.fml.common.network.ByteBufUtils.writeUTF8String(ByteBufUtils.java:133) ~[ByteBufUtils.class:?]
	at com.trhsy.sim.network.server.PacketSendBlueprint.toBytes(PacketSendBlueprint.java:52) ~[PacketSendBlueprint.class:?]
	at net.minecraftforge.fml.common.network.simpleimpl.SimpleIndexedCodec.encodeInto(SimpleIndexedCodec.java:11) ~[SimpleIndexedCodec.class:?]
	at net.minecraftforge.fml.common.network.simpleimpl.SimpleIndexedCodec.encodeInto(SimpleIndexedCodec.java:7) ~[SimpleIndexedCodec.class:?]
	at net.minecraftforge.fml.common.network.FMLIndexedMessageToMessageCodec.encode(FMLIndexedMessageToMessageCodec.java:54) ~[FMLIndexedMessageToMessageCodec.class:?]
	at io.netty.handler.codec.MessageToMessageCodec$1.encode(MessageToMessageCodec.java:67) ~[MessageToMessageCodec$1.class:4.0.23.Final]
	at io.netty.handler.codec.MessageToMessageEncoder.write(MessageToMessageEncoder.java:89) ~[MessageToMessageEncoder.class:4.0.23.Final]
	... 28 more
[17:56:19] [Client thread/ERROR]: SimpleChannelHandlerWrapper exception
io.netty.handler.codec.EncoderException: java.lang.IllegalArgumentException: The string is too long for this encoding.
	at io.netty.handler.codec.MessageToMessageEncoder.write(MessageToMessageEncoder.java:107) ~[MessageToMessageEncoder.class:4.0.23.Final]
	at io.netty.handler.codec.MessageToMessageCodec.write(MessageToMessageCodec.java:116) ~[MessageToMessageCodec.class:4.0.23.Final]
	at io.netty.channel.AbstractChannelHandlerContext.invokeWrite(AbstractChannelHandlerContext.java:658) ~[AbstractChannelHandlerContext.class:4.0.23.Final]
	at io.netty.channel.AbstractChannelHandlerContext.write(AbstractChannelHandlerContext.java:716) ~[AbstractChannelHandlerContext.class:4.0.23.Final]
	at io.netty.channel.AbstractChannelHandlerContext.writeAndFlush(AbstractChannelHandlerContext.java:706) ~[AbstractChannelHandlerContext.class:4.0.23.Final]
	at io.netty.channel.AbstractChannelHandlerContext.writeAndFlush(AbstractChannelHandlerContext.java:741) ~[AbstractChannelHandlerContext.class:4.0.23.Final]
	at io.netty.channel.DefaultChannelPipeline.writeAndFlush(DefaultChannelPipeline.java:895) ~[DefaultChannelPipeline.class:4.0.23.Final]
	at io.netty.channel.AbstractChannel.writeAndFlush(AbstractChannel.java:240) ~[AbstractChannel.class:4.0.23.Final]
	at net.minecraftforge.fml.common.network.simpleimpl.SimpleNetworkWrapper.sendToServer(SimpleNetworkWrapper.java:270) [SimpleNetworkWrapper.class:?]
	at com.trhsy.sim.gui.block.GuiBlockConstructorBlock.actionPerformed(GuiBlockConstructorBlock.java:570) [GuiBlockConstructorBlock.class:?]
	at net.minecraft.client.gui.GuiScreen.mouseClicked(GuiScreen.java:498) [GuiScreen.class:?]
	at net.minecraft.client.gui.GuiScreen.handleMouseInput(GuiScreen.java:617) [GuiScreen.class:?]
	at net.minecraft.client.gui.GuiScreen.handleInput(GuiScreen.java:583) [GuiScreen.class:?]
	at net.minecraft.client.Minecraft.runTick(Minecraft.java:1791) [Minecraft.class:?]
	at net.minecraft.client.Minecraft.runGameLoop(Minecraft.java:1114) [Minecraft.class:?]
	at net.minecraft.client.Minecraft.run(Minecraft.java:401) [Minecraft.class:?]
	at net.minecraft.client.main.Main.main(Main.java:118) [Main.class:?]
	at sun.reflect.NativeMethodAccessorImpl.invoke0(Native Method) ~[?:1.8.0_271]
	at sun.reflect.NativeMethodAccessorImpl.invoke(NativeMethodAccessorImpl.java:62) ~[?:1.8.0_271]
	at sun.reflect.DelegatingMethodAccessorImpl.invoke(DelegatingMethodAccessorImpl.java:43) ~[?:1.8.0_271]
	at java.lang.reflect.Method.invoke(Method.java:498) ~[?:1.8.0_271]
	at net.minecraft.launchwrapper.Launch.launch(Launch.java:135) [launchwrapper-1.12.jar:?]
	at net.minecraft.launchwrapper.Launch.main(Launch.java:28) [launchwrapper-1.12.jar:?]
	at sun.reflect.NativeMethodAccessorImpl.invoke0(Native Method) ~[?:1.8.0_271]
	at sun.reflect.NativeMethodAccessorImpl.invoke(NativeMethodAccessorImpl.java:62) ~[?:1.8.0_271]
	at sun.reflect.DelegatingMethodAccessorImpl.invoke(DelegatingMethodAccessorImpl.java:43) ~[?:1.8.0_271]
	at java.lang.reflect.Method.invoke(Method.java:498) ~[?:1.8.0_271]
	at net.minecraftforge.gradle.GradleStartCommon.launch(GradleStartCommon.java:97) [start/:?]
	at GradleStart.main(GradleStart.java:26) [start/:?]
Caused by: java.lang.IllegalArgumentException: The string is too long for this encoding.
	at org.apache.commons.lang3.Validate.isTrue(Validate.java:155) ~[commons-lang3-3.3.2.jar:3.3.2]
	at net.minecraftforge.fml.common.network.ByteBufUtils.writeUTF8String(ByteBufUtils.java:133) ~[ByteBufUtils.class:?]
	at com.trhsy.sim.network.server.PacketSendBlueprint.toBytes(PacketSendBlueprint.java:52) ~[PacketSendBlueprint.class:?]
	at net.minecraftforge.fml.common.network.simpleimpl.SimpleIndexedCodec.encodeInto(SimpleIndexedCodec.java:11) ~[SimpleIndexedCodec.class:?]
	at net.minecraftforge.fml.common.network.simpleimpl.SimpleIndexedCodec.encodeInto(SimpleIndexedCodec.java:7) ~[SimpleIndexedCodec.class:?]
	at net.minecraftforge.fml.common.network.FMLIndexedMessageToMessageCodec.encode(FMLIndexedMessageToMessageCodec.java:54) ~[FMLIndexedMessageToMessageCodec.class:?]
	at io.netty.handler.codec.MessageToMessageCodec$1.encode(MessageToMessageCodec.java:67) ~[MessageToMessageCodec$1.class:4.0.23.Final]
	at io.netty.handler.codec.MessageToMessageEncoder.write(MessageToMessageEncoder.java:89) ~[MessageToMessageEncoder.class:4.0.23.Final]
	... 28 more
[17:56:19] [Client thread/ERROR]: SimpleChannelHandlerWrapper exception
io.netty.handler.codec.EncoderException: java.lang.IllegalArgumentException: The string is too long for this encoding.
	at io.netty.handler.codec.MessageToMessageEncoder.write(MessageToMessageEncoder.java:107) ~[MessageToMessageEncoder.class:4.0.23.Final]
	at io.netty.handler.codec.MessageToMessageCodec.write(MessageToMessageCodec.java:116) ~[MessageToMessageCodec.class:4.0.23.Final]
	at io.netty.channel.AbstractChannelHandlerContext.invokeWrite(AbstractChannelHandlerContext.java:658) ~[AbstractChannelHandlerContext.class:4.0.23.Final]
	at io.netty.channel.AbstractChannelHandlerContext.write(AbstractChannelHandlerContext.java:716) ~[AbstractChannelHandlerContext.class:4.0.23.Final]
	at io.netty.channel.AbstractChannelHandlerContext.writeAndFlush(AbstractChannelHandlerContext.java:706) ~[AbstractChannelHandlerContext.class:4.0.23.Final]
	at io.netty.channel.AbstractChannelHandlerContext.writeAndFlush(AbstractChannelHandlerContext.java:741) ~[AbstractChannelHandlerContext.class:4.0.23.Final]
	at io.netty.channel.DefaultChannelPipeline.writeAndFlush(DefaultChannelPipeline.java:895) ~[DefaultChannelPipeline.class:4.0.23.Final]
	at io.netty.channel.AbstractChannel.writeAndFlush(AbstractChannel.java:240) ~[AbstractChannel.class:4.0.23.Final]
	at net.minecraftforge.fml.common.network.simpleimpl.SimpleNetworkWrapper.sendToServer(SimpleNetworkWrapper.java:270) [SimpleNetworkWrapper.class:?]
	at com.trhsy.sim.gui.block.GuiBlockConstructorBlock.actionPerformed(GuiBlockConstructorBlock.java:570) [GuiBlockConstructorBlock.class:?]
	at net.minecraft.client.gui.GuiScreen.mouseClicked(GuiScreen.java:498) [GuiScreen.class:?]
	at net.minecraft.client.gui.GuiScreen.handleMouseInput(GuiScreen.java:617) [GuiScreen.class:?]
	at net.minecraft.client.gui.GuiScreen.handleInput(GuiScreen.java:583) [GuiScreen.class:?]
	at net.minecraft.client.Minecraft.runTick(Minecraft.java:1791) [Minecraft.class:?]
	at net.minecraft.client.Minecraft.runGameLoop(Minecraft.java:1114) [Minecraft.class:?]
	at net.minecraft.client.Minecraft.run(Minecraft.java:401) [Minecraft.class:?]
	at net.minecraft.client.main.Main.main(Main.java:118) [Main.class:?]
	at sun.reflect.NativeMethodAccessorImpl.invoke0(Native Method) ~[?:1.8.0_271]
	at sun.reflect.NativeMethodAccessorImpl.invoke(NativeMethodAccessorImpl.java:62) ~[?:1.8.0_271]
	at sun.reflect.DelegatingMethodAccessorImpl.invoke(DelegatingMethodAccessorImpl.java:43) ~[?:1.8.0_271]
	at java.lang.reflect.Method.invoke(Method.java:498) ~[?:1.8.0_271]
	at net.minecraft.launchwrapper.Launch.launch(Launch.java:135) [launchwrapper-1.12.jar:?]
	at net.minecraft.launchwrapper.Launch.main(Launch.java:28) [launchwrapper-1.12.jar:?]
	at sun.reflect.NativeMethodAccessorImpl.invoke0(Native Method) ~[?:1.8.0_271]
	at sun.reflect.NativeMethodAccessorImpl.invoke(NativeMethodAccessorImpl.java:62) ~[?:1.8.0_271]
	at sun.reflect.DelegatingMethodAccessorImpl.invoke(DelegatingMethodAccessorImpl.java:43) ~[?:1.8.0_271]
	at java.lang.reflect.Method.invoke(Method.java:498) ~[?:1.8.0_271]
	at net.minecraftforge.gradle.GradleStartCommon.launch(GradleStartCommon.java:97) [start/:?]
	at GradleStart.main(GradleStart.java:26) [start/:?]
Caused by: java.lang.IllegalArgumentException: The string is too long for this encoding.
	at org.apache.commons.lang3.Validate.isTrue(Validate.java:155) ~[commons-lang3-3.3.2.jar:3.3.2]
	at net.minecraftforge.fml.common.network.ByteBufUtils.writeUTF8String(ByteBufUtils.java:133) ~[ByteBufUtils.class:?]
	at com.trhsy.sim.network.server.PacketSendBlueprint.toBytes(PacketSendBlueprint.java:52) ~[PacketSendBlueprint.class:?]
	at net.minecraftforge.fml.common.network.simpleimpl.SimpleIndexedCodec.encodeInto(SimpleIndexedCodec.java:11) ~[SimpleIndexedCodec.class:?]
	at net.minecraftforge.fml.common.network.simpleimpl.SimpleIndexedCodec.encodeInto(SimpleIndexedCodec.java:7) ~[SimpleIndexedCodec.class:?]
	at net.minecraftforge.fml.common.network.FMLIndexedMessageToMessageCodec.encode(FMLIndexedMessageToMessageCodec.java:54) ~[FMLIndexedMessageToMessageCodec.class:?]
	at io.netty.handler.codec.MessageToMessageCodec$1.encode(MessageToMessageCodec.java:67) ~[MessageToMessageCodec$1.class:4.0.23.Final]
	at io.netty.handler.codec.MessageToMessageEncoder.write(MessageToMessageEncoder.java:89) ~[MessageToMessageEncoder.class:4.0.23.Final]
	... 28 more
[17:56:19] [Client thread/ERROR]: SimpleChannelHandlerWrapper exception
io.netty.handler.codec.EncoderException: java.lang.IllegalArgumentException: The string is too long for this encoding.
	at io.netty.handler.codec.MessageToMessageEncoder.write(MessageToMessageEncoder.java:107) ~[MessageToMessageEncoder.class:4.0.23.Final]
	at io.netty.handler.codec.MessageToMessageCodec.write(MessageToMessageCodec.java:116) ~[MessageToMessageCodec.class:4.0.23.Final]
	at io.netty.channel.AbstractChannelHandlerContext.invokeWrite(AbstractChannelHandlerContext.java:658) ~[AbstractChannelHandlerContext.class:4.0.23.Final]
	at io.netty.channel.AbstractChannelHandlerContext.write(AbstractChannelHandlerContext.java:716) ~[AbstractChannelHandlerContext.class:4.0.23.Final]
	at io.netty.channel.AbstractChannelHandlerContext.writeAndFlush(AbstractChannelHandlerContext.java:706) ~[AbstractChannelHandlerContext.class:4.0.23.Final]
	at io.netty.channel.AbstractChannelHandlerContext.writeAndFlush(AbstractChannelHandlerContext.java:741) ~[AbstractChannelHandlerContext.class:4.0.23.Final]
	at io.netty.channel.DefaultChannelPipeline.writeAndFlush(DefaultChannelPipeline.java:895) ~[DefaultChannelPipeline.class:4.0.23.Final]
	at io.netty.channel.AbstractChannel.writeAndFlush(AbstractChannel.java:240) ~[AbstractChannel.class:4.0.23.Final]
	at net.minecraftforge.fml.common.network.simpleimpl.SimpleNetworkWrapper.sendToServer(SimpleNetworkWrapper.java:270) [SimpleNetworkWrapper.class:?]
	at com.trhsy.sim.gui.block.GuiBlockConstructorBlock.actionPerformed(GuiBlockConstructorBlock.java:570) [GuiBlockConstructorBlock.class:?]
	at net.minecraft.client.gui.GuiScreen.mouseClicked(GuiScreen.java:498) [GuiScreen.class:?]
	at net.minecraft.client.gui.GuiScreen.handleMouseInput(GuiScreen.java:617) [GuiScreen.class:?]
	at net.minecraft.client.gui.GuiScreen.handleInput(GuiScreen.java:583) [GuiScreen.class:?]
	at net.minecraft.client.Minecraft.runTick(Minecraft.java:1791) [Minecraft.class:?]
	at net.minecraft.client.Minecraft.runGameLoop(Minecraft.java:1114) [Minecraft.class:?]
	at net.minecraft.client.Minecraft.run(Minecraft.java:401) [Minecraft.class:?]
	at net.minecraft.client.main.Main.main(Main.java:118) [Main.class:?]
	at sun.reflect.NativeMethodAccessorImpl.invoke0(Native Method) ~[?:1.8.0_271]
	at sun.reflect.NativeMethodAccessorImpl.invoke(NativeMethodAccessorImpl.java:62) ~[?:1.8.0_271]
	at sun.reflect.DelegatingMethodAccessorImpl.invoke(DelegatingMethodAccessorImpl.java:43) ~[?:1.8.0_271]
	at java.lang.reflect.Method.invoke(Method.java:498) ~[?:1.8.0_271]
	at net.minecraft.launchwrapper.Launch.launch(Launch.java:135) [launchwrapper-1.12.jar:?]
	at net.minecraft.launchwrapper.Launch.main(Launch.java:28) [launchwrapper-1.12.jar:?]
	at sun.reflect.NativeMethodAccessorImpl.invoke0(Native Method) ~[?:1.8.0_271]
	at sun.reflect.NativeMethodAccessorImpl.invoke(NativeMethodAccessorImpl.java:62) ~[?:1.8.0_271]
	at sun.reflect.DelegatingMethodAccessorImpl.invoke(DelegatingMethodAccessorImpl.java:43) ~[?:1.8.0_271]
	at java.lang.reflect.Method.invoke(Method.java:498) ~[?:1.8.0_271]
	at net.minecraftforge.gradle.GradleStartCommon.launch(GradleStartCommon.java:97) [start/:?]
	at GradleStart.main(GradleStart.java:26) [start/:?]
Caused by: java.lang.IllegalArgumentException: The string is too long for this encoding.
	at org.apache.commons.lang3.Validate.isTrue(Validate.java:155) ~[commons-lang3-3.3.2.jar:3.3.2]
	at net.minecraftforge.fml.common.network.ByteBufUtils.writeUTF8String(ByteBufUtils.java:133) ~[ByteBufUtils.class:?]
	at com.trhsy.sim.network.server.PacketSendBlueprint.toBytes(PacketSendBlueprint.java:52) ~[PacketSendBlueprint.class:?]
	at net.minecraftforge.fml.common.network.simpleimpl.SimpleIndexedCodec.encodeInto(SimpleIndexedCodec.java:11) ~[SimpleIndexedCodec.class:?]
	at net.minecraftforge.fml.common.network.simpleimpl.SimpleIndexedCodec.encodeInto(SimpleIndexedCodec.java:7) ~[SimpleIndexedCodec.class:?]
	at net.minecraftforge.fml.common.network.FMLIndexedMessageToMessageCodec.encode(FMLIndexedMessageToMessageCodec.java:54) ~[FMLIndexedMessageToMessageCodec.class:?]
	at io.netty.handler.codec.MessageToMessageCodec$1.encode(MessageToMessageCodec.java:67) ~[MessageToMessageCodec$1.class:4.0.23.Final]
	at io.netty.handler.codec.MessageToMessageEncoder.write(MessageToMessageEncoder.java:89) ~[MessageToMessageEncoder.class:4.0.23.Final]
	... 28 more
[17:56:19] [Client thread/ERROR]: SimpleChannelHandlerWrapper exception
io.netty.handler.codec.EncoderException: java.lang.IllegalArgumentException: The string is too long for this encoding.
	at io.netty.handler.codec.MessageToMessageEncoder.write(MessageToMessageEncoder.java:107) ~[MessageToMessageEncoder.class:4.0.23.Final]
	at io.netty.handler.codec.MessageToMessageCodec.write(MessageToMessageCodec.java:116) ~[MessageToMessageCodec.class:4.0.23.Final]
	at io.netty.channel.AbstractChannelHandlerContext.invokeWrite(AbstractChannelHandlerContext.java:658) ~[AbstractChannelHandlerContext.class:4.0.23.Final]
	at io.netty.channel.AbstractChannelHandlerContext.write(AbstractChannelHandlerContext.java:716) ~[AbstractChannelHandlerContext.class:4.0.23.Final]
	at io.netty.channel.AbstractChannelHandlerContext.writeAndFlush(AbstractChannelHandlerContext.java:706) ~[AbstractChannelHandlerContext.class:4.0.23.Final]
	at io.netty.channel.AbstractChannelHandlerContext.writeAndFlush(AbstractChannelHandlerContext.java:741) ~[AbstractChannelHandlerContext.class:4.0.23.Final]
	at io.netty.channel.DefaultChannelPipeline.writeAndFlush(DefaultChannelPipeline.java:895) ~[DefaultChannelPipeline.class:4.0.23.Final]
	at io.netty.channel.AbstractChannel.writeAndFlush(AbstractChannel.java:240) ~[AbstractChannel.class:4.0.23.Final]
	at net.minecraftforge.fml.common.network.simpleimpl.SimpleNetworkWrapper.sendToServer(SimpleNetworkWrapper.java:270) [SimpleNetworkWrapper.class:?]
	at com.trhsy.sim.gui.block.GuiBlockConstructorBlock.actionPerformed(GuiBlockConstructorBlock.java:570) [GuiBlockConstructorBlock.class:?]
	at net.minecraft.client.gui.GuiScreen.mouseClicked(GuiScreen.java:498) [GuiScreen.class:?]
	at net.minecraft.client.gui.GuiScreen.handleMouseInput(GuiScreen.java:617) [GuiScreen.class:?]
	at net.minecraft.client.gui.GuiScreen.handleInput(GuiScreen.java:583) [GuiScreen.class:?]
	at net.minecraft.client.Minecraft.runTick(Minecraft.java:1791) [Minecraft.class:?]
	at net.minecraft.client.Minecraft.runGameLoop(Minecraft.java:1114) [Minecraft.class:?]
	at net.minecraft.client.Minecraft.run(Minecraft.java:401) [Minecraft.class:?]
	at net.minecraft.client.main.Main.main(Main.java:118) [Main.class:?]
	at sun.reflect.NativeMethodAccessorImpl.invoke0(Native Method) ~[?:1.8.0_271]
	at sun.reflect.NativeMethodAccessorImpl.invoke(NativeMethodAccessorImpl.java:62) ~[?:1.8.0_271]
	at sun.reflect.DelegatingMethodAccessorImpl.invoke(DelegatingMethodAccessorImpl.java:43) ~[?:1.8.0_271]
	at java.lang.reflect.Method.invoke(Method.java:498) ~[?:1.8.0_271]
	at net.minecraft.launchwrapper.Launch.launch(Launch.java:135) [launchwrapper-1.12.jar:?]
	at net.minecraft.launchwrapper.Launch.main(Launch.java:28) [launchwrapper-1.12.jar:?]
	at sun.reflect.NativeMethodAccessorImpl.invoke0(Native Method) ~[?:1.8.0_271]
	at sun.reflect.NativeMethodAccessorImpl.invoke(NativeMethodAccessorImpl.java:62) ~[?:1.8.0_271]
	at sun.reflect.DelegatingMethodAccessorImpl.invoke(DelegatingMethodAccessorImpl.java:43) ~[?:1.8.0_271]
	at java.lang.reflect.Method.invoke(Method.java:498) ~[?:1.8.0_271]
	at net.minecraftforge.gradle.GradleStartCommon.launch(GradleStartCommon.java:97) [start/:?]
	at GradleStart.main(GradleStart.java:26) [start/:?]
Caused by: java.lang.IllegalArgumentException: The string is too long for this encoding.
	at org.apache.commons.lang3.Validate.isTrue(Validate.java:155) ~[commons-lang3-3.3.2.jar:3.3.2]
	at net.minecraftforge.fml.common.network.ByteBufUtils.writeUTF8String(ByteBufUtils.java:133) ~[ByteBufUtils.class:?]
	at com.trhsy.sim.network.server.PacketSendBlueprint.toBytes(PacketSendBlueprint.java:52) ~[PacketSendBlueprint.class:?]
	at net.minecraftforge.fml.common.network.simpleimpl.SimpleIndexedCodec.encodeInto(SimpleIndexedCodec.java:11) ~[SimpleIndexedCodec.class:?]
	at net.minecraftforge.fml.common.network.simpleimpl.SimpleIndexedCodec.encodeInto(SimpleIndexedCodec.java:7) ~[SimpleIndexedCodec.class:?]
	at net.minecraftforge.fml.common.network.FMLIndexedMessageToMessageCodec.encode(FMLIndexedMessageToMessageCodec.java:54) ~[FMLIndexedMessageToMessageCodec.class:?]
	at io.netty.handler.codec.MessageToMessageCodec$1.encode(MessageToMessageCodec.java:67) ~[MessageToMessageCodec$1.class:4.0.23.Final]
	at io.netty.handler.codec.MessageToMessageEncoder.write(MessageToMessageEncoder.java:89) ~[MessageToMessageEncoder.class:4.0.23.Final]
	... 28 more
[17:56:19] [Client thread/ERROR]: SimpleChannelHandlerWrapper exception
io.netty.handler.codec.EncoderException: java.lang.IllegalArgumentException: The string is too long for this encoding.
	at io.netty.handler.codec.MessageToMessageEncoder.write(MessageToMessageEncoder.java:107) ~[MessageToMessageEncoder.class:4.0.23.Final]
	at io.netty.handler.codec.MessageToMessageCodec.write(MessageToMessageCodec.java:116) ~[MessageToMessageCodec.class:4.0.23.Final]
	at io.netty.channel.AbstractChannelHandlerContext.invokeWrite(AbstractChannelHandlerContext.java:658) ~[AbstractChannelHandlerContext.class:4.0.23.Final]
	at io.netty.channel.AbstractChannelHandlerContext.write(AbstractChannelHandlerContext.java:716) ~[AbstractChannelHandlerContext.class:4.0.23.Final]
	at io.netty.channel.AbstractChannelHandlerContext.writeAndFlush(AbstractChannelHandlerContext.java:706) ~[AbstractChannelHandlerContext.class:4.0.23.Final]
	at io.netty.channel.AbstractChannelHandlerContext.writeAndFlush(AbstractChannelHandlerContext.java:741) ~[AbstractChannelHandlerContext.class:4.0.23.Final]
	at io.netty.channel.DefaultChannelPipeline.writeAndFlush(DefaultChannelPipeline.java:895) ~[DefaultChannelPipeline.class:4.0.23.Final]
	at io.netty.channel.AbstractChannel.writeAndFlush(AbstractChannel.java:240) ~[AbstractChannel.class:4.0.23.Final]
	at net.minecraftforge.fml.common.network.simpleimpl.SimpleNetworkWrapper.sendToServer(SimpleNetworkWrapper.java:270) [SimpleNetworkWrapper.class:?]
	at com.trhsy.sim.gui.block.GuiBlockConstructorBlock.actionPerformed(GuiBlockConstructorBlock.java:570) [GuiBlockConstructorBlock.class:?]
	at net.minecraft.client.gui.GuiScreen.mouseClicked(GuiScreen.java:498) [GuiScreen.class:?]
	at net.minecraft.client.gui.GuiScreen.handleMouseInput(GuiScreen.java:617) [GuiScreen.class:?]
	at net.minecraft.client.gui.GuiScreen.handleInput(GuiScreen.java:583) [GuiScreen.class:?]
	at net.minecraft.client.Minecraft.runTick(Minecraft.java:1791) [Minecraft.class:?]
	at net.minecraft.client.Minecraft.runGameLoop(Minecraft.java:1114) [Minecraft.class:?]
	at net.minecraft.client.Minecraft.run(Minecraft.java:401) [Minecraft.class:?]
	at net.minecraft.client.main.Main.main(Main.java:118) [Main.class:?]
	at sun.reflect.NativeMethodAccessorImpl.invoke0(Native Method) ~[?:1.8.0_271]
	at sun.reflect.NativeMethodAccessorImpl.invoke(NativeMethodAccessorImpl.java:62) ~[?:1.8.0_271]
	at sun.reflect.DelegatingMethodAccessorImpl.invoke(DelegatingMethodAccessorImpl.java:43) ~[?:1.8.0_271]
	at java.lang.reflect.Method.invoke(Method.java:498) ~[?:1.8.0_271]
	at net.minecraft.launchwrapper.Launch.launch(Launch.java:135) [launchwrapper-1.12.jar:?]
	at net.minecraft.launchwrapper.Launch.main(Launch.java:28) [launchwrapper-1.12.jar:?]
	at sun.reflect.NativeMethodAccessorImpl.invoke0(Native Method) ~[?:1.8.0_271]
	at sun.reflect.NativeMethodAccessorImpl.invoke(NativeMethodAccessorImpl.java:62) ~[?:1.8.0_271]
	at sun.reflect.DelegatingMethodAccessorImpl.invoke(DelegatingMethodAccessorImpl.java:43) ~[?:1.8.0_271]
	at java.lang.reflect.Method.invoke(Method.java:498) ~[?:1.8.0_271]
	at net.minecraftforge.gradle.GradleStartCommon.launch(GradleStartCommon.java:97) [start/:?]
	at GradleStart.main(GradleStart.java:26) [start/:?]
Caused by: java.lang.IllegalArgumentException: The string is too long for this encoding.
	at org.apache.commons.lang3.Validate.isTrue(Validate.java:155) ~[commons-lang3-3.3.2.jar:3.3.2]
	at net.minecraftforge.fml.common.network.ByteBufUtils.writeUTF8String(ByteBufUtils.java:133) ~[ByteBufUtils.class:?]
	at com.trhsy.sim.network.server.PacketSendBlueprint.toBytes(PacketSendBlueprint.java:52) ~[PacketSendBlueprint.class:?]
	at net.minecraftforge.fml.common.network.simpleimpl.SimpleIndexedCodec.encodeInto(SimpleIndexedCodec.java:11) ~[SimpleIndexedCodec.class:?]
	at net.minecraftforge.fml.common.network.simpleimpl.SimpleIndexedCodec.encodeInto(SimpleIndexedCodec.java:7) ~[SimpleIndexedCodec.class:?]
	at net.minecraftforge.fml.common.network.FMLIndexedMessageToMessageCodec.encode(FMLIndexedMessageToMessageCodec.java:54) ~[FMLIndexedMessageToMessageCodec.class:?]
	at io.netty.handler.codec.MessageToMessageCodec$1.encode(MessageToMessageCodec.java:67) ~[MessageToMessageCodec$1.class:4.0.23.Final]
	at io.netty.handler.codec.MessageToMessageEncoder.write(MessageToMessageEncoder.java:89) ~[MessageToMessageEncoder.class:4.0.23.Final]
	... 28 more
[17:56:21] [Netty Local Client IO #0/ERROR]: There was a critical exception handling a packet on channel sim
io.netty.handler.codec.EncoderException: java.lang.IllegalArgumentException: The string is too long for this encoding.
	at io.netty.handler.codec.MessageToMessageEncoder.write(MessageToMessageEncoder.java:107) ~[netty-all-4.0.23.Final.jar:4.0.23.Final]
	at io.netty.handler.codec.MessageToMessageCodec.write(MessageToMessageCodec.java:116) ~[netty-all-4.0.23.Final.jar:4.0.23.Final]
	at io.netty.channel.AbstractChannelHandlerContext.invokeWrite(AbstractChannelHandlerContext.java:658) ~[netty-all-4.0.23.Final.jar:4.0.23.Final]
	at io.netty.channel.AbstractChannelHandlerContext.write(AbstractChannelHandlerContext.java:716) ~[netty-all-4.0.23.Final.jar:4.0.23.Final]
	at io.netty.channel.AbstractChannelHandlerContext.writeAndFlush(AbstractChannelHandlerContext.java:706) ~[netty-all-4.0.23.Final.jar:4.0.23.Final]
	at io.netty.channel.AbstractChannelHandlerContext.writeAndFlush(AbstractChannelHandlerContext.java:741) ~[netty-all-4.0.23.Final.jar:4.0.23.Final]
	at io.netty.channel.DefaultChannelPipeline.writeAndFlush(DefaultChannelPipeline.java:895) ~[netty-all-4.0.23.Final.jar:4.0.23.Final]
	at io.netty.channel.AbstractChannel.writeAndFlush(AbstractChannel.java:240) ~[netty-all-4.0.23.Final.jar:4.0.23.Final]
	at net.minecraftforge.fml.common.network.simpleimpl.SimpleNetworkWrapper.sendToServer(SimpleNetworkWrapper.java:270) ~[forgeSrc-1.9-12.16.1.1934.jar:?]
	at com.trhsy.sim.gui.block.GuiBlockConstructorBlock.actionPerformed(GuiBlockConstructorBlock.java:570) ~[mc-sim-u-1.9/:?]
	at net.minecraft.client.gui.GuiScreen.mouseClicked(GuiScreen.java:498) ~[forgeSrc-1.9-12.16.1.1934.jar:?]
	at net.minecraft.client.gui.GuiScreen.handleMouseInput(GuiScreen.java:617) ~[forgeSrc-1.9-12.16.1.1934.jar:?]
	at net.minecraft.client.gui.GuiScreen.handleInput(GuiScreen.java:583) ~[forgeSrc-1.9-12.16.1.1934.jar:?]
	at net.minecraft.client.Minecraft.runTick(Minecraft.java:1791) ~[forgeSrc-1.9-12.16.1.1934.jar:?]
	at net.minecraft.client.Minecraft.runGameLoop(Minecraft.java:1114) ~[forgeSrc-1.9-12.16.1.1934.jar:?]
	at net.minecraft.client.Minecraft.run(Minecraft.java:401) ~[forgeSrc-1.9-12.16.1.1934.jar:?]
	at net.minecraft.client.main.Main.main(Main.java:118) ~[forgeSrc-1.9-12.16.1.1934.jar:?]
	at sun.reflect.NativeMethodAccessorImpl.invoke0(Native Method) ~[?:1.8.0_271]
	at sun.reflect.NativeMethodAccessorImpl.invoke(NativeMethodAccessorImpl.java:62) ~[?:1.8.0_271]
	at sun.reflect.DelegatingMethodAccessorImpl.invoke(DelegatingMethodAccessorImpl.java:43) ~[?:1.8.0_271]
	at java.lang.reflect.Method.invoke(Method.java:498) ~[?:1.8.0_271]
	at net.minecraft.launchwrapper.Launch.launch(Launch.java:135) ~[launchwrapper-1.12.jar:?]
	at net.minecraft.launchwrapper.Launch.main(Launch.java:28) ~[launchwrapper-1.12.jar:?]
	at sun.reflect.NativeMethodAccessorImpl.invoke0(Native Method) ~[?:1.8.0_271]
	at sun.reflect.NativeMethodAccessorImpl.invoke(NativeMethodAccessorImpl.java:62) ~[?:1.8.0_271]
	at sun.reflect.DelegatingMethodAccessorImpl.invoke(DelegatingMethodAccessorImpl.java:43) ~[?:1.8.0_271]
	at java.lang.reflect.Method.invoke(Method.java:498) ~[?:1.8.0_271]
	at net.minecraftforge.gradle.GradleStartCommon.launch(GradleStartCommon.java:97) ~[GradleStartCommon.class:?]
	at GradleStart.main(GradleStart.java:26) ~[GradleStart.class:?]
Caused by: java.lang.IllegalArgumentException: The string is too long for this encoding.
	at org.apache.commons.lang3.Validate.isTrue(Validate.java:155) ~[commons-lang3-3.3.2.jar:3.3.2]
	at net.minecraftforge.fml.common.network.ByteBufUtils.writeUTF8String(ByteBufUtils.java:133) ~[forgeSrc-1.9-12.16.1.1934.jar:?]
	at com.trhsy.sim.network.server.PacketSendBlueprint.toBytes(PacketSendBlueprint.java:52) ~[mc-sim-u-1.9/:?]
	at net.minecraftforge.fml.common.network.simpleimpl.SimpleIndexedCodec.encodeInto(SimpleIndexedCodec.java:11) ~[forgeSrc-1.9-12.16.1.1934.jar:?]
	at net.minecraftforge.fml.common.network.simpleimpl.SimpleIndexedCodec.encodeInto(SimpleIndexedCodec.java:7) ~[forgeSrc-1.9-12.16.1.1934.jar:?]
	at net.minecraftforge.fml.common.network.FMLIndexedMessageToMessageCodec.encode(FMLIndexedMessageToMessageCodec.java:54) ~[forgeSrc-1.9-12.16.1.1934.jar:?]
	at io.netty.handler.codec.MessageToMessageCodec$1.encode(MessageToMessageCodec.java:67) ~[netty-all-4.0.23.Final.jar:4.0.23.Final]
	at io.netty.handler.codec.MessageToMessageEncoder.write(MessageToMessageEncoder.java:89) ~[netty-all-4.0.23.Final.jar:4.0.23.Final]
	... 28 more
[17:56:21] [Server thread/INFO]: Player229 lost connection: TextComponent{text='Disconnected', siblings=[], style=Style{hasParent=false, color=null, bold=null, italic=null, underlined=null, obfuscated=null, clickEvent=null, hoverEvent=null, insertion=null}}
[17:56:21] [Server thread/INFO]: Player229 退出了游戏
[17:56:21] [Server thread/INFO]: Stopping singleplayer server as player logged out
[17:56:21] [Server thread/INFO]: Stopping server
[17:56:21] [Server thread/INFO]: Saving players
[17:56:21] [Server thread/INFO]: Saving worlds
[17:56:21] [Server thread/INFO]: Saving chunks for level '11'/Overworld
[17:56:21] [Server thread/INFO]: Saving chunks for level '11'/Nether
[17:56:21] [Server thread/INFO]: Saving chunks for level '11'/The End
[17:56:21] [Server thread/INFO]: Unloading dimension 0
[17:56:21] [Server thread/INFO]: Unloading dimension -1
[17:56:21] [Server thread/INFO]: Unloading dimension 1
[17:56:21] [Server thread/INFO]: Applying holder lookups
[17:56:21] [Server thread/INFO]: Holder lookups applied
