[17:21:05] [main/DEBUG] [FML/]: Injecting tracing printstreams for STDOUT/STDERR.
[17:21:05] [main/INFO] [FML/]: Forge Mod Loader version 7.99.40.1614 for Minecraft 1.7.10 loading
[17:21:05] [main/INFO] [FML/]: Java is Java HotSpot(TM) 64-Bit Server VM, version 1.8.0_271, running on Windows 10:amd64:10.0, installed at D:\Java\jdk1.8.0_271\jre
[17:21:05] [main/DEBUG] [FML/]: Java classpath at launch is D:\java\jdk1.8.0_271\jre\lib\charsets.jar;D:\java\jdk1.8.0_271\jre\lib\deploy.jar;D:\java\jdk1.8.0_271\jre\lib\ext\access-bridge-64.jar;D:\java\jdk1.8.0_271\jre\lib\ext\cldrdata.jar;D:\java\jdk1.8.0_271\jre\lib\ext\dnsns.jar;D:\java\jdk1.8.0_271\jre\lib\ext\jaccess.jar;D:\java\jdk1.8.0_271\jre\lib\ext\jfxrt.jar;D:\java\jdk1.8.0_271\jre\lib\ext\localedata.jar;D:\java\jdk1.8.0_271\jre\lib\ext\nashorn.jar;D:\java\jdk1.8.0_271\jre\lib\ext\sunec.jar;D:\java\jdk1.8.0_271\jre\lib\ext\sunjce_provider.jar;D:\java\jdk1.8.0_271\jre\lib\ext\sunmscapi.jar;D:\java\jdk1.8.0_271\jre\lib\ext\sunpkcs11.jar;D:\java\jdk1.8.0_271\jre\lib\ext\zipfs.jar;D:\java\jdk1.8.0_271\jre\lib\javaws.jar;D:\java\jdk1.8.0_271\jre\lib\jce.jar;D:\java\jdk1.8.0_271\jre\lib\jfr.jar;D:\java\jdk1.8.0_271\jre\lib\jfxswt.jar;D:\java\jdk1.8.0_271\jre\lib\jsse.jar;D:\java\jdk1.8.0_271\jre\lib\management-agent.jar;D:\java\jdk1.8.0_271\jre\lib\plugin.jar;D:\java\jdk1.8.0_271\jre\lib\resources.jar;D:\java\jdk1.8.0_271\jre\lib\rt.jar;H:\Game\work\sim-u-1.7.10\out\production\sim-u-1.7.10;D:\maven\.grable\caches\minecraft\net\minecraftforge\forge\1.7.10-10.13.4.1614-1.7.10\stable\12\forgeSrc-1.7.10-10.13.4.1614-1.7.10.jar;D:\maven\.grable\caches\modules-2\files-2.1\net.minecraft\launchwrapper\1.12\111e7bea9c968cdb3d06ef4632bf7ff0824d0f36\launchwrapper-1.12.jar;D:\maven\.grable\caches\modules-2\files-2.1\com.google.code.findbugs\jsr305\1.3.9\40719ea6961c0cb6afaeb6a921eaa1f6afd4cfdf\jsr305-1.3.9.jar;D:\maven\.grable\caches\modules-2\files-2.1\org.ow2.asm\asm-debug-all\5.0.3\f9e364ae2a66ce2a543012a4668856e84e5dab74\asm-debug-all-5.0.3.jar;D:\maven\.grable\caches\modules-2\files-2.1\com.typesafe.akka\akka-actor_2.11\2.3.3\ed62e9fc709ca0f2ff1a3220daa8b70a2870078e\akka-actor_2.11-2.3.3.jar;D:\maven\.grable\caches\modules-2\files-2.1\com.typesafe\config\1.2.1\f771f71fdae3df231bcd54d5ca2d57f0bf93f467\config-1.2.1.jar;D:\maven\.grable\caches\modules-2\files-2.1\org.scala-lang\scala-actors-migration_2.11\1.1.0\dfa8bc42b181d5b9f1a5dd147f8ae308b893eb6f\scala-actors-migration_2.11-1.1.0.jar;D:\maven\.grable\caches\modules-2\files-2.1\org.scala-lang.plugins\scala-continuations-plugin_2.11.1\1.0.2\f361a3283452c57fa30c1ee69448995de23c60f7\scala-continuations-plugin_2.11.1-1.0.2.jar;D:\maven\.grable\caches\modules-2\files-2.1\org.scala-lang\scala-compiler\2.11.1\56ea2e6c025e0821f28d73ca271218b8dd04926a\scala-compiler-2.11.1.jar;D:\maven\.grable\caches\modules-2\files-2.1\org.scala-lang.plugins\scala-continuations-library_2.11\1.0.2\e517c53a7e9acd6b1668c5a35eccbaa3bab9aac\scala-continuations-library_2.11-1.0.2.jar;D:\maven\.grable\caches\modules-2\files-2.1\org.scala-lang\scala-reflect\2.11.1\6580347e61cc7f8e802941e7fde40fa83b8badeb\scala-reflect-2.11.1.jar;D:\maven\.grable\caches\modules-2\files-2.1\org.scala-lang\scala-actors\2.11.0\8ccfb6541de179bb1c4d45cf414acee069b7f78b\scala-actors-2.11.0.jar;D:\maven\.grable\caches\modules-2\files-2.1\org.scala-lang.modules\scala-xml_2.11\1.0.2\820fbca7e524b530fdadc594c39d49a21ea0337e\scala-xml_2.11-1.0.2.jar;D:\maven\.grable\caches\modules-2\files-2.1\org.scala-lang.modules\scala-parser-combinators_2.11\1.0.1\f05d7345bf5a58924f2837c6c1f4d73a938e1ff0\scala-parser-combinators_2.11-1.0.1.jar;D:\maven\.grable\caches\modules-2\files-2.1\org.scala-lang\scala-library\2.11.1\e11da23da3eabab9f4777b9220e60d44c1aab6a\scala-library-2.11.1.jar;D:\maven\.grable\caches\modules-2\files-2.1\org.scala-lang\scala-parser-combinators_2.11\1.0.1\f05d7345bf5a58924f2837c6c1f4d73a938e1ff0\scala-parser-combinators_2.11-1.0.1.jar;D:\maven\.grable\caches\modules-2\files-2.1\org.scala-lang\scala-swing_2.11\1.0.1\b1cdd92bd47b1e1837139c1c53020e86bb9112ae\scala-swing_2.11-1.0.1.jar;D:\maven\.grable\caches\modules-2\files-2.1\org.scala-lang\scala-xml_2.11\1.0.2\7a80ec00aec122fba7cd4e0d4cdd87ff7e4cb6d0\scala-xml_2.11-1.0.2.jar;D:\maven\.grable\caches\modules-2\files-2.1\net.sf.jopt-simple\jopt-simple\4.5\6065cc95c661255349c1d0756657be17c29a4fd3\jopt-simple-4.5.jar;D:\maven\.grable\caches\modules-2\files-2.1\lzma\lzma\0.0.1\521616dc7487b42bef0e803bd2fa3faf668101d7\lzma-0.0.1.jar;D:\maven\.grable\caches\modules-2\files-2.1\com.mojang\realms\1.3.5\807ae355ee63583becd7ea60e76aab1532bb42e\realms-1.3.5.jar;D:\maven\.grable\caches\modules-2\files-2.1\org.apache.commons\commons-compress\1.8.1\a698750c16740fd5b3871425f4cb3bbaa87f529d\commons-compress-1.8.1.jar;D:\maven\.grable\caches\modules-2\files-2.1\org.apache.httpcomponents\httpclient\4.3.3\18f4247ff4572a074444572cee34647c43e7c9c7\httpclient-4.3.3.jar;D:\maven\.grable\caches\modules-2\files-2.1\commons-logging\commons-logging\1.1.3\f6f66e966c70a83ffbdb6f17a0919eaf7c8aca7f\commons-logging-1.1.3.jar;D:\maven\.grable\caches\modules-2\files-2.1\org.apache.httpcomponents\httpcore\4.3.2\31fbbff1ddbf98f3aa7377c94d33b0447c646b6e\httpcore-4.3.2.jar;D:\maven\.grable\caches\modules-2\files-2.1\java3d\vecmath\1.3.1\a0ae4f51da409fa0c20fa0ca59e6bbc9413ae71d\vecmath-1.3.1.jar;D:\maven\.grable\caches\modules-2\files-2.1\net.sf.trove4j\trove4j\3.0.3\42ccaf4761f0dfdfa805c9e340d99a755907e2dd\trove4j-3.0.3.jar;D:\maven\.grable\caches\modules-2\files-2.1\com.ibm.icu\icu4j-core-mojang\51.2\63d216a9311cca6be337c1e458e587f99d382b84\icu4j-core-mojang-51.2.jar;D:\maven\.grable\caches\modules-2\files-2.1\com.paulscode\codecjorbis\20101023\c73b5636faf089d9f00e8732a829577de25237ee\codecjorbis-20101023.jar;D:\maven\.grable\caches\modules-2\files-2.1\com.paulscode\codecwav\20101023\12f031cfe88fef5c1dd36c563c0a3a69bd7261da\codecwav-20101023.jar;D:\maven\.grable\caches\modules-2\files-2.1\com.paulscode\libraryjavasound\20101123\5c5e304366f75f9eaa2e8cca546a1fb6109348b3\libraryjavasound-20101123.jar;D:\maven\.grable\caches\modules-2\files-2.1\com.paulscode\librarylwjglopenal\20100824\73e80d0794c39665aec3f62eee88ca91676674ef\librarylwjglopenal-20100824.jar;D:\maven\.grable\caches\modules-2\files-2.1\com.paulscode\soundsystem\20120107\419c05fe9be71f792b2d76cfc9b67f1ed0fec7f6\soundsystem-20120107.jar;D:\maven\.grable\caches\modules-2\files-2.1\io.netty\netty-all\4.0.10.Final\9e50bd52ffe257a0e2cd8d971688d6ce7d174325\netty-all-4.0.10.Final.jar;D:\maven\.grable\caches\modules-2\files-2.1\com.mojang\authlib\1.5.16\ef1582b11fd0943d069cdcb72e99008ac209a283\authlib-1.5.16.jar;D:\maven\.grable\caches\modules-2\files-2.1\com.google.guava\guava\17.0\9c6ef172e8de35fd8d4d8783e4821e57cdef7445\guava-17.0.jar;D:\maven\.grable\caches\modules-2\files-2.1\org.apache.commons\commons-lang3\3.3.2\90a3822c38ec8c996e84c16a3477ef632cbc87a3\commons-lang3-3.3.2.jar;D:\maven\.grable\caches\modules-2\files-2.1\commons-io\commons-io\2.4\b1b6ea3b7e4aa4f492509a4952029cd8e48019ad\commons-io-2.4.jar;D:\maven\.grable\caches\modules-2\files-2.1\commons-codec\commons-codec\1.9\9ce04e34240f674bc72680f8b843b1457383161a\commons-codec-1.9.jar;D:\maven\.grable\caches\modules-2\files-2.1\org.lwjgl.lwjgl\lwjgl_util\2.9.1\290d7ba8a1bd9566f5ddf16ad06f09af5ec9b20e\lwjgl_util-2.9.1.jar;D:\maven\.grable\caches\modules-2\files-2.1\org.lwjgl.lwjgl\lwjgl\2.9.1\f58c5aabcef0e41718a564be9f8e412fff8db847\lwjgl-2.9.1.jar;D:\maven\.grable\caches\modules-2\files-2.1\net.java.jinput\jinput\2.0.5\39c7796b469a600f72380316f6b1f11db6c2c7c4\jinput-2.0.5.jar;D:\maven\.grable\caches\modules-2\files-2.1\net.java.jutils\jutils\1.0.0\e12fe1fda814bd348c1579329c86943d2cd3c6a6\jutils-1.0.0.jar;D:\maven\.grable\caches\modules-2\files-2.1\com.google.code.gson\gson\2.2.4\a60a5e993c98c864010053cb901b7eab25306568\gson-2.2.4.jar;D:\maven\.grable\caches\modules-2\files-2.1\org.apache.logging.log4j\log4j-core\2.0-beta9\678861ba1b2e1fccb594bb0ca03114bb05da9695\log4j-core-2.0-beta9.jar;D:\maven\.grable\caches\modules-2\files-2.1\org.apache.logging.log4j\log4j-api\2.0-beta9\1dd66e68cccd907880229f9e2de1314bd13ff785\log4j-api-2.0-beta9.jar;D:\maven\.grable\caches\modules-2\files-2.1\tv.twitch\twitch\5.16\1f55f009c61637c10c0acfb8b5ffc600f30044b4\twitch-5.16.jar;D:\maven\.grable\caches\modules-2\files-2.1\net.java.jinput\jinput-platform\2.0.5\7ff832a6eb9ab6a767f1ade2b548092d0fa64795\jinput-platform-2.0.5-natives-linux.jar;D:\maven\.grable\caches\modules-2\files-2.1\net.java.jinput\jinput-platform\2.0.5\385ee093e01f587f30ee1c8a2ee7d408fd732e16\jinput-platform-2.0.5-natives-windows.jar;D:\maven\.grable\caches\modules-2\files-2.1\net.java.jinput\jinput-platform\2.0.5\53f9c919f34d2ca9de8c51fc4e1e8282029a9232\jinput-platform-2.0.5-natives-osx.jar;D:\maven\.grable\caches\modules-2\files-2.1\tv.twitch\twitch-platform\5.16\7c6affe439099806a4f552da14c42f9d643d8b23\twitch-platform-5.16-natives-windows-32.jar;D:\maven\.grable\caches\modules-2\files-2.1\tv.twitch\twitch-platform\5.16\39d0c3d363735b4785598e0e7fbf8297c706a9f9\twitch-platform-5.16-natives-windows-64.jar;D:\maven\.grable\caches\modules-2\files-2.1\tv.twitch\twitch-platform\5.16\62503ee712766cf77f97252e5902786fd834b8c5\twitch-platform-5.16-natives-osx.jar;D:\maven\.grable\caches\modules-2\files-2.1\tv.twitch\twitch-external-platform\4.5\18215140f010c05b9f86ef6f0f8871954d2ccebf\twitch-external-platform-4.5-natives-windows-32.jar;D:\maven\.grable\caches\modules-2\files-2.1\tv.twitch\twitch-external-platform\4.5\c3cde57891b935d41b6680a9c5e1502eeab76d86\twitch-external-platform-4.5-natives-windows-64.jar;D:\maven\.grable\caches\modules-2\files-2.1\org.lwjgl.lwjgl\lwjgl-platform\2.9.1\4c517eca808522457dd95ee8fc1fbcdbb602efbe\lwjgl-platform-2.9.1-natives-windows.jar;D:\maven\.grable\caches\modules-2\files-2.1\org.lwjgl.lwjgl\lwjgl-platform\2.9.1\aa9aae879af8eb378e22cfc64db56ec2ca9a44d1\lwjgl-platform-2.9.1-natives-linux.jar;D:\maven\.grable\caches\modules-2\files-2.1\org.lwjgl.lwjgl\lwjgl-platform\2.9.1\2d12c83fdfbc04ecabf02c7bc8cc54d034f0daac\lwjgl-platform-2.9.1-natives-osx.jar;D:\maven\.grable\caches\minecraft\net\minecraftforge\forge\1.7.10-10.13.4.1614-1.7.10\start;D:\Program Files\JetBrains\IntelliJ IDEA 2021.3.2\lib\idea_rt.jar;C:\Users\Administrator\AppData\Local\Temp\captureAgent4jars\debugger-agent.jar
[17:21:05] [main/DEBUG] [FML/]: Java library path at launch is D:\Java\jdk1.8.0_271\bin;C:\WINDOWS\Sun\Java\bin;C:\WINDOWS\system32;C:\WINDOWS;D:\java\jdk1.8.0_271\bin;D:\java\jdk1.8.0_271\jre\bin;D:\svn\TortoiseSVN\bin;C:\Program Files\dotnet\;D:\OpenSSLWin64\bin;D:\nodejs\npm_global\node_modules;D:\apache-maven-3.3.9\bin;C:\Program Files\VanDyke Software\Clients\;C:\Program Files (x86)\Common Files\Oracle\Java\javapath;C:\WINDOWS;C:\WINDOWS\System32\Wbem;C:\WINDOWS\System32\WindowsPowerShell\v1.0\;D:\nodejs\node_global\;D:\nodejs\node_global\node_modules\;D:\Program Files\Git LFS;C:\Program Files (x86)\MySQL\MySQL Server 5.7\bin;D:\Redis;C:\Program Files\MySQL\MySQL Server 8.0\bin;D:\Python27;D:\Python27\Scripts;C:\Program Files\Common Files\Autodesk Shared\;C:\Program Files\Microsoft SQL Server\120\Tools\Binn\;D:\Program Files (x86)\WinMerge;D:\nodejs\;C:\Program Files\Microsoft SQL Server\130\Tools\Binn\;C:\WINDOWS\system32;D:\Navict\Navicat Premium;D:\Program Files (x86)\WinSCP\WinSCP\;D:\TortoiseGit\bin;E:\webRtc\webRTC\depot_tools;C:\Program Files\Microsoft SQL Server\Client SDK\ODBC\170\Tools\Binn\;D:\Program Files\opencv\build\bin;D:\gradle-6.8.3\bin;D:\Program Files\Programs\Python\Python38;C:\WINDOWS\System32\OpenSSH\;D:\Git\cmd;C:\Users\Administrator\.dotnet\tools;C:\Users\Administrator\AppData\Local\Microsoft\WindowsApps;;D:\Program Files\JetBrains\IntelliJ IDEA 2021.3.2\bin;;D:\Program Files (x86)\Microsoft VS Code\bin;.;D:/maven/.grable/caches/minecraft/net/minecraft/minecraft_natives/1.7.10
[17:21:05] [main/INFO] [FML/]: Managed to load a deobfuscated Minecraft name- we are in a deobfuscated environment. Skipping runtime deobfuscation
[17:21:05] [main/DEBUG] [FML/]: Instantiating coremod class FMLCorePlugin
[17:21:05] [main/DEBUG] [FML/]: Added access transformer class cpw.mods.fml.common.asm.transformers.AccessTransformer to enqueued access transformers
[17:21:05] [main/DEBUG] [FML/]: Enqueued coremod FMLCorePlugin
[17:21:05] [main/DEBUG] [FML/]: Instantiating coremod class FMLForgePlugin
[17:21:05] [main/DEBUG] [FML/]: Added access transformer class net.minecraftforge.transformers.ForgeAccessTransformer to enqueued access transformers
[17:21:05] [main/DEBUG] [FML/]: Enqueued coremod FMLForgePlugin
[17:21:05] [main/DEBUG] [FML/]: All fundamental core mods are successfully located
[17:21:05] [main/DEBUG] [FML/]: Attempting to load commandline specified mods, relative to H:\Game\work\sim-u-1.7.10\eclipse\.
[17:21:05] [main/DEBUG] [FML/]: Discovering coremods
[17:21:05] [main/INFO] [LaunchWrapper/]: Calling tweak class net.minecraftforge.gradle.tweakers.CoremodTweaker
[17:21:05] [main/INFO] [GradleStart/]: Injecting location in coremod cpw.mods.fml.relauncher.FMLCorePlugin
[17:21:05] [main/INFO] [GradleStart/]: Injecting location in coremod net.minecraftforge.classloading.FMLForgePlugin
[17:21:05] [main/INFO] [LaunchWrapper/]: Loading tweak class name cpw.mods.fml.common.launcher.FMLInjectionAndSortingTweaker
[17:21:05] [main/INFO] [LaunchWrapper/]: Loading tweak class name cpw.mods.fml.common.launcher.FMLDeobfTweaker
[17:21:05] [main/INFO] [LaunchWrapper/]: Loading tweak class name net.minecraftforge.gradle.tweakers.AccessTransformerTweaker
[17:21:05] [main/INFO] [LaunchWrapper/]: Calling tweak class cpw.mods.fml.common.launcher.FMLInjectionAndSortingTweaker
[17:21:05] [main/INFO] [LaunchWrapper/]: Calling tweak class cpw.mods.fml.common.launcher.FMLInjectionAndSortingTweaker
[17:21:05] [main/INFO] [LaunchWrapper/]: Calling tweak class cpw.mods.fml.relauncher.CoreModManager$FMLPluginWrapper
[17:21:05] [main/DEBUG] [FML/]: Injecting coremod FMLCorePlugin {cpw.mods.fml.relauncher.FMLCorePlugin} class transformers
[17:21:05] [main/TRACE] [FML/]: Registering transformer cpw.mods.fml.common.asm.transformers.MarkerTransformer
[17:21:05] [main/TRACE] [FML/]: Registering transformer cpw.mods.fml.common.asm.transformers.SideTransformer
[17:21:05] [main/TRACE] [FML/]: Registering transformer cpw.mods.fml.common.asm.transformers.EventSubscriptionTransformer
[17:21:05] [main/DEBUG] [FML/]: Injection complete
[17:21:05] [main/DEBUG] [FML/]: Running coremod plugin for FMLCorePlugin {cpw.mods.fml.relauncher.FMLCorePlugin}
[17:21:05] [main/DEBUG] [FML/]: Running coremod plugin FMLCorePlugin
[17:21:05] [main/ERROR] [FML/]: The binary patch set is missing. Either you are in a development environment, or things are not going to work!
[17:21:07] [main/ERROR] [FML/]: FML appears to be missing any signature data. This is not a good thing
[17:21:07] [main/DEBUG] [FML/]: Coremod plugin class FMLCorePlugin run successfully
[17:21:07] [main/INFO] [LaunchWrapper/]: Calling tweak class cpw.mods.fml.relauncher.CoreModManager$FMLPluginWrapper
[17:21:07] [main/DEBUG] [FML/]: Injecting coremod FMLForgePlugin {net.minecraftforge.classloading.FMLForgePlugin} class transformers
[17:21:07] [main/TRACE] [FML/]: Registering transformer net.minecraftforge.classloading.FluidIdTransformer
[17:21:07] [main/DEBUG] [FML/]: Injection complete
[17:21:07] [main/DEBUG] [FML/]: Running coremod plugin for FMLForgePlugin {net.minecraftforge.classloading.FMLForgePlugin}
[17:21:07] [main/DEBUG] [FML/]: Running coremod plugin FMLForgePlugin
[17:21:07] [main/DEBUG] [FML/]: Coremod plugin class FMLForgePlugin run successfully
[17:21:07] [main/INFO] [LaunchWrapper/]: Calling tweak class cpw.mods.fml.common.launcher.FMLDeobfTweaker
[17:21:07] [main/DEBUG] [FML/]: Loaded 57 rules from AccessTransformer config file fml_at.cfg
[17:21:07] [main/DEBUG] [FML/]: Loaded 89 rules from AccessTransformer config file forge_at.cfg
[17:21:07] [main/DEBUG] [FML/]: Validating minecraft
[17:21:07] [main/DEBUG] [FML/]: Minecraft validated, launching...
[17:21:07] [main/INFO] [LaunchWrapper/]: Calling tweak class net.minecraftforge.gradle.tweakers.AccessTransformerTweaker
[17:21:07] [main/INFO] [LaunchWrapper/]: Loading tweak class name cpw.mods.fml.common.launcher.TerminalTweaker
[17:21:07] [main/INFO] [LaunchWrapper/]: Calling tweak class cpw.mods.fml.common.launcher.TerminalTweaker
[17:21:07] [main/INFO] [LaunchWrapper/]: Launching wrapped minecraft {net.minecraft.client.main.Main}
[17:21:10] [Client thread/DEBUG] [FML/]: Bar Finished: Loading Resource - LanguageManager took 0.037s
[17:21:10] [Client thread/INFO] [STDOUT/]: [cpw.mods.fml.client.SplashProgress:start:188]: ---- Minecraft Crash Report ----
// Shall we play a game?

Time: 22-4-12 下午5:21
Description: Loading screen debug info

This is just a prompt for computer specs to be printed. THIS IS NOT A ERROR


A detailed walkthrough of the error, its code path and all known details is as follows:
---------------------------------------------------------------------------------------

-- System Details --
Details:
	Minecraft Version: 1.7.10
	Operating System: Windows 10 (amd64) version 10.0
	Java Version: 1.8.0_271, Oracle Corporation
	Java VM Version: Java HotSpot(TM) 64-Bit Server VM (mixed mode), Oracle Corporation
	Memory: 765438952 bytes (729 MB) / 1037959168 bytes (989 MB) up to 1037959168 bytes (989 MB)
	JVM Flags: 3 total; -Xincgc -Xmx1024M -Xms1024M
	AABB Pool Size: 0 (0 bytes; 0 MB) allocated, 0 (0 bytes; 0 MB) used
	IntCache: cache: 0, tcache: 0, allocated: 0, tallocated: 0
	FML: 
	GL info: ' Vendor: 'Intel' Version: '4.6.0 - Build 27.20.100.8280' Renderer: 'Intel(R) HD Graphics 630'
[17:21:10] [Client thread/INFO] [MinecraftForge/]: Attempting early MinecraftForge initialization
[17:21:10] [Client thread/INFO] [FML/]: MinecraftForge v10.13.4.1614 Initialized
[17:21:10] [Client thread/INFO] [FML/]: Replaced 183 ore recipies
[17:21:11] [Client thread/INFO] [MinecraftForge/]: Completed early MinecraftForge initialization
[17:21:11] [Client thread/DEBUG] [FML/]: File H:\Game\work\sim-u-1.7.10\eclipse\config\injectedDependencies.json not found. No dependencies injected
[17:21:11] [Client thread/DEBUG] [FML/]: Building injected Mod Containers [cpw.mods.fml.common.FMLContainer, net.minecraftforge.common.ForgeModContainer]
[17:21:11] [Client thread/DEBUG] [FML/]: Attempting to load mods contained in the minecraft jar file and associated classes
[17:21:11] [Client thread/DEBUG] [FML/]: Found a minecraft related file at D:\java\jdk1.8.0_271\jre\lib\charsets.jar, examining for mod candidates
[17:21:11] [Client thread/DEBUG] [FML/]: Found a minecraft related file at D:\java\jdk1.8.0_271\jre\lib\deploy.jar, examining for mod candidates
[17:21:11] [Client thread/DEBUG] [FML/]: Found a minecraft related file at D:\java\jdk1.8.0_271\jre\lib\ext\access-bridge-64.jar, examining for mod candidates
[17:21:11] [Client thread/DEBUG] [FML/]: Found a minecraft related file at D:\java\jdk1.8.0_271\jre\lib\ext\cldrdata.jar, examining for mod candidates
[17:21:11] [Client thread/DEBUG] [FML/]: Found a minecraft related file at D:\java\jdk1.8.0_271\jre\lib\ext\dnsns.jar, examining for mod candidates
[17:21:11] [Client thread/DEBUG] [FML/]: Found a minecraft related file at D:\java\jdk1.8.0_271\jre\lib\ext\jaccess.jar, examining for mod candidates
[17:21:11] [Client thread/DEBUG] [FML/]: Found a minecraft related file at D:\java\jdk1.8.0_271\jre\lib\ext\jfxrt.jar, examining for mod candidates
[17:21:11] [Client thread/DEBUG] [FML/]: Found a minecraft related file at D:\java\jdk1.8.0_271\jre\lib\ext\localedata.jar, examining for mod candidates
[17:21:11] [Client thread/DEBUG] [FML/]: Found a minecraft related file at D:\java\jdk1.8.0_271\jre\lib\ext\nashorn.jar, examining for mod candidates
[17:21:11] [Client thread/DEBUG] [FML/]: Found a minecraft related file at D:\java\jdk1.8.0_271\jre\lib\ext\sunec.jar, examining for mod candidates
[17:21:11] [Client thread/DEBUG] [FML/]: Found a minecraft related file at D:\java\jdk1.8.0_271\jre\lib\ext\sunjce_provider.jar, examining for mod candidates
[17:21:11] [Client thread/DEBUG] [FML/]: Found a minecraft related file at D:\java\jdk1.8.0_271\jre\lib\ext\sunmscapi.jar, examining for mod candidates
[17:21:11] [Client thread/DEBUG] [FML/]: Found a minecraft related file at D:\java\jdk1.8.0_271\jre\lib\ext\sunpkcs11.jar, examining for mod candidates
[17:21:11] [Client thread/DEBUG] [FML/]: Found a minecraft related file at D:\java\jdk1.8.0_271\jre\lib\ext\zipfs.jar, examining for mod candidates
[17:21:11] [Client thread/DEBUG] [FML/]: Found a minecraft related file at D:\java\jdk1.8.0_271\jre\lib\javaws.jar, examining for mod candidates
[17:21:11] [Client thread/DEBUG] [FML/]: Found a minecraft related file at D:\java\jdk1.8.0_271\jre\lib\jce.jar, examining for mod candidates
[17:21:11] [Client thread/DEBUG] [FML/]: Found a minecraft related file at D:\java\jdk1.8.0_271\jre\lib\jfr.jar, examining for mod candidates
[17:21:11] [Client thread/DEBUG] [FML/]: Found a minecraft related file at D:\java\jdk1.8.0_271\jre\lib\jfxswt.jar, examining for mod candidates
[17:21:11] [Client thread/DEBUG] [FML/]: Found a minecraft related file at D:\java\jdk1.8.0_271\jre\lib\jsse.jar, examining for mod candidates
[17:21:11] [Client thread/DEBUG] [FML/]: Found a minecraft related file at D:\java\jdk1.8.0_271\jre\lib\management-agent.jar, examining for mod candidates
[17:21:11] [Client thread/DEBUG] [FML/]: Found a minecraft related file at D:\java\jdk1.8.0_271\jre\lib\plugin.jar, examining for mod candidates
[17:21:11] [Client thread/DEBUG] [FML/]: Found a minecraft related file at D:\java\jdk1.8.0_271\jre\lib\resources.jar, examining for mod candidates
[17:21:11] [Client thread/TRACE] [FML/]: Skipping known library file D:\java\jdk1.8.0_271\jre\lib\rt.jar
[17:21:11] [Client thread/DEBUG] [FML/]: Found a minecraft related directory at H:\Game\work\sim-u-1.7.10\out\production\sim-u-1.7.10, examining for mod candidates
[17:21:11] [Client thread/DEBUG] [FML/]: Found a minecraft related file at D:\maven\.grable\caches\minecraft\net\minecraftforge\forge\1.7.10-10.13.4.1614-1.7.10\stable\12\forgeSrc-1.7.10-10.13.4.1614-1.7.10.jar, examining for mod candidates
[17:21:11] [Client thread/DEBUG] [FML/]: Found a minecraft related file at D:\maven\.grable\caches\modules-2\files-2.1\net.minecraft\launchwrapper\1.12\111e7bea9c968cdb3d06ef4632bf7ff0824d0f36\launchwrapper-1.12.jar, examining for mod candidates
[17:21:11] [Client thread/DEBUG] [FML/]: Found a minecraft related file at D:\maven\.grable\caches\modules-2\files-2.1\com.google.code.findbugs\jsr305\1.3.9\40719ea6961c0cb6afaeb6a921eaa1f6afd4cfdf\jsr305-1.3.9.jar, examining for mod candidates
[17:21:11] [Client thread/DEBUG] [FML/]: Found a minecraft related file at D:\maven\.grable\caches\modules-2\files-2.1\org.ow2.asm\asm-debug-all\5.0.3\f9e364ae2a66ce2a543012a4668856e84e5dab74\asm-debug-all-5.0.3.jar, examining for mod candidates
[17:21:11] [Client thread/DEBUG] [FML/]: Found a minecraft related file at D:\maven\.grable\caches\modules-2\files-2.1\com.typesafe.akka\akka-actor_2.11\2.3.3\ed62e9fc709ca0f2ff1a3220daa8b70a2870078e\akka-actor_2.11-2.3.3.jar, examining for mod candidates
[17:21:11] [Client thread/DEBUG] [FML/]: Found a minecraft related file at D:\maven\.grable\caches\modules-2\files-2.1\com.typesafe\config\1.2.1\f771f71fdae3df231bcd54d5ca2d57f0bf93f467\config-1.2.1.jar, examining for mod candidates
[17:21:11] [Client thread/DEBUG] [FML/]: Found a minecraft related file at D:\maven\.grable\caches\modules-2\files-2.1\org.scala-lang\scala-actors-migration_2.11\1.1.0\dfa8bc42b181d5b9f1a5dd147f8ae308b893eb6f\scala-actors-migration_2.11-1.1.0.jar, examining for mod candidates
[17:21:11] [Client thread/DEBUG] [FML/]: Found a minecraft related file at D:\maven\.grable\caches\modules-2\files-2.1\org.scala-lang.plugins\scala-continuations-plugin_2.11.1\1.0.2\f361a3283452c57fa30c1ee69448995de23c60f7\scala-continuations-plugin_2.11.1-1.0.2.jar, examining for mod candidates
[17:21:11] [Client thread/DEBUG] [FML/]: Found a minecraft related file at D:\maven\.grable\caches\modules-2\files-2.1\org.scala-lang\scala-compiler\2.11.1\56ea2e6c025e0821f28d73ca271218b8dd04926a\scala-compiler-2.11.1.jar, examining for mod candidates
[17:21:11] [Client thread/DEBUG] [FML/]: Found a minecraft related file at D:\maven\.grable\caches\modules-2\files-2.1\org.scala-lang.plugins\scala-continuations-library_2.11\1.0.2\e517c53a7e9acd6b1668c5a35eccbaa3bab9aac\scala-continuations-library_2.11-1.0.2.jar, examining for mod candidates
[17:21:11] [Client thread/DEBUG] [FML/]: Found a minecraft related file at D:\maven\.grable\caches\modules-2\files-2.1\org.scala-lang\scala-reflect\2.11.1\6580347e61cc7f8e802941e7fde40fa83b8badeb\scala-reflect-2.11.1.jar, examining for mod candidates
[17:21:11] [Client thread/DEBUG] [FML/]: Found a minecraft related file at D:\maven\.grable\caches\modules-2\files-2.1\org.scala-lang\scala-actors\2.11.0\8ccfb6541de179bb1c4d45cf414acee069b7f78b\scala-actors-2.11.0.jar, examining for mod candidates
[17:21:11] [Client thread/DEBUG] [FML/]: Found a minecraft related file at D:\maven\.grable\caches\modules-2\files-2.1\org.scala-lang.modules\scala-xml_2.11\1.0.2\820fbca7e524b530fdadc594c39d49a21ea0337e\scala-xml_2.11-1.0.2.jar, examining for mod candidates
[17:21:11] [Client thread/DEBUG] [FML/]: Found a minecraft related file at D:\maven\.grable\caches\modules-2\files-2.1\org.scala-lang.modules\scala-parser-combinators_2.11\1.0.1\f05d7345bf5a58924f2837c6c1f4d73a938e1ff0\scala-parser-combinators_2.11-1.0.1.jar, examining for mod candidates
[17:21:11] [Client thread/DEBUG] [FML/]: Found a minecraft related file at D:\maven\.grable\caches\modules-2\files-2.1\org.scala-lang\scala-library\2.11.1\e11da23da3eabab9f4777b9220e60d44c1aab6a\scala-library-2.11.1.jar, examining for mod candidates
[17:21:11] [Client thread/DEBUG] [FML/]: Found a minecraft related file at D:\maven\.grable\caches\modules-2\files-2.1\org.scala-lang\scala-parser-combinators_2.11\1.0.1\f05d7345bf5a58924f2837c6c1f4d73a938e1ff0\scala-parser-combinators_2.11-1.0.1.jar, examining for mod candidates
[17:21:11] [Client thread/DEBUG] [FML/]: Found a minecraft related file at D:\maven\.grable\caches\modules-2\files-2.1\org.scala-lang\scala-swing_2.11\1.0.1\b1cdd92bd47b1e1837139c1c53020e86bb9112ae\scala-swing_2.11-1.0.1.jar, examining for mod candidates
[17:21:11] [Client thread/DEBUG] [FML/]: Found a minecraft related file at D:\maven\.grable\caches\modules-2\files-2.1\org.scala-lang\scala-xml_2.11\1.0.2\7a80ec00aec122fba7cd4e0d4cdd87ff7e4cb6d0\scala-xml_2.11-1.0.2.jar, examining for mod candidates
[17:21:11] [Client thread/DEBUG] [FML/]: Found a minecraft related file at D:\maven\.grable\caches\modules-2\files-2.1\net.sf.jopt-simple\jopt-simple\4.5\6065cc95c661255349c1d0756657be17c29a4fd3\jopt-simple-4.5.jar, examining for mod candidates
[17:21:11] [Client thread/DEBUG] [FML/]: Found a minecraft related file at D:\maven\.grable\caches\modules-2\files-2.1\lzma\lzma\0.0.1\521616dc7487b42bef0e803bd2fa3faf668101d7\lzma-0.0.1.jar, examining for mod candidates
[17:21:11] [Client thread/DEBUG] [FML/]: Found a minecraft related file at D:\maven\.grable\caches\modules-2\files-2.1\com.mojang\realms\1.3.5\807ae355ee63583becd7ea60e76aab1532bb42e\realms-1.3.5.jar, examining for mod candidates
[17:21:11] [Client thread/DEBUG] [FML/]: Found a minecraft related file at D:\maven\.grable\caches\modules-2\files-2.1\org.apache.commons\commons-compress\1.8.1\a698750c16740fd5b3871425f4cb3bbaa87f529d\commons-compress-1.8.1.jar, examining for mod candidates
[17:21:11] [Client thread/DEBUG] [FML/]: Found a minecraft related file at D:\maven\.grable\caches\modules-2\files-2.1\org.apache.httpcomponents\httpclient\4.3.3\18f4247ff4572a074444572cee34647c43e7c9c7\httpclient-4.3.3.jar, examining for mod candidates
[17:21:11] [Client thread/DEBUG] [FML/]: Found a minecraft related file at D:\maven\.grable\caches\modules-2\files-2.1\commons-logging\commons-logging\1.1.3\f6f66e966c70a83ffbdb6f17a0919eaf7c8aca7f\commons-logging-1.1.3.jar, examining for mod candidates
[17:21:11] [Client thread/DEBUG] [FML/]: Found a minecraft related file at D:\maven\.grable\caches\modules-2\files-2.1\org.apache.httpcomponents\httpcore\4.3.2\31fbbff1ddbf98f3aa7377c94d33b0447c646b6e\httpcore-4.3.2.jar, examining for mod candidates
[17:21:11] [Client thread/DEBUG] [FML/]: Found a minecraft related file at D:\maven\.grable\caches\modules-2\files-2.1\java3d\vecmath\1.3.1\a0ae4f51da409fa0c20fa0ca59e6bbc9413ae71d\vecmath-1.3.1.jar, examining for mod candidates
[17:21:11] [Client thread/DEBUG] [FML/]: Found a minecraft related file at D:\maven\.grable\caches\modules-2\files-2.1\net.sf.trove4j\trove4j\3.0.3\42ccaf4761f0dfdfa805c9e340d99a755907e2dd\trove4j-3.0.3.jar, examining for mod candidates
[17:21:11] [Client thread/DEBUG] [FML/]: Found a minecraft related file at D:\maven\.grable\caches\modules-2\files-2.1\com.ibm.icu\icu4j-core-mojang\51.2\63d216a9311cca6be337c1e458e587f99d382b84\icu4j-core-mojang-51.2.jar, examining for mod candidates
[17:21:11] [Client thread/DEBUG] [FML/]: Found a minecraft related file at D:\maven\.grable\caches\modules-2\files-2.1\com.paulscode\codecjorbis\20101023\c73b5636faf089d9f00e8732a829577de25237ee\codecjorbis-20101023.jar, examining for mod candidates
[17:21:11] [Client thread/DEBUG] [FML/]: Found a minecraft related file at D:\maven\.grable\caches\modules-2\files-2.1\com.paulscode\codecwav\20101023\12f031cfe88fef5c1dd36c563c0a3a69bd7261da\codecwav-20101023.jar, examining for mod candidates
[17:21:11] [Client thread/DEBUG] [FML/]: Found a minecraft related file at D:\maven\.grable\caches\modules-2\files-2.1\com.paulscode\libraryjavasound\20101123\5c5e304366f75f9eaa2e8cca546a1fb6109348b3\libraryjavasound-20101123.jar, examining for mod candidates
[17:21:11] [Client thread/DEBUG] [FML/]: Found a minecraft related file at D:\maven\.grable\caches\modules-2\files-2.1\com.paulscode\librarylwjglopenal\20100824\73e80d0794c39665aec3f62eee88ca91676674ef\librarylwjglopenal-20100824.jar, examining for mod candidates
[17:21:11] [Client thread/DEBUG] [FML/]: Found a minecraft related file at D:\maven\.grable\caches\modules-2\files-2.1\com.paulscode\soundsystem\20120107\419c05fe9be71f792b2d76cfc9b67f1ed0fec7f6\soundsystem-20120107.jar, examining for mod candidates
[17:21:11] [Client thread/DEBUG] [FML/]: Found a minecraft related file at D:\maven\.grable\caches\modules-2\files-2.1\io.netty\netty-all\4.0.10.Final\9e50bd52ffe257a0e2cd8d971688d6ce7d174325\netty-all-4.0.10.Final.jar, examining for mod candidates
[17:21:11] [Client thread/DEBUG] [FML/]: Found a minecraft related file at D:\maven\.grable\caches\modules-2\files-2.1\com.mojang\authlib\1.5.16\ef1582b11fd0943d069cdcb72e99008ac209a283\authlib-1.5.16.jar, examining for mod candidates
[17:21:11] [Client thread/DEBUG] [FML/]: Found a minecraft related file at D:\maven\.grable\caches\modules-2\files-2.1\com.google.guava\guava\17.0\9c6ef172e8de35fd8d4d8783e4821e57cdef7445\guava-17.0.jar, examining for mod candidates
[17:21:11] [Client thread/DEBUG] [FML/]: Found a minecraft related file at D:\maven\.grable\caches\modules-2\files-2.1\org.apache.commons\commons-lang3\3.3.2\90a3822c38ec8c996e84c16a3477ef632cbc87a3\commons-lang3-3.3.2.jar, examining for mod candidates
[17:21:11] [Client thread/DEBUG] [FML/]: Found a minecraft related file at D:\maven\.grable\caches\modules-2\files-2.1\commons-io\commons-io\2.4\b1b6ea3b7e4aa4f492509a4952029cd8e48019ad\commons-io-2.4.jar, examining for mod candidates
[17:21:11] [Client thread/DEBUG] [FML/]: Found a minecraft related file at D:\maven\.grable\caches\modules-2\files-2.1\commons-codec\commons-codec\1.9\9ce04e34240f674bc72680f8b843b1457383161a\commons-codec-1.9.jar, examining for mod candidates
[17:21:11] [Client thread/DEBUG] [FML/]: Found a minecraft related file at D:\maven\.grable\caches\modules-2\files-2.1\org.lwjgl.lwjgl\lwjgl_util\2.9.1\290d7ba8a1bd9566f5ddf16ad06f09af5ec9b20e\lwjgl_util-2.9.1.jar, examining for mod candidates
[17:21:11] [Client thread/DEBUG] [FML/]: Found a minecraft related file at D:\maven\.grable\caches\modules-2\files-2.1\org.lwjgl.lwjgl\lwjgl\2.9.1\f58c5aabcef0e41718a564be9f8e412fff8db847\lwjgl-2.9.1.jar, examining for mod candidates
[17:21:11] [Client thread/DEBUG] [FML/]: Found a minecraft related file at D:\maven\.grable\caches\modules-2\files-2.1\net.java.jinput\jinput\2.0.5\39c7796b469a600f72380316f6b1f11db6c2c7c4\jinput-2.0.5.jar, examining for mod candidates
[17:21:11] [Client thread/DEBUG] [FML/]: Found a minecraft related file at D:\maven\.grable\caches\modules-2\files-2.1\net.java.jutils\jutils\1.0.0\e12fe1fda814bd348c1579329c86943d2cd3c6a6\jutils-1.0.0.jar, examining for mod candidates
[17:21:11] [Client thread/DEBUG] [FML/]: Found a minecraft related file at D:\maven\.grable\caches\modules-2\files-2.1\com.google.code.gson\gson\2.2.4\a60a5e993c98c864010053cb901b7eab25306568\gson-2.2.4.jar, examining for mod candidates
[17:21:11] [Client thread/DEBUG] [FML/]: Found a minecraft related file at D:\maven\.grable\caches\modules-2\files-2.1\org.apache.logging.log4j\log4j-core\2.0-beta9\678861ba1b2e1fccb594bb0ca03114bb05da9695\log4j-core-2.0-beta9.jar, examining for mod candidates
[17:21:11] [Client thread/DEBUG] [FML/]: Found a minecraft related file at D:\maven\.grable\caches\modules-2\files-2.1\org.apache.logging.log4j\log4j-api\2.0-beta9\1dd66e68cccd907880229f9e2de1314bd13ff785\log4j-api-2.0-beta9.jar, examining for mod candidates
[17:21:11] [Client thread/DEBUG] [FML/]: Found a minecraft related file at D:\maven\.grable\caches\modules-2\files-2.1\tv.twitch\twitch\5.16\1f55f009c61637c10c0acfb8b5ffc600f30044b4\twitch-5.16.jar, examining for mod candidates
[17:21:11] [Client thread/DEBUG] [FML/]: Found a minecraft related file at D:\maven\.grable\caches\modules-2\files-2.1\net.java.jinput\jinput-platform\2.0.5\7ff832a6eb9ab6a767f1ade2b548092d0fa64795\jinput-platform-2.0.5-natives-linux.jar, examining for mod candidates
[17:21:11] [Client thread/DEBUG] [FML/]: Found a minecraft related file at D:\maven\.grable\caches\modules-2\files-2.1\net.java.jinput\jinput-platform\2.0.5\385ee093e01f587f30ee1c8a2ee7d408fd732e16\jinput-platform-2.0.5-natives-windows.jar, examining for mod candidates
[17:21:11] [Client thread/DEBUG] [FML/]: Found a minecraft related file at D:\maven\.grable\caches\modules-2\files-2.1\net.java.jinput\jinput-platform\2.0.5\53f9c919f34d2ca9de8c51fc4e1e8282029a9232\jinput-platform-2.0.5-natives-osx.jar, examining for mod candidates
[17:21:11] [Client thread/DEBUG] [FML/]: Found a minecraft related file at D:\maven\.grable\caches\modules-2\files-2.1\tv.twitch\twitch-platform\5.16\7c6affe439099806a4f552da14c42f9d643d8b23\twitch-platform-5.16-natives-windows-32.jar, examining for mod candidates
[17:21:11] [Client thread/DEBUG] [FML/]: Found a minecraft related file at D:\maven\.grable\caches\modules-2\files-2.1\tv.twitch\twitch-platform\5.16\39d0c3d363735b4785598e0e7fbf8297c706a9f9\twitch-platform-5.16-natives-windows-64.jar, examining for mod candidates
[17:21:11] [Client thread/DEBUG] [FML/]: Found a minecraft related file at D:\maven\.grable\caches\modules-2\files-2.1\tv.twitch\twitch-platform\5.16\62503ee712766cf77f97252e5902786fd834b8c5\twitch-platform-5.16-natives-osx.jar, examining for mod candidates
[17:21:11] [Client thread/DEBUG] [FML/]: Found a minecraft related file at D:\maven\.grable\caches\modules-2\files-2.1\tv.twitch\twitch-external-platform\4.5\18215140f010c05b9f86ef6f0f8871954d2ccebf\twitch-external-platform-4.5-natives-windows-32.jar, examining for mod candidates
[17:21:11] [Client thread/DEBUG] [FML/]: Found a minecraft related file at D:\maven\.grable\caches\modules-2\files-2.1\tv.twitch\twitch-external-platform\4.5\c3cde57891b935d41b6680a9c5e1502eeab76d86\twitch-external-platform-4.5-natives-windows-64.jar, examining for mod candidates
[17:21:11] [Client thread/DEBUG] [FML/]: Found a minecraft related file at D:\maven\.grable\caches\modules-2\files-2.1\org.lwjgl.lwjgl\lwjgl-platform\2.9.1\4c517eca808522457dd95ee8fc1fbcdbb602efbe\lwjgl-platform-2.9.1-natives-windows.jar, examining for mod candidates
[17:21:11] [Client thread/DEBUG] [FML/]: Found a minecraft related file at D:\maven\.grable\caches\modules-2\files-2.1\org.lwjgl.lwjgl\lwjgl-platform\2.9.1\aa9aae879af8eb378e22cfc64db56ec2ca9a44d1\lwjgl-platform-2.9.1-natives-linux.jar, examining for mod candidates
[17:21:11] [Client thread/DEBUG] [FML/]: Found a minecraft related file at D:\maven\.grable\caches\modules-2\files-2.1\org.lwjgl.lwjgl\lwjgl-platform\2.9.1\2d12c83fdfbc04ecabf02c7bc8cc54d034f0daac\lwjgl-platform-2.9.1-natives-osx.jar, examining for mod candidates
[17:21:11] [Client thread/DEBUG] [FML/]: Found a minecraft related directory at D:\maven\.grable\caches\minecraft\net\minecraftforge\forge\1.7.10-10.13.4.1614-1.7.10\start, examining for mod candidates
[17:21:11] [Client thread/DEBUG] [FML/]: Found a minecraft related file at D:\Program Files\JetBrains\IntelliJ IDEA 2021.3.2\lib\idea_rt.jar, examining for mod candidates
[17:21:11] [Client thread/DEBUG] [FML/]: Found a minecraft related file at C:\Users\Administrator\AppData\Local\Temp\captureAgent4jars\debugger-agent.jar, examining for mod candidates
[17:21:11] [Client thread/DEBUG] [FML/]: Minecraft jar mods loaded successfully
[17:21:11] [Client thread/INFO] [FML/]: Found 0 mods from the command line. Injecting into mod discoverer
[17:21:11] [Client thread/INFO] [FML/]: Searching H:\Game\work\sim-u-1.7.10\eclipse\mods for mods
[17:21:11] [Client thread/DEBUG] [FML/]: Found a candidate mod directory sim
[17:21:11] [Client thread/DEBUG] [FML/]: Examining file charsets.jar for potential mods
[17:21:11] [Client thread/DEBUG] [FML/]: The mod container charsets.jar appears to be missing an mcmod.info file
[17:21:11] [Client thread/DEBUG] [FML/]: Examining file deploy.jar for potential mods
[17:21:11] [Client thread/DEBUG] [FML/]: The mod container deploy.jar appears to be missing an mcmod.info file
[17:21:11] [Client thread/DEBUG] [FML/]: Examining file access-bridge-64.jar for potential mods
[17:21:11] [Client thread/DEBUG] [FML/]: The mod container access-bridge-64.jar appears to be missing an mcmod.info file
[17:21:11] [Client thread/DEBUG] [FML/]: Examining file cldrdata.jar for potential mods
[17:21:11] [Client thread/DEBUG] [FML/]: The mod container cldrdata.jar appears to be missing an mcmod.info file
[17:21:12] [Client thread/DEBUG] [FML/]: Examining file dnsns.jar for potential mods
[17:21:12] [Client thread/DEBUG] [FML/]: The mod container dnsns.jar appears to be missing an mcmod.info file
[17:21:12] [Client thread/DEBUG] [FML/]: Examining file jaccess.jar for potential mods
[17:21:12] [Client thread/DEBUG] [FML/]: The mod container jaccess.jar appears to be missing an mcmod.info file
[17:21:12] [Client thread/DEBUG] [FML/]: Examining file jfxrt.jar for potential mods
[17:21:12] [Client thread/DEBUG] [FML/]: The mod container jfxrt.jar appears to be missing an mcmod.info file
[17:21:13] [Client thread/DEBUG] [FML/]: Examining file localedata.jar for potential mods
[17:21:13] [Client thread/DEBUG] [FML/]: The mod container localedata.jar appears to be missing an mcmod.info file
[17:21:13] [Client thread/DEBUG] [FML/]: Examining file nashorn.jar for potential mods
[17:21:13] [Client thread/DEBUG] [FML/]: The mod container nashorn.jar appears to be missing an mcmod.info file
[17:21:13] [Client thread/DEBUG] [FML/]: Examining file sunec.jar for potential mods
[17:21:13] [Client thread/DEBUG] [FML/]: The mod container sunec.jar appears to be missing an mcmod.info file
[17:21:14] [Client thread/DEBUG] [FML/]: Examining file sunjce_provider.jar for potential mods
[17:21:14] [Client thread/DEBUG] [FML/]: The mod container sunjce_provider.jar appears to be missing an mcmod.info file
[17:21:14] [Client thread/DEBUG] [FML/]: Examining file sunmscapi.jar for potential mods
[17:21:14] [Client thread/DEBUG] [FML/]: The mod container sunmscapi.jar appears to be missing an mcmod.info file
[17:21:14] [Client thread/DEBUG] [FML/]: Examining file sunpkcs11.jar for potential mods
[17:21:14] [Client thread/DEBUG] [FML/]: The mod container sunpkcs11.jar appears to be missing an mcmod.info file
[17:21:14] [Client thread/DEBUG] [FML/]: Examining file zipfs.jar for potential mods
[17:21:14] [Client thread/DEBUG] [FML/]: The mod container zipfs.jar appears to be missing an mcmod.info file
[17:21:14] [Client thread/DEBUG] [FML/]: Examining file javaws.jar for potential mods
[17:21:14] [Client thread/DEBUG] [FML/]: The mod container javaws.jar appears to be missing an mcmod.info file
[17:21:14] [Client thread/DEBUG] [FML/]: Examining file jce.jar for potential mods
[17:21:14] [Client thread/DEBUG] [FML/]: The mod container jce.jar appears to be missing an mcmod.info file
[17:21:14] [Client thread/DEBUG] [FML/]: Examining file jfr.jar for potential mods
[17:21:14] [Client thread/DEBUG] [FML/]: The mod container jfr.jar appears to be missing an mcmod.info file
[17:21:14] [Client thread/DEBUG] [FML/]: Examining file jfxswt.jar for potential mods
[17:21:14] [Client thread/DEBUG] [FML/]: The mod container jfxswt.jar appears to be missing an mcmod.info file
[17:21:14] [Client thread/DEBUG] [FML/]: Examining file jsse.jar for potential mods
[17:21:14] [Client thread/DEBUG] [FML/]: The mod container jsse.jar appears to be missing an mcmod.info file
[17:21:14] [Client thread/DEBUG] [FML/]: Examining file management-agent.jar for potential mods
[17:21:14] [Client thread/DEBUG] [FML/]: The mod container management-agent.jar appears to be missing an mcmod.info file
[17:21:14] [Client thread/DEBUG] [FML/]: Examining file plugin.jar for potential mods
[17:21:14] [Client thread/DEBUG] [FML/]: The mod container plugin.jar appears to be missing an mcmod.info file
[17:21:14] [Client thread/DEBUG] [FML/]: Examining file resources.jar for potential mods
[17:21:14] [Client thread/DEBUG] [FML/]: The mod container resources.jar appears to be missing an mcmod.info file
[17:21:14] [Client thread/DEBUG] [FML/]: Examining directory sim-u-1.7.10 for potential mods
[17:21:14] [Client thread/DEBUG] [FML/]: Found an mcmod.info file in directory sim-u-1.7.10
[17:21:14] [Client thread/TRACE] [FML/]: Recursing into package assets
[17:21:14] [Client thread/TRACE] [FML/]: Recursing into package assets.minecraft
[17:21:14] [Client thread/TRACE] [FML/]: Recursing into package assets.minecraft.textures
[17:21:14] [Client thread/TRACE] [FML/]: Recursing into package assets.minecraft.textures.gui
[17:21:14] [Client thread/TRACE] [FML/]: Recursing into package assets.minecraft.textures.gui.container
[17:21:14] [Client thread/TRACE] [FML/]: Recursing into package assets.minecraft.textures.gui.container.creative_inventory
[17:21:14] [Client thread/TRACE] [FML/]: Recursing into package assets.sim
[17:21:14] [Client thread/TRACE] [FML/]: Recursing into package assets.sim.blockstates
[17:21:14] [Client thread/TRACE] [FML/]: Recursing into package assets.sim.lang
[17:21:14] [Client thread/TRACE] [FML/]: Recursing into package assets.sim.models
[17:21:14] [Client thread/TRACE] [FML/]: Recursing into package assets.sim.models.block
[17:21:14] [Client thread/TRACE] [FML/]: Recursing into package assets.sim.models.item
[17:21:14] [Client thread/TRACE] [FML/]: Recursing into package assets.sim.skins
[17:21:14] [Client thread/TRACE] [FML/]: Recursing into package assets.sim.sounds
[17:21:14] [Client thread/TRACE] [FML/]: Recursing into package assets.sim.textures
[17:21:14] [Client thread/TRACE] [FML/]: Recursing into package assets.sim.textures.blocks
[17:21:14] [Client thread/TRACE] [FML/]: Recursing into package assets.sim.textures.gui
[17:21:14] [Client thread/TRACE] [FML/]: Recursing into package assets.sim.textures.items
[17:21:14] [Client thread/TRACE] [FML/]: Recursing into package assets.sim.textures.models
[17:21:14] [Client thread/TRACE] [FML/]: Recursing into package blocks
[17:21:14] [Client thread/TRACE] [FML/]: Recursing into package com
[17:21:14] [Client thread/TRACE] [FML/]: Recursing into package com.trhsy
[17:21:14] [Client thread/TRACE] [FML/]: Recursing into package com.trhsy.sim
[17:21:14] [Client thread/TRACE] [FML/]: Recursing into package com.trhsy.sim.api
[17:21:14] [Client thread/TRACE] [FML/]: Recursing into package com.trhsy.sim.api.buildcraft
[17:21:14] [Client thread/TRACE] [FML/]: Recursing into package com.trhsy.sim.api.buildcraft.api
[17:21:14] [Client thread/TRACE] [FML/]: Recursing into package com.trhsy.sim.api.buildcraft.api.blocks
[17:21:14] [Client thread/TRACE] [FML/]: Recursing into package com.trhsy.sim.api.buildcraft.api.blueprints
[17:21:14] [Client thread/TRACE] [FML/]: Recursing into package com.trhsy.sim.api.buildcraft.api.boards
[17:21:14] [Client thread/TRACE] [FML/]: Recursing into package com.trhsy.sim.api.buildcraft.api.core
[17:21:14] [Client thread/TRACE] [FML/]: Recursing into package com.trhsy.sim.api.buildcraft.api.core.render
[17:21:14] [Client thread/TRACE] [FML/]: Recursing into package com.trhsy.sim.api.buildcraft.api.crops
[17:21:14] [Client thread/TRACE] [FML/]: Recursing into package com.trhsy.sim.api.buildcraft.api.events
[17:21:14] [Client thread/TRACE] [FML/]: Recursing into package com.trhsy.sim.api.buildcraft.api.facades
[17:21:14] [Client thread/TRACE] [FML/]: Recursing into package com.trhsy.sim.api.buildcraft.api.filler
[17:21:14] [Client thread/TRACE] [FML/]: Recursing into package com.trhsy.sim.api.buildcraft.api.fuels
[17:21:14] [Client thread/TRACE] [FML/]: Recursing into package com.trhsy.sim.api.buildcraft.api.gates
[17:21:14] [Client thread/TRACE] [FML/]: Recursing into package com.trhsy.sim.api.buildcraft.api.items
[17:21:14] [Client thread/TRACE] [FML/]: Recursing into package com.trhsy.sim.api.buildcraft.api.library
[17:21:14] [Client thread/TRACE] [FML/]: Recursing into package com.trhsy.sim.api.buildcraft.api.lists
[17:21:14] [Client thread/TRACE] [FML/]: Recursing into package com.trhsy.sim.api.buildcraft.api.power
[17:21:14] [Client thread/TRACE] [FML/]: Recursing into package com.trhsy.sim.api.buildcraft.api.recipes
[17:21:14] [Client thread/TRACE] [FML/]: Recursing into package com.trhsy.sim.api.buildcraft.api.robots
[17:21:14] [Client thread/TRACE] [FML/]: Recursing into package com.trhsy.sim.api.buildcraft.api.statements
[17:21:14] [Client thread/TRACE] [FML/]: Recursing into package com.trhsy.sim.api.buildcraft.api.tablet
[17:21:14] [Client thread/TRACE] [FML/]: Recursing into package com.trhsy.sim.api.buildcraft.api.tiles
[17:21:14] [Client thread/TRACE] [FML/]: Recursing into package com.trhsy.sim.api.buildcraft.api.tools
[17:21:14] [Client thread/TRACE] [FML/]: Recursing into package com.trhsy.sim.api.buildcraft.api.transport
[17:21:14] [Client thread/TRACE] [FML/]: Recursing into package com.trhsy.sim.api.buildcraft.api.transport.pluggable
[17:21:14] [Client thread/TRACE] [FML/]: Recursing into package com.trhsy.sim.api.cofh
[17:21:14] [Client thread/TRACE] [FML/]: Recursing into package com.trhsy.sim.api.cofh.api
[17:21:14] [Client thread/TRACE] [FML/]: Recursing into package com.trhsy.sim.api.cofh.api.energy
[17:21:14] [Client thread/TRACE] [FML/]: Recursing into package com.trhsy.sim.client
[17:21:14] [Client thread/TRACE] [FML/]: Recursing into package com.trhsy.sim.client.event
[17:21:14] [Client thread/TRACE] [FML/]: Recursing into package com.trhsy.sim.client.gui
[17:21:14] [Client thread/TRACE] [FML/]: Recursing into package com.trhsy.sim.client.gui.blocks
[17:21:14] [Client thread/TRACE] [FML/]: Recursing into package com.trhsy.sim.client.gui.enums
[17:21:14] [Client thread/TRACE] [FML/]: Recursing into package com.trhsy.sim.client.gui.folk
[17:21:14] [Client thread/TRACE] [FML/]: Recursing into package com.trhsy.sim.client.gui.inventory
[17:21:14] [Client thread/TRACE] [FML/]: Recursing into package com.trhsy.sim.client.gui.other
[17:21:14] [Client thread/TRACE] [FML/]: Recursing into package com.trhsy.sim.client.model
[17:21:14] [Client thread/TRACE] [FML/]: Recursing into package com.trhsy.sim.client.render
[17:21:14] [Client thread/TRACE] [FML/]: Recursing into package com.trhsy.sim.common
[17:21:14] [Client thread/TRACE] [FML/]: Recursing into package com.trhsy.sim.common.block
[17:21:14] [Client thread/TRACE] [FML/]: Recursing into package com.trhsy.sim.common.block.fluid
[17:21:14] [Client thread/TRACE] [FML/]: Recursing into package com.trhsy.sim.common.block.functionality
[17:21:14] [Client thread/TRACE] [FML/]: Recursing into package com.trhsy.sim.common.block.gases
[17:21:14] [Client thread/TRACE] [FML/]: Recursing into package com.trhsy.sim.common.creativetab
[17:21:14] [Client thread/TRACE] [FML/]: Recursing into package com.trhsy.sim.common.entity
[17:21:14] [Client thread/TRACE] [FML/]: Recursing into package com.trhsy.sim.common.entity.enums
[17:21:14] [Client thread/TRACE] [FML/]: Recursing into package com.trhsy.sim.common.infrastructure
[17:21:14] [Client thread/TRACE] [FML/]: Recursing into package com.trhsy.sim.common.item
[17:21:14] [Client thread/TRACE] [FML/]: Recursing into package com.trhsy.sim.common.item.food
[17:21:14] [Client thread/TRACE] [FML/]: Recursing into package com.trhsy.sim.common.jobs
[17:21:14] [Client thread/TRACE] [FML/]: Recursing into package com.trhsy.sim.common.loader
[17:21:14] [Client thread/DEBUG] [FML/]: Identified a mod of type Lcpw/mods/fml/common/Mod; (com.trhsy.sim.ModSim) - loading
[17:21:14] [Client thread/TRACE] [sim/]: Parsed dependency info : [Forge@[9.10,)] [Forge@[9.10,)] []
[17:21:14] [Client thread/TRACE] [FML/]: Recursing into package com.trhsy.sim.packets
[17:21:14] [Client thread/TRACE] [FML/]: Recursing into package com.trhsy.sim.packets.client
[17:21:14] [Client thread/TRACE] [FML/]: Recursing into package com.trhsy.sim.packets.server
[17:21:14] [Client thread/TRACE] [FML/]: Recursing into package com.trhsy.sim.util
[17:21:14] [Client thread/TRACE] [FML/]: Recursing into package META-INF
[17:21:14] [Client thread/DEBUG] [FML/]: Examining file forgeSrc-1.7.10-10.13.4.1614-1.7.10.jar for potential mods
[17:21:14] [Client thread/DEBUG] [FML/]: The mod container forgeSrc-1.7.10-10.13.4.1614-1.7.10.jar appears to be missing an mcmod.info file
[17:21:15] [Client thread/DEBUG] [FML/]: Examining file launchwrapper-1.12.jar for potential mods
[17:21:15] [Client thread/DEBUG] [FML/]: The mod container launchwrapper-1.12.jar appears to be missing an mcmod.info file
[17:21:15] [Client thread/DEBUG] [FML/]: Examining file jsr305-1.3.9.jar for potential mods
[17:21:15] [Client thread/DEBUG] [FML/]: The mod container jsr305-1.3.9.jar appears to be missing an mcmod.info file
[17:21:15] [Client thread/DEBUG] [FML/]: Examining file asm-debug-all-5.0.3.jar for potential mods
[17:21:15] [Client thread/DEBUG] [FML/]: The mod container asm-debug-all-5.0.3.jar appears to be missing an mcmod.info file
[17:21:15] [Client thread/DEBUG] [FML/]: Examining file akka-actor_2.11-2.3.3.jar for potential mods
[17:21:15] [Client thread/DEBUG] [FML/]: The mod container akka-actor_2.11-2.3.3.jar appears to be missing an mcmod.info file
[17:21:15] [Client thread/DEBUG] [FML/]: Examining file config-1.2.1.jar for potential mods
[17:21:15] [Client thread/DEBUG] [FML/]: The mod container config-1.2.1.jar appears to be missing an mcmod.info file
[17:21:15] [Client thread/DEBUG] [FML/]: Examining file scala-actors-migration_2.11-1.1.0.jar for potential mods
[17:21:15] [Client thread/DEBUG] [FML/]: The mod container scala-actors-migration_2.11-1.1.0.jar appears to be missing an mcmod.info file
[17:21:15] [Client thread/DEBUG] [FML/]: Examining file scala-continuations-plugin_2.11.1-1.0.2.jar for potential mods
[17:21:15] [Client thread/DEBUG] [FML/]: The mod container scala-continuations-plugin_2.11.1-1.0.2.jar appears to be missing an mcmod.info file
[17:21:15] [Client thread/DEBUG] [FML/]: Examining file scala-compiler-2.11.1.jar for potential mods
[17:21:15] [Client thread/DEBUG] [FML/]: The mod container scala-compiler-2.11.1.jar appears to be missing an mcmod.info file
[17:21:17] [Client thread/DEBUG] [FML/]: Examining file scala-continuations-library_2.11-1.0.2.jar for potential mods
[17:21:17] [Client thread/DEBUG] [FML/]: The mod container scala-continuations-library_2.11-1.0.2.jar appears to be missing an mcmod.info file
[17:21:17] [Client thread/DEBUG] [FML/]: Examining file scala-reflect-2.11.1.jar for potential mods
[17:21:17] [Client thread/DEBUG] [FML/]: The mod container scala-reflect-2.11.1.jar appears to be missing an mcmod.info file
[17:21:17] [Client thread/DEBUG] [FML/]: Examining file scala-actors-2.11.0.jar for potential mods
[17:21:17] [Client thread/DEBUG] [FML/]: The mod container scala-actors-2.11.0.jar appears to be missing an mcmod.info file
[17:21:17] [Client thread/DEBUG] [FML/]: Examining file scala-xml_2.11-1.0.2.jar for potential mods
[17:21:17] [Client thread/DEBUG] [FML/]: The mod container scala-xml_2.11-1.0.2.jar appears to be missing an mcmod.info file
[17:21:17] [Client thread/DEBUG] [FML/]: Examining file scala-parser-combinators_2.11-1.0.1.jar for potential mods
[17:21:17] [Client thread/DEBUG] [FML/]: The mod container scala-parser-combinators_2.11-1.0.1.jar appears to be missing an mcmod.info file
[17:21:17] [Client thread/DEBUG] [FML/]: Examining file scala-library-2.11.1.jar for potential mods
[17:21:17] [Client thread/DEBUG] [FML/]: The mod container scala-library-2.11.1.jar appears to be missing an mcmod.info file
[17:21:18] [Client thread/DEBUG] [FML/]: Examining file scala-parser-combinators_2.11-1.0.1.jar for potential mods
[17:21:18] [Client thread/DEBUG] [FML/]: The mod container scala-parser-combinators_2.11-1.0.1.jar appears to be missing an mcmod.info file
[17:21:18] [Client thread/DEBUG] [FML/]: Examining file scala-swing_2.11-1.0.1.jar for potential mods
[17:21:18] [Client thread/DEBUG] [FML/]: The mod container scala-swing_2.11-1.0.1.jar appears to be missing an mcmod.info file
[17:21:18] [Client thread/DEBUG] [FML/]: Examining file scala-xml_2.11-1.0.2.jar for potential mods
[17:21:18] [Client thread/DEBUG] [FML/]: The mod container scala-xml_2.11-1.0.2.jar appears to be missing an mcmod.info file
[17:21:18] [Client thread/DEBUG] [FML/]: Examining file jopt-simple-4.5.jar for potential mods
[17:21:18] [Client thread/DEBUG] [FML/]: The mod container jopt-simple-4.5.jar appears to be missing an mcmod.info file
[17:21:18] [Client thread/DEBUG] [FML/]: Examining file lzma-0.0.1.jar for potential mods
[17:21:18] [Client thread/DEBUG] [FML/]: The mod container lzma-0.0.1.jar appears to be missing an mcmod.info file
[17:21:18] [Client thread/DEBUG] [FML/]: Examining file realms-1.3.5.jar for potential mods
[17:21:18] [Client thread/DEBUG] [FML/]: The mod container realms-1.3.5.jar appears to be missing an mcmod.info file
[17:21:18] [Client thread/DEBUG] [FML/]: Examining file commons-compress-1.8.1.jar for potential mods
[17:21:18] [Client thread/DEBUG] [FML/]: The mod container commons-compress-1.8.1.jar appears to be missing an mcmod.info file
[17:21:18] [Client thread/DEBUG] [FML/]: Examining file httpclient-4.3.3.jar for potential mods
[17:21:18] [Client thread/DEBUG] [FML/]: The mod container httpclient-4.3.3.jar appears to be missing an mcmod.info file
[17:21:18] [Client thread/DEBUG] [FML/]: Examining file commons-logging-1.1.3.jar for potential mods
[17:21:18] [Client thread/DEBUG] [FML/]: The mod container commons-logging-1.1.3.jar appears to be missing an mcmod.info file
[17:21:18] [Client thread/DEBUG] [FML/]: Examining file httpcore-4.3.2.jar for potential mods
[17:21:18] [Client thread/DEBUG] [FML/]: The mod container httpcore-4.3.2.jar appears to be missing an mcmod.info file
[17:21:18] [Client thread/DEBUG] [FML/]: Examining file vecmath-1.3.1.jar for potential mods
[17:21:18] [Client thread/DEBUG] [FML/]: The mod container vecmath-1.3.1.jar appears to be missing an mcmod.info file
[17:21:18] [Client thread/DEBUG] [FML/]: Examining file trove4j-3.0.3.jar for potential mods
[17:21:18] [Client thread/DEBUG] [FML/]: The mod container trove4j-3.0.3.jar appears to be missing an mcmod.info file
[17:21:18] [Client thread/DEBUG] [FML/]: Examining file icu4j-core-mojang-51.2.jar for potential mods
[17:21:18] [Client thread/DEBUG] [FML/]: The mod container icu4j-core-mojang-51.2.jar appears to be missing an mcmod.info file
[17:21:18] [Client thread/DEBUG] [FML/]: Examining file codecjorbis-20101023.jar for potential mods
[17:21:18] [Client thread/DEBUG] [FML/]: The mod container codecjorbis-20101023.jar appears to be missing an mcmod.info file
[17:21:18] [Client thread/DEBUG] [FML/]: Examining file codecwav-20101023.jar for potential mods
[17:21:18] [Client thread/DEBUG] [FML/]: The mod container codecwav-20101023.jar appears to be missing an mcmod.info file
[17:21:18] [Client thread/DEBUG] [FML/]: Examining file libraryjavasound-20101123.jar for potential mods
[17:21:18] [Client thread/DEBUG] [FML/]: The mod container libraryjavasound-20101123.jar appears to be missing an mcmod.info file
[17:21:18] [Client thread/DEBUG] [FML/]: Examining file librarylwjglopenal-20100824.jar for potential mods
[17:21:18] [Client thread/DEBUG] [FML/]: The mod container librarylwjglopenal-20100824.jar appears to be missing an mcmod.info file
[17:21:18] [Client thread/DEBUG] [FML/]: Examining file soundsystem-20120107.jar for potential mods
[17:21:18] [Client thread/DEBUG] [FML/]: The mod container soundsystem-20120107.jar appears to be missing an mcmod.info file
[17:21:18] [Client thread/DEBUG] [FML/]: Examining file netty-all-4.0.10.Final.jar for potential mods
[17:21:18] [Client thread/DEBUG] [FML/]: The mod container netty-all-4.0.10.Final.jar appears to be missing an mcmod.info file
[17:21:18] [Client thread/DEBUG] [FML/]: Examining file authlib-1.5.16.jar for potential mods
[17:21:18] [Client thread/DEBUG] [FML/]: The mod container authlib-1.5.16.jar appears to be missing an mcmod.info file
[17:21:18] [Client thread/DEBUG] [FML/]: Examining file guava-17.0.jar for potential mods
[17:21:18] [Client thread/DEBUG] [FML/]: The mod container guava-17.0.jar appears to be missing an mcmod.info file
[17:21:19] [Client thread/DEBUG] [FML/]: Examining file commons-lang3-3.3.2.jar for potential mods
[17:21:19] [Client thread/DEBUG] [FML/]: The mod container commons-lang3-3.3.2.jar appears to be missing an mcmod.info file
[17:21:19] [Client thread/DEBUG] [FML/]: Examining file commons-io-2.4.jar for potential mods
[17:21:19] [Client thread/DEBUG] [FML/]: The mod container commons-io-2.4.jar appears to be missing an mcmod.info file
[17:21:19] [Client thread/DEBUG] [FML/]: Examining file commons-codec-1.9.jar for potential mods
[17:21:19] [Client thread/DEBUG] [FML/]: The mod container commons-codec-1.9.jar appears to be missing an mcmod.info file
[17:21:19] [Client thread/DEBUG] [FML/]: Examining file lwjgl_util-2.9.1.jar for potential mods
[17:21:19] [Client thread/DEBUG] [FML/]: The mod container lwjgl_util-2.9.1.jar appears to be missing an mcmod.info file
[17:21:19] [Client thread/DEBUG] [FML/]: Examining file lwjgl-2.9.1.jar for potential mods
[17:21:19] [Client thread/DEBUG] [FML/]: The mod container lwjgl-2.9.1.jar appears to be missing an mcmod.info file
[17:21:19] [Client thread/DEBUG] [FML/]: Examining file jinput-2.0.5.jar for potential mods
[17:21:19] [Client thread/DEBUG] [FML/]: The mod container jinput-2.0.5.jar appears to be missing an mcmod.info file
[17:21:19] [Client thread/DEBUG] [FML/]: Examining file jutils-1.0.0.jar for potential mods
[17:21:19] [Client thread/DEBUG] [FML/]: The mod container jutils-1.0.0.jar appears to be missing an mcmod.info file
[17:21:19] [Client thread/DEBUG] [FML/]: Examining file gson-2.2.4.jar for potential mods
[17:21:19] [Client thread/DEBUG] [FML/]: The mod container gson-2.2.4.jar appears to be missing an mcmod.info file
[17:21:19] [Client thread/DEBUG] [FML/]: Examining file log4j-core-2.0-beta9.jar for potential mods
[17:21:19] [Client thread/DEBUG] [FML/]: The mod container log4j-core-2.0-beta9.jar appears to be missing an mcmod.info file
[17:21:19] [Client thread/DEBUG] [FML/]: Examining file log4j-api-2.0-beta9.jar for potential mods
[17:21:19] [Client thread/DEBUG] [FML/]: The mod container log4j-api-2.0-beta9.jar appears to be missing an mcmod.info file
[17:21:19] [Client thread/DEBUG] [FML/]: Examining file twitch-5.16.jar for potential mods
[17:21:19] [Client thread/DEBUG] [FML/]: The mod container twitch-5.16.jar appears to be missing an mcmod.info file
[17:21:19] [Client thread/DEBUG] [FML/]: Examining file jinput-platform-2.0.5-natives-linux.jar for potential mods
[17:21:19] [Client thread/DEBUG] [FML/]: The mod container jinput-platform-2.0.5-natives-linux.jar appears to be missing an mcmod.info file
[17:21:19] [Client thread/DEBUG] [FML/]: Examining file jinput-platform-2.0.5-natives-windows.jar for potential mods
[17:21:19] [Client thread/DEBUG] [FML/]: The mod container jinput-platform-2.0.5-natives-windows.jar appears to be missing an mcmod.info file
[17:21:19] [Client thread/DEBUG] [FML/]: Examining file jinput-platform-2.0.5-natives-osx.jar for potential mods
[17:21:19] [Client thread/DEBUG] [FML/]: The mod container jinput-platform-2.0.5-natives-osx.jar appears to be missing an mcmod.info file
[17:21:19] [Client thread/DEBUG] [FML/]: Examining file twitch-platform-5.16-natives-windows-32.jar for potential mods
[17:21:19] [Client thread/DEBUG] [FML/]: The mod container twitch-platform-5.16-natives-windows-32.jar appears to be missing an mcmod.info file
[17:21:19] [Client thread/DEBUG] [FML/]: Examining file twitch-platform-5.16-natives-windows-64.jar for potential mods
[17:21:19] [Client thread/DEBUG] [FML/]: The mod container twitch-platform-5.16-natives-windows-64.jar appears to be missing an mcmod.info file
[17:21:19] [Client thread/DEBUG] [FML/]: Examining file twitch-platform-5.16-natives-osx.jar for potential mods
[17:21:19] [Client thread/DEBUG] [FML/]: The mod container twitch-platform-5.16-natives-osx.jar appears to be missing an mcmod.info file
[17:21:19] [Client thread/DEBUG] [FML/]: Examining file twitch-external-platform-4.5-natives-windows-32.jar for potential mods
[17:21:19] [Client thread/DEBUG] [FML/]: The mod container twitch-external-platform-4.5-natives-windows-32.jar appears to be missing an mcmod.info file
[17:21:19] [Client thread/DEBUG] [FML/]: Examining file twitch-external-platform-4.5-natives-windows-64.jar for potential mods
[17:21:19] [Client thread/DEBUG] [FML/]: The mod container twitch-external-platform-4.5-natives-windows-64.jar appears to be missing an mcmod.info file
[17:21:19] [Client thread/DEBUG] [FML/]: Examining file lwjgl-platform-2.9.1-natives-windows.jar for potential mods
[17:21:19] [Client thread/DEBUG] [FML/]: The mod container lwjgl-platform-2.9.1-natives-windows.jar appears to be missing an mcmod.info file
[17:21:19] [Client thread/DEBUG] [FML/]: Examining file lwjgl-platform-2.9.1-natives-linux.jar for potential mods
[17:21:19] [Client thread/DEBUG] [FML/]: The mod container lwjgl-platform-2.9.1-natives-linux.jar appears to be missing an mcmod.info file
[17:21:19] [Client thread/DEBUG] [FML/]: Examining file lwjgl-platform-2.9.1-natives-osx.jar for potential mods
[17:21:19] [Client thread/DEBUG] [FML/]: The mod container lwjgl-platform-2.9.1-natives-osx.jar appears to be missing an mcmod.info file
[17:21:19] [Client thread/DEBUG] [FML/]: Examining directory start for potential mods
[17:21:19] [Client thread/DEBUG] [FML/]: No mcmod.info file found in directory start
[17:21:19] [Client thread/TRACE] [FML/]: Recursing into package net
[17:21:19] [Client thread/TRACE] [FML/]: Recursing into package net.minecraftforge
[17:21:19] [Client thread/TRACE] [FML/]: Recursing into package net.minecraftforge.gradle
[17:21:19] [Client thread/TRACE] [FML/]: Recursing into package net.minecraftforge.gradle.tweakers
[17:21:19] [Client thread/DEBUG] [FML/]: Examining file idea_rt.jar for potential mods
[17:21:19] [Client thread/DEBUG] [FML/]: The mod container idea_rt.jar appears to be missing an mcmod.info file
[17:21:19] [Client thread/DEBUG] [FML/]: Examining file debugger-agent.jar for potential mods
[17:21:19] [Client thread/DEBUG] [FML/]: The mod container debugger-agent.jar appears to be missing an mcmod.info file
[17:21:19] [Client thread/DEBUG] [FML/]: Examining directory sim for potential mods
[17:21:19] [Client thread/DEBUG] [FML/]: No mcmod.info file found in directory sim
[17:21:19] [Client thread/TRACE] [FML/]: Recursing into package buildings
[17:21:19] [Client thread/TRACE] [FML/]: Recursing into package buildings.commercial
[17:21:19] [Client thread/TRACE] [FML/]: Recursing into package buildings.industrial
[17:21:19] [Client thread/TRACE] [FML/]: Recursing into package buildings.other
[17:21:19] [Client thread/TRACE] [FML/]: Recursing into package buildings.residential
[17:21:19] [Client thread/TRACE] [FML/]: Recursing into package buildings.special
[17:21:19] [Client thread/INFO] [FML/]: Forge Mod Loader has identified 4 mods to load
[17:21:19] [Client thread/DEBUG] [FML/]: Found API com.trhsy.sim.api.buildcraft.api.library (owned by BuildCraftAPI|core providing BuildCraftAPI|library) embedded in sim
[17:21:19] [Client thread/DEBUG] [FML/]: Found API com.trhsy.sim.api.buildcraft.api.blueprints (owned by BuildCraftAPI|core providing BuildCraftAPI|blueprints) embedded in sim
[17:21:19] [Client thread/DEBUG] [FML/]: Found API com.trhsy.sim.api.buildcraft.api (owned by BuildCraft|Core providing BuildCraftAPI|core) embedded in sim
[17:21:19] [Client thread/DEBUG] [FML/]: Found API blocks (owned by BuildCraftAPI|core providing BuildCraftAPI|blocks) embedded in sim
[17:21:19] [Client thread/DEBUG] [FML/]: Found API com.trhsy.sim.api.buildcraft.api.boards (owned by BuildCraftAPI|core providing BuildCraftAPI|boards) embedded in sim
[17:21:19] [Client thread/DEBUG] [FML/]: Found API com.trhsy.sim.api.buildcraft.api.events (owned by BuildCraftAPI|core providing BuildCraftAPI|events) embedded in sim
[17:21:19] [Client thread/DEBUG] [FML/]: Found API com.trhsy.sim.api.buildcraft.api.statements (owned by BuildCraftAPI|core providing BuildCraftAPI|statements) embedded in sim
[17:21:19] [Client thread/DEBUG] [FML/]: Found API com.trhsy.sim.api.buildcraft.api.lists (owned by BuildCraftAPI|core providing BuildCraftAPI|lists) embedded in sim
[17:21:19] [Client thread/DEBUG] [FML/]: Found API com.trhsy.sim.api.cofh.api.energy (owned by CoFHAPI providing CoFHAPI|energy) embedded in sim
[17:21:19] [Client thread/DEBUG] [FML/]: Found API com.trhsy.sim.api.buildcraft.api.facades (owned by BuildCraftAPI|core providing BuildCraftAPI|facades) embedded in sim
[17:21:19] [Client thread/DEBUG] [FML/]: Found API com.trhsy.sim.api.buildcraft.api.tablet (owned by BuildCraftAPI|core providing BuildCraftAPI|tablet) embedded in sim
[17:21:19] [Client thread/DEBUG] [FML/]: Found API com.trhsy.sim.api.buildcraft.api.gates (owned by BuildCraftAPI|core providing BuildCraftAPI|gates) embedded in sim
[17:21:19] [Client thread/DEBUG] [FML/]: Found API com.trhsy.sim.api.buildcraft.api.fuels (owned by BuildCraftAPI|core providing BuildCraftAPI|fuels) embedded in sim
[17:21:19] [Client thread/DEBUG] [FML/]: Found API com.trhsy.sim.api.buildcraft.api.items (owned by BuildCraftAPI|core providing BuildCraftAPI|items) embedded in sim
[17:21:19] [Client thread/DEBUG] [FML/]: Found API com.trhsy.sim.api.buildcraft.api.crops (owned by BuildCraftAPI|Core providing BuildCraftAPI|crops) embedded in sim
[17:21:19] [Client thread/DEBUG] [FML/]: Found API com.trhsy.sim.api.buildcraft.api.tools (owned by BuildCraftAPI|core providing BuildCraftAPI|tools) embedded in sim
[17:21:19] [Client thread/DEBUG] [FML/]: Found API com.trhsy.sim.api.buildcraft.api.power (owned by BuildCraftAPI|core providing BuildCraftAPI|power) embedded in sim
[17:21:19] [Client thread/DEBUG] [FML/]: Found API com.trhsy.sim.api.buildcraft.api.robots (owned by BuildCraftAPI|core providing BuildCraftAPI|robotics) embedded in sim
[17:21:19] [Client thread/DEBUG] [FML/]: Found API com.trhsy.sim.api.buildcraft.api.transport (owned by BuildCraftAPI|core providing BuildCraftAPI|transport) embedded in sim
[17:21:19] [Client thread/DEBUG] [FML/]: Found API com.trhsy.sim.api.buildcraft.api.filler (owned by BuildCraftAPI|core providing BuildCraftAPI|filler) embedded in sim
[17:21:19] [Client thread/DEBUG] [FML/]: Found API com.trhsy.sim.api.buildcraft.api.recipes (owned by BuildCraftAPI|core providing BuildCraftAPI|recipes) embedded in sim
[17:21:19] [Client thread/DEBUG] [FML/]: Found API com.trhsy.sim.api.buildcraft.api.tiles (owned by BuildCraftAPI|core providing BuildCraftAPI|tiles) embedded in sim
[17:21:19] [Client thread/TRACE] [FML/]: Removing upstream parent BuildCraft|Core from APIContainer{BuildCraftAPI|tiles:1.2}
[17:21:19] [Client thread/DEBUG] [FML/]: Creating API container dummy for API BuildCraftAPI|tiles: owner: BuildCraftAPI|core, dependents: [sim]
[17:21:19] [Client thread/TRACE] [FML/]: Removing upstream parent BuildCraft|Core from APIContainer{BuildCraftAPI|lists:1.0}
[17:21:19] [Client thread/DEBUG] [FML/]: Creating API container dummy for API BuildCraftAPI|lists: owner: BuildCraftAPI|core, dependents: [sim]
[17:21:19] [Client thread/TRACE] [FML/]: Removing upstream parent BuildCraft|Core from APIContainer{BuildCraftAPI|gates:4.1}
[17:21:19] [Client thread/DEBUG] [FML/]: Creating API container dummy for API BuildCraftAPI|gates: owner: BuildCraftAPI|core, dependents: [sim]
[17:21:19] [Client thread/DEBUG] [FML/]: Creating API container dummy for API CoFHAPI|energy: owner: CoFHAPI, dependents: [sim]
[17:21:19] [Client thread/TRACE] [FML/]: Removing upstream parent BuildCraft|Core from APIContainer{BuildCraftAPI|transport:4.1}
[17:21:19] [Client thread/DEBUG] [FML/]: Creating API container dummy for API BuildCraftAPI|transport: owner: BuildCraftAPI|core, dependents: [sim]
[17:21:19] [Client thread/TRACE] [FML/]: Removing upstream parent BuildCraft|Core from APIContainer{BuildCraftAPI|statements:1.1}
[17:21:19] [Client thread/DEBUG] [FML/]: Creating API container dummy for API BuildCraftAPI|statements: owner: BuildCraftAPI|core, dependents: [sim]
[17:21:19] [Client thread/DEBUG] [FML/]: Creating API container dummy for API BuildCraftAPI|crops: owner: BuildCraftAPI|Core, dependents: [sim]
[17:21:19] [Client thread/TRACE] [FML/]: Removing upstream parent BuildCraft|Core from APIContainer{BuildCraftAPI|power:1.3}
[17:21:19] [Client thread/DEBUG] [FML/]: Creating API container dummy for API BuildCraftAPI|power: owner: BuildCraftAPI|core, dependents: [sim]
[17:21:19] [Client thread/TRACE] [FML/]: Removing upstream parent BuildCraft|Core from APIContainer{BuildCraftAPI|blocks:1.0}
[17:21:19] [Client thread/DEBUG] [FML/]: Creating API container dummy for API BuildCraftAPI|blocks: owner: BuildCraftAPI|core, dependents: [sim]
[17:21:19] [Client thread/TRACE] [FML/]: Removing upstream parent BuildCraft|Core from APIContainer{BuildCraftAPI|facades:1.1}
[17:21:19] [Client thread/DEBUG] [FML/]: Creating API container dummy for API BuildCraftAPI|facades: owner: BuildCraftAPI|core, dependents: [sim]
[17:21:19] [Client thread/TRACE] [FML/]: Removing upstream parent BuildCraft|Core from APIContainer{BuildCraftAPI|tablet:1.0}
[17:21:19] [Client thread/DEBUG] [FML/]: Creating API container dummy for API BuildCraftAPI|tablet: owner: BuildCraftAPI|core, dependents: [sim]
[17:21:19] [Client thread/TRACE] [FML/]: Removing upstream parent BuildCraft|Core from APIContainer{BuildCraftAPI|tools:1.0}
[17:21:19] [Client thread/DEBUG] [FML/]: Creating API container dummy for API BuildCraftAPI|tools: owner: BuildCraftAPI|core, dependents: [sim]
[17:21:19] [Client thread/TRACE] [FML/]: Removing upstream parent BuildCraft|Core from APIContainer{BuildCraftAPI|events:2.0}
[17:21:19] [Client thread/DEBUG] [FML/]: Creating API container dummy for API BuildCraftAPI|events: owner: BuildCraftAPI|core, dependents: [sim]
[17:21:19] [Client thread/TRACE] [FML/]: Removing upstream parent BuildCraft|Core from APIContainer{BuildCraftAPI|library:2.0}
[17:21:19] [Client thread/DEBUG] [FML/]: Creating API container dummy for API BuildCraftAPI|library: owner: BuildCraftAPI|core, dependents: [sim]
[17:21:19] [Client thread/TRACE] [FML/]: Removing upstream parent BuildCraft|Core from APIContainer{BuildCraftAPI|blueprints:1.5}
[17:21:19] [Client thread/DEBUG] [FML/]: Creating API container dummy for API BuildCraftAPI|blueprints: owner: BuildCraftAPI|core, dependents: [sim]
[17:21:19] [Client thread/TRACE] [FML/]: Removing upstream parent BuildCraft|Core from APIContainer{BuildCraftAPI|items:1.1}
[17:21:19] [Client thread/DEBUG] [FML/]: Creating API container dummy for API BuildCraftAPI|items: owner: BuildCraftAPI|core, dependents: [sim]
[17:21:19] [Client thread/TRACE] [FML/]: Removing upstream parent BuildCraft|Core from APIContainer{BuildCraftAPI|fuels:2.0}
[17:21:19] [Client thread/DEBUG] [FML/]: Creating API container dummy for API BuildCraftAPI|fuels: owner: BuildCraftAPI|core, dependents: [sim]
[17:21:19] [Client thread/TRACE] [FML/]: Removing upstream parent BuildCraft|Core from APIContainer{BuildCraftAPI|filler:4.0}
[17:21:19] [Client thread/DEBUG] [FML/]: Creating API container dummy for API BuildCraftAPI|filler: owner: BuildCraftAPI|core, dependents: [sim]
[17:21:19] [Client thread/TRACE] [FML/]: Removing upstream parent BuildCraft|Core from APIContainer{BuildCraftAPI|boards:2.0}
[17:21:19] [Client thread/DEBUG] [FML/]: Creating API container dummy for API BuildCraftAPI|boards: owner: BuildCraftAPI|core, dependents: [sim]
[17:21:19] [Client thread/TRACE] [FML/]: Removing upstream parent BuildCraft|Core from APIContainer{BuildCraftAPI|recipes:3.1}
[17:21:19] [Client thread/DEBUG] [FML/]: Creating API container dummy for API BuildCraftAPI|recipes: owner: BuildCraftAPI|core, dependents: [sim]
[17:21:19] [Client thread/DEBUG] [FML/]: Creating API container dummy for API BuildCraftAPI|core: owner: BuildCraft|Core, dependents: [sim]
[17:21:19] [Client thread/TRACE] [FML/]: Removing upstream parent BuildCraft|Core from APIContainer{BuildCraftAPI|robotics:3.0}
[17:21:19] [Client thread/DEBUG] [FML/]: Creating API container dummy for API BuildCraftAPI|robotics: owner: BuildCraftAPI|core, dependents: [sim]
[17:21:19] [Client thread/TRACE] [FML/]: Received a system property request ''
[17:21:19] [Client thread/TRACE] [FML/]: System property request managing the state of 0 mods
[17:21:19] [Client thread/DEBUG] [FML/]: After merging, found state information for 0 mods
[17:21:19] [Client thread/DEBUG] [FML/]: Found translations in forgeSrc-1.7.10-10.13.4.1614-1.7.10.jar [en_US, af_ZA, ar_SA, br_FR, ca_ES, cs_CZ, da_DK, de_DE, el_GR, en_US, es_ES, fa_IR, fi_FI, fr_FR, he_IL, hu_HU, it_IT, ja_JP, ko_KR, lt_LT, nb_NO, nl_NL, nn_NO, no_NO, pl_PL, pt_BR, pt_PT, ro_RO, ru_RU, sl_SI, sr_SP, sv_SE, tr_TR, uk_UA, vi_VN, zh_CN, zh_TW, en_US]
[17:21:19] [Client thread/DEBUG] [FML/]: Found translations in forgeSrc-1.7.10-10.13.4.1614-1.7.10.jar [en_US, af_ZA, ar_SA, br_FR, ca_ES, cs_CZ, da_DK, de_DE, el_GR, en_US, es_ES, fa_IR, fi_FI, fr_FR, he_IL, hu_HU, it_IT, ja_JP, ko_KR, lt_LT, nb_NO, nl_NL, nn_NO, no_NO, pl_PL, pt_BR, pt_PT, ro_RO, ru_RU, sl_SI, sr_SP, sv_SE, tr_TR, uk_UA, vi_VN, zh_CN, zh_TW, en_US]
[17:21:19] [Client thread/DEBUG] [sim/]: Enabling mod sim
[17:21:19] [Client thread/DEBUG] [FML/]: Injecting found translation assets for lang en_US at assets/sim/lang/en_US.lang into language system
[17:21:19] [Client thread/DEBUG] [FML/]: Injecting found translation assets for lang zh_CN at assets/sim/lang/zh_CN.lang into language system
[17:21:19] [Client thread/TRACE] [FML/]: Verifying mod requirements are satisfied
[17:21:19] [Client thread/TRACE] [FML/]: All mod requirements are satisfied
[17:21:19] [Client thread/TRACE] [FML/]: Sorting mods into an ordered list
[17:21:19] [Client thread/TRACE] [FML/]: Mod sorting completed successfully
[17:21:19] [Client thread/DEBUG] [FML/]: Mod sorting data
[17:21:19] [Client thread/DEBUG] [FML/]: 	BuildCraftAPI|core(API: BuildCraftAPI|core:1.0): sim-u-1.7.10 ()
[17:21:19] [Client thread/DEBUG] [FML/]: 	BuildCraftAPI|tiles(API: BuildCraftAPI|tiles:1.2): sim-u-1.7.10 ()
[17:21:19] [Client thread/DEBUG] [FML/]: 	BuildCraftAPI|lists(API: BuildCraftAPI|lists:1.0): sim-u-1.7.10 ()
[17:21:19] [Client thread/DEBUG] [FML/]: 	BuildCraftAPI|gates(API: BuildCraftAPI|gates:4.1): sim-u-1.7.10 ()
[17:21:19] [Client thread/DEBUG] [FML/]: 	CoFHAPI|energy(API: CoFHAPI|energy:1.7.10R1.3.1): sim-u-1.7.10 ()
[17:21:19] [Client thread/DEBUG] [FML/]: 	BuildCraftAPI|transport(API: BuildCraftAPI|transport:4.1): sim-u-1.7.10 ()
[17:21:19] [Client thread/DEBUG] [FML/]: 	BuildCraftAPI|statements(API: BuildCraftAPI|statements:1.1): sim-u-1.7.10 ()
[17:21:19] [Client thread/DEBUG] [FML/]: 	BuildCraftAPI|crops(API: BuildCraftAPI|crops:1.1): sim-u-1.7.10 ()
[17:21:19] [Client thread/DEBUG] [FML/]: 	BuildCraftAPI|power(API: BuildCraftAPI|power:1.3): sim-u-1.7.10 ()
[17:21:19] [Client thread/DEBUG] [FML/]: 	BuildCraftAPI|blocks(API: BuildCraftAPI|blocks:1.0): sim-u-1.7.10 ()
[17:21:19] [Client thread/DEBUG] [FML/]: 	BuildCraftAPI|facades(API: BuildCraftAPI|facades:1.1): sim-u-1.7.10 ()
[17:21:19] [Client thread/DEBUG] [FML/]: 	BuildCraftAPI|tablet(API: BuildCraftAPI|tablet:1.0): sim-u-1.7.10 ()
[17:21:19] [Client thread/DEBUG] [FML/]: 	BuildCraftAPI|tools(API: BuildCraftAPI|tools:1.0): sim-u-1.7.10 ()
[17:21:19] [Client thread/DEBUG] [FML/]: 	BuildCraftAPI|events(API: BuildCraftAPI|events:2.0): sim-u-1.7.10 ()
[17:21:19] [Client thread/DEBUG] [FML/]: 	BuildCraftAPI|library(API: BuildCraftAPI|library:2.0): sim-u-1.7.10 ()
[17:21:19] [Client thread/DEBUG] [FML/]: 	BuildCraftAPI|blueprints(API: BuildCraftAPI|blueprints:1.5): sim-u-1.7.10 ()
[17:21:19] [Client thread/DEBUG] [FML/]: 	BuildCraftAPI|items(API: BuildCraftAPI|items:1.1): sim-u-1.7.10 ()
[17:21:19] [Client thread/DEBUG] [FML/]: 	BuildCraftAPI|fuels(API: BuildCraftAPI|fuels:2.0): sim-u-1.7.10 ()
[17:21:19] [Client thread/DEBUG] [FML/]: 	BuildCraftAPI|filler(API: BuildCraftAPI|filler:4.0): sim-u-1.7.10 ()
[17:21:19] [Client thread/DEBUG] [FML/]: 	BuildCraftAPI|boards(API: BuildCraftAPI|boards:2.0): sim-u-1.7.10 ()
[17:21:19] [Client thread/DEBUG] [FML/]: 	BuildCraftAPI|recipes(API: BuildCraftAPI|recipes:3.1): sim-u-1.7.10 ()
[17:21:19] [Client thread/DEBUG] [FML/]: 	BuildCraftAPI|robotics(API: BuildCraftAPI|robotics:3.0): sim-u-1.7.10 ()
[17:21:19] [Client thread/DEBUG] [FML/]: 	sim(Simulated town:1.0.3 Beta): sim-u-1.7.10 (required-after:Forge@[9.10,))
[17:21:19] [Client thread/TRACE] [mcp/mcp]: Sending event FMLConstructionEvent to mod mcp
[17:21:19] [Client thread/TRACE] [mcp/mcp]: Sent event FMLConstructionEvent to mod mcp
[17:21:19] [Client thread/DEBUG] [FML/]: Bar Step: Construction - Minecraft Coder Pack took 0.026s
[17:21:19] [Client thread/TRACE] [FML/FML]: Sending event FMLConstructionEvent to mod FML
[17:21:19] [Client thread/TRACE] [FML/FML]: Mod FML is using network checker : Invoking method checkModLists
[17:21:19] [Client thread/TRACE] [FML/FML]: Testing mod FML to verify it accepts its own version in a remote connection
[17:21:19] [Client thread/TRACE] [FML/FML]: The mod FML accepts its own version (7.10.99.99)
[17:21:19] [Client thread/INFO] [FML/FML]: Attempting connection with missing mods [mcp, FML, Forge, sim] at CLIENT
[17:21:19] [Client thread/INFO] [FML/FML]: Attempting connection with missing mods [mcp, FML, Forge, sim] at SERVER
[17:21:20] [Client thread/TRACE] [FML/FML]: Sent event FMLConstructionEvent to mod FML
[17:21:20] [Client thread/DEBUG] [FML/]: Bar Step: Construction - Forge Mod Loader took 0.470s
[17:21:20] [Client thread/TRACE] [Forge/Forge]: Sending event FMLConstructionEvent to mod Forge
[17:21:20] [Client thread/TRACE] [FML/Forge]: Mod Forge is using network checker : No network checking performed
[17:21:20] [Client thread/TRACE] [FML/Forge]: Testing mod Forge to verify it accepts its own version in a remote connection
[17:21:20] [Client thread/TRACE] [FML/Forge]: The mod Forge accepts its own version (10.13.4.1614)
[17:21:20] [Client thread/TRACE] [Forge/Forge]: Sent event FMLConstructionEvent to mod Forge
[17:21:20] [Client thread/DEBUG] [FML/]: Bar Step: Construction - Minecraft Forge took 0.017s
[17:21:20] [Client thread/TRACE] [sim/sim]: Sending event FMLConstructionEvent to mod sim
[17:21:20] [Client thread/TRACE] [FML/sim]: Mod sim is using network checker : Accepting version 1.0.3 Beta
[17:21:20] [Client thread/TRACE] [FML/sim]: Testing mod sim to verify it accepts its own version in a remote connection
[17:21:20] [Client thread/TRACE] [FML/sim]: The mod sim accepts its own version (1.0.3 Beta)
[17:21:20] [Client thread/DEBUG] [FML/sim]: Attempting to inject @SidedProxy classes into sim
[17:21:20] [Client thread/TRACE] [sim/sim]: Sent event FMLConstructionEvent to mod sim
[17:21:20] [Client thread/DEBUG] [FML/]: Bar Step: Construction - Simulated town took 0.055s
[17:21:20] [Client thread/DEBUG] [FML/]: Bar Finished: Construction took 0.568s
[17:21:20] [Client thread/DEBUG] [FML/]: Mod signature data
[17:21:20] [Client thread/DEBUG] [FML/]:  	Valid Signatures:
[17:21:20] [Client thread/DEBUG] [FML/]:  	Missing Signatures:
[17:21:20] [Client thread/DEBUG] [FML/]: 		mcp	(Minecraft Coder Pack	9.05)	minecraft.jar
[17:21:20] [Client thread/DEBUG] [FML/]: 		FML	(Forge Mod Loader	7.10.99.99)	forgeSrc-1.7.10-10.13.4.1614-1.7.10.jar
[17:21:20] [Client thread/DEBUG] [FML/]: 		Forge	(Minecraft Forge	10.13.4.1614)	forgeSrc-1.7.10-10.13.4.1614-1.7.10.jar
[17:21:20] [Client thread/DEBUG] [FML/]: 		sim	(Simulated town	1.0.3 Beta)	sim-u-1.7.10
[17:21:20] [Client thread/DEBUG] [FML/]: Bar Step: Loading Resources - Default took 0.008s
[17:21:20] [Client thread/DEBUG] [FML/]: Bar Step: Loading Resources - FMLFileResourcePack:Forge Mod Loader took 0.005s
[17:21:20] [Client thread/DEBUG] [FML/]: Bar Step: Loading Resources - FMLFileResourcePack:Minecraft Forge took 0.008s
[17:21:20] [Client thread/DEBUG] [FML/]: Bar Step: Loading Resources - FMLFileResourcePack:Simulated town took 0.004s
[17:21:20] [Client thread/DEBUG] [FML/]: Bar Finished: Reloading - LanguageManager took 0.046s
[17:21:20] [Client thread/DEBUG] [FML/]: Bar Step: Loading Resources - Reloading listeners took 0.047s
[17:21:20] [Client thread/DEBUG] [FML/]: Bar Finished: Loading Resources took 0.072s
[17:21:20] [Client thread/DEBUG] [Forge Mod Loader/]: Mod Forge Mod Loader is missing a pack.mcmeta file, substituting a dummy one
[17:21:20] [Client thread/DEBUG] [Minecraft Forge/]: Mod Minecraft Forge is missing a pack.mcmeta file, substituting a dummy one
[17:21:20] [Client thread/DEBUG] [Simulated town/]: Mod Simulated town is missing a pack.mcmeta file, substituting a dummy one
[17:21:20] [Client thread/INFO] [FML/]: Processing ObjectHolder annotations
[17:21:20] [Client thread/INFO] [FML/]: Found 341 ObjectHolder annotations
[17:21:20] [Client thread/INFO] [FML/]: Identifying ItemStackHolder annotations
[17:21:20] [Client thread/INFO] [FML/]: Found 0 ItemStackHolder annotations
[17:21:20] [Client thread/TRACE] [mcp/mcp]: Sending event FMLPreInitializationEvent to mod mcp
[17:21:20] [Client thread/TRACE] [mcp/mcp]: Sent event FMLPreInitializationEvent to mod mcp
[17:21:20] [Client thread/DEBUG] [FML/]: Bar Step: PreInitialization - Minecraft Coder Pack took 0.001s
[17:21:20] [Client thread/TRACE] [FML/FML]: Sending event FMLPreInitializationEvent to mod FML
[17:21:20] [Client thread/TRACE] [FML/FML]: Sent event FMLPreInitializationEvent to mod FML
[17:21:20] [Client thread/DEBUG] [FML/]: Bar Step: PreInitialization - Forge Mod Loader took 0.000s
[17:21:20] [Client thread/TRACE] [Forge/Forge]: Sending event FMLPreInitializationEvent to mod Forge
[17:21:20] [Client thread/INFO] [FML/Forge]: Configured a dormant chunk cache size of 0
[17:21:20] [Client thread/TRACE] [Forge/Forge]: Sent event FMLPreInitializationEvent to mod Forge
[17:21:20] [Client thread/DEBUG] [FML/]: Bar Step: PreInitialization - Minecraft Forge took 0.041s
[17:21:20] [Client thread/TRACE] [sim/sim]: Sending event FMLPreInitializationEvent to mod sim
[17:21:20] [Client thread/INFO] [sim/sim]: 开始加载配置... 
[17:21:20] [Client thread/INFO] [sim/sim]: 已完成加载配置... 
[17:21:20] [Client thread/ERROR] [FML/sim]: Caught an exception during block registration
java.lang.NoSuchMethodException: com.trhsy.sim.common.item.ItemBlockLightBox.<init>(net.minecraft.block.Block)
	at java.lang.Class.getConstructor0(Class.java:3082) ~[?:1.8.0_271]
	at java.lang.Class.getConstructor(Class.java:1825) ~[?:1.8.0_271]
	at cpw.mods.fml.common.registry.GameRegistry.registerBlock(GameRegistry.java:225) [GameRegistry.class:?]
	at cpw.mods.fml.common.registry.GameRegistry.registerBlock(GameRegistry.java:188) [GameRegistry.class:?]
	at com.trhsy.sim.common.loader.BlockLoader.<init>(BlockLoader.java:81) [BlockLoader.class:?]
	at com.trhsy.sim.common.CommonProxy.preInit(CommonProxy.java:54) [CommonProxy.class:?]
	at com.trhsy.sim.client.ClientProxy.preInit(ClientProxy.java:88) [ClientProxy.class:?]
	at com.trhsy.sim.ModSim.preInit(ModSim.java:82) [ModSim.class:?]
	at sun.reflect.NativeMethodAccessorImpl.invoke0(Native Method) ~[?:1.8.0_271]
	at sun.reflect.NativeMethodAccessorImpl.invoke(NativeMethodAccessorImpl.java:62) ~[?:1.8.0_271]
	at sun.reflect.DelegatingMethodAccessorImpl.invoke(DelegatingMethodAccessorImpl.java:43) ~[?:1.8.0_271]
	at java.lang.reflect.Method.invoke(Method.java:498) ~[?:1.8.0_271]
	at cpw.mods.fml.common.FMLModContainer.handleModStateEvent(FMLModContainer.java:532) [FMLModContainer.class:?]
	at sun.reflect.NativeMethodAccessorImpl.invoke0(Native Method) ~[?:1.8.0_271]
	at sun.reflect.NativeMethodAccessorImpl.invoke(NativeMethodAccessorImpl.java:62) ~[?:1.8.0_271]
	at sun.reflect.DelegatingMethodAccessorImpl.invoke(DelegatingMethodAccessorImpl.java:43) ~[?:1.8.0_271]
	at java.lang.reflect.Method.invoke(Method.java:498) ~[?:1.8.0_271]
	at com.google.common.eventbus.EventSubscriber.handleEvent(EventSubscriber.java:74) [guava-17.0.jar:?]
	at com.google.common.eventbus.SynchronizedEventSubscriber.handleEvent(SynchronizedEventSubscriber.java:47) [guava-17.0.jar:?]
	at com.google.common.eventbus.EventBus.dispatch(EventBus.java:322) [guava-17.0.jar:?]
	at com.google.common.eventbus.EventBus.dispatchQueuedEvents(EventBus.java:304) [guava-17.0.jar:?]
	at com.google.common.eventbus.EventBus.post(EventBus.java:275) [guava-17.0.jar:?]
	at cpw.mods.fml.common.LoadController.sendEventToModContainer(LoadController.java:212) [LoadController.class:?]
	at cpw.mods.fml.common.LoadController.propogateStateMessage(LoadController.java:190) [LoadController.class:?]
	at sun.reflect.NativeMethodAccessorImpl.invoke0(Native Method) ~[?:1.8.0_271]
	at sun.reflect.NativeMethodAccessorImpl.invoke(NativeMethodAccessorImpl.java:62) ~[?:1.8.0_271]
	at sun.reflect.DelegatingMethodAccessorImpl.invoke(DelegatingMethodAccessorImpl.java:43) ~[?:1.8.0_271]
	at java.lang.reflect.Method.invoke(Method.java:498) ~[?:1.8.0_271]
	at com.google.common.eventbus.EventSubscriber.handleEvent(EventSubscriber.java:74) [guava-17.0.jar:?]
	at com.google.common.eventbus.SynchronizedEventSubscriber.handleEvent(SynchronizedEventSubscriber.java:47) [guava-17.0.jar:?]
	at com.google.common.eventbus.EventBus.dispatch(EventBus.java:322) [guava-17.0.jar:?]
	at com.google.common.eventbus.EventBus.dispatchQueuedEvents(EventBus.java:304) [guava-17.0.jar:?]
	at com.google.common.eventbus.EventBus.post(EventBus.java:275) [guava-17.0.jar:?]
	at cpw.mods.fml.common.LoadController.distributeStateMessage(LoadController.java:119) [LoadController.class:?]
	at cpw.mods.fml.common.Loader.preinitializeMods(Loader.java:556) [Loader.class:?]
	at cpw.mods.fml.client.FMLClientHandler.beginMinecraftLoading(FMLClientHandler.java:243) [FMLClientHandler.class:?]
	at net.minecraft.client.Minecraft.startGame(Minecraft.java:523) [Minecraft.class:?]
	at net.minecraft.client.Minecraft.run(Minecraft.java:943) [Minecraft.class:?]
	at net.minecraft.client.main.Main.main(Main.java:164) [Main.class:?]
	at sun.reflect.NativeMethodAccessorImpl.invoke0(Native Method) ~[?:1.8.0_271]
	at sun.reflect.NativeMethodAccessorImpl.invoke(NativeMethodAccessorImpl.java:62) ~[?:1.8.0_271]
	at sun.reflect.DelegatingMethodAccessorImpl.invoke(DelegatingMethodAccessorImpl.java:43) ~[?:1.8.0_271]
	at java.lang.reflect.Method.invoke(Method.java:498) ~[?:1.8.0_271]
	at net.minecraft.launchwrapper.Launch.launch(Launch.java:135) [launchwrapper-1.12.jar:?]
	at net.minecraft.launchwrapper.Launch.main(Launch.java:28) [launchwrapper-1.12.jar:?]
	at net.minecraftforge.gradle.GradleStartCommon.launch(Unknown Source) [start/:?]
	at GradleStart.main(Unknown Source) [start/:?]
[17:21:20] [Client thread/TRACE] [sim/sim]: Sent event FMLPreInitializationEvent to mod sim
[17:21:20] [Client thread/DEBUG] [FML/]: Bar Step: PreInitialization - Simulated town took 0.161s
[17:21:20] [Client thread/DEBUG] [FML/]: Bar Finished: PreInitialization took 0.203s
[17:21:20] [Client thread/INFO] [FML/]: Applying holder lookups
[17:21:20] [Client thread/INFO] [FML/]: Holder lookups applied
[17:21:20] [Client thread/INFO] [FML/]: Injecting itemstacks
[17:21:20] [Client thread/INFO] [FML/]: Itemstack injection complete
[17:21:20] [Client thread/ERROR] [FML/]: Fatal errors were detected during the transition from PREINITIALIZATION to INITIALIZATION. Loading cannot continue
[17:21:20] [Client thread/ERROR] [FML/]: 
	States: 'U' = Unloaded 'L' = Loaded 'C' = Constructed 'H' = Pre-initialized 'I' = Initialized 'J' = Post-initialized 'A' = Available 'D' = Disabled 'E' = Errored
	UCH	mcp{9.05} [Minecraft Coder Pack] (minecraft.jar) 
	UCH	FML{7.10.99.99} [Forge Mod Loader] (forgeSrc-1.7.10-10.13.4.1614-1.7.10.jar) 
	UCH	Forge{10.13.4.1614} [Minecraft Forge] (forgeSrc-1.7.10-10.13.4.1614-1.7.10.jar) 
	UCE	sim{1.0.3 Beta} [Simulated town] (sim-u-1.7.10) 
[17:21:20] [Client thread/ERROR] [FML/]: The following problems were captured during this phase
[17:21:20] [Client thread/ERROR] [FML/]: Caught exception from sim
cpw.mods.fml.common.LoaderException: java.lang.NoSuchMethodException: com.trhsy.sim.common.item.ItemBlockLightBox.<init>(net.minecraft.block.Block)

	at cpw.mods.fml.common.registry.GameRegistry.registerBlock(GameRegistry.java:239) ~[forgeSrc-1.7.10-10.13.4.1614-1.7.10.jar:?]
	at cpw.mods.fml.common.registry.GameRegistry.registerBlock(GameRegistry.java:188) ~[forgeSrc-1.7.10-10.13.4.1614-1.7.10.jar:?]
	at com.trhsy.sim.common.loader.BlockLoader.<init>(BlockLoader.java:81) ~[sim-u-1.7.10/:?]
	at com.trhsy.sim.common.CommonProxy.preInit(CommonProxy.java:54) ~[sim-u-1.7.10/:?]
	at com.trhsy.sim.client.ClientProxy.preInit(ClientProxy.java:88) ~[sim-u-1.7.10/:?]
	at com.trhsy.sim.ModSim.preInit(ModSim.java:82) ~[sim-u-1.7.10/:?]
	at sun.reflect.NativeMethodAccessorImpl.invoke0(Native Method) ~[?:1.8.0_271]
	at sun.reflect.NativeMethodAccessorImpl.invoke(NativeMethodAccessorImpl.java:62) ~[?:1.8.0_271]
	at sun.reflect.DelegatingMethodAccessorImpl.invoke(DelegatingMethodAccessorImpl.java:43) ~[?:1.8.0_271]
	at java.lang.reflect.Method.invoke(Method.java:498) ~[?:1.8.0_271]
	at cpw.mods.fml.common.FMLModContainer.handleModStateEvent(FMLModContainer.java:532) ~[forgeSrc-1.7.10-10.13.4.1614-1.7.10.jar:?]
	at sun.reflect.NativeMethodAccessorImpl.invoke0(Native Method) ~[?:1.8.0_271]
	at sun.reflect.NativeMethodAccessorImpl.invoke(NativeMethodAccessorImpl.java:62) ~[?:1.8.0_271]
	at sun.reflect.DelegatingMethodAccessorImpl.invoke(DelegatingMethodAccessorImpl.java:43) ~[?:1.8.0_271]
	at java.lang.reflect.Method.invoke(Method.java:498) ~[?:1.8.0_271]
	at com.google.common.eventbus.EventSubscriber.handleEvent(EventSubscriber.java:74) ~[guava-17.0.jar:?]
	at com.google.common.eventbus.SynchronizedEventSubscriber.handleEvent(SynchronizedEventSubscriber.java:47) ~[guava-17.0.jar:?]
	at com.google.common.eventbus.EventBus.dispatch(EventBus.java:322) ~[guava-17.0.jar:?]
	at com.google.common.eventbus.EventBus.dispatchQueuedEvents(EventBus.java:304) ~[guava-17.0.jar:?]
	at com.google.common.eventbus.EventBus.post(EventBus.java:275) ~[guava-17.0.jar:?]
	at cpw.mods.fml.common.LoadController.sendEventToModContainer(LoadController.java:212) ~[forgeSrc-1.7.10-10.13.4.1614-1.7.10.jar:?]
	at cpw.mods.fml.common.LoadController.propogateStateMessage(LoadController.java:190) ~[forgeSrc-1.7.10-10.13.4.1614-1.7.10.jar:?]
	at sun.reflect.NativeMethodAccessorImpl.invoke0(Native Method) ~[?:1.8.0_271]
	at sun.reflect.NativeMethodAccessorImpl.invoke(NativeMethodAccessorImpl.java:62) ~[?:1.8.0_271]
	at sun.reflect.DelegatingMethodAccessorImpl.invoke(DelegatingMethodAccessorImpl.java:43) ~[?:1.8.0_271]
	at java.lang.reflect.Method.invoke(Method.java:498) ~[?:1.8.0_271]
	at com.google.common.eventbus.EventSubscriber.handleEvent(EventSubscriber.java:74) ~[guava-17.0.jar:?]
	at com.google.common.eventbus.SynchronizedEventSubscriber.handleEvent(SynchronizedEventSubscriber.java:47) ~[guava-17.0.jar:?]
	at com.google.common.eventbus.EventBus.dispatch(EventBus.java:322) ~[guava-17.0.jar:?]
	at com.google.common.eventbus.EventBus.dispatchQueuedEvents(EventBus.java:304) ~[guava-17.0.jar:?]
	at com.google.common.eventbus.EventBus.post(EventBus.java:275) ~[guava-17.0.jar:?]
	at cpw.mods.fml.common.LoadController.distributeStateMessage(LoadController.java:119) [LoadController.class:?]
	at cpw.mods.fml.common.Loader.preinitializeMods(Loader.java:556) [Loader.class:?]
	at cpw.mods.fml.client.FMLClientHandler.beginMinecraftLoading(FMLClientHandler.java:243) [FMLClientHandler.class:?]
	at net.minecraft.client.Minecraft.startGame(Minecraft.java:523) [Minecraft.class:?]
	at net.minecraft.client.Minecraft.run(Minecraft.java:943) [Minecraft.class:?]
	at net.minecraft.client.main.Main.main(Main.java:164) [Main.class:?]
	at sun.reflect.NativeMethodAccessorImpl.invoke0(Native Method) ~[?:1.8.0_271]
	at sun.reflect.NativeMethodAccessorImpl.invoke(NativeMethodAccessorImpl.java:62) ~[?:1.8.0_271]
	at sun.reflect.DelegatingMethodAccessorImpl.invoke(DelegatingMethodAccessorImpl.java:43) ~[?:1.8.0_271]
	at java.lang.reflect.Method.invoke(Method.java:498) ~[?:1.8.0_271]
	at net.minecraft.launchwrapper.Launch.launch(Launch.java:135) [launchwrapper-1.12.jar:?]
	at net.minecraft.launchwrapper.Launch.main(Launch.java:28) [launchwrapper-1.12.jar:?]
	at net.minecraftforge.gradle.GradleStartCommon.launch(Unknown Source) [start/:?]
	at GradleStart.main(Unknown Source) [start/:?]
Caused by: java.lang.NoSuchMethodException: com.trhsy.sim.common.item.ItemBlockLightBox.<init>(net.minecraft.block.Block)
	at java.lang.Class.getConstructor0(Class.java:3082) ~[?:1.8.0_271]
	at java.lang.Class.getConstructor(Class.java:1825) ~[?:1.8.0_271]
	at cpw.mods.fml.common.registry.GameRegistry.registerBlock(GameRegistry.java:225) ~[forgeSrc-1.7.10-10.13.4.1614-1.7.10.jar:?]
	... 44 more
[17:21:20] [Client thread/INFO] [STDOUT/]: [net.minecraft.client.Minecraft:displayCrashReport:389]: ---- Minecraft Crash Report ----
// My bad.

Time: 22-4-12 下午5:21
Description: There was a severe problem during mod loading that has caused the game to fail

cpw.mods.fml.common.LoaderException: java.lang.NoSuchMethodException: com.trhsy.sim.common.item.ItemBlockLightBox.<init>(net.minecraft.block.Block)
	at cpw.mods.fml.common.registry.GameRegistry.registerBlock(GameRegistry.java:239)
	at cpw.mods.fml.common.registry.GameRegistry.registerBlock(GameRegistry.java:188)
	at com.trhsy.sim.common.loader.BlockLoader.<init>(BlockLoader.java:81)
	at com.trhsy.sim.common.CommonProxy.preInit(CommonProxy.java:54)
	at com.trhsy.sim.client.ClientProxy.preInit(ClientProxy.java:88)
	at com.trhsy.sim.ModSim.preInit(ModSim.java:82)
	at sun.reflect.NativeMethodAccessorImpl.invoke0(Native Method)
	at sun.reflect.NativeMethodAccessorImpl.invoke(NativeMethodAccessorImpl.java:62)
	at sun.reflect.DelegatingMethodAccessorImpl.invoke(DelegatingMethodAccessorImpl.java:43)
	at java.lang.reflect.Method.invoke(Method.java:498)
	at cpw.mods.fml.common.FMLModContainer.handleModStateEvent(FMLModContainer.java:532)
	at sun.reflect.NativeMethodAccessorImpl.invoke0(Native Method)
	at sun.reflect.NativeMethodAccessorImpl.invoke(NativeMethodAccessorImpl.java:62)
	at sun.reflect.DelegatingMethodAccessorImpl.invoke(DelegatingMethodAccessorImpl.java:43)
	at java.lang.reflect.Method.invoke(Method.java:498)
	at com.google.common.eventbus.EventSubscriber.handleEvent(EventSubscriber.java:74)
	at com.google.common.eventbus.SynchronizedEventSubscriber.handleEvent(SynchronizedEventSubscriber.java:47)
	at com.google.common.eventbus.EventBus.dispatch(EventBus.java:322)
	at com.google.common.eventbus.EventBus.dispatchQueuedEvents(EventBus.java:304)
	at com.google.common.eventbus.EventBus.post(EventBus.java:275)
	at cpw.mods.fml.common.LoadController.sendEventToModContainer(LoadController.java:212)
	at cpw.mods.fml.common.LoadController.propogateStateMessage(LoadController.java:190)
	at sun.reflect.NativeMethodAccessorImpl.invoke0(Native Method)
	at sun.reflect.NativeMethodAccessorImpl.invoke(NativeMethodAccessorImpl.java:62)
	at sun.reflect.DelegatingMethodAccessorImpl.invoke(DelegatingMethodAccessorImpl.java:43)
	at java.lang.reflect.Method.invoke(Method.java:498)
	at com.google.common.eventbus.EventSubscriber.handleEvent(EventSubscriber.java:74)
	at com.google.common.eventbus.SynchronizedEventSubscriber.handleEvent(SynchronizedEventSubscriber.java:47)
	at com.google.common.eventbus.EventBus.dispatch(EventBus.java:322)
	at com.google.common.eventbus.EventBus.dispatchQueuedEvents(EventBus.java:304)
	at com.google.common.eventbus.EventBus.post(EventBus.java:275)
	at cpw.mods.fml.common.LoadController.distributeStateMessage(LoadController.java:119)
	at cpw.mods.fml.common.Loader.preinitializeMods(Loader.java:556)
	at cpw.mods.fml.client.FMLClientHandler.beginMinecraftLoading(FMLClientHandler.java:243)
	at net.minecraft.client.Minecraft.startGame(Minecraft.java:523)
	at net.minecraft.client.Minecraft.run(Minecraft.java:943)
	at net.minecraft.client.main.Main.main(Main.java:164)
	at sun.reflect.NativeMethodAccessorImpl.invoke0(Native Method)
	at sun.reflect.NativeMethodAccessorImpl.invoke(NativeMethodAccessorImpl.java:62)
	at sun.reflect.DelegatingMethodAccessorImpl.invoke(DelegatingMethodAccessorImpl.java:43)
	at java.lang.reflect.Method.invoke(Method.java:498)
	at net.minecraft.launchwrapper.Launch.launch(Launch.java:135)
	at net.minecraft.launchwrapper.Launch.main(Launch.java:28)
	at net.minecraftforge.gradle.GradleStartCommon.launch(Unknown Source)
	at GradleStart.main(Unknown Source)
Caused by: java.lang.NoSuchMethodException: com.trhsy.sim.common.item.ItemBlockLightBox.<init>(net.minecraft.block.Block)
	at java.lang.Class.getConstructor0(Class.java:3082)
	at java.lang.Class.getConstructor(Class.java:1825)
	at cpw.mods.fml.common.registry.GameRegistry.registerBlock(GameRegistry.java:225)
	... 44 more


A detailed walkthrough of the error, its code path and all known details is as follows:
---------------------------------------------------------------------------------------

-- System Details --
Details:
	Minecraft Version: 1.7.10
	Operating System: Windows 10 (amd64) version 10.0
	Java Version: 1.8.0_271, Oracle Corporation
	Java VM Version: Java HotSpot(TM) 64-Bit Server VM (mixed mode), Oracle Corporation
	Memory: 774370648 bytes (738 MB) / 1037959168 bytes (989 MB) up to 1037959168 bytes (989 MB)
	JVM Flags: 3 total; -Xincgc -Xmx1024M -Xms1024M
	AABB Pool Size: 0 (0 bytes; 0 MB) allocated, 0 (0 bytes; 0 MB) used
	IntCache: cache: 0, tcache: 0, allocated: 0, tallocated: 0
	FML: MCP v9.05 FML v7.10.99.99 Minecraft Forge 10.13.4.1614 4 mods loaded, 4 mods active
	States: 'U' = Unloaded 'L' = Loaded 'C' = Constructed 'H' = Pre-initialized 'I' = Initialized 'J' = Post-initialized 'A' = Available 'D' = Disabled 'E' = Errored
	UCH	mcp{9.05} [Minecraft Coder Pack] (minecraft.jar) 
	UCH	FML{7.10.99.99} [Forge Mod Loader] (forgeSrc-1.7.10-10.13.4.1614-1.7.10.jar) 
	UCH	Forge{10.13.4.1614} [Minecraft Forge] (forgeSrc-1.7.10-10.13.4.1614-1.7.10.jar) 
	UCE	sim{1.0.3 Beta} [Simulated town] (sim-u-1.7.10) 
	GL info: ' Vendor: 'Intel' Version: '4.6.0 - Build 27.20.100.8280' Renderer: 'Intel(R) HD Graphics 630'
[17:21:20] [Client thread/INFO] [STDOUT/]: [net.minecraft.client.Minecraft:displayCrashReport:399]: #@!@# Game crashed! Crash report saved to: #@!@# H:\Game\work\sim-u-1.7.10\eclipse\.\crash-reports\crash-2022-04-12_17.21.20-client.txt
