[21:37:25] [main/DEBUG] [FML/]: Injecting tracing printstreams for STDOUT/STDERR.
[21:37:25] [main/INFO] [FML/]: Forge Mod Loader version 7.99.40.1614 for Minecraft 1.7.10 loading
[21:37:25] [main/INFO] [FML/]: Java is Java HotSpot(TM) 64-Bit Server VM, version 1.8.0_181, running on Windows 10:amd64:10.0, installed at D:\Program Files\Java\jdk1.8.0_181\jre
[21:37:25] [main/DEBUG] [FML/]: Java classpath at launch is D:\Program Files\Java\jdk1.8.0_181\jre\lib\charsets.jar;D:\Program Files\Java\jdk1.8.0_181\jre\lib\deploy.jar;D:\Program Files\Java\jdk1.8.0_181\jre\lib\ext\access-bridge-64.jar;D:\Program Files\Java\jdk1.8.0_181\jre\lib\ext\cldrdata.jar;D:\Program Files\Java\jdk1.8.0_181\jre\lib\ext\dnsns.jar;D:\Program Files\Java\jdk1.8.0_181\jre\lib\ext\jaccess.jar;D:\Program Files\Java\jdk1.8.0_181\jre\lib\ext\jfxrt.jar;D:\Program Files\Java\jdk1.8.0_181\jre\lib\ext\localedata.jar;D:\Program Files\Java\jdk1.8.0_181\jre\lib\ext\nashorn.jar;D:\Program Files\Java\jdk1.8.0_181\jre\lib\ext\sunec.jar;D:\Program Files\Java\jdk1.8.0_181\jre\lib\ext\sunjce_provider.jar;D:\Program Files\Java\jdk1.8.0_181\jre\lib\ext\sunmscapi.jar;D:\Program Files\Java\jdk1.8.0_181\jre\lib\ext\sunpkcs11.jar;D:\Program Files\Java\jdk1.8.0_181\jre\lib\ext\zipfs.jar;D:\Program Files\Java\jdk1.8.0_181\jre\lib\javaws.jar;D:\Program Files\Java\jdk1.8.0_181\jre\lib\jce.jar;D:\Program Files\Java\jdk1.8.0_181\jre\lib\jfr.jar;D:\Program Files\Java\jdk1.8.0_181\jre\lib\jfxswt.jar;D:\Program Files\Java\jdk1.8.0_181\jre\lib\jsse.jar;D:\Program Files\Java\jdk1.8.0_181\jre\lib\management-agent.jar;D:\Program Files\Java\jdk1.8.0_181\jre\lib\plugin.jar;D:\Program Files\Java\jdk1.8.0_181\jre\lib\resources.jar;D:\Program Files\Java\jdk1.8.0_181\jre\lib\rt.jar;D:\work\works\sim-u-1.7.10\build\classes\java\main;D:\work\works\sim-u-1.7.10\build\resources\main;D:\maven\gradle\.gradle\caches\minecraft\net\minecraftforge\forge\1.7.10-10.13.4.1614-1.7.10\stable\12\forgeSrc-1.7.10-10.13.4.1614-1.7.10.jar;D:\maven\gradle\.gradle\caches\modules-2\files-2.1\net.minecraft\launchwrapper\1.12\111e7bea9c968cdb3d06ef4632bf7ff0824d0f36\launchwrapper-1.12.jar;D:\maven\gradle\.gradle\caches\modules-2\files-2.1\com.google.code.findbugs\jsr305\1.3.9\40719ea6961c0cb6afaeb6a921eaa1f6afd4cfdf\jsr305-1.3.9.jar;D:\maven\gradle\.gradle\caches\minecraft\net\minecraftforge\forge\1.7.10-10.13.4.1614-1.7.10\start;D:\maven\gradle\.gradle\caches\modules-2\files-2.1\org.ow2.asm\asm-debug-all\5.0.3\f9e364ae2a66ce2a543012a4668856e84e5dab74\asm-debug-all-5.0.3.jar;D:\maven\gradle\.gradle\caches\modules-2\files-2.1\com.typesafe.akka\akka-actor_2.11\2.3.3\ed62e9fc709ca0f2ff1a3220daa8b70a2870078e\akka-actor_2.11-2.3.3.jar;D:\maven\gradle\.gradle\caches\modules-2\files-2.1\com.typesafe\config\1.2.1\f771f71fdae3df231bcd54d5ca2d57f0bf93f467\config-1.2.1.jar;D:\maven\gradle\.gradle\caches\modules-2\files-2.1\org.scala-lang\scala-actors-migration_2.11\1.1.0\dfa8bc42b181d5b9f1a5dd147f8ae308b893eb6f\scala-actors-migration_2.11-1.1.0.jar;D:\maven\gradle\.gradle\caches\modules-2\files-2.1\org.scala-lang.plugins\scala-continuations-plugin_2.11.1\1.0.2\f361a3283452c57fa30c1ee69448995de23c60f7\scala-continuations-plugin_2.11.1-1.0.2.jar;D:\maven\gradle\.gradle\caches\modules-2\files-2.1\org.scala-lang\scala-compiler\2.11.1\56ea2e6c025e0821f28d73ca271218b8dd04926a\scala-compiler-2.11.1.jar;D:\maven\gradle\.gradle\caches\modules-2\files-2.1\org.scala-lang.plugins\scala-continuations-library_2.11\1.0.2\e517c53a7e9acd6b1668c5a35eccbaa3bab9aac\scala-continuations-library_2.11-1.0.2.jar;D:\maven\gradle\.gradle\caches\modules-2\files-2.1\org.scala-lang\scala-reflect\2.11.1\6580347e61cc7f8e802941e7fde40fa83b8badeb\scala-reflect-2.11.1.jar;D:\maven\gradle\.gradle\caches\modules-2\files-2.1\org.scala-lang\scala-actors\2.11.0\8ccfb6541de179bb1c4d45cf414acee069b7f78b\scala-actors-2.11.0.jar;D:\maven\gradle\.gradle\caches\modules-2\files-2.1\org.scala-lang.modules\scala-xml_2.11\1.0.2\820fbca7e524b530fdadc594c39d49a21ea0337e\scala-xml_2.11-1.0.2.jar;D:\maven\gradle\.gradle\caches\modules-2\files-2.1\org.scala-lang.modules\scala-parser-combinators_2.11\1.0.1\f05d7345bf5a58924f2837c6c1f4d73a938e1ff0\scala-parser-combinators_2.11-1.0.1.jar;D:\maven\gradle\.gradle\caches\modules-2\files-2.1\org.scala-lang\scala-library\2.11.1\e11da23da3eabab9f4777b9220e60d44c1aab6a\scala-library-2.11.1.jar;D:\maven\gradle\.gradle\caches\modules-2\files-2.1\org.scala-lang\scala-parser-combinators_2.11\1.0.1\f05d7345bf5a58924f2837c6c1f4d73a938e1ff0\scala-parser-combinators_2.11-1.0.1.jar;D:\maven\gradle\.gradle\caches\modules-2\files-2.1\org.scala-lang\scala-swing_2.11\1.0.1\b1cdd92bd47b1e1837139c1c53020e86bb9112ae\scala-swing_2.11-1.0.1.jar;D:\maven\gradle\.gradle\caches\modules-2\files-2.1\org.scala-lang\scala-xml_2.11\1.0.2\7a80ec00aec122fba7cd4e0d4cdd87ff7e4cb6d0\scala-xml_2.11-1.0.2.jar;D:\maven\gradle\.gradle\caches\modules-2\files-2.1\net.sf.jopt-simple\jopt-simple\4.5\6065cc95c661255349c1d0756657be17c29a4fd3\jopt-simple-4.5.jar;D:\maven\gradle\.gradle\caches\modules-2\files-2.1\lzma\lzma\0.0.1\521616dc7487b42bef0e803bd2fa3faf668101d7\lzma-0.0.1.jar;D:\maven\gradle\.gradle\caches\modules-2\files-2.1\com.mojang\realms\1.3.5\807ae355ee63583becd7ea60e76aab1532bb42e\realms-1.3.5.jar;D:\maven\gradle\.gradle\caches\modules-2\files-2.1\org.apache.commons\commons-compress\1.8.1\a698750c16740fd5b3871425f4cb3bbaa87f529d\commons-compress-1.8.1.jar;D:\maven\gradle\.gradle\caches\modules-2\files-2.1\org.apache.httpcomponents\httpclient\4.3.3\18f4247ff4572a074444572cee34647c43e7c9c7\httpclient-4.3.3.jar;D:\maven\gradle\.gradle\caches\modules-2\files-2.1\commons-logging\commons-logging\1.1.3\f6f66e966c70a83ffbdb6f17a0919eaf7c8aca7f\commons-logging-1.1.3.jar;D:\maven\gradle\.gradle\caches\modules-2\files-2.1\org.apache.httpcomponents\httpcore\4.3.2\31fbbff1ddbf98f3aa7377c94d33b0447c646b6e\httpcore-4.3.2.jar;D:\maven\gradle\.gradle\caches\modules-2\files-2.1\java3d\vecmath\1.3.1\a0ae4f51da409fa0c20fa0ca59e6bbc9413ae71d\vecmath-1.3.1.jar;D:\maven\gradle\.gradle\caches\modules-2\files-2.1\net.sf.trove4j\trove4j\3.0.3\42ccaf4761f0dfdfa805c9e340d99a755907e2dd\trove4j-3.0.3.jar;D:\maven\gradle\.gradle\caches\modules-2\files-2.1\com.ibm.icu\icu4j-core-mojang\51.2\63d216a9311cca6be337c1e458e587f99d382b84\icu4j-core-mojang-51.2.jar;D:\maven\gradle\.gradle\caches\modules-2\files-2.1\com.paulscode\codecjorbis\20101023\c73b5636faf089d9f00e8732a829577de25237ee\codecjorbis-20101023.jar;D:\maven\gradle\.gradle\caches\modules-2\files-2.1\com.paulscode\codecwav\20101023\12f031cfe88fef5c1dd36c563c0a3a69bd7261da\codecwav-20101023.jar;D:\maven\gradle\.gradle\caches\modules-2\files-2.1\com.paulscode\libraryjavasound\20101123\5c5e304366f75f9eaa2e8cca546a1fb6109348b3\libraryjavasound-20101123.jar;D:\maven\gradle\.gradle\caches\modules-2\files-2.1\com.paulscode\librarylwjglopenal\20100824\73e80d0794c39665aec3f62eee88ca91676674ef\librarylwjglopenal-20100824.jar;D:\maven\gradle\.gradle\caches\modules-2\files-2.1\com.paulscode\soundsystem\20120107\419c05fe9be71f792b2d76cfc9b67f1ed0fec7f6\soundsystem-20120107.jar;D:\maven\gradle\.gradle\caches\modules-2\files-2.1\io.netty\netty-all\4.0.10.Final\9e50bd52ffe257a0e2cd8d971688d6ce7d174325\netty-all-4.0.10.Final.jar;D:\maven\gradle\.gradle\caches\modules-2\files-2.1\com.mojang\authlib\1.5.16\ef1582b11fd0943d069cdcb72e99008ac209a283\authlib-1.5.16.jar;D:\maven\gradle\.gradle\caches\modules-2\files-2.1\com.google.guava\guava\17.0\9c6ef172e8de35fd8d4d8783e4821e57cdef7445\guava-17.0.jar;D:\maven\gradle\.gradle\caches\modules-2\files-2.1\org.apache.commons\commons-lang3\3.3.2\90a3822c38ec8c996e84c16a3477ef632cbc87a3\commons-lang3-3.3.2.jar;D:\maven\gradle\.gradle\caches\modules-2\files-2.1\commons-io\commons-io\2.4\b1b6ea3b7e4aa4f492509a4952029cd8e48019ad\commons-io-2.4.jar;D:\maven\gradle\.gradle\caches\modules-2\files-2.1\commons-codec\commons-codec\1.9\9ce04e34240f674bc72680f8b843b1457383161a\commons-codec-1.9.jar;D:\maven\gradle\.gradle\caches\modules-2\files-2.1\org.lwjgl.lwjgl\lwjgl_util\2.9.1\290d7ba8a1bd9566f5ddf16ad06f09af5ec9b20e\lwjgl_util-2.9.1.jar;D:\maven\gradle\.gradle\caches\modules-2\files-2.1\org.lwjgl.lwjgl\lwjgl\2.9.1\f58c5aabcef0e41718a564be9f8e412fff8db847\lwjgl-2.9.1.jar;D:\maven\gradle\.gradle\caches\modules-2\files-2.1\net.java.jinput\jinput\2.0.5\39c7796b469a600f72380316f6b1f11db6c2c7c4\jinput-2.0.5.jar;D:\maven\gradle\.gradle\caches\modules-2\files-2.1\net.java.jutils\jutils\1.0.0\e12fe1fda814bd348c1579329c86943d2cd3c6a6\jutils-1.0.0.jar;D:\maven\gradle\.gradle\caches\modules-2\files-2.1\com.google.code.gson\gson\2.2.4\a60a5e993c98c864010053cb901b7eab25306568\gson-2.2.4.jar;D:\maven\gradle\.gradle\caches\modules-2\files-2.1\org.apache.logging.log4j\log4j-core\2.0-beta9\678861ba1b2e1fccb594bb0ca03114bb05da9695\log4j-core-2.0-beta9.jar;D:\maven\gradle\.gradle\caches\modules-2\files-2.1\org.apache.logging.log4j\log4j-api\2.0-beta9\1dd66e68cccd907880229f9e2de1314bd13ff785\log4j-api-2.0-beta9.jar;D:\maven\gradle\.gradle\caches\modules-2\files-2.1\tv.twitch\twitch\5.16\1f55f009c61637c10c0acfb8b5ffc600f30044b4\twitch-5.16.jar;D:\maven\gradle\.gradle\caches\modules-2\files-2.1\net.java.jinput\jinput-platform\2.0.5\7ff832a6eb9ab6a767f1ade2b548092d0fa64795\jinput-platform-2.0.5-natives-linux.jar;D:\maven\gradle\.gradle\caches\modules-2\files-2.1\net.java.jinput\jinput-platform\2.0.5\385ee093e01f587f30ee1c8a2ee7d408fd732e16\jinput-platform-2.0.5-natives-windows.jar;D:\maven\gradle\.gradle\caches\modules-2\files-2.1\net.java.jinput\jinput-platform\2.0.5\53f9c919f34d2ca9de8c51fc4e1e8282029a9232\jinput-platform-2.0.5-natives-osx.jar;D:\maven\gradle\.gradle\caches\modules-2\files-2.1\tv.twitch\twitch-platform\5.16\7c6affe439099806a4f552da14c42f9d643d8b23\twitch-platform-5.16-natives-windows-32.jar;D:\maven\gradle\.gradle\caches\modules-2\files-2.1\tv.twitch\twitch-platform\5.16\39d0c3d363735b4785598e0e7fbf8297c706a9f9\twitch-platform-5.16-natives-windows-64.jar;D:\maven\gradle\.gradle\caches\modules-2\files-2.1\tv.twitch\twitch-platform\5.16\62503ee712766cf77f97252e5902786fd834b8c5\twitch-platform-5.16-natives-osx.jar;D:\maven\gradle\.gradle\caches\modules-2\files-2.1\tv.twitch\twitch-external-platform\4.5\18215140f010c05b9f86ef6f0f8871954d2ccebf\twitch-external-platform-4.5-natives-windows-32.jar;D:\maven\gradle\.gradle\caches\modules-2\files-2.1\tv.twitch\twitch-external-platform\4.5\c3cde57891b935d41b6680a9c5e1502eeab76d86\twitch-external-platform-4.5-natives-windows-64.jar;D:\maven\gradle\.gradle\caches\modules-2\files-2.1\org.lwjgl.lwjgl\lwjgl-platform\2.9.1\4c517eca808522457dd95ee8fc1fbcdbb602efbe\lwjgl-platform-2.9.1-natives-windows.jar;D:\maven\gradle\.gradle\caches\modules-2\files-2.1\org.lwjgl.lwjgl\lwjgl-platform\2.9.1\aa9aae879af8eb378e22cfc64db56ec2ca9a44d1\lwjgl-platform-2.9.1-natives-linux.jar;D:\maven\gradle\.gradle\caches\modules-2\files-2.1\org.lwjgl.lwjgl\lwjgl-platform\2.9.1\2d12c83fdfbc04ecabf02c7bc8cc54d034f0daac\lwjgl-platform-2.9.1-natives-osx.jar;D:\Program Files (x86)\JetBrains\IntelliJ IDEA 2021.2.3\lib\idea_rt.jar;C:\Users\Tian\AppData\Local\JetBrains\IntelliJIdea2021.2\groovyHotSwap\gragent.jar;C:\Users\Tian\AppData\Local\JetBrains\IntelliJIdea2021.2\captureAgent\debugger-agent.jar
[21:37:25] [main/DEBUG] [FML/]: Java library path at launch is D:\Program Files\Java\jdk1.8.0_181\bin;C:\WINDOWS\Sun\Java\bin;C:\WINDOWS\system32;C:\WINDOWS;C:\Program Files (x86)\Common Files\Oracle\Java\javapath;C:\Program Files (x86)\Intel\iCLS Client\;C:\Program Files\Intel\iCLS Client\;C:\Windows\system32;C:\Windows;C:\Windows\System32\Wbem;C:\Windows\System32\WindowsPowerShell\v1.0\;C:\Program Files (x86)\NVIDIA Corporation\PhysX\Common;C:\Program Files (x86)\Intel\Intel(R) Management Engine Components\DAL;C:\Program Files\Intel\Intel(R) Management Engine Components\DAL;C:\Program Files (x86)\Intel\Intel(R) Management Engine Components\IPT;C:\Program Files\Intel\Intel(R) Management Engine Components\IPT;C:\WINDOWS\system32;C:\WINDOWS;C:\WINDOWS\System32\Wbem;C:\WINDOWS\System32\WindowsPowerShell\v1.0\;C:\WINDOWS\System32\OpenSSH\;D:\Program Files\Git\cmd;D:\Program Files\TortoiseGit\bin;"D:\Program Files\Java\jdk1.8.0_181\bin;D:\Program Files\Java\jdk1.8.0_181\jre\bin;";;D:\Program Files (x86)\WinSCP\;C:\Program Files\Common Files\Autodesk Shared\;C:\Program Files\Microsoft SQL Server\120\Tools\Binn\;D:\Program Files\Python\Python38-32\Scripts\;D:\Program Files\Python\Python38-32\;C:\Users\Tian\AppData\Local\Microsoft\WindowsApps;D:\Program Files\JetBrains\IntelliJ IDEA 2019.2.4\bin;C:\Users\Tian\AppData\Local\BypassRuntm;;C:\Users\Tian\AppData\Local\Microsoft\WindowsApps;D:\Program Files\JetBrains\IntelliJ IDEA 2021.2.3\bin;;.;D:/maven/gradle/.gradle/caches/minecraft/net/minecraft/minecraft_natives/1.7.10
[21:37:25] [main/INFO] [FML/]: Managed to load a deobfuscated Minecraft name- we are in a deobfuscated environment. Skipping runtime deobfuscation
[21:37:25] [main/DEBUG] [FML/]: Instantiating coremod class FMLCorePlugin
[21:37:25] [main/DEBUG] [FML/]: Added access transformer class cpw.mods.fml.common.asm.transformers.AccessTransformer to enqueued access transformers
[21:37:25] [main/DEBUG] [FML/]: Enqueued coremod FMLCorePlugin
[21:37:25] [main/DEBUG] [FML/]: Instantiating coremod class FMLForgePlugin
[21:37:25] [main/DEBUG] [FML/]: Added access transformer class net.minecraftforge.transformers.ForgeAccessTransformer to enqueued access transformers
[21:37:25] [main/DEBUG] [FML/]: Enqueued coremod FMLForgePlugin
[21:37:25] [main/DEBUG] [FML/]: All fundamental core mods are successfully located
[21:37:25] [main/DEBUG] [FML/]: Attempting to load commandline specified mods, relative to D:\work\works\sim-u-1.7.10\eclipse\.
[21:37:25] [main/DEBUG] [FML/]: Discovering coremods
[21:37:25] [main/INFO] [LaunchWrapper/]: Calling tweak class net.minecraftforge.gradle.tweakers.CoremodTweaker
[21:37:25] [main/INFO] [GradleStart/]: Injecting location in coremod cpw.mods.fml.relauncher.FMLCorePlugin
[21:37:25] [main/INFO] [GradleStart/]: Injecting location in coremod net.minecraftforge.classloading.FMLForgePlugin
[21:37:25] [main/INFO] [LaunchWrapper/]: Loading tweak class name cpw.mods.fml.common.launcher.FMLInjectionAndSortingTweaker
[21:37:25] [main/INFO] [LaunchWrapper/]: Loading tweak class name cpw.mods.fml.common.launcher.FMLDeobfTweaker
[21:37:25] [main/INFO] [LaunchWrapper/]: Loading tweak class name net.minecraftforge.gradle.tweakers.AccessTransformerTweaker
[21:37:25] [main/INFO] [LaunchWrapper/]: Calling tweak class cpw.mods.fml.common.launcher.FMLInjectionAndSortingTweaker
[21:37:25] [main/INFO] [LaunchWrapper/]: Calling tweak class cpw.mods.fml.common.launcher.FMLInjectionAndSortingTweaker
[21:37:25] [main/INFO] [LaunchWrapper/]: Calling tweak class cpw.mods.fml.relauncher.CoreModManager$FMLPluginWrapper
[21:37:25] [main/DEBUG] [FML/]: Injecting coremod FMLCorePlugin {cpw.mods.fml.relauncher.FMLCorePlugin} class transformers
[21:37:25] [main/TRACE] [FML/]: Registering transformer cpw.mods.fml.common.asm.transformers.MarkerTransformer
[21:37:25] [main/TRACE] [FML/]: Registering transformer cpw.mods.fml.common.asm.transformers.SideTransformer
[21:37:25] [main/TRACE] [FML/]: Registering transformer cpw.mods.fml.common.asm.transformers.EventSubscriptionTransformer
[21:37:25] [main/DEBUG] [FML/]: Injection complete
[21:37:25] [main/DEBUG] [FML/]: Running coremod plugin for FMLCorePlugin {cpw.mods.fml.relauncher.FMLCorePlugin}
[21:37:25] [main/DEBUG] [FML/]: Running coremod plugin FMLCorePlugin
[21:37:25] [main/ERROR] [FML/]: The binary patch set is missing. Either you are in a development environment, or things are not going to work!
[21:37:27] [main/ERROR] [FML/]: FML appears to be missing any signature data. This is not a good thing
[21:37:27] [main/DEBUG] [FML/]: Coremod plugin class FMLCorePlugin run successfully
[21:37:27] [main/INFO] [LaunchWrapper/]: Calling tweak class cpw.mods.fml.relauncher.CoreModManager$FMLPluginWrapper
[21:37:27] [main/DEBUG] [FML/]: Injecting coremod FMLForgePlugin {net.minecraftforge.classloading.FMLForgePlugin} class transformers
[21:37:27] [main/TRACE] [FML/]: Registering transformer net.minecraftforge.classloading.FluidIdTransformer
[21:37:27] [main/DEBUG] [FML/]: Injection complete
[21:37:27] [main/DEBUG] [FML/]: Running coremod plugin for FMLForgePlugin {net.minecraftforge.classloading.FMLForgePlugin}
[21:37:27] [main/DEBUG] [FML/]: Running coremod plugin FMLForgePlugin
[21:37:27] [main/DEBUG] [FML/]: Coremod plugin class FMLForgePlugin run successfully
[21:37:27] [main/INFO] [LaunchWrapper/]: Calling tweak class cpw.mods.fml.common.launcher.FMLDeobfTweaker
[21:37:27] [main/DEBUG] [FML/]: Loaded 57 rules from AccessTransformer config file fml_at.cfg
[21:37:27] [main/DEBUG] [FML/]: Loaded 89 rules from AccessTransformer config file forge_at.cfg
[21:37:27] [main/DEBUG] [FML/]: Validating minecraft
[21:37:27] [main/DEBUG] [FML/]: Minecraft validated, launching...
[21:37:27] [main/INFO] [LaunchWrapper/]: Calling tweak class net.minecraftforge.gradle.tweakers.AccessTransformerTweaker
[21:37:27] [main/INFO] [LaunchWrapper/]: Loading tweak class name cpw.mods.fml.common.launcher.TerminalTweaker
[21:37:27] [main/INFO] [LaunchWrapper/]: Calling tweak class cpw.mods.fml.common.launcher.TerminalTweaker
[21:37:27] [main/INFO] [LaunchWrapper/]: Launching wrapped minecraft {net.minecraft.client.main.Main}
[21:37:31] [Client thread/DEBUG] [FML/]: Bar Finished: Loading Resource - LanguageManager took 0.034s
[21:37:31] [Client thread/INFO] [STDOUT/]: [cpw.mods.fml.client.SplashProgress:start:188]: ---- Minecraft Crash Report ----
// Hey, that tickles! Hehehe!

Time: 22-3-31 下午9:37
Description: Loading screen debug info

This is just a prompt for computer specs to be printed. THIS IS NOT A ERROR


A detailed walkthrough of the error, its code path and all known details is as follows:
---------------------------------------------------------------------------------------

-- System Details --
Details:
	Minecraft Version: 1.7.10
	Operating System: Windows 10 (amd64) version 10.0
	Java Version: 1.8.0_181, Oracle Corporation
	Java VM Version: Java HotSpot(TM) 64-Bit Server VM (mixed mode), Oracle Corporation
	Memory: 737173768 bytes (703 MB) / 1037959168 bytes (989 MB) up to 1037959168 bytes (989 MB)
	JVM Flags: 3 total; -Xincgc -Xmx1024M -Xms1024M
	AABB Pool Size: 0 (0 bytes; 0 MB) allocated, 0 (0 bytes; 0 MB) used
	IntCache: cache: 0, tcache: 0, allocated: 0, tallocated: 0
	FML: 
	GL info: ' Vendor: 'Intel' Version: '4.6.0 - Build 27.20.100.8682' Renderer: 'Intel(R) UHD Graphics 620'
[21:37:31] [Client thread/INFO] [MinecraftForge/]: Attempting early MinecraftForge initialization
[21:37:31] [Client thread/INFO] [FML/]: MinecraftForge v10.13.4.1614 Initialized
[21:37:31] [Client thread/INFO] [FML/]: Replaced 183 ore recipies
[21:37:31] [Client thread/INFO] [MinecraftForge/]: Completed early MinecraftForge initialization
[21:37:31] [Client thread/DEBUG] [FML/]: File D:\work\works\sim-u-1.7.10\eclipse\config\injectedDependencies.json not found. No dependencies injected
[21:37:31] [Client thread/DEBUG] [FML/]: Building injected Mod Containers [cpw.mods.fml.common.FMLContainer, net.minecraftforge.common.ForgeModContainer]
[21:37:31] [Client thread/DEBUG] [FML/]: Attempting to load mods contained in the minecraft jar file and associated classes
[21:37:31] [Client thread/DEBUG] [FML/]: Found a minecraft related file at D:\Program Files\Java\jdk1.8.0_181\jre\lib\charsets.jar, examining for mod candidates
[21:37:31] [Client thread/DEBUG] [FML/]: Found a minecraft related file at D:\Program Files\Java\jdk1.8.0_181\jre\lib\deploy.jar, examining for mod candidates
[21:37:31] [Client thread/DEBUG] [FML/]: Found a minecraft related file at D:\Program Files\Java\jdk1.8.0_181\jre\lib\ext\access-bridge-64.jar, examining for mod candidates
[21:37:31] [Client thread/DEBUG] [FML/]: Found a minecraft related file at D:\Program Files\Java\jdk1.8.0_181\jre\lib\ext\cldrdata.jar, examining for mod candidates
[21:37:31] [Client thread/DEBUG] [FML/]: Found a minecraft related file at D:\Program Files\Java\jdk1.8.0_181\jre\lib\ext\dnsns.jar, examining for mod candidates
[21:37:31] [Client thread/DEBUG] [FML/]: Found a minecraft related file at D:\Program Files\Java\jdk1.8.0_181\jre\lib\ext\jaccess.jar, examining for mod candidates
[21:37:31] [Client thread/DEBUG] [FML/]: Found a minecraft related file at D:\Program Files\Java\jdk1.8.0_181\jre\lib\ext\jfxrt.jar, examining for mod candidates
[21:37:31] [Client thread/DEBUG] [FML/]: Found a minecraft related file at D:\Program Files\Java\jdk1.8.0_181\jre\lib\ext\localedata.jar, examining for mod candidates
[21:37:31] [Client thread/DEBUG] [FML/]: Found a minecraft related file at D:\Program Files\Java\jdk1.8.0_181\jre\lib\ext\nashorn.jar, examining for mod candidates
[21:37:31] [Client thread/DEBUG] [FML/]: Found a minecraft related file at D:\Program Files\Java\jdk1.8.0_181\jre\lib\ext\sunec.jar, examining for mod candidates
[21:37:31] [Client thread/DEBUG] [FML/]: Found a minecraft related file at D:\Program Files\Java\jdk1.8.0_181\jre\lib\ext\sunjce_provider.jar, examining for mod candidates
[21:37:31] [Client thread/DEBUG] [FML/]: Found a minecraft related file at D:\Program Files\Java\jdk1.8.0_181\jre\lib\ext\sunmscapi.jar, examining for mod candidates
[21:37:31] [Client thread/DEBUG] [FML/]: Found a minecraft related file at D:\Program Files\Java\jdk1.8.0_181\jre\lib\ext\sunpkcs11.jar, examining for mod candidates
[21:37:31] [Client thread/DEBUG] [FML/]: Found a minecraft related file at D:\Program Files\Java\jdk1.8.0_181\jre\lib\ext\zipfs.jar, examining for mod candidates
[21:37:31] [Client thread/DEBUG] [FML/]: Found a minecraft related file at D:\Program Files\Java\jdk1.8.0_181\jre\lib\javaws.jar, examining for mod candidates
[21:37:31] [Client thread/DEBUG] [FML/]: Found a minecraft related file at D:\Program Files\Java\jdk1.8.0_181\jre\lib\jce.jar, examining for mod candidates
[21:37:31] [Client thread/DEBUG] [FML/]: Found a minecraft related file at D:\Program Files\Java\jdk1.8.0_181\jre\lib\jfr.jar, examining for mod candidates
[21:37:31] [Client thread/DEBUG] [FML/]: Found a minecraft related file at D:\Program Files\Java\jdk1.8.0_181\jre\lib\jfxswt.jar, examining for mod candidates
[21:37:31] [Client thread/DEBUG] [FML/]: Found a minecraft related file at D:\Program Files\Java\jdk1.8.0_181\jre\lib\jsse.jar, examining for mod candidates
[21:37:31] [Client thread/DEBUG] [FML/]: Found a minecraft related file at D:\Program Files\Java\jdk1.8.0_181\jre\lib\management-agent.jar, examining for mod candidates
[21:37:31] [Client thread/DEBUG] [FML/]: Found a minecraft related file at D:\Program Files\Java\jdk1.8.0_181\jre\lib\plugin.jar, examining for mod candidates
[21:37:31] [Client thread/DEBUG] [FML/]: Found a minecraft related file at D:\Program Files\Java\jdk1.8.0_181\jre\lib\resources.jar, examining for mod candidates
[21:37:31] [Client thread/TRACE] [FML/]: Skipping known library file D:\Program Files\Java\jdk1.8.0_181\jre\lib\rt.jar
[21:37:31] [Client thread/DEBUG] [FML/]: Found a minecraft related directory at D:\work\works\sim-u-1.7.10\build\classes\java\main, examining for mod candidates
[21:37:31] [Client thread/DEBUG] [FML/]: Found a minecraft related directory at D:\work\works\sim-u-1.7.10\build\resources\main, examining for mod candidates
[21:37:31] [Client thread/DEBUG] [FML/]: Found a minecraft related file at D:\maven\gradle\.gradle\caches\minecraft\net\minecraftforge\forge\1.7.10-10.13.4.1614-1.7.10\stable\12\forgeSrc-1.7.10-10.13.4.1614-1.7.10.jar, examining for mod candidates
[21:37:31] [Client thread/DEBUG] [FML/]: Found a minecraft related file at D:\maven\gradle\.gradle\caches\modules-2\files-2.1\net.minecraft\launchwrapper\1.12\111e7bea9c968cdb3d06ef4632bf7ff0824d0f36\launchwrapper-1.12.jar, examining for mod candidates
[21:37:31] [Client thread/DEBUG] [FML/]: Found a minecraft related file at D:\maven\gradle\.gradle\caches\modules-2\files-2.1\com.google.code.findbugs\jsr305\1.3.9\40719ea6961c0cb6afaeb6a921eaa1f6afd4cfdf\jsr305-1.3.9.jar, examining for mod candidates
[21:37:31] [Client thread/DEBUG] [FML/]: Found a minecraft related directory at D:\maven\gradle\.gradle\caches\minecraft\net\minecraftforge\forge\1.7.10-10.13.4.1614-1.7.10\start, examining for mod candidates
[21:37:31] [Client thread/DEBUG] [FML/]: Found a minecraft related file at D:\maven\gradle\.gradle\caches\modules-2\files-2.1\org.ow2.asm\asm-debug-all\5.0.3\f9e364ae2a66ce2a543012a4668856e84e5dab74\asm-debug-all-5.0.3.jar, examining for mod candidates
[21:37:31] [Client thread/DEBUG] [FML/]: Found a minecraft related file at D:\maven\gradle\.gradle\caches\modules-2\files-2.1\com.typesafe.akka\akka-actor_2.11\2.3.3\ed62e9fc709ca0f2ff1a3220daa8b70a2870078e\akka-actor_2.11-2.3.3.jar, examining for mod candidates
[21:37:31] [Client thread/DEBUG] [FML/]: Found a minecraft related file at D:\maven\gradle\.gradle\caches\modules-2\files-2.1\com.typesafe\config\1.2.1\f771f71fdae3df231bcd54d5ca2d57f0bf93f467\config-1.2.1.jar, examining for mod candidates
[21:37:31] [Client thread/DEBUG] [FML/]: Found a minecraft related file at D:\maven\gradle\.gradle\caches\modules-2\files-2.1\org.scala-lang\scala-actors-migration_2.11\1.1.0\dfa8bc42b181d5b9f1a5dd147f8ae308b893eb6f\scala-actors-migration_2.11-1.1.0.jar, examining for mod candidates
[21:37:31] [Client thread/DEBUG] [FML/]: Found a minecraft related file at D:\maven\gradle\.gradle\caches\modules-2\files-2.1\org.scala-lang.plugins\scala-continuations-plugin_2.11.1\1.0.2\f361a3283452c57fa30c1ee69448995de23c60f7\scala-continuations-plugin_2.11.1-1.0.2.jar, examining for mod candidates
[21:37:31] [Client thread/DEBUG] [FML/]: Found a minecraft related file at D:\maven\gradle\.gradle\caches\modules-2\files-2.1\org.scala-lang\scala-compiler\2.11.1\56ea2e6c025e0821f28d73ca271218b8dd04926a\scala-compiler-2.11.1.jar, examining for mod candidates
[21:37:31] [Client thread/DEBUG] [FML/]: Found a minecraft related file at D:\maven\gradle\.gradle\caches\modules-2\files-2.1\org.scala-lang.plugins\scala-continuations-library_2.11\1.0.2\e517c53a7e9acd6b1668c5a35eccbaa3bab9aac\scala-continuations-library_2.11-1.0.2.jar, examining for mod candidates
[21:37:31] [Client thread/DEBUG] [FML/]: Found a minecraft related file at D:\maven\gradle\.gradle\caches\modules-2\files-2.1\org.scala-lang\scala-reflect\2.11.1\6580347e61cc7f8e802941e7fde40fa83b8badeb\scala-reflect-2.11.1.jar, examining for mod candidates
[21:37:31] [Client thread/DEBUG] [FML/]: Found a minecraft related file at D:\maven\gradle\.gradle\caches\modules-2\files-2.1\org.scala-lang\scala-actors\2.11.0\8ccfb6541de179bb1c4d45cf414acee069b7f78b\scala-actors-2.11.0.jar, examining for mod candidates
[21:37:31] [Client thread/DEBUG] [FML/]: Found a minecraft related file at D:\maven\gradle\.gradle\caches\modules-2\files-2.1\org.scala-lang.modules\scala-xml_2.11\1.0.2\820fbca7e524b530fdadc594c39d49a21ea0337e\scala-xml_2.11-1.0.2.jar, examining for mod candidates
[21:37:31] [Client thread/DEBUG] [FML/]: Found a minecraft related file at D:\maven\gradle\.gradle\caches\modules-2\files-2.1\org.scala-lang.modules\scala-parser-combinators_2.11\1.0.1\f05d7345bf5a58924f2837c6c1f4d73a938e1ff0\scala-parser-combinators_2.11-1.0.1.jar, examining for mod candidates
[21:37:31] [Client thread/DEBUG] [FML/]: Found a minecraft related file at D:\maven\gradle\.gradle\caches\modules-2\files-2.1\org.scala-lang\scala-library\2.11.1\e11da23da3eabab9f4777b9220e60d44c1aab6a\scala-library-2.11.1.jar, examining for mod candidates
[21:37:31] [Client thread/DEBUG] [FML/]: Found a minecraft related file at D:\maven\gradle\.gradle\caches\modules-2\files-2.1\org.scala-lang\scala-parser-combinators_2.11\1.0.1\f05d7345bf5a58924f2837c6c1f4d73a938e1ff0\scala-parser-combinators_2.11-1.0.1.jar, examining for mod candidates
[21:37:31] [Client thread/DEBUG] [FML/]: Found a minecraft related file at D:\maven\gradle\.gradle\caches\modules-2\files-2.1\org.scala-lang\scala-swing_2.11\1.0.1\b1cdd92bd47b1e1837139c1c53020e86bb9112ae\scala-swing_2.11-1.0.1.jar, examining for mod candidates
[21:37:31] [Client thread/DEBUG] [FML/]: Found a minecraft related file at D:\maven\gradle\.gradle\caches\modules-2\files-2.1\org.scala-lang\scala-xml_2.11\1.0.2\7a80ec00aec122fba7cd4e0d4cdd87ff7e4cb6d0\scala-xml_2.11-1.0.2.jar, examining for mod candidates
[21:37:31] [Client thread/DEBUG] [FML/]: Found a minecraft related file at D:\maven\gradle\.gradle\caches\modules-2\files-2.1\net.sf.jopt-simple\jopt-simple\4.5\6065cc95c661255349c1d0756657be17c29a4fd3\jopt-simple-4.5.jar, examining for mod candidates
[21:37:31] [Client thread/DEBUG] [FML/]: Found a minecraft related file at D:\maven\gradle\.gradle\caches\modules-2\files-2.1\lzma\lzma\0.0.1\521616dc7487b42bef0e803bd2fa3faf668101d7\lzma-0.0.1.jar, examining for mod candidates
[21:37:31] [Client thread/DEBUG] [FML/]: Found a minecraft related file at D:\maven\gradle\.gradle\caches\modules-2\files-2.1\com.mojang\realms\1.3.5\807ae355ee63583becd7ea60e76aab1532bb42e\realms-1.3.5.jar, examining for mod candidates
[21:37:31] [Client thread/DEBUG] [FML/]: Found a minecraft related file at D:\maven\gradle\.gradle\caches\modules-2\files-2.1\org.apache.commons\commons-compress\1.8.1\a698750c16740fd5b3871425f4cb3bbaa87f529d\commons-compress-1.8.1.jar, examining for mod candidates
[21:37:31] [Client thread/DEBUG] [FML/]: Found a minecraft related file at D:\maven\gradle\.gradle\caches\modules-2\files-2.1\org.apache.httpcomponents\httpclient\4.3.3\18f4247ff4572a074444572cee34647c43e7c9c7\httpclient-4.3.3.jar, examining for mod candidates
[21:37:31] [Client thread/DEBUG] [FML/]: Found a minecraft related file at D:\maven\gradle\.gradle\caches\modules-2\files-2.1\commons-logging\commons-logging\1.1.3\f6f66e966c70a83ffbdb6f17a0919eaf7c8aca7f\commons-logging-1.1.3.jar, examining for mod candidates
[21:37:31] [Client thread/DEBUG] [FML/]: Found a minecraft related file at D:\maven\gradle\.gradle\caches\modules-2\files-2.1\org.apache.httpcomponents\httpcore\4.3.2\31fbbff1ddbf98f3aa7377c94d33b0447c646b6e\httpcore-4.3.2.jar, examining for mod candidates
[21:37:31] [Client thread/DEBUG] [FML/]: Found a minecraft related file at D:\maven\gradle\.gradle\caches\modules-2\files-2.1\java3d\vecmath\1.3.1\a0ae4f51da409fa0c20fa0ca59e6bbc9413ae71d\vecmath-1.3.1.jar, examining for mod candidates
[21:37:31] [Client thread/DEBUG] [FML/]: Found a minecraft related file at D:\maven\gradle\.gradle\caches\modules-2\files-2.1\net.sf.trove4j\trove4j\3.0.3\42ccaf4761f0dfdfa805c9e340d99a755907e2dd\trove4j-3.0.3.jar, examining for mod candidates
[21:37:31] [Client thread/DEBUG] [FML/]: Found a minecraft related file at D:\maven\gradle\.gradle\caches\modules-2\files-2.1\com.ibm.icu\icu4j-core-mojang\51.2\63d216a9311cca6be337c1e458e587f99d382b84\icu4j-core-mojang-51.2.jar, examining for mod candidates
[21:37:31] [Client thread/DEBUG] [FML/]: Found a minecraft related file at D:\maven\gradle\.gradle\caches\modules-2\files-2.1\com.paulscode\codecjorbis\20101023\c73b5636faf089d9f00e8732a829577de25237ee\codecjorbis-20101023.jar, examining for mod candidates
[21:37:31] [Client thread/DEBUG] [FML/]: Found a minecraft related file at D:\maven\gradle\.gradle\caches\modules-2\files-2.1\com.paulscode\codecwav\20101023\12f031cfe88fef5c1dd36c563c0a3a69bd7261da\codecwav-20101023.jar, examining for mod candidates
[21:37:31] [Client thread/DEBUG] [FML/]: Found a minecraft related file at D:\maven\gradle\.gradle\caches\modules-2\files-2.1\com.paulscode\libraryjavasound\20101123\5c5e304366f75f9eaa2e8cca546a1fb6109348b3\libraryjavasound-20101123.jar, examining for mod candidates
[21:37:31] [Client thread/DEBUG] [FML/]: Found a minecraft related file at D:\maven\gradle\.gradle\caches\modules-2\files-2.1\com.paulscode\librarylwjglopenal\20100824\73e80d0794c39665aec3f62eee88ca91676674ef\librarylwjglopenal-20100824.jar, examining for mod candidates
[21:37:31] [Client thread/DEBUG] [FML/]: Found a minecraft related file at D:\maven\gradle\.gradle\caches\modules-2\files-2.1\com.paulscode\soundsystem\20120107\419c05fe9be71f792b2d76cfc9b67f1ed0fec7f6\soundsystem-20120107.jar, examining for mod candidates
[21:37:31] [Client thread/DEBUG] [FML/]: Found a minecraft related file at D:\maven\gradle\.gradle\caches\modules-2\files-2.1\io.netty\netty-all\4.0.10.Final\9e50bd52ffe257a0e2cd8d971688d6ce7d174325\netty-all-4.0.10.Final.jar, examining for mod candidates
[21:37:31] [Client thread/DEBUG] [FML/]: Found a minecraft related file at D:\maven\gradle\.gradle\caches\modules-2\files-2.1\com.mojang\authlib\1.5.16\ef1582b11fd0943d069cdcb72e99008ac209a283\authlib-1.5.16.jar, examining for mod candidates
[21:37:31] [Client thread/DEBUG] [FML/]: Found a minecraft related file at D:\maven\gradle\.gradle\caches\modules-2\files-2.1\com.google.guava\guava\17.0\9c6ef172e8de35fd8d4d8783e4821e57cdef7445\guava-17.0.jar, examining for mod candidates
[21:37:31] [Client thread/DEBUG] [FML/]: Found a minecraft related file at D:\maven\gradle\.gradle\caches\modules-2\files-2.1\org.apache.commons\commons-lang3\3.3.2\90a3822c38ec8c996e84c16a3477ef632cbc87a3\commons-lang3-3.3.2.jar, examining for mod candidates
[21:37:31] [Client thread/DEBUG] [FML/]: Found a minecraft related file at D:\maven\gradle\.gradle\caches\modules-2\files-2.1\commons-io\commons-io\2.4\b1b6ea3b7e4aa4f492509a4952029cd8e48019ad\commons-io-2.4.jar, examining for mod candidates
[21:37:31] [Client thread/DEBUG] [FML/]: Found a minecraft related file at D:\maven\gradle\.gradle\caches\modules-2\files-2.1\commons-codec\commons-codec\1.9\9ce04e34240f674bc72680f8b843b1457383161a\commons-codec-1.9.jar, examining for mod candidates
[21:37:31] [Client thread/DEBUG] [FML/]: Found a minecraft related file at D:\maven\gradle\.gradle\caches\modules-2\files-2.1\org.lwjgl.lwjgl\lwjgl_util\2.9.1\290d7ba8a1bd9566f5ddf16ad06f09af5ec9b20e\lwjgl_util-2.9.1.jar, examining for mod candidates
[21:37:31] [Client thread/DEBUG] [FML/]: Found a minecraft related file at D:\maven\gradle\.gradle\caches\modules-2\files-2.1\org.lwjgl.lwjgl\lwjgl\2.9.1\f58c5aabcef0e41718a564be9f8e412fff8db847\lwjgl-2.9.1.jar, examining for mod candidates
[21:37:31] [Client thread/DEBUG] [FML/]: Found a minecraft related file at D:\maven\gradle\.gradle\caches\modules-2\files-2.1\net.java.jinput\jinput\2.0.5\39c7796b469a600f72380316f6b1f11db6c2c7c4\jinput-2.0.5.jar, examining for mod candidates
[21:37:31] [Client thread/DEBUG] [FML/]: Found a minecraft related file at D:\maven\gradle\.gradle\caches\modules-2\files-2.1\net.java.jutils\jutils\1.0.0\e12fe1fda814bd348c1579329c86943d2cd3c6a6\jutils-1.0.0.jar, examining for mod candidates
[21:37:31] [Client thread/DEBUG] [FML/]: Found a minecraft related file at D:\maven\gradle\.gradle\caches\modules-2\files-2.1\com.google.code.gson\gson\2.2.4\a60a5e993c98c864010053cb901b7eab25306568\gson-2.2.4.jar, examining for mod candidates
[21:37:31] [Client thread/DEBUG] [FML/]: Found a minecraft related file at D:\maven\gradle\.gradle\caches\modules-2\files-2.1\org.apache.logging.log4j\log4j-core\2.0-beta9\678861ba1b2e1fccb594bb0ca03114bb05da9695\log4j-core-2.0-beta9.jar, examining for mod candidates
[21:37:31] [Client thread/DEBUG] [FML/]: Found a minecraft related file at D:\maven\gradle\.gradle\caches\modules-2\files-2.1\org.apache.logging.log4j\log4j-api\2.0-beta9\1dd66e68cccd907880229f9e2de1314bd13ff785\log4j-api-2.0-beta9.jar, examining for mod candidates
[21:37:31] [Client thread/DEBUG] [FML/]: Found a minecraft related file at D:\maven\gradle\.gradle\caches\modules-2\files-2.1\tv.twitch\twitch\5.16\1f55f009c61637c10c0acfb8b5ffc600f30044b4\twitch-5.16.jar, examining for mod candidates
[21:37:31] [Client thread/DEBUG] [FML/]: Found a minecraft related file at D:\maven\gradle\.gradle\caches\modules-2\files-2.1\net.java.jinput\jinput-platform\2.0.5\7ff832a6eb9ab6a767f1ade2b548092d0fa64795\jinput-platform-2.0.5-natives-linux.jar, examining for mod candidates
[21:37:31] [Client thread/DEBUG] [FML/]: Found a minecraft related file at D:\maven\gradle\.gradle\caches\modules-2\files-2.1\net.java.jinput\jinput-platform\2.0.5\385ee093e01f587f30ee1c8a2ee7d408fd732e16\jinput-platform-2.0.5-natives-windows.jar, examining for mod candidates
[21:37:31] [Client thread/DEBUG] [FML/]: Found a minecraft related file at D:\maven\gradle\.gradle\caches\modules-2\files-2.1\net.java.jinput\jinput-platform\2.0.5\53f9c919f34d2ca9de8c51fc4e1e8282029a9232\jinput-platform-2.0.5-natives-osx.jar, examining for mod candidates
[21:37:31] [Client thread/DEBUG] [FML/]: Found a minecraft related file at D:\maven\gradle\.gradle\caches\modules-2\files-2.1\tv.twitch\twitch-platform\5.16\7c6affe439099806a4f552da14c42f9d643d8b23\twitch-platform-5.16-natives-windows-32.jar, examining for mod candidates
[21:37:31] [Client thread/DEBUG] [FML/]: Found a minecraft related file at D:\maven\gradle\.gradle\caches\modules-2\files-2.1\tv.twitch\twitch-platform\5.16\39d0c3d363735b4785598e0e7fbf8297c706a9f9\twitch-platform-5.16-natives-windows-64.jar, examining for mod candidates
[21:37:31] [Client thread/DEBUG] [FML/]: Found a minecraft related file at D:\maven\gradle\.gradle\caches\modules-2\files-2.1\tv.twitch\twitch-platform\5.16\62503ee712766cf77f97252e5902786fd834b8c5\twitch-platform-5.16-natives-osx.jar, examining for mod candidates
[21:37:31] [Client thread/DEBUG] [FML/]: Found a minecraft related file at D:\maven\gradle\.gradle\caches\modules-2\files-2.1\tv.twitch\twitch-external-platform\4.5\18215140f010c05b9f86ef6f0f8871954d2ccebf\twitch-external-platform-4.5-natives-windows-32.jar, examining for mod candidates
[21:37:31] [Client thread/DEBUG] [FML/]: Found a minecraft related file at D:\maven\gradle\.gradle\caches\modules-2\files-2.1\tv.twitch\twitch-external-platform\4.5\c3cde57891b935d41b6680a9c5e1502eeab76d86\twitch-external-platform-4.5-natives-windows-64.jar, examining for mod candidates
[21:37:31] [Client thread/DEBUG] [FML/]: Found a minecraft related file at D:\maven\gradle\.gradle\caches\modules-2\files-2.1\org.lwjgl.lwjgl\lwjgl-platform\2.9.1\4c517eca808522457dd95ee8fc1fbcdbb602efbe\lwjgl-platform-2.9.1-natives-windows.jar, examining for mod candidates
[21:37:31] [Client thread/DEBUG] [FML/]: Found a minecraft related file at D:\maven\gradle\.gradle\caches\modules-2\files-2.1\org.lwjgl.lwjgl\lwjgl-platform\2.9.1\aa9aae879af8eb378e22cfc64db56ec2ca9a44d1\lwjgl-platform-2.9.1-natives-linux.jar, examining for mod candidates
[21:37:31] [Client thread/DEBUG] [FML/]: Found a minecraft related file at D:\maven\gradle\.gradle\caches\modules-2\files-2.1\org.lwjgl.lwjgl\lwjgl-platform\2.9.1\2d12c83fdfbc04ecabf02c7bc8cc54d034f0daac\lwjgl-platform-2.9.1-natives-osx.jar, examining for mod candidates
[21:37:31] [Client thread/DEBUG] [FML/]: Found a minecraft related file at D:\Program Files (x86)\JetBrains\IntelliJ IDEA 2021.2.3\lib\idea_rt.jar, examining for mod candidates
[21:37:31] [Client thread/DEBUG] [FML/]: Found a minecraft related file at C:\Users\Tian\AppData\Local\JetBrains\IntelliJIdea2021.2\groovyHotSwap\gragent.jar, examining for mod candidates
[21:37:31] [Client thread/DEBUG] [FML/]: Found a minecraft related file at C:\Users\Tian\AppData\Local\JetBrains\IntelliJIdea2021.2\captureAgent\debugger-agent.jar, examining for mod candidates
[21:37:31] [Client thread/DEBUG] [FML/]: Minecraft jar mods loaded successfully
[21:37:31] [Client thread/INFO] [FML/]: Found 0 mods from the command line. Injecting into mod discoverer
[21:37:31] [Client thread/INFO] [FML/]: Searching D:\work\works\sim-u-1.7.10\eclipse\mods for mods
[21:37:31] [Client thread/DEBUG] [FML/]: Found a candidate mod directory Simukraft
[21:37:31] [Client thread/DEBUG] [FML/]: Examining file charsets.jar for potential mods
[21:37:31] [Client thread/DEBUG] [FML/]: The mod container charsets.jar appears to be missing an mcmod.info file
[21:37:32] [Client thread/DEBUG] [FML/]: Examining file deploy.jar for potential mods
[21:37:32] [Client thread/DEBUG] [FML/]: The mod container deploy.jar appears to be missing an mcmod.info file
[21:37:32] [Client thread/DEBUG] [FML/]: Examining file access-bridge-64.jar for potential mods
[21:37:32] [Client thread/DEBUG] [FML/]: The mod container access-bridge-64.jar appears to be missing an mcmod.info file
[21:37:32] [Client thread/DEBUG] [FML/]: Examining file cldrdata.jar for potential mods
[21:37:32] [Client thread/DEBUG] [FML/]: The mod container cldrdata.jar appears to be missing an mcmod.info file
[21:37:32] [Client thread/DEBUG] [FML/]: Examining file dnsns.jar for potential mods
[21:37:32] [Client thread/DEBUG] [FML/]: The mod container dnsns.jar appears to be missing an mcmod.info file
[21:37:32] [Client thread/DEBUG] [FML/]: Examining file jaccess.jar for potential mods
[21:37:32] [Client thread/DEBUG] [FML/]: The mod container jaccess.jar appears to be missing an mcmod.info file
[21:37:32] [Client thread/DEBUG] [FML/]: Examining file jfxrt.jar for potential mods
[21:37:32] [Client thread/DEBUG] [FML/]: The mod container jfxrt.jar appears to be missing an mcmod.info file
[21:37:33] [Client thread/DEBUG] [FML/]: Examining file localedata.jar for potential mods
[21:37:33] [Client thread/DEBUG] [FML/]: The mod container localedata.jar appears to be missing an mcmod.info file
[21:37:33] [Client thread/DEBUG] [FML/]: Examining file nashorn.jar for potential mods
[21:37:33] [Client thread/DEBUG] [FML/]: The mod container nashorn.jar appears to be missing an mcmod.info file
[21:37:33] [Client thread/DEBUG] [FML/]: Examining file sunec.jar for potential mods
[21:37:33] [Client thread/DEBUG] [FML/]: The mod container sunec.jar appears to be missing an mcmod.info file
[21:37:33] [Client thread/DEBUG] [FML/]: Examining file sunjce_provider.jar for potential mods
[21:37:33] [Client thread/DEBUG] [FML/]: The mod container sunjce_provider.jar appears to be missing an mcmod.info file
[21:37:33] [Client thread/DEBUG] [FML/]: Examining file sunmscapi.jar for potential mods
[21:37:33] [Client thread/DEBUG] [FML/]: The mod container sunmscapi.jar appears to be missing an mcmod.info file
[21:37:33] [Client thread/DEBUG] [FML/]: Examining file sunpkcs11.jar for potential mods
[21:37:33] [Client thread/DEBUG] [FML/]: The mod container sunpkcs11.jar appears to be missing an mcmod.info file
[21:37:33] [Client thread/DEBUG] [FML/]: Examining file zipfs.jar for potential mods
[21:37:33] [Client thread/DEBUG] [FML/]: The mod container zipfs.jar appears to be missing an mcmod.info file
[21:37:33] [Client thread/DEBUG] [FML/]: Examining file javaws.jar for potential mods
[21:37:33] [Client thread/DEBUG] [FML/]: The mod container javaws.jar appears to be missing an mcmod.info file
[21:37:33] [Client thread/DEBUG] [FML/]: Examining file jce.jar for potential mods
[21:37:33] [Client thread/DEBUG] [FML/]: The mod container jce.jar appears to be missing an mcmod.info file
[21:37:33] [Client thread/DEBUG] [FML/]: Examining file jfr.jar for potential mods
[21:37:33] [Client thread/DEBUG] [FML/]: The mod container jfr.jar appears to be missing an mcmod.info file
[21:37:33] [Client thread/DEBUG] [FML/]: Examining file jfxswt.jar for potential mods
[21:37:33] [Client thread/DEBUG] [FML/]: The mod container jfxswt.jar appears to be missing an mcmod.info file
[21:37:33] [Client thread/DEBUG] [FML/]: Examining file jsse.jar for potential mods
[21:37:33] [Client thread/DEBUG] [FML/]: The mod container jsse.jar appears to be missing an mcmod.info file
[21:37:33] [Client thread/DEBUG] [FML/]: Examining file management-agent.jar for potential mods
[21:37:33] [Client thread/DEBUG] [FML/]: The mod container management-agent.jar appears to be missing an mcmod.info file
[21:37:33] [Client thread/DEBUG] [FML/]: Examining file plugin.jar for potential mods
[21:37:33] [Client thread/DEBUG] [FML/]: The mod container plugin.jar appears to be missing an mcmod.info file
[21:37:34] [Client thread/DEBUG] [FML/]: Examining file resources.jar for potential mods
[21:37:34] [Client thread/DEBUG] [FML/]: The mod container resources.jar appears to be missing an mcmod.info file
[21:37:34] [Client thread/DEBUG] [FML/]: Examining directory main for potential mods
[21:37:34] [Client thread/DEBUG] [FML/]: No mcmod.info file found in directory main
[21:37:34] [Client thread/TRACE] [FML/]: Recursing into package blocks
[21:37:34] [Client thread/TRACE] [FML/]: Recursing into package com
[21:37:34] [Client thread/TRACE] [FML/]: Recursing into package com.trhsy
[21:37:34] [Client thread/TRACE] [FML/]: Recursing into package com.trhsy.sim
[21:37:34] [Client thread/TRACE] [FML/]: Recursing into package com.trhsy.sim.api
[21:37:34] [Client thread/TRACE] [FML/]: Recursing into package com.trhsy.sim.api.buildcraft
[21:37:34] [Client thread/TRACE] [FML/]: Recursing into package com.trhsy.sim.api.buildcraft.api
[21:37:34] [Client thread/TRACE] [FML/]: Recursing into package com.trhsy.sim.api.buildcraft.api.blocks
[21:37:34] [Client thread/TRACE] [FML/]: Recursing into package com.trhsy.sim.api.buildcraft.api.blueprints
[21:37:34] [Client thread/TRACE] [FML/]: Recursing into package com.trhsy.sim.api.buildcraft.api.boards
[21:37:34] [Client thread/TRACE] [FML/]: Recursing into package com.trhsy.sim.api.buildcraft.api.core
[21:37:34] [Client thread/TRACE] [FML/]: Recursing into package com.trhsy.sim.api.buildcraft.api.core.render
[21:37:34] [Client thread/TRACE] [FML/]: Recursing into package com.trhsy.sim.api.buildcraft.api.crops
[21:37:34] [Client thread/TRACE] [FML/]: Recursing into package com.trhsy.sim.api.buildcraft.api.events
[21:37:34] [Client thread/TRACE] [FML/]: Recursing into package com.trhsy.sim.api.buildcraft.api.facades
[21:37:34] [Client thread/TRACE] [FML/]: Recursing into package com.trhsy.sim.api.buildcraft.api.filler
[21:37:34] [Client thread/TRACE] [FML/]: Recursing into package com.trhsy.sim.api.buildcraft.api.fuels
[21:37:34] [Client thread/TRACE] [FML/]: Recursing into package com.trhsy.sim.api.buildcraft.api.gates
[21:37:34] [Client thread/TRACE] [FML/]: Recursing into package com.trhsy.sim.api.buildcraft.api.items
[21:37:34] [Client thread/TRACE] [FML/]: Recursing into package com.trhsy.sim.api.buildcraft.api.library
[21:37:34] [Client thread/TRACE] [FML/]: Recursing into package com.trhsy.sim.api.buildcraft.api.lists
[21:37:34] [Client thread/TRACE] [FML/]: Recursing into package com.trhsy.sim.api.buildcraft.api.power
[21:37:34] [Client thread/TRACE] [FML/]: Recursing into package com.trhsy.sim.api.buildcraft.api.recipes
[21:37:34] [Client thread/TRACE] [FML/]: Recursing into package com.trhsy.sim.api.buildcraft.api.robots
[21:37:34] [Client thread/TRACE] [FML/]: Recursing into package com.trhsy.sim.api.buildcraft.api.statements
[21:37:34] [Client thread/TRACE] [FML/]: Recursing into package com.trhsy.sim.api.buildcraft.api.tablet
[21:37:34] [Client thread/TRACE] [FML/]: Recursing into package com.trhsy.sim.api.buildcraft.api.tiles
[21:37:34] [Client thread/TRACE] [FML/]: Recursing into package com.trhsy.sim.api.buildcraft.api.tools
[21:37:34] [Client thread/TRACE] [FML/]: Recursing into package com.trhsy.sim.api.buildcraft.api.transport
[21:37:34] [Client thread/TRACE] [FML/]: Recursing into package com.trhsy.sim.api.buildcraft.api.transport.pluggable
[21:37:34] [Client thread/TRACE] [FML/]: Recursing into package com.trhsy.sim.api.cofh
[21:37:34] [Client thread/TRACE] [FML/]: Recursing into package com.trhsy.sim.api.cofh.api
[21:37:34] [Client thread/TRACE] [FML/]: Recursing into package com.trhsy.sim.api.cofh.api.energy
[21:37:34] [Client thread/TRACE] [FML/]: Recursing into package com.trhsy.sim.client
[21:37:34] [Client thread/TRACE] [FML/]: Recursing into package com.trhsy.sim.client.event
[21:37:34] [Client thread/TRACE] [FML/]: Recursing into package com.trhsy.sim.client.gui
[21:37:34] [Client thread/TRACE] [FML/]: Recursing into package com.trhsy.sim.client.gui.enums
[21:37:34] [Client thread/TRACE] [FML/]: Recursing into package com.trhsy.sim.client.model
[21:37:34] [Client thread/TRACE] [FML/]: Recursing into package com.trhsy.sim.client.render
[21:37:34] [Client thread/TRACE] [FML/]: Recursing into package com.trhsy.sim.common
[21:37:34] [Client thread/TRACE] [FML/]: Recursing into package com.trhsy.sim.common.block
[21:37:34] [Client thread/TRACE] [FML/]: Recursing into package com.trhsy.sim.common.creativetab
[21:37:34] [Client thread/TRACE] [FML/]: Recursing into package com.trhsy.sim.common.entity
[21:37:34] [Client thread/TRACE] [FML/]: Recursing into package com.trhsy.sim.common.entity.enums
[21:37:34] [Client thread/TRACE] [FML/]: Recursing into package com.trhsy.sim.common.fluid
[21:37:34] [Client thread/TRACE] [FML/]: Recursing into package com.trhsy.sim.common.item
[21:37:34] [Client thread/TRACE] [FML/]: Recursing into package com.trhsy.sim.common.item.food
[21:37:34] [Client thread/TRACE] [FML/]: Recursing into package com.trhsy.sim.common.jobs
[21:37:34] [Client thread/TRACE] [FML/]: Recursing into package com.trhsy.sim.common.loader
[21:37:34] [Client thread/DEBUG] [FML/]: Identified a mod of type Lcpw/mods/fml/common/Mod; (com.trhsy.sim.common.ModSim) - loading
[21:37:34] [Client thread/TRACE] [sim/]: Parsed dependency info : [Forge@[9.10,)] [Forge@[9.10,)] []
[21:37:34] [Client thread/TRACE] [FML/]: Recursing into package com.trhsy.sim.packets
[21:37:34] [Client thread/TRACE] [FML/]: Recursing into package com.trhsy.sim.packets.client
[21:37:34] [Client thread/TRACE] [FML/]: Recursing into package com.trhsy.sim.packets.server
[21:37:34] [Client thread/DEBUG] [FML/]: Examining directory main for potential mods
[21:37:34] [Client thread/DEBUG] [FML/]: Found an mcmod.info file in directory main
[21:37:34] [Client thread/TRACE] [FML/]: Recursing into package assets
[21:37:34] [Client thread/TRACE] [FML/]: Recursing into package assets.minecraft
[21:37:34] [Client thread/TRACE] [FML/]: Recursing into package assets.minecraft.textures
[21:37:34] [Client thread/TRACE] [FML/]: Recursing into package assets.minecraft.textures.gui
[21:37:34] [Client thread/TRACE] [FML/]: Recursing into package assets.minecraft.textures.gui.container
[21:37:34] [Client thread/TRACE] [FML/]: Recursing into package assets.minecraft.textures.gui.container.creative_inventory
[21:37:34] [Client thread/TRACE] [FML/]: Recursing into package assets.sim
[21:37:34] [Client thread/TRACE] [FML/]: Recursing into package assets.sim.blockstates
[21:37:34] [Client thread/TRACE] [FML/]: Recursing into package assets.sim.lang
[21:37:34] [Client thread/TRACE] [FML/]: Recursing into package assets.sim.models
[21:37:34] [Client thread/TRACE] [FML/]: Recursing into package assets.sim.models.block
[21:37:34] [Client thread/TRACE] [FML/]: Recursing into package assets.sim.models.item
[21:37:34] [Client thread/TRACE] [FML/]: Recursing into package assets.sim.skins
[21:37:34] [Client thread/TRACE] [FML/]: Recursing into package assets.sim.sounds
[21:37:34] [Client thread/TRACE] [FML/]: Recursing into package assets.sim.textures
[21:37:34] [Client thread/TRACE] [FML/]: Recursing into package assets.sim.textures.blocks
[21:37:34] [Client thread/TRACE] [FML/]: Recursing into package assets.sim.textures.gui
[21:37:34] [Client thread/TRACE] [FML/]: Recursing into package assets.sim.textures.items
[21:37:34] [Client thread/TRACE] [FML/]: Recursing into package assets.sim.textures.models
[21:37:34] [Client thread/TRACE] [FML/]: Recursing into package META-INF
[21:37:34] [Client thread/DEBUG] [FML/]: Examining file forgeSrc-1.7.10-10.13.4.1614-1.7.10.jar for potential mods
[21:37:34] [Client thread/DEBUG] [FML/]: The mod container forgeSrc-1.7.10-10.13.4.1614-1.7.10.jar appears to be missing an mcmod.info file
[21:37:34] [Client thread/DEBUG] [FML/]: Examining file launchwrapper-1.12.jar for potential mods
[21:37:34] [Client thread/DEBUG] [FML/]: The mod container launchwrapper-1.12.jar appears to be missing an mcmod.info file
[21:37:34] [Client thread/DEBUG] [FML/]: Examining file jsr305-1.3.9.jar for potential mods
[21:37:34] [Client thread/DEBUG] [FML/]: The mod container jsr305-1.3.9.jar appears to be missing an mcmod.info file
[21:37:34] [Client thread/DEBUG] [FML/]: Examining directory start for potential mods
[21:37:34] [Client thread/DEBUG] [FML/]: No mcmod.info file found in directory start
[21:37:34] [Client thread/TRACE] [FML/]: Recursing into package net
[21:37:34] [Client thread/TRACE] [FML/]: Recursing into package net.minecraftforge
[21:37:34] [Client thread/TRACE] [FML/]: Recursing into package net.minecraftforge.gradle
[21:37:34] [Client thread/TRACE] [FML/]: Recursing into package net.minecraftforge.gradle.tweakers
[21:37:34] [Client thread/DEBUG] [FML/]: Examining file asm-debug-all-5.0.3.jar for potential mods
[21:37:34] [Client thread/DEBUG] [FML/]: The mod container asm-debug-all-5.0.3.jar appears to be missing an mcmod.info file
[21:37:34] [Client thread/DEBUG] [FML/]: Examining file akka-actor_2.11-2.3.3.jar for potential mods
[21:37:34] [Client thread/DEBUG] [FML/]: The mod container akka-actor_2.11-2.3.3.jar appears to be missing an mcmod.info file
[21:37:34] [Client thread/DEBUG] [FML/]: Examining file config-1.2.1.jar for potential mods
[21:37:34] [Client thread/DEBUG] [FML/]: The mod container config-1.2.1.jar appears to be missing an mcmod.info file
[21:37:34] [Client thread/DEBUG] [FML/]: Examining file scala-actors-migration_2.11-1.1.0.jar for potential mods
[21:37:34] [Client thread/DEBUG] [FML/]: The mod container scala-actors-migration_2.11-1.1.0.jar appears to be missing an mcmod.info file
[21:37:34] [Client thread/DEBUG] [FML/]: Examining file scala-continuations-plugin_2.11.1-1.0.2.jar for potential mods
[21:37:34] [Client thread/DEBUG] [FML/]: The mod container scala-continuations-plugin_2.11.1-1.0.2.jar appears to be missing an mcmod.info file
[21:37:34] [Client thread/DEBUG] [FML/]: Examining file scala-compiler-2.11.1.jar for potential mods
[21:37:34] [Client thread/DEBUG] [FML/]: The mod container scala-compiler-2.11.1.jar appears to be missing an mcmod.info file
[21:37:36] [Client thread/DEBUG] [FML/]: Examining file scala-continuations-library_2.11-1.0.2.jar for potential mods
[21:37:36] [Client thread/DEBUG] [FML/]: The mod container scala-continuations-library_2.11-1.0.2.jar appears to be missing an mcmod.info file
[21:37:36] [Client thread/DEBUG] [FML/]: Examining file scala-reflect-2.11.1.jar for potential mods
[21:37:36] [Client thread/DEBUG] [FML/]: The mod container scala-reflect-2.11.1.jar appears to be missing an mcmod.info file
[21:37:36] [Client thread/DEBUG] [FML/]: Examining file scala-actors-2.11.0.jar for potential mods
[21:37:36] [Client thread/DEBUG] [FML/]: The mod container scala-actors-2.11.0.jar appears to be missing an mcmod.info file
[21:37:36] [Client thread/DEBUG] [FML/]: Examining file scala-xml_2.11-1.0.2.jar for potential mods
[21:37:36] [Client thread/DEBUG] [FML/]: The mod container scala-xml_2.11-1.0.2.jar appears to be missing an mcmod.info file
[21:37:36] [Client thread/DEBUG] [FML/]: Examining file scala-parser-combinators_2.11-1.0.1.jar for potential mods
[21:37:36] [Client thread/DEBUG] [FML/]: The mod container scala-parser-combinators_2.11-1.0.1.jar appears to be missing an mcmod.info file
[21:37:36] [Client thread/DEBUG] [FML/]: Examining file scala-library-2.11.1.jar for potential mods
[21:37:36] [Client thread/DEBUG] [FML/]: The mod container scala-library-2.11.1.jar appears to be missing an mcmod.info file
[21:37:36] [Client thread/DEBUG] [FML/]: Examining file scala-parser-combinators_2.11-1.0.1.jar for potential mods
[21:37:36] [Client thread/DEBUG] [FML/]: The mod container scala-parser-combinators_2.11-1.0.1.jar appears to be missing an mcmod.info file
[21:37:37] [Client thread/DEBUG] [FML/]: Examining file scala-swing_2.11-1.0.1.jar for potential mods
[21:37:37] [Client thread/DEBUG] [FML/]: The mod container scala-swing_2.11-1.0.1.jar appears to be missing an mcmod.info file
[21:37:37] [Client thread/DEBUG] [FML/]: Examining file scala-xml_2.11-1.0.2.jar for potential mods
[21:37:37] [Client thread/DEBUG] [FML/]: The mod container scala-xml_2.11-1.0.2.jar appears to be missing an mcmod.info file
[21:37:37] [Client thread/DEBUG] [FML/]: Examining file jopt-simple-4.5.jar for potential mods
[21:37:37] [Client thread/DEBUG] [FML/]: The mod container jopt-simple-4.5.jar appears to be missing an mcmod.info file
[21:37:37] [Client thread/DEBUG] [FML/]: Examining file lzma-0.0.1.jar for potential mods
[21:37:37] [Client thread/DEBUG] [FML/]: The mod container lzma-0.0.1.jar appears to be missing an mcmod.info file
[21:37:37] [Client thread/DEBUG] [FML/]: Examining file realms-1.3.5.jar for potential mods
[21:37:37] [Client thread/DEBUG] [FML/]: The mod container realms-1.3.5.jar appears to be missing an mcmod.info file
[21:37:37] [Client thread/DEBUG] [FML/]: Examining file commons-compress-1.8.1.jar for potential mods
[21:37:37] [Client thread/DEBUG] [FML/]: The mod container commons-compress-1.8.1.jar appears to be missing an mcmod.info file
[21:37:37] [Client thread/DEBUG] [FML/]: Examining file httpclient-4.3.3.jar for potential mods
[21:37:37] [Client thread/DEBUG] [FML/]: The mod container httpclient-4.3.3.jar appears to be missing an mcmod.info file
[21:37:37] [Client thread/DEBUG] [FML/]: Examining file commons-logging-1.1.3.jar for potential mods
[21:37:37] [Client thread/DEBUG] [FML/]: The mod container commons-logging-1.1.3.jar appears to be missing an mcmod.info file
[21:37:37] [Client thread/DEBUG] [FML/]: Examining file httpcore-4.3.2.jar for potential mods
[21:37:37] [Client thread/DEBUG] [FML/]: The mod container httpcore-4.3.2.jar appears to be missing an mcmod.info file
[21:37:37] [Client thread/DEBUG] [FML/]: Examining file vecmath-1.3.1.jar for potential mods
[21:37:37] [Client thread/DEBUG] [FML/]: The mod container vecmath-1.3.1.jar appears to be missing an mcmod.info file
[21:37:37] [Client thread/DEBUG] [FML/]: Examining file trove4j-3.0.3.jar for potential mods
[21:37:37] [Client thread/DEBUG] [FML/]: The mod container trove4j-3.0.3.jar appears to be missing an mcmod.info file
[21:37:37] [Client thread/DEBUG] [FML/]: Examining file icu4j-core-mojang-51.2.jar for potential mods
[21:37:37] [Client thread/DEBUG] [FML/]: The mod container icu4j-core-mojang-51.2.jar appears to be missing an mcmod.info file
[21:37:37] [Client thread/DEBUG] [FML/]: Examining file codecjorbis-20101023.jar for potential mods
[21:37:37] [Client thread/DEBUG] [FML/]: The mod container codecjorbis-20101023.jar appears to be missing an mcmod.info file
[21:37:37] [Client thread/DEBUG] [FML/]: Examining file codecwav-20101023.jar for potential mods
[21:37:37] [Client thread/DEBUG] [FML/]: The mod container codecwav-20101023.jar appears to be missing an mcmod.info file
[21:37:37] [Client thread/DEBUG] [FML/]: Examining file libraryjavasound-20101123.jar for potential mods
[21:37:37] [Client thread/DEBUG] [FML/]: The mod container libraryjavasound-20101123.jar appears to be missing an mcmod.info file
[21:37:37] [Client thread/DEBUG] [FML/]: Examining file librarylwjglopenal-20100824.jar for potential mods
[21:37:37] [Client thread/DEBUG] [FML/]: The mod container librarylwjglopenal-20100824.jar appears to be missing an mcmod.info file
[21:37:37] [Client thread/DEBUG] [FML/]: Examining file soundsystem-20120107.jar for potential mods
[21:37:37] [Client thread/DEBUG] [FML/]: The mod container soundsystem-20120107.jar appears to be missing an mcmod.info file
[21:37:37] [Client thread/DEBUG] [FML/]: Examining file netty-all-4.0.10.Final.jar for potential mods
[21:37:37] [Client thread/DEBUG] [FML/]: The mod container netty-all-4.0.10.Final.jar appears to be missing an mcmod.info file
[21:37:37] [Client thread/DEBUG] [FML/]: Examining file authlib-1.5.16.jar for potential mods
[21:37:37] [Client thread/DEBUG] [FML/]: The mod container authlib-1.5.16.jar appears to be missing an mcmod.info file
[21:37:37] [Client thread/DEBUG] [FML/]: Examining file guava-17.0.jar for potential mods
[21:37:37] [Client thread/DEBUG] [FML/]: The mod container guava-17.0.jar appears to be missing an mcmod.info file
[21:37:37] [Client thread/DEBUG] [FML/]: Examining file commons-lang3-3.3.2.jar for potential mods
[21:37:37] [Client thread/DEBUG] [FML/]: The mod container commons-lang3-3.3.2.jar appears to be missing an mcmod.info file
[21:37:37] [Client thread/DEBUG] [FML/]: Examining file commons-io-2.4.jar for potential mods
[21:37:37] [Client thread/DEBUG] [FML/]: The mod container commons-io-2.4.jar appears to be missing an mcmod.info file
[21:37:37] [Client thread/DEBUG] [FML/]: Examining file commons-codec-1.9.jar for potential mods
[21:37:37] [Client thread/DEBUG] [FML/]: The mod container commons-codec-1.9.jar appears to be missing an mcmod.info file
[21:37:37] [Client thread/DEBUG] [FML/]: Examining file lwjgl_util-2.9.1.jar for potential mods
[21:37:37] [Client thread/DEBUG] [FML/]: The mod container lwjgl_util-2.9.1.jar appears to be missing an mcmod.info file
[21:37:37] [Client thread/DEBUG] [FML/]: Examining file lwjgl-2.9.1.jar for potential mods
[21:37:37] [Client thread/DEBUG] [FML/]: The mod container lwjgl-2.9.1.jar appears to be missing an mcmod.info file
[21:37:37] [Client thread/DEBUG] [FML/]: Examining file jinput-2.0.5.jar for potential mods
[21:37:37] [Client thread/DEBUG] [FML/]: The mod container jinput-2.0.5.jar appears to be missing an mcmod.info file
[21:37:37] [Client thread/DEBUG] [FML/]: Examining file jutils-1.0.0.jar for potential mods
[21:37:37] [Client thread/DEBUG] [FML/]: The mod container jutils-1.0.0.jar appears to be missing an mcmod.info file
[21:37:37] [Client thread/DEBUG] [FML/]: Examining file gson-2.2.4.jar for potential mods
[21:37:37] [Client thread/DEBUG] [FML/]: The mod container gson-2.2.4.jar appears to be missing an mcmod.info file
[21:37:37] [Client thread/DEBUG] [FML/]: Examining file log4j-core-2.0-beta9.jar for potential mods
[21:37:37] [Client thread/DEBUG] [FML/]: The mod container log4j-core-2.0-beta9.jar appears to be missing an mcmod.info file
[21:37:38] [Client thread/DEBUG] [FML/]: Examining file log4j-api-2.0-beta9.jar for potential mods
[21:37:38] [Client thread/DEBUG] [FML/]: The mod container log4j-api-2.0-beta9.jar appears to be missing an mcmod.info file
[21:37:38] [Client thread/DEBUG] [FML/]: Examining file twitch-5.16.jar for potential mods
[21:37:38] [Client thread/DEBUG] [FML/]: The mod container twitch-5.16.jar appears to be missing an mcmod.info file
[21:37:38] [Client thread/DEBUG] [FML/]: Examining file jinput-platform-2.0.5-natives-linux.jar for potential mods
[21:37:38] [Client thread/DEBUG] [FML/]: The mod container jinput-platform-2.0.5-natives-linux.jar appears to be missing an mcmod.info file
[21:37:38] [Client thread/DEBUG] [FML/]: Examining file jinput-platform-2.0.5-natives-windows.jar for potential mods
[21:37:38] [Client thread/DEBUG] [FML/]: The mod container jinput-platform-2.0.5-natives-windows.jar appears to be missing an mcmod.info file
[21:37:38] [Client thread/DEBUG] [FML/]: Examining file jinput-platform-2.0.5-natives-osx.jar for potential mods
[21:37:38] [Client thread/DEBUG] [FML/]: The mod container jinput-platform-2.0.5-natives-osx.jar appears to be missing an mcmod.info file
[21:37:38] [Client thread/DEBUG] [FML/]: Examining file twitch-platform-5.16-natives-windows-32.jar for potential mods
[21:37:38] [Client thread/DEBUG] [FML/]: The mod container twitch-platform-5.16-natives-windows-32.jar appears to be missing an mcmod.info file
[21:37:38] [Client thread/DEBUG] [FML/]: Examining file twitch-platform-5.16-natives-windows-64.jar for potential mods
[21:37:38] [Client thread/DEBUG] [FML/]: The mod container twitch-platform-5.16-natives-windows-64.jar appears to be missing an mcmod.info file
[21:37:38] [Client thread/DEBUG] [FML/]: Examining file twitch-platform-5.16-natives-osx.jar for potential mods
[21:37:38] [Client thread/DEBUG] [FML/]: The mod container twitch-platform-5.16-natives-osx.jar appears to be missing an mcmod.info file
[21:37:38] [Client thread/DEBUG] [FML/]: Examining file twitch-external-platform-4.5-natives-windows-32.jar for potential mods
[21:37:38] [Client thread/DEBUG] [FML/]: The mod container twitch-external-platform-4.5-natives-windows-32.jar appears to be missing an mcmod.info file
[21:37:38] [Client thread/DEBUG] [FML/]: Examining file twitch-external-platform-4.5-natives-windows-64.jar for potential mods
[21:37:38] [Client thread/DEBUG] [FML/]: The mod container twitch-external-platform-4.5-natives-windows-64.jar appears to be missing an mcmod.info file
[21:37:38] [Client thread/DEBUG] [FML/]: Examining file lwjgl-platform-2.9.1-natives-windows.jar for potential mods
[21:37:38] [Client thread/DEBUG] [FML/]: The mod container lwjgl-platform-2.9.1-natives-windows.jar appears to be missing an mcmod.info file
[21:37:38] [Client thread/DEBUG] [FML/]: Examining file lwjgl-platform-2.9.1-natives-linux.jar for potential mods
[21:37:38] [Client thread/DEBUG] [FML/]: The mod container lwjgl-platform-2.9.1-natives-linux.jar appears to be missing an mcmod.info file
[21:37:38] [Client thread/DEBUG] [FML/]: Examining file lwjgl-platform-2.9.1-natives-osx.jar for potential mods
[21:37:38] [Client thread/DEBUG] [FML/]: The mod container lwjgl-platform-2.9.1-natives-osx.jar appears to be missing an mcmod.info file
[21:37:38] [Client thread/DEBUG] [FML/]: Examining file idea_rt.jar for potential mods
[21:37:38] [Client thread/DEBUG] [FML/]: The mod container idea_rt.jar appears to be missing an mcmod.info file
[21:37:38] [Client thread/DEBUG] [FML/]: Examining file gragent.jar for potential mods
[21:37:38] [Client thread/DEBUG] [FML/]: The mod container gragent.jar appears to be missing an mcmod.info file
[21:37:38] [Client thread/DEBUG] [FML/]: Examining file debugger-agent.jar for potential mods
[21:37:38] [Client thread/DEBUG] [FML/]: The mod container debugger-agent.jar appears to be missing an mcmod.info file
[21:37:38] [Client thread/DEBUG] [FML/]: Examining directory Simukraft for potential mods
[21:37:38] [Client thread/DEBUG] [FML/]: No mcmod.info file found in directory Simukraft
[21:37:38] [Client thread/TRACE] [FML/]: Recursing into package buildings
[21:37:38] [Client thread/TRACE] [FML/]: Recursing into package buildings.commercial
[21:37:38] [Client thread/TRACE] [FML/]: Recursing into package buildings.industrial
[21:37:38] [Client thread/TRACE] [FML/]: Recursing into package buildings.other
[21:37:38] [Client thread/TRACE] [FML/]: Recursing into package buildings.residential
[21:37:38] [Client thread/INFO] [FML/]: Forge Mod Loader has identified 4 mods to load
[21:37:38] [Client thread/DEBUG] [FML/]: Found API com.trhsy.sim.api.buildcraft.api.transport (owned by BuildCraftAPI|core providing BuildCraftAPI|transport) embedded in sim
[21:37:38] [Client thread/DEBUG] [FML/]: Found API com.trhsy.sim.api.buildcraft.api.items (owned by BuildCraftAPI|core providing BuildCraftAPI|items) embedded in sim
[21:37:38] [Client thread/DEBUG] [FML/]: Found API com.trhsy.sim.api.buildcraft.api.library (owned by BuildCraftAPI|core providing BuildCraftAPI|library) embedded in sim
[21:37:38] [Client thread/DEBUG] [FML/]: Found API com.trhsy.sim.api.buildcraft.api.fuels (owned by BuildCraftAPI|core providing BuildCraftAPI|fuels) embedded in sim
[21:37:38] [Client thread/DEBUG] [FML/]: Found API blocks (owned by BuildCraftAPI|core providing BuildCraftAPI|blocks) embedded in sim
[21:37:38] [Client thread/DEBUG] [FML/]: Found API com.trhsy.sim.api.buildcraft.api.lists (owned by BuildCraftAPI|core providing BuildCraftAPI|lists) embedded in sim
[21:37:38] [Client thread/DEBUG] [FML/]: Found API com.trhsy.sim.api.buildcraft.api.statements (owned by BuildCraftAPI|core providing BuildCraftAPI|statements) embedded in sim
[21:37:38] [Client thread/DEBUG] [FML/]: Found API com.trhsy.sim.api.buildcraft.api.power (owned by BuildCraftAPI|core providing BuildCraftAPI|power) embedded in sim
[21:37:38] [Client thread/DEBUG] [FML/]: Found API com.trhsy.sim.api.cofh.api.energy (owned by CoFHAPI providing CoFHAPI|energy) embedded in sim
[21:37:38] [Client thread/DEBUG] [FML/]: Found API com.trhsy.sim.api.buildcraft.api.core (owned by BuildCraft|Core providing BuildCraftAPI|core) embedded in sim
[21:37:38] [Client thread/DEBUG] [FML/]: Found API com.trhsy.sim.api.buildcraft.api.tablet (owned by BuildCraftAPI|core providing BuildCraftAPI|tablet) embedded in sim
[21:37:38] [Client thread/DEBUG] [FML/]: Found API com.trhsy.sim.api.buildcraft.api.events (owned by BuildCraftAPI|core providing BuildCraftAPI|events) embedded in sim
[21:37:38] [Client thread/DEBUG] [FML/]: Found API com.trhsy.sim.api.buildcraft.api.blueprints (owned by BuildCraftAPI|core providing BuildCraftAPI|blueprints) embedded in sim
[21:37:38] [Client thread/DEBUG] [FML/]: Found API com.trhsy.sim.api.buildcraft.api.tools (owned by BuildCraftAPI|core providing BuildCraftAPI|tools) embedded in sim
[21:37:38] [Client thread/DEBUG] [FML/]: Found API com.trhsy.sim.api.buildcraft.api.facades (owned by BuildCraftAPI|core providing BuildCraftAPI|facades) embedded in sim
[21:37:38] [Client thread/DEBUG] [FML/]: Found API com.trhsy.sim.api.buildcraft.api.robots (owned by BuildCraftAPI|core providing BuildCraftAPI|robotics) embedded in sim
[21:37:38] [Client thread/DEBUG] [FML/]: Found API com.trhsy.sim.api.buildcraft.api.recipes (owned by BuildCraftAPI|core providing BuildCraftAPI|recipes) embedded in sim
[21:37:38] [Client thread/DEBUG] [FML/]: Found API com.trhsy.sim.api.buildcraft.api.boards (owned by BuildCraftAPI|core providing BuildCraftAPI|boards) embedded in sim
[21:37:38] [Client thread/DEBUG] [FML/]: Found API com.trhsy.sim.api.buildcraft.api.filler (owned by BuildCraftAPI|core providing BuildCraftAPI|filler) embedded in sim
[21:37:38] [Client thread/DEBUG] [FML/]: Found API com.trhsy.sim.api.buildcraft.api.crops (owned by BuildCraftAPI|Core providing BuildCraftAPI|crops) embedded in sim
[21:37:38] [Client thread/DEBUG] [FML/]: Found API com.trhsy.sim.api.buildcraft.api.gates (owned by BuildCraftAPI|core providing BuildCraftAPI|gates) embedded in sim
[21:37:38] [Client thread/DEBUG] [FML/]: Found API com.trhsy.sim.api.buildcraft.api.tiles (owned by BuildCraftAPI|core providing BuildCraftAPI|tiles) embedded in sim
[21:37:38] [Client thread/TRACE] [FML/]: Removing upstream parent BuildCraft|Core from APIContainer{BuildCraftAPI|tiles:1.2}
[21:37:38] [Client thread/DEBUG] [FML/]: Creating API container dummy for API BuildCraftAPI|tiles: owner: BuildCraftAPI|core, dependents: [sim]
[21:37:38] [Client thread/TRACE] [FML/]: Removing upstream parent BuildCraft|Core from APIContainer{BuildCraftAPI|lists:1.0}
[21:37:38] [Client thread/DEBUG] [FML/]: Creating API container dummy for API BuildCraftAPI|lists: owner: BuildCraftAPI|core, dependents: [sim]
[21:37:38] [Client thread/TRACE] [FML/]: Removing upstream parent BuildCraft|Core from APIContainer{BuildCraftAPI|gates:4.1}
[21:37:38] [Client thread/DEBUG] [FML/]: Creating API container dummy for API BuildCraftAPI|gates: owner: BuildCraftAPI|core, dependents: [sim]
[21:37:38] [Client thread/DEBUG] [FML/]: Creating API container dummy for API CoFHAPI|energy: owner: CoFHAPI, dependents: [sim]
[21:37:38] [Client thread/TRACE] [FML/]: Removing upstream parent BuildCraft|Core from APIContainer{BuildCraftAPI|transport:4.1}
[21:37:38] [Client thread/DEBUG] [FML/]: Creating API container dummy for API BuildCraftAPI|transport: owner: BuildCraftAPI|core, dependents: [sim]
[21:37:38] [Client thread/TRACE] [FML/]: Removing upstream parent BuildCraft|Core from APIContainer{BuildCraftAPI|statements:1.1}
[21:37:38] [Client thread/DEBUG] [FML/]: Creating API container dummy for API BuildCraftAPI|statements: owner: BuildCraftAPI|core, dependents: [sim]
[21:37:38] [Client thread/DEBUG] [FML/]: Creating API container dummy for API BuildCraftAPI|crops: owner: BuildCraftAPI|Core, dependents: [sim]
[21:37:38] [Client thread/TRACE] [FML/]: Removing upstream parent BuildCraft|Core from APIContainer{BuildCraftAPI|power:1.3}
[21:37:38] [Client thread/DEBUG] [FML/]: Creating API container dummy for API BuildCraftAPI|power: owner: BuildCraftAPI|core, dependents: [sim]
[21:37:38] [Client thread/TRACE] [FML/]: Removing upstream parent BuildCraft|Core from APIContainer{BuildCraftAPI|blocks:1.0}
[21:37:38] [Client thread/DEBUG] [FML/]: Creating API container dummy for API BuildCraftAPI|blocks: owner: BuildCraftAPI|core, dependents: [sim]
[21:37:38] [Client thread/TRACE] [FML/]: Removing upstream parent BuildCraft|Core from APIContainer{BuildCraftAPI|facades:1.1}
[21:37:38] [Client thread/DEBUG] [FML/]: Creating API container dummy for API BuildCraftAPI|facades: owner: BuildCraftAPI|core, dependents: [sim]
[21:37:38] [Client thread/TRACE] [FML/]: Removing upstream parent BuildCraft|Core from APIContainer{BuildCraftAPI|tablet:1.0}
[21:37:38] [Client thread/DEBUG] [FML/]: Creating API container dummy for API BuildCraftAPI|tablet: owner: BuildCraftAPI|core, dependents: [sim]
[21:37:38] [Client thread/TRACE] [FML/]: Removing upstream parent BuildCraft|Core from APIContainer{BuildCraftAPI|tools:1.0}
[21:37:38] [Client thread/DEBUG] [FML/]: Creating API container dummy for API BuildCraftAPI|tools: owner: BuildCraftAPI|core, dependents: [sim]
[21:37:38] [Client thread/TRACE] [FML/]: Removing upstream parent BuildCraft|Core from APIContainer{BuildCraftAPI|events:2.0}
[21:37:38] [Client thread/DEBUG] [FML/]: Creating API container dummy for API BuildCraftAPI|events: owner: BuildCraftAPI|core, dependents: [sim]
[21:37:38] [Client thread/TRACE] [FML/]: Removing upstream parent BuildCraft|Core from APIContainer{BuildCraftAPI|items:1.1}
[21:37:38] [Client thread/DEBUG] [FML/]: Creating API container dummy for API BuildCraftAPI|items: owner: BuildCraftAPI|core, dependents: [sim]
[21:37:38] [Client thread/TRACE] [FML/]: Removing upstream parent BuildCraft|Core from APIContainer{BuildCraftAPI|library:2.0}
[21:37:38] [Client thread/DEBUG] [FML/]: Creating API container dummy for API BuildCraftAPI|library: owner: BuildCraftAPI|core, dependents: [sim]
[21:37:38] [Client thread/TRACE] [FML/]: Removing upstream parent BuildCraft|Core from APIContainer{BuildCraftAPI|blueprints:1.5}
[21:37:38] [Client thread/DEBUG] [FML/]: Creating API container dummy for API BuildCraftAPI|blueprints: owner: BuildCraftAPI|core, dependents: [sim]
[21:37:38] [Client thread/TRACE] [FML/]: Removing upstream parent BuildCraft|Core from APIContainer{BuildCraftAPI|fuels:2.0}
[21:37:38] [Client thread/DEBUG] [FML/]: Creating API container dummy for API BuildCraftAPI|fuels: owner: BuildCraftAPI|core, dependents: [sim]
[21:37:38] [Client thread/TRACE] [FML/]: Removing upstream parent BuildCraft|Core from APIContainer{BuildCraftAPI|filler:4.0}
[21:37:38] [Client thread/DEBUG] [FML/]: Creating API container dummy for API BuildCraftAPI|filler: owner: BuildCraftAPI|core, dependents: [sim]
[21:37:38] [Client thread/TRACE] [FML/]: Removing upstream parent BuildCraft|Core from APIContainer{BuildCraftAPI|boards:2.0}
[21:37:38] [Client thread/DEBUG] [FML/]: Creating API container dummy for API BuildCraftAPI|boards: owner: BuildCraftAPI|core, dependents: [sim]
[21:37:38] [Client thread/TRACE] [FML/]: Removing upstream parent BuildCraft|Core from APIContainer{BuildCraftAPI|recipes:3.1}
[21:37:38] [Client thread/DEBUG] [FML/]: Creating API container dummy for API BuildCraftAPI|recipes: owner: BuildCraftAPI|core, dependents: [sim]
[21:37:38] [Client thread/DEBUG] [FML/]: Creating API container dummy for API BuildCraftAPI|core: owner: BuildCraft|Core, dependents: [sim]
[21:37:38] [Client thread/TRACE] [FML/]: Removing upstream parent BuildCraft|Core from APIContainer{BuildCraftAPI|robotics:3.0}
[21:37:38] [Client thread/DEBUG] [FML/]: Creating API container dummy for API BuildCraftAPI|robotics: owner: BuildCraftAPI|core, dependents: [sim]
[21:37:38] [Client thread/TRACE] [FML/]: Received a system property request ''
[21:37:38] [Client thread/TRACE] [FML/]: System property request managing the state of 0 mods
[21:37:38] [Client thread/DEBUG] [FML/]: After merging, found state information for 0 mods
[21:37:38] [Client thread/DEBUG] [FML/]: Found translations in forgeSrc-1.7.10-10.13.4.1614-1.7.10.jar [en_US, af_ZA, ar_SA, br_FR, ca_ES, cs_CZ, da_DK, de_DE, el_GR, en_US, es_ES, fa_IR, fi_FI, fr_FR, he_IL, hu_HU, it_IT, ja_JP, ko_KR, lt_LT, nb_NO, nl_NL, nn_NO, no_NO, pl_PL, pt_BR, pt_PT, ro_RO, ru_RU, sl_SI, sr_SP, sv_SE, tr_TR, uk_UA, vi_VN, zh_CN, zh_TW, en_US]
[21:37:38] [Client thread/DEBUG] [FML/]: Found translations in forgeSrc-1.7.10-10.13.4.1614-1.7.10.jar [en_US, af_ZA, ar_SA, br_FR, ca_ES, cs_CZ, da_DK, de_DE, el_GR, en_US, es_ES, fa_IR, fi_FI, fr_FR, he_IL, hu_HU, it_IT, ja_JP, ko_KR, lt_LT, nb_NO, nl_NL, nn_NO, no_NO, pl_PL, pt_BR, pt_PT, ro_RO, ru_RU, sl_SI, sr_SP, sv_SE, tr_TR, uk_UA, vi_VN, zh_CN, zh_TW, en_US]
[21:37:38] [Client thread/DEBUG] [sim/]: Enabling mod sim
[21:37:38] [Client thread/TRACE] [FML/]: Verifying mod requirements are satisfied
[21:37:38] [Client thread/TRACE] [FML/]: All mod requirements are satisfied
[21:37:38] [Client thread/TRACE] [FML/]: Sorting mods into an ordered list
[21:37:38] [Client thread/TRACE] [FML/]: Mod sorting completed successfully
[21:37:38] [Client thread/DEBUG] [FML/]: Mod sorting data
[21:37:38] [Client thread/DEBUG] [FML/]: 	BuildCraftAPI|core(API: BuildCraftAPI|core:2.0): main ()
[21:37:38] [Client thread/DEBUG] [FML/]: 	BuildCraftAPI|tiles(API: BuildCraftAPI|tiles:1.2): main ()
[21:37:38] [Client thread/DEBUG] [FML/]: 	BuildCraftAPI|lists(API: BuildCraftAPI|lists:1.0): main ()
[21:37:38] [Client thread/DEBUG] [FML/]: 	BuildCraftAPI|gates(API: BuildCraftAPI|gates:4.1): main ()
[21:37:38] [Client thread/DEBUG] [FML/]: 	CoFHAPI|energy(API: CoFHAPI|energy:1.7.10R1.3.1): main ()
[21:37:38] [Client thread/DEBUG] [FML/]: 	BuildCraftAPI|transport(API: BuildCraftAPI|transport:4.1): main ()
[21:37:38] [Client thread/DEBUG] [FML/]: 	BuildCraftAPI|statements(API: BuildCraftAPI|statements:1.1): main ()
[21:37:38] [Client thread/DEBUG] [FML/]: 	BuildCraftAPI|crops(API: BuildCraftAPI|crops:1.1): main ()
[21:37:38] [Client thread/DEBUG] [FML/]: 	BuildCraftAPI|power(API: BuildCraftAPI|power:1.3): main ()
[21:37:38] [Client thread/DEBUG] [FML/]: 	BuildCraftAPI|blocks(API: BuildCraftAPI|blocks:1.0): main ()
[21:37:38] [Client thread/DEBUG] [FML/]: 	BuildCraftAPI|facades(API: BuildCraftAPI|facades:1.1): main ()
[21:37:38] [Client thread/DEBUG] [FML/]: 	BuildCraftAPI|tablet(API: BuildCraftAPI|tablet:1.0): main ()
[21:37:38] [Client thread/DEBUG] [FML/]: 	BuildCraftAPI|tools(API: BuildCraftAPI|tools:1.0): main ()
[21:37:38] [Client thread/DEBUG] [FML/]: 	BuildCraftAPI|events(API: BuildCraftAPI|events:2.0): main ()
[21:37:38] [Client thread/DEBUG] [FML/]: 	BuildCraftAPI|items(API: BuildCraftAPI|items:1.1): main ()
[21:37:38] [Client thread/DEBUG] [FML/]: 	BuildCraftAPI|library(API: BuildCraftAPI|library:2.0): main ()
[21:37:38] [Client thread/DEBUG] [FML/]: 	BuildCraftAPI|blueprints(API: BuildCraftAPI|blueprints:1.5): main ()
[21:37:38] [Client thread/DEBUG] [FML/]: 	BuildCraftAPI|fuels(API: BuildCraftAPI|fuels:2.0): main ()
[21:37:38] [Client thread/DEBUG] [FML/]: 	BuildCraftAPI|filler(API: BuildCraftAPI|filler:4.0): main ()
[21:37:38] [Client thread/DEBUG] [FML/]: 	BuildCraftAPI|boards(API: BuildCraftAPI|boards:2.0): main ()
[21:37:38] [Client thread/DEBUG] [FML/]: 	BuildCraftAPI|recipes(API: BuildCraftAPI|recipes:3.1): main ()
[21:37:38] [Client thread/DEBUG] [FML/]: 	BuildCraftAPI|robotics(API: BuildCraftAPI|robotics:3.0): main ()
[21:37:38] [Client thread/DEBUG] [FML/]: 	sim(Simulated town:1.1.0 Beta): main (required-after:Forge@[9.10,))
[21:37:38] [Client thread/TRACE] [mcp/mcp]: Sending event FMLConstructionEvent to mod mcp
[21:37:38] [Client thread/TRACE] [mcp/mcp]: Sent event FMLConstructionEvent to mod mcp
[21:37:38] [Client thread/DEBUG] [FML/]: Bar Step: Construction - Minecraft Coder Pack took 0.008s
[21:37:38] [Client thread/TRACE] [FML/FML]: Sending event FMLConstructionEvent to mod FML
[21:37:38] [Client thread/TRACE] [FML/FML]: Mod FML is using network checker : Invoking method checkModLists
[21:37:38] [Client thread/TRACE] [FML/FML]: Testing mod FML to verify it accepts its own version in a remote connection
[21:37:38] [Client thread/TRACE] [FML/FML]: The mod FML accepts its own version (7.10.99.99)
[21:37:38] [Client thread/INFO] [FML/FML]: Attempting connection with missing mods [mcp, FML, Forge, sim] at CLIENT
[21:37:38] [Client thread/INFO] [FML/FML]: Attempting connection with missing mods [mcp, FML, Forge, sim] at SERVER
[21:37:38] [Client thread/TRACE] [FML/FML]: Sent event FMLConstructionEvent to mod FML
[21:37:38] [Client thread/DEBUG] [FML/]: Bar Step: Construction - Forge Mod Loader took 0.606s
[21:37:38] [Client thread/TRACE] [Forge/Forge]: Sending event FMLConstructionEvent to mod Forge
[21:37:38] [Client thread/TRACE] [FML/Forge]: Mod Forge is using network checker : No network checking performed
[21:37:38] [Client thread/TRACE] [FML/Forge]: Testing mod Forge to verify it accepts its own version in a remote connection
[21:37:38] [Client thread/TRACE] [FML/Forge]: The mod Forge accepts its own version (10.13.4.1614)
[21:37:38] [Client thread/TRACE] [Forge/Forge]: Sent event FMLConstructionEvent to mod Forge
[21:37:38] [Client thread/DEBUG] [FML/]: Bar Step: Construction - Minecraft Forge took 0.012s
[21:37:38] [Client thread/TRACE] [sim/sim]: Sending event FMLConstructionEvent to mod sim
[21:37:38] [Client thread/TRACE] [FML/sim]: Mod sim is using network checker : Accepting version 1.1.0 Beta
[21:37:38] [Client thread/TRACE] [FML/sim]: Testing mod sim to verify it accepts its own version in a remote connection
[21:37:38] [Client thread/TRACE] [FML/sim]: The mod sim accepts its own version (1.1.0 Beta)
[21:37:38] [Client thread/DEBUG] [FML/sim]: Attempting to inject @SidedProxy classes into sim
[21:37:38] [Client thread/TRACE] [sim/sim]: Sent event FMLConstructionEvent to mod sim
[21:37:38] [Client thread/DEBUG] [FML/]: Bar Step: Construction - Simulated town took 0.055s
[21:37:38] [Client thread/DEBUG] [FML/]: Bar Finished: Construction took 0.680s
[21:37:38] [Client thread/DEBUG] [FML/]: Mod signature data
[21:37:38] [Client thread/DEBUG] [FML/]:  	Valid Signatures:
[21:37:38] [Client thread/DEBUG] [FML/]:  	Missing Signatures:
[21:37:38] [Client thread/DEBUG] [FML/]: 		mcp	(Minecraft Coder Pack	9.05)	minecraft.jar
[21:37:38] [Client thread/DEBUG] [FML/]: 		FML	(Forge Mod Loader	7.10.99.99)	forgeSrc-1.7.10-10.13.4.1614-1.7.10.jar
[21:37:38] [Client thread/DEBUG] [FML/]: 		Forge	(Minecraft Forge	10.13.4.1614)	forgeSrc-1.7.10-10.13.4.1614-1.7.10.jar
[21:37:38] [Client thread/DEBUG] [FML/]: 		sim	(Simulated town	1.1.0 Beta)	main
[21:37:38] [Client thread/DEBUG] [FML/]: Bar Step: Loading Resources - Default took 0.005s
[21:37:38] [Client thread/DEBUG] [FML/]: Bar Step: Loading Resources - FMLFileResourcePack:Forge Mod Loader took 0.004s
[21:37:38] [Client thread/DEBUG] [FML/]: Bar Step: Loading Resources - FMLFileResourcePack:Minecraft Forge took 0.003s
[21:37:38] [Client thread/DEBUG] [FML/]: Bar Step: Loading Resources - FMLFileResourcePack:Simulated town took 0.001s
[21:37:39] [Client thread/DEBUG] [FML/]: Bar Finished: Reloading - LanguageManager took 0.025s
[21:37:39] [Client thread/DEBUG] [FML/]: Bar Step: Loading Resources - Reloading listeners took 0.026s
[21:37:39] [Client thread/DEBUG] [FML/]: Bar Finished: Loading Resources took 0.039s
[21:37:39] [Client thread/DEBUG] [Forge Mod Loader/]: Mod Forge Mod Loader is missing a pack.mcmeta file, substituting a dummy one
[21:37:39] [Client thread/DEBUG] [Minecraft Forge/]: Mod Minecraft Forge is missing a pack.mcmeta file, substituting a dummy one
[21:37:39] [Client thread/DEBUG] [Simulated town/]: Mod Simulated town is missing a pack.mcmeta file, substituting a dummy one
[21:37:39] [Client thread/INFO] [FML/]: Processing ObjectHolder annotations
[21:37:39] [Client thread/INFO] [FML/]: Found 341 ObjectHolder annotations
[21:37:39] [Client thread/INFO] [FML/]: Identifying ItemStackHolder annotations
[21:37:39] [Client thread/INFO] [FML/]: Found 0 ItemStackHolder annotations
[21:37:39] [Client thread/TRACE] [mcp/mcp]: Sending event FMLPreInitializationEvent to mod mcp
[21:37:39] [Client thread/TRACE] [mcp/mcp]: Sent event FMLPreInitializationEvent to mod mcp
[21:37:39] [Client thread/DEBUG] [FML/]: Bar Step: PreInitialization - Minecraft Coder Pack took 0.000s
[21:37:39] [Client thread/TRACE] [FML/FML]: Sending event FMLPreInitializationEvent to mod FML
[21:37:39] [Client thread/TRACE] [FML/FML]: Sent event FMLPreInitializationEvent to mod FML
[21:37:39] [Client thread/DEBUG] [FML/]: Bar Step: PreInitialization - Forge Mod Loader took 0.000s
[21:37:39] [Client thread/TRACE] [Forge/Forge]: Sending event FMLPreInitializationEvent to mod Forge
[21:37:39] [Client thread/INFO] [FML/Forge]: Configured a dormant chunk cache size of 0
[21:37:39] [Client thread/TRACE] [Forge/Forge]: Sent event FMLPreInitializationEvent to mod Forge
[21:37:39] [Client thread/DEBUG] [FML/]: Bar Step: PreInitialization - Minecraft Forge took 0.040s
[21:37:39] [Client thread/TRACE] [sim/sim]: Sending event FMLPreInitializationEvent to mod sim
[21:37:39] [Client thread/INFO] [sim/sim]: 开始加载配置... 
[21:37:39] [Client thread/INFO] [sim/sim]: 已完成加载配置... 
[21:37:39] [Client thread/DEBUG] [FML/sim]: Skipping automatic mod sim entity registration for already registered class com.trhsy.sim.common.entity.EntityAlignBeam
[21:37:39] [Client thread/DEBUG] [FML/sim]: Skipping automatic mod sim entity registration for already registered class com.trhsy.sim.common.entity.EntityFolk
[21:37:39] [Client thread/DEBUG] [FML/sim]: Skipping automatic mod sim entity registration for already registered class com.trhsy.sim.common.entity.EntityConBox
[21:37:39] [Client thread/DEBUG] [FML/sim]: Skipping automatic mod sim entity registration for already registered class com.trhsy.sim.common.entity.EntityWindmill
[21:37:39] [Client thread/TRACE] [sim/sim]: Sent event FMLPreInitializationEvent to mod sim
[21:37:39] [Client thread/DEBUG] [FML/]: Bar Step: PreInitialization - Simulated town took 0.172s
[21:37:39] [Client thread/DEBUG] [FML/]: Bar Finished: PreInitialization took 0.213s
[21:37:39] [Client thread/INFO] [FML/]: Applying holder lookups
[21:37:39] [Client thread/INFO] [FML/]: Holder lookups applied
[21:37:39] [Client thread/INFO] [FML/]: Injecting itemstacks
[21:37:39] [Client thread/INFO] [FML/]: Itemstack injection complete
[21:37:39] [Client thread/DEBUG] [FML/]: Bar Finished: Loading Resource - TextureManager took 0.000s
[21:37:39] [Sound Library Loader/INFO] [STDOUT/]: [paulscode.sound.SoundSystemLogger:message:69]: 
[21:37:39] [Sound Library Loader/INFO] [STDOUT/]: [paulscode.sound.SoundSystemLogger:message:69]: Starting up SoundSystem...
[21:37:39] [Thread-8/INFO] [STDOUT/]: [paulscode.sound.SoundSystemLogger:message:69]: Initializing LWJGL OpenAL
[21:37:39] [Thread-8/INFO] [STDOUT/]: [paulscode.sound.SoundSystemLogger:message:69]:     (The LWJGL binding of OpenAL.  For more information, see http://www.lwjgl.org)
[21:37:39] [Forge Version Check/INFO] [STDERR/Forge]: [java.lang.Throwable$WrappedPrintStream:println:748]: com.google.gson.JsonSyntaxException: java.lang.IllegalStateException: Expected BEGIN_OBJECT but was STRING at line 1 column 1
[21:37:39] [Forge Version Check/INFO] [STDERR/Forge]: [java.lang.Throwable$WrappedPrintStream:println:748]: 	at com.google.gson.Gson.fromJson(Gson.java:815)
[21:37:39] [Forge Version Check/INFO] [STDERR/Forge]: [java.lang.Throwable$WrappedPrintStream:println:748]: 	at com.google.gson.Gson.fromJson(Gson.java:768)
[21:37:39] [Forge Version Check/INFO] [STDERR/Forge]: [java.lang.Throwable$WrappedPrintStream:println:748]: 	at com.google.gson.Gson.fromJson(Gson.java:717)
[21:37:39] [Forge Version Check/INFO] [STDERR/Forge]: [java.lang.Throwable$WrappedPrintStream:println:748]: 	at com.google.gson.Gson.fromJson(Gson.java:689)
[21:37:39] [Forge Version Check/INFO] [STDERR/Forge]: [java.lang.Throwable$WrappedPrintStream:println:748]: 	at net.minecraftforge.common.ForgeVersion$1.run(ForgeVersion.java:94)
[21:37:39] [Forge Version Check/INFO] [STDERR/Forge]: [java.lang.Throwable$WrappedPrintStream:println:748]: Caused by: java.lang.IllegalStateException: Expected BEGIN_OBJECT but was STRING at line 1 column 1
[21:37:39] [Forge Version Check/INFO] [STDERR/Forge]: [java.lang.Throwable$WrappedPrintStream:println:748]: 	at com.google.gson.stream.JsonReader.beginObject(JsonReader.java:374)
[21:37:39] [Forge Version Check/INFO] [STDERR/Forge]: [java.lang.Throwable$WrappedPrintStream:println:748]: 	at com.google.gson.internal.bind.MapTypeAdapterFactory$Adapter.read(MapTypeAdapterFactory.java:183)
[21:37:39] [Forge Version Check/INFO] [STDERR/Forge]: [java.lang.Throwable$WrappedPrintStream:println:748]: 	at com.google.gson.internal.bind.MapTypeAdapterFactory$Adapter.read(MapTypeAdapterFactory.java:145)
[21:37:39] [Forge Version Check/INFO] [STDERR/Forge]: [java.lang.Throwable$WrappedPrintStream:println:748]: 	at com.google.gson.Gson.fromJson(Gson.java:803)
[21:37:39] [Forge Version Check/INFO] [STDERR/Forge]: [java.lang.Throwable$WrappedPrintStream:println:748]: 	... 4 more
[21:37:39] [Thread-8/INFO] [STDOUT/]: [paulscode.sound.SoundSystemLogger:message:69]: OpenAL initialized.
[21:37:39] [Sound Library Loader/INFO] [STDOUT/]: [paulscode.sound.SoundSystemLogger:message:69]: 
[21:37:40] [Client thread/DEBUG] [FML/]: Bar Finished: Loading Resource - SoundHandler took 1.185s
[21:37:40] [Client thread/DEBUG] [FML/]: Bar Finished: Loading Resource - FontRenderer took 0.002s
[21:37:40] [Client thread/DEBUG] [FML/]: Bar Finished: Loading Resource - FontRenderer took 0.002s
[21:37:40] [Client thread/DEBUG] [FML/]: Bar Finished: Loading Resource - GrassColorReloadListener took 0.005s
[21:37:40] [Client thread/DEBUG] [FML/]: Bar Finished: Loading Resource - FoliageColorReloadListener took 0.006s
[21:37:40] [Client thread/DEBUG] [FML/]: Bar Step: Rendering Setup - Loading Render Manager took 0.166s
[21:37:40] [Client thread/DEBUG] [FML/]: Bar Finished: Loading Resource - EntityRenderer took 0.000s
[21:37:40] [Client thread/DEBUG] [FML/]: Bar Step: Rendering Setup - Loading Entity Renderer took 0.025s
[21:37:40] [Client thread/DEBUG] [FML/]: Bar Step: Rendering Setup - Loading GL properties took 0.002s
[21:37:40] [Client thread/DEBUG] [FML/]: Bar Step: Rendering Setup - Render Global instance took 0.061s
[21:37:40] [Client thread/DEBUG] [FML/]: Bar Step: Rendering Setup - Building Blocks Texture took 0.015s
[21:37:40] [Client thread/DEBUG] [FML/]: Bar Step: Rendering Setup - Anisotropy and Mipmaps took 0.000s
[21:37:40] [Client thread/DEBUG] [FML/]: Bar Finished: Texture stitching - missingno took 0.001s
[21:37:40] [Client thread/DEBUG] [FML/]: Bar Finished: Texture creation took 0.003s
[21:37:40] [Client thread/DEBUG] [FML/]: Bar Step: Rendering Setup - Loading Blocks Texture took 0.010s
[21:37:40] [Client thread/DEBUG] [FML/]: Bar Finished: Texture stitching - missingno took 0.000s
[21:37:40] [Client thread/DEBUG] [FML/]: Bar Finished: Texture creation took 0.001s
[21:37:40] [Client thread/DEBUG] [FML/]: Bar Step: Rendering Setup - Loading Items Texture took 0.005s
[21:37:40] [Client thread/DEBUG] [FML/]: Bar Step: Rendering Setup - Viewport took 0.003s
[21:37:40] [Client thread/DEBUG] [FML/]: Bar Finished: Rendering Setup took 0.287s
[21:37:40] [Client thread/TRACE] [mcp/mcp]: Sending event FMLInitializationEvent to mod mcp
[21:37:40] [Client thread/TRACE] [mcp/mcp]: Sent event FMLInitializationEvent to mod mcp
[21:37:40] [Client thread/DEBUG] [FML/]: Bar Step: Initialization - Minecraft Coder Pack took 0.000s
[21:37:40] [Client thread/TRACE] [FML/FML]: Sending event FMLInitializationEvent to mod FML
[21:37:40] [Client thread/TRACE] [FML/FML]: Sent event FMLInitializationEvent to mod FML
[21:37:40] [Client thread/DEBUG] [FML/]: Bar Step: Initialization - Forge Mod Loader took 0.000s
[21:37:40] [Client thread/TRACE] [Forge/Forge]: Sending event FMLInitializationEvent to mod Forge
[21:37:40] [Client thread/TRACE] [Forge/Forge]: Sent event FMLInitializationEvent to mod Forge
[21:37:40] [Client thread/DEBUG] [FML/]: Bar Step: Initialization - Minecraft Forge took 0.000s
[21:37:40] [Client thread/TRACE] [sim/sim]: Sending event FMLInitializationEvent to mod sim
[21:37:40] [Client thread/TRACE] [sim/sim]: Sent event FMLInitializationEvent to mod sim
[21:37:40] [Client thread/DEBUG] [FML/]: Bar Step: Initialization - Simulated town took 0.004s
[21:37:40] [Client thread/DEBUG] [FML/]: Bar Finished: Initialization took 0.005s
[21:37:40] [Client thread/TRACE] [FML/]: Attempting to deliver 0 IMC messages to mod mcp
[21:37:40] [Client thread/TRACE] [mcp/mcp]: Sending event IMCEvent to mod mcp
[21:37:40] [Client thread/TRACE] [mcp/mcp]: Sent event IMCEvent to mod mcp
[21:37:40] [Client thread/DEBUG] [FML/]: Bar Step: InterModComms$IMC - Minecraft Coder Pack took 0.003s
[21:37:40] [Client thread/TRACE] [FML/]: Attempting to deliver 0 IMC messages to mod FML
[21:37:40] [Client thread/TRACE] [FML/FML]: Sending event IMCEvent to mod FML
[21:37:40] [Client thread/TRACE] [FML/FML]: Sent event IMCEvent to mod FML
[21:37:40] [Client thread/DEBUG] [FML/]: Bar Step: InterModComms$IMC - Forge Mod Loader took 0.000s
[21:37:40] [Client thread/TRACE] [FML/]: Attempting to deliver 0 IMC messages to mod Forge
[21:37:40] [Client thread/TRACE] [Forge/Forge]: Sending event IMCEvent to mod Forge
[21:37:40] [Client thread/TRACE] [Forge/Forge]: Sent event IMCEvent to mod Forge
[21:37:40] [Client thread/DEBUG] [FML/]: Bar Step: InterModComms$IMC - Minecraft Forge took 0.000s
[21:37:40] [Client thread/TRACE] [FML/]: Attempting to deliver 0 IMC messages to mod sim
[21:37:40] [Client thread/TRACE] [sim/sim]: Sending event IMCEvent to mod sim
[21:37:40] [Client thread/TRACE] [sim/sim]: Sent event IMCEvent to mod sim
[21:37:40] [Client thread/DEBUG] [FML/]: Bar Step: InterModComms$IMC - Simulated town took 0.000s
[21:37:40] [Client thread/DEBUG] [FML/]: Bar Finished: InterModComms$IMC took 0.004s
[21:37:40] [Client thread/INFO] [FML/]: Injecting itemstacks
[21:37:40] [Client thread/INFO] [FML/]: Itemstack injection complete
[21:37:40] [Client thread/TRACE] [mcp/mcp]: Sending event FMLPostInitializationEvent to mod mcp
[21:37:40] [Client thread/TRACE] [mcp/mcp]: Sent event FMLPostInitializationEvent to mod mcp
[21:37:40] [Client thread/DEBUG] [FML/]: Bar Step: PostInitialization - Minecraft Coder Pack took 0.000s
[21:37:40] [Client thread/TRACE] [FML/FML]: Sending event FMLPostInitializationEvent to mod FML
[21:37:40] [Client thread/TRACE] [FML/FML]: Sent event FMLPostInitializationEvent to mod FML
[21:37:40] [Client thread/DEBUG] [FML/]: Bar Step: PostInitialization - Forge Mod Loader took 0.000s
[21:37:40] [Client thread/TRACE] [Forge/Forge]: Sending event FMLPostInitializationEvent to mod Forge
[21:37:40] [Client thread/TRACE] [Forge/Forge]: Sent event FMLPostInitializationEvent to mod Forge
[21:37:40] [Client thread/DEBUG] [FML/]: Bar Step: PostInitialization - Minecraft Forge took 0.104s
[21:37:40] [Client thread/TRACE] [sim/sim]: Sending event FMLPostInitializationEvent to mod sim
[21:37:40] [Client thread/TRACE] [sim/sim]: Sent event FMLPostInitializationEvent to mod sim
[21:37:40] [Client thread/DEBUG] [FML/]: Bar Step: PostInitialization - Simulated town took 0.000s
[21:37:40] [Client thread/DEBUG] [FML/]: Bar Finished: PostInitialization took 0.105s
[21:37:40] [Client thread/TRACE] [mcp/mcp]: Sending event FMLLoadCompleteEvent to mod mcp
[21:37:40] [Client thread/TRACE] [mcp/mcp]: Sent event FMLLoadCompleteEvent to mod mcp
[21:37:40] [Client thread/DEBUG] [FML/]: Bar Step: LoadComplete - Minecraft Coder Pack took 0.000s
[21:37:40] [Client thread/TRACE] [FML/FML]: Sending event FMLLoadCompleteEvent to mod FML
[21:37:40] [Client thread/TRACE] [FML/FML]: Sent event FMLLoadCompleteEvent to mod FML
[21:37:40] [Client thread/DEBUG] [FML/]: Bar Step: LoadComplete - Forge Mod Loader took 0.000s
[21:37:40] [Client thread/TRACE] [Forge/Forge]: Sending event FMLLoadCompleteEvent to mod Forge
[21:37:40] [Client thread/DEBUG] [FML/Forge]: Forge RecipeSorter Baking:
[21:37:40] [Client thread/DEBUG] [FML/Forge]:   11: RecipeEntry("Before", UNKNOWN, )
[21:37:40] [Client thread/DEBUG] [FML/Forge]:   10: RecipeEntry("minecraft:shaped", SHAPED, net.minecraft.item.crafting.ShapedRecipes) Before: minecraft:shapeless
[21:37:40] [Client thread/DEBUG] [FML/Forge]:   9: RecipeEntry("forge:shapedore", SHAPED, net.minecraftforge.oredict.ShapedOreRecipe) Before: minecraft:shapeless After: minecraft:shaped
[21:37:40] [Client thread/DEBUG] [FML/Forge]:   8: RecipeEntry("minecraft:mapextending", SHAPED, net.minecraft.item.crafting.RecipesMapExtending) Before: minecraft:shapeless After: minecraft:shaped
[21:37:40] [Client thread/DEBUG] [FML/Forge]:   7: RecipeEntry("minecraft:shapeless", SHAPELESS, net.minecraft.item.crafting.ShapelessRecipes) After: minecraft:shaped
[21:37:40] [Client thread/DEBUG] [FML/Forge]:   6: RecipeEntry("forge:shapelessore", SHAPELESS, net.minecraftforge.oredict.ShapelessOreRecipe) After: minecraft:shapeless
[21:37:40] [Client thread/DEBUG] [FML/Forge]:   5: RecipeEntry("minecraft:armordyes", SHAPELESS, net.minecraft.item.crafting.RecipesArmorDyes) After: minecraft:shapeless
[21:37:40] [Client thread/DEBUG] [FML/Forge]:   4: RecipeEntry("minecraft:fireworks", SHAPELESS, net.minecraft.item.crafting.RecipeFireworks) After: minecraft:shapeless
[21:37:40] [Client thread/DEBUG] [FML/Forge]:   3: RecipeEntry("minecraft:bookcloning", SHAPELESS, net.minecraft.item.crafting.RecipeBookCloning) After: minecraft:shapeless
[21:37:40] [Client thread/DEBUG] [FML/Forge]:   2: RecipeEntry("minecraft:mapcloning", SHAPELESS, net.minecraft.item.crafting.RecipesMapCloning) After: minecraft:shapeless
[21:37:40] [Client thread/DEBUG] [FML/Forge]:   1: RecipeEntry("After", UNKNOWN, )
[21:37:40] [Client thread/DEBUG] [FML/Forge]: Sorting recipies
[21:37:40] [Client thread/TRACE] [Forge/Forge]: Sent event FMLLoadCompleteEvent to mod Forge
[21:37:40] [Client thread/DEBUG] [FML/]: Bar Step: LoadComplete - Minecraft Forge took 0.008s
[21:37:40] [Client thread/TRACE] [sim/sim]: Sending event FMLLoadCompleteEvent to mod sim
[21:37:40] [Client thread/TRACE] [sim/sim]: Sent event FMLLoadCompleteEvent to mod sim
[21:37:40] [Client thread/DEBUG] [FML/]: Bar Step: LoadComplete - Simulated town took 0.000s
[21:37:40] [Client thread/DEBUG] [FML/]: Bar Finished: LoadComplete took 0.009s
[21:37:40] [Client thread/DEBUG] [FML/]: Freezing block and item id maps
[21:37:40] [Client thread/DEBUG] [FML/]: Registry consistency check successful
[21:37:40] [Client thread/DEBUG] [FML/]: Registry consistency check successful
[21:37:40] [Client thread/INFO] [FML/]: Forge Mod Loader has successfully loaded 4 mods
[21:37:40] [Client thread/DEBUG] [FML/]: Bar Step: Loading Resources - Default took 0.000s
[21:37:40] [Client thread/DEBUG] [FML/]: Bar Step: Loading Resources - FMLFileResourcePack:Forge Mod Loader took 0.003s
[21:37:40] [Client thread/DEBUG] [FML/]: Bar Step: Loading Resources - FMLFileResourcePack:Minecraft Forge took 0.003s
[21:37:40] [Client thread/DEBUG] [FML/]: Bar Step: Loading Resources - FMLFileResourcePack:Simulated town took 0.001s
[21:37:41] [Client thread/DEBUG] [FML/]: Bar Finished: Texture Loading took 0.111s
[21:37:41] [Client thread/DEBUG] [FML/]: Bar Finished: Mipmap generation took 0.107s
[21:37:41] [Client thread/DEBUG] [FML/]: Bar Finished: Texture stitching took 0.012s
[21:37:41] [Client thread/DEBUG] [FML/]: Bar Finished: Texture creation took 0.134s
[21:37:41] [Client thread/DEBUG] [FML/]: Bar Step: Reloading Texture Manager - minecraft:textures/atlas/blocks.png took 0.354s
[21:37:41] [Client thread/DEBUG] [FML/]: Bar Step: Reloading Texture Manager - minecraft:textures/font/ascii.png took 0.003s
[21:37:41] [Client thread/DEBUG] [FML/]: Bar Step: Reloading Texture Manager - minecraft:dynamic/lightMap_1 took 0.000s
[21:37:41] [Client thread/DEBUG] [FML/]: Bar Step: Reloading Texture Manager - minecraft:textures/font/ascii_sga.png took 0.002s
[21:37:41] [Client thread/DEBUG] [FML/]: Bar Finished: Texture Loading took 0.038s
[21:37:41] [Client thread/DEBUG] [FML/]: Bar Finished: Mipmap generation took 0.003s
[21:37:41] [Client thread/DEBUG] [FML/]: Bar Finished: Texture stitching took 0.003s
[21:37:41] [Client thread/DEBUG] [FML/]: Bar Finished: Texture creation took 0.021s
[21:37:41] [Client thread/DEBUG] [FML/]: Bar Step: Reloading Texture Manager - minecraft:textures/atlas/items.png took 0.063s
[21:37:41] [Client thread/DEBUG] [FML/]: Bar Finished: Reloading Texture Manager took 0.422s
[21:37:41] [Client thread/INFO] [STDOUT/]: [paulscode.sound.SoundSystemLogger:message:69]: 
[21:37:41] [Client thread/INFO] [STDOUT/]: [paulscode.sound.SoundSystemLogger:message:69]: SoundSystem shutting down...
[21:37:41] [Client thread/INFO] [STDOUT/]: [paulscode.sound.SoundSystemLogger:importantMessage:90]:     Author: Paul Lamb, www.paulscode.com
[21:37:41] [Client thread/INFO] [STDOUT/]: [paulscode.sound.SoundSystemLogger:message:69]: 
[21:37:41] [Sound Library Loader/INFO] [STDOUT/]: [paulscode.sound.SoundSystemLogger:message:69]: 
[21:37:41] [Sound Library Loader/INFO] [STDOUT/]: [paulscode.sound.SoundSystemLogger:message:69]: Starting up SoundSystem...
[21:37:41] [Thread-10/INFO] [STDOUT/]: [paulscode.sound.SoundSystemLogger:message:69]: Initializing LWJGL OpenAL
[21:37:41] [Thread-10/INFO] [STDOUT/]: [paulscode.sound.SoundSystemLogger:message:69]:     (The LWJGL binding of OpenAL.  For more information, see http://www.lwjgl.org)
[21:37:41] [Thread-10/INFO] [STDOUT/]: [paulscode.sound.SoundSystemLogger:message:69]: OpenAL initialized.
[21:37:42] [Sound Library Loader/INFO] [STDOUT/]: [paulscode.sound.SoundSystemLogger:message:69]: 
[21:37:42] [Client thread/DEBUG] [FML/]: Bar Finished: Reloading took 1.734s
[21:37:42] [Client thread/DEBUG] [FML/]: Bar Step: Loading Resources - Reloading listeners took 1.734s
[21:37:42] [Client thread/DEBUG] [FML/]: Bar Finished: Loading Resources took 1.740s
[21:37:42] [Client thread/DEBUG] [Forge Mod Loader/]: Mod Forge Mod Loader is missing a pack.mcmeta file, substituting a dummy one
[21:37:42] [Client thread/DEBUG] [Minecraft Forge/]: Mod Minecraft Forge is missing a pack.mcmeta file, substituting a dummy one
[21:37:42] [Client thread/DEBUG] [Simulated town/]: Mod Simulated town is missing a pack.mcmeta file, substituting a dummy one
[21:37:42] [Client thread/DEBUG] [FML/]: Bar Finished: Loading took 11.020s
[21:37:42] [Client thread/ERROR] [TEXTURE ERRORS/]: +=+=+=+=+=+=+=+=+=+=+=+=+=+=+=+=+=+=+=+=+=+=+=+=+=
[21:37:42] [Client thread/ERROR] [TEXTURE ERRORS/]: The following texture errors were found.
[21:37:42] [Client thread/ERROR] [TEXTURE ERRORS/]: ==================================================
[21:37:42] [Client thread/ERROR] [TEXTURE ERRORS/]:   DOMAIN sim
[21:37:42] [Client thread/ERROR] [TEXTURE ERRORS/]: --------------------------------------------------
[21:37:42] [Client thread/ERROR] [TEXTURE ERRORS/]:   domain sim is missing 63 textures
[21:37:42] [Client thread/ERROR] [TEXTURE ERRORS/]:     domain sim is missing a resource manager - it is probably a side-effect of automatic texture processing
[21:37:42] [Client thread/ERROR] [TEXTURE ERRORS/]: -------------------------
[21:37:42] [Client thread/ERROR] [TEXTURE ERRORS/]:     The missing resources for domain sim are:
[21:37:42] [Client thread/ERROR] [TEXTURE ERRORS/]:       textures/items/windmill_sails14.png
[21:37:42] [Client thread/ERROR] [TEXTURE ERRORS/]:       textures/items/windmill_vane7.png
[21:37:42] [Client thread/ERROR] [TEXTURE ERRORS/]:       textures/items/windmill_sails5.png
[21:37:42] [Client thread/ERROR] [TEXTURE ERRORS/]:       textures/items/foodCheeseburger.png
[21:37:42] [Client thread/ERROR] [TEXTURE ERRORS/]:       textures/items/foodCheese.png
[21:37:42] [Client thread/ERROR] [TEXTURE ERRORS/]:       textures/items/granules_gold.png
[21:37:42] [Client thread/ERROR] [TEXTURE ERRORS/]:       textures/blocks/constructor_box.png
[21:37:42] [Client thread/ERROR] [TEXTURE ERRORS/]:       textures/items/windmill_sails13.png
[21:37:42] [Client thread/ERROR] [TEXTURE ERRORS/]:       textures/items/windmill_vane8.png
[21:37:42] [Client thread/ERROR] [TEXTURE ERRORS/]:       textures/items/windmill_sails6.png
[21:37:42] [Client thread/ERROR] [TEXTURE ERRORS/]:       textures/blocks/light_block_Purple.png
[21:37:42] [Client thread/ERROR] [TEXTURE ERRORS/]:       textures/items/windmill_vane15.png
[21:37:42] [Client thread/ERROR] [TEXTURE ERRORS/]:       textures/items/windmill_base.png
[21:37:42] [Client thread/ERROR] [TEXTURE ERRORS/]:       textures/blocks/light_block_Red.png
[21:37:42] [Client thread/ERROR] [TEXTURE ERRORS/]:       textures/items/foodBurger.png
[21:37:42] [Client thread/ERROR] [TEXTURE ERRORS/]:       textures/blocks/light_block_Yellow.png
[21:37:42] [Client thread/ERROR] [TEXTURE ERRORS/]:       textures/blocks/composite_brick.png
[21:37:42] [Client thread/ERROR] [TEXTURE ERRORS/]:       textures/items/windmill_vane10.png
[21:37:42] [Client thread/ERROR] [TEXTURE ERRORS/]:       textures/blocks/control_box_ATM.png
[21:37:42] [Client thread/ERROR] [TEXTURE ERRORS/]:       textures/items/windmill_sails2.png
[21:37:42] [Client thread/ERROR] [TEXTURE ERRORS/]:       textures/blocks/mining_box.png
[21:37:42] [Client thread/ERROR] [TEXTURE ERRORS/]:       textures/items/windmill_vane5.png
[21:37:42] [Client thread/ERROR] [TEXTURE ERRORS/]:       textures/blocks/light_block_Green.png
[21:37:42] [Client thread/ERROR] [TEXTURE ERRORS/]:       textures/blocks/marker_bar_block.png
[21:37:42] [Client thread/ERROR] [TEXTURE ERRORS/]:       textures/items/windmill_vane6.png
[21:37:42] [Client thread/ERROR] [TEXTURE ERRORS/]:       textures/items/windmill_sails4.png
[21:37:42] [Client thread/ERROR] [TEXTURE ERRORS/]:       textures/items/windmill_sails15.png
[21:37:42] [Client thread/ERROR] [TEXTURE ERRORS/]:       textures/items/windmill_sails3.png
[21:37:42] [Client thread/ERROR] [TEXTURE ERRORS/]:       textures/blocks/milk_still.png
[21:37:42] [Client thread/ERROR] [TEXTURE ERRORS/]:       textures/items/windmill_vane2.png
[21:37:42] [Client thread/ERROR] [TEXTURE ERRORS/]:       textures/items/windmill_sails0.png
[21:37:42] [Client thread/ERROR] [TEXTURE ERRORS/]:       textures/blocks/farming_box.png
[21:37:42] [Client thread/ERROR] [TEXTURE ERRORS/]:       textures/blocks/control_box_top_other.png
[21:37:42] [Client thread/ERROR] [TEXTURE ERRORS/]:       textures/items/granules_iron.png
[21:37:42] [Client thread/ERROR] [TEXTURE ERRORS/]:       textures/blocks/control_box_side.png
[21:37:42] [Client thread/ERROR] [TEXTURE ERRORS/]:       textures/blocks/milk_flow.png
[21:37:42] [Client thread/ERROR] [TEXTURE ERRORS/]:       textures/items/windmill_vane12.png
[21:37:42] [Client thread/ERROR] [TEXTURE ERRORS/]:       textures/blocks/light_block_Orange.png
[21:37:42] [Client thread/ERROR] [TEXTURE ERRORS/]:       textures/items/windmill_sails10.png
[21:37:42] [Client thread/ERROR] [TEXTURE ERRORS/]:       textures/items/granules_copper.png
[21:37:42] [Client thread/ERROR] [TEXTURE ERRORS/]:       textures/items/windmill_vane3.png
[21:37:42] [Client thread/ERROR] [TEXTURE ERRORS/]:       textures/items/windmill_vane1.png
[21:37:42] [Client thread/ERROR] [TEXTURE ERRORS/]:       textures/items/windmill_vane11.png
[21:37:42] [Client thread/ERROR] [TEXTURE ERRORS/]:       textures/blocks/light_block_Blue.png
[21:37:42] [Client thread/ERROR] [TEXTURE ERRORS/]:       textures/items/windmill_sails9.png
[21:37:42] [Client thread/ERROR] [TEXTURE ERRORS/]:       textures/blocks/light_block_White.png
[21:37:42] [Client thread/ERROR] [TEXTURE ERRORS/]:       textures/items/windmill_vane4.png
[21:37:42] [Client thread/ERROR] [TEXTURE ERRORS/]:       textures/items/windmill_sails1.png
[21:37:42] [Client thread/ERROR] [TEXTURE ERRORS/]:       textures/items/windmill_vane0.png
[21:37:42] [Client thread/ERROR] [TEXTURE ERRORS/]:       textures/blocks/light_block_Rainbow.png
[21:37:42] [Client thread/ERROR] [TEXTURE ERRORS/]:       textures/blocks/cheese_block.png
[21:37:42] [Client thread/ERROR] [TEXTURE ERRORS/]:       textures/items/windmill_sails12.png
[21:37:42] [Client thread/ERROR] [TEXTURE ERRORS/]:       textures/items/granules_tin.png
[21:37:42] [Client thread/ERROR] [TEXTURE ERRORS/]:       textures/items/windmill_vane9.png
[21:37:42] [Client thread/ERROR] [TEXTURE ERRORS/]:       textures/items/windmill_sails7.png
[21:37:42] [Client thread/ERROR] [TEXTURE ERRORS/]:       textures/items/windmill_vane14.png
[21:37:42] [Client thread/ERROR] [TEXTURE ERRORS/]:       textures/blocks/control_box_top.png
[21:37:42] [Client thread/ERROR] [TEXTURE ERRORS/]:       textures/items/windmill_vane13.png
[21:37:42] [Client thread/ERROR] [TEXTURE ERRORS/]:       textures/blocks/block_windmill.png
[21:37:42] [Client thread/ERROR] [TEXTURE ERRORS/]:       textures/items/windmill_sails11.png
[21:37:42] [Client thread/ERROR] [TEXTURE ERRORS/]:       textures/items/windmill_sails8.png
[21:37:42] [Client thread/ERROR] [TEXTURE ERRORS/]:       textures/items/foodFries.png
[21:37:42] [Client thread/ERROR] [TEXTURE ERRORS/]:       textures/blocks/path_constructor.png
[21:37:42] [Client thread/ERROR] [TEXTURE ERRORS/]: -------------------------
[21:37:42] [Client thread/ERROR] [TEXTURE ERRORS/]:     No other errors exist for domain sim
[21:37:42] [Client thread/ERROR] [TEXTURE ERRORS/]: ==================================================
[21:37:42] [Client thread/ERROR] [TEXTURE ERRORS/]: +=+=+=+=+=+=+=+=+=+=+=+=+=+=+=+=+=+=+=+=+=+=+=+=+=
[21:38:17] [Server thread/TRACE] [mcp/mcp]: Sending event FMLServerAboutToStartEvent to mod mcp
[21:38:17] [Server thread/TRACE] [mcp/mcp]: Sent event FMLServerAboutToStartEvent to mod mcp
[21:38:17] [Server thread/DEBUG] [FML/]: Bar Step: ServerAboutToStart - Minecraft Coder Pack took 0.000s
[21:38:17] [Server thread/TRACE] [FML/FML]: Sending event FMLServerAboutToStartEvent to mod FML
[21:38:17] [Server thread/TRACE] [FML/FML]: Sent event FMLServerAboutToStartEvent to mod FML
[21:38:17] [Server thread/DEBUG] [FML/]: Bar Step: ServerAboutToStart - Forge Mod Loader took 0.000s
[21:38:17] [Server thread/TRACE] [Forge/Forge]: Sending event FMLServerAboutToStartEvent to mod Forge
[21:38:17] [Server thread/TRACE] [Forge/Forge]: Sent event FMLServerAboutToStartEvent to mod Forge
[21:38:17] [Server thread/DEBUG] [FML/]: Bar Step: ServerAboutToStart - Minecraft Forge took 0.000s
[21:38:17] [Server thread/TRACE] [sim/sim]: Sending event FMLServerAboutToStartEvent to mod sim
[21:38:17] [Server thread/TRACE] [sim/sim]: Sent event FMLServerAboutToStartEvent to mod sim
[21:38:17] [Server thread/DEBUG] [FML/]: Bar Step: ServerAboutToStart - Simulated town took 0.000s
[21:38:17] [Server thread/DEBUG] [FML/]: Bar Finished: ServerAboutToStart took 0.001s
[21:38:18] [Server thread/INFO] [FML/]: Injecting existing block and item data into this server instance
[21:38:18] [Server thread/DEBUG] [FML/]: Registry consistency check successful
[21:38:18] [Server thread/DEBUG] [FML/]: Registry consistency check successful
[21:38:18] [Server thread/TRACE] [mcp/mcp]: Sending event FMLModIdMappingEvent to mod mcp
[21:38:18] [Server thread/TRACE] [mcp/mcp]: Sent event FMLModIdMappingEvent to mod mcp
[21:38:18] [Server thread/DEBUG] [FML/]: Bar Step: ModIdMapping - Minecraft Coder Pack took 0.001s
[21:38:18] [Server thread/TRACE] [FML/FML]: Sending event FMLModIdMappingEvent to mod FML
[21:38:18] [Server thread/TRACE] [FML/FML]: Sent event FMLModIdMappingEvent to mod FML
[21:38:18] [Server thread/DEBUG] [FML/]: Bar Step: ModIdMapping - Forge Mod Loader took 0.000s
[21:38:18] [Server thread/TRACE] [Forge/Forge]: Sending event FMLModIdMappingEvent to mod Forge
[21:38:18] [Server thread/TRACE] [Forge/Forge]: Sent event FMLModIdMappingEvent to mod Forge
[21:38:18] [Server thread/DEBUG] [FML/]: Bar Step: ModIdMapping - Minecraft Forge took 0.001s
[21:38:18] [Server thread/TRACE] [sim/sim]: Sending event FMLModIdMappingEvent to mod sim
[21:38:18] [Server thread/TRACE] [sim/sim]: Sent event FMLModIdMappingEvent to mod sim
[21:38:18] [Server thread/DEBUG] [FML/]: Bar Step: ModIdMapping - Simulated town took 0.000s
[21:38:18] [Server thread/DEBUG] [FML/]: Bar Finished: ModIdMapping took 0.002s
[21:38:18] [Server thread/INFO] [FML/]: Applying holder lookups
[21:38:18] [Server thread/INFO] [FML/]: Holder lookups applied
[21:38:18] [Server thread/DEBUG] [FML/]: Loading persistent fluid defaults from world
[21:38:18] [Server thread/DEBUG] [FML/]: The fluid minecraft:lava has been selected as the default fluid for lava
[21:38:18] [Server thread/DEBUG] [FML/]: The fluid minecraft:water has been selected as the default fluid for water
[21:38:18] [Server thread/DEBUG] [FML/]: The fluid sim:fluidmilk has been selected as the default fluid for fluidmilk
[21:38:18] [Server thread/INFO] [FML/]: Loading dimension 0 (sim) (net.minecraft.server.integrated.IntegratedServer@6856722f)
[21:38:18] [Server thread/INFO] [FML/]: Loading dimension 1 (sim) (net.minecraft.server.integrated.IntegratedServer@6856722f)
[21:38:18] [Server thread/INFO] [FML/]: Loading dimension -1 (sim) (net.minecraft.server.integrated.IntegratedServer@6856722f)
[21:38:18] [Server thread/INFO] [sim/]: 实体人：被杀死的系统产生的人
[21:38:18] [Server thread/TRACE] [mcp/mcp]: Sending event FMLServerStartingEvent to mod mcp
[21:38:18] [Server thread/TRACE] [mcp/mcp]: Sent event FMLServerStartingEvent to mod mcp
[21:38:18] [Server thread/DEBUG] [FML/]: Bar Step: ServerStarting - Minecraft Coder Pack took 0.000s
[21:38:18] [Server thread/TRACE] [FML/FML]: Sending event FMLServerStartingEvent to mod FML
[21:38:18] [Server thread/TRACE] [FML/FML]: Sent event FMLServerStartingEvent to mod FML
[21:38:18] [Server thread/DEBUG] [FML/]: Bar Step: ServerStarting - Forge Mod Loader took 0.000s
[21:38:18] [Server thread/TRACE] [Forge/Forge]: Sending event FMLServerStartingEvent to mod Forge
[21:38:18] [Server thread/TRACE] [Forge/Forge]: Sent event FMLServerStartingEvent to mod Forge
[21:38:18] [Server thread/DEBUG] [FML/]: Bar Step: ServerStarting - Minecraft Forge took 0.002s
[21:38:18] [Server thread/TRACE] [sim/sim]: Sending event FMLServerStartingEvent to mod sim
[21:38:18] [Server thread/TRACE] [sim/sim]: Sent event FMLServerStartingEvent to mod sim
[21:38:18] [Server thread/DEBUG] [FML/]: Bar Step: ServerStarting - Simulated town took 0.000s
[21:38:18] [Server thread/DEBUG] [FML/]: Bar Finished: ServerStarting took 0.002s
[21:38:18] [Server thread/TRACE] [mcp/mcp]: Sending event FMLServerStartedEvent to mod mcp
[21:38:18] [Server thread/TRACE] [mcp/mcp]: Sent event FMLServerStartedEvent to mod mcp
[21:38:18] [Server thread/DEBUG] [FML/]: Bar Step: ServerStarted - Minecraft Coder Pack took 0.000s
[21:38:18] [Server thread/TRACE] [FML/FML]: Sending event FMLServerStartedEvent to mod FML
[21:38:18] [Server thread/TRACE] [FML/FML]: Sent event FMLServerStartedEvent to mod FML
[21:38:18] [Server thread/DEBUG] [FML/]: Bar Step: ServerStarted - Forge Mod Loader took 0.000s
[21:38:18] [Server thread/TRACE] [Forge/Forge]: Sending event FMLServerStartedEvent to mod Forge
[21:38:18] [Server thread/TRACE] [Forge/Forge]: Sent event FMLServerStartedEvent to mod Forge
[21:38:18] [Server thread/DEBUG] [FML/]: Bar Step: ServerStarted - Minecraft Forge took 0.000s
[21:38:18] [Server thread/TRACE] [sim/sim]: Sending event FMLServerStartedEvent to mod sim
[21:38:18] [Server thread/TRACE] [sim/sim]: Sent event FMLServerStartedEvent to mod sim
[21:38:18] [Server thread/DEBUG] [FML/]: Bar Step: ServerStarted - Simulated town took 0.000s
[21:38:18] [Server thread/DEBUG] [FML/]: Bar Finished: ServerStarted took 0.001s
[21:38:19] [Netty Client IO #0/DEBUG] [FML/]: Server FML protocol version 2, 4 byte dimension received 0
[21:38:19] [Netty Client IO #0/TRACE] [FML/]: $ServerHello->FMLHandshakeClientState$2:HELLO
[21:38:19] [Netty Client IO #0/INFO] [FML/]: Server protocol version 2
[21:38:19] [Netty Client IO #0/DEBUG] [FML/]: Received override dimension 0
[21:38:19] [Netty IO #1/TRACE] [FML/]: $ClientHello->FMLHandshakeServerState$2:HELLO
[21:38:19] [Netty IO #1/INFO] [FML/]: Client protocol version 2
[21:38:19] [Netty IO #1/TRACE] [FML/]: $ModList:4 mods->FMLHandshakeServerState$2:HELLO
[21:38:19] [Netty IO #1/INFO] [FML/]: Client attempting to join with 4 mods : FML@7.10.99.99,sim@1.1.0 Beta,Forge@10.13.4.1614,mcp@9.05
[21:38:19] [Netty IO #1/INFO] [FML/]: Attempting connection with missing mods [] at CLIENT
[21:38:19] [Netty Client IO #0/TRACE] [FML/]: $ModList:4 mods->FMLHandshakeClientState$3:WAITINGSERVERDATA
[21:38:19] [Netty Client IO #0/INFO] [FML/]: Attempting connection with missing mods [] at SERVER
[21:38:19] [Netty IO #1/TRACE] [FML/]: $HandshakeAck:{2}->FMLHandshakeServerState$3:WAITINGCACK
[21:38:19] [Netty Client IO #0/TRACE] [FML/]: $HandshakeAck:{2}->FMLHandshakeClientState$5:PENDINGCOMPLETE
[21:38:19] [Netty IO #1/TRACE] [FML/]: $HandshakeAck:{4}->FMLHandshakeServerState$4:COMPLETE
[21:38:19] [Netty Client IO #0/TRACE] [FML/]: $HandshakeAck:{3}->FMLHandshakeClientState$6:COMPLETE
[21:38:19] [Netty IO #1/TRACE] [FML/]: $HandshakeAck:{5}->FMLHandshakeServerState$5:DONE
[21:38:19] [Client thread/DEBUG] [FML/]: The fluid minecraft:lava has been selected as the default fluid for lava
[21:38:19] [Client thread/DEBUG] [FML/]: The fluid minecraft:water has been selected as the default fluid for water
[21:38:19] [Client thread/DEBUG] [FML/]: The fluid sim:fluidmilk has been selected as the default fluid for fluidmilk
[21:38:19] [Client thread/INFO] [FML/]: [Client thread] Client side modded connection established
[21:38:19] [Server thread/INFO] [FML/]: [Server thread] Server side modded connection established
[21:38:19] [Client thread/DEBUG] [FML/]: Overriding dimension: using 0
[21:38:21] [Server thread/INFO] [sim/]: 还没有启动——现在就这么做
[21:38:21] [Server thread/INFO] [sim/]: CommTH: 启动 - 设置 serverWorld/currentWorld
[21:38:21] [Server thread/INFO] [sim/]: 运行重置世界功能
[21:38:21] [Server thread/INFO] [sim/]: 重置并加载世界 SERVER SIDE
[21:38:21] [Server thread/INFO] [sim/]: 启动程序已经运行
[21:38:21] [Thread-14/INFO] [STDOUT/]: [com.trhsy.sim.common.entity.Building:loadStructure:216]: 控制箱
[21:38:21] [Server thread/INFO] [STDOUT/]: [com.trhsy.sim.common.entity.Building:loadStructure:216]: 控制箱
[21:38:21] [Server thread/INFO] [STDOUT/]: [com.trhsy.sim.common.entity.Building:loadStructure:216]: 控制箱
[21:38:21] [Server thread/INFO] [STDOUT/]: [com.trhsy.sim.common.entity.Building:loadStructure:216]: 控制箱
[21:38:21] [Thread-14/INFO] [STDOUT/]: [com.trhsy.sim.common.entity.Building:loadStructure:216]: 控制箱
[21:38:21] [Server thread/INFO] [STDOUT/]: [com.trhsy.sim.common.entity.Building:loadStructure:216]: 控制箱
[21:38:21] [Server thread/INFO] [STDOUT/]: [com.trhsy.sim.common.entity.Building:loadStructure:216]: 控制箱
[21:38:21] [Server thread/INFO] [STDOUT/]: [com.trhsy.sim.common.entity.Building:loadStructure:216]: 控制箱
[21:38:21] [Thread-14/INFO] [STDOUT/]: [com.trhsy.sim.common.entity.Building:loadStructure:216]: 控制箱
[21:38:21] [Server thread/INFO] [STDOUT/]: [com.trhsy.sim.common.entity.Building:loadStructure:216]: 控制箱
[21:38:21] [Server thread/INFO] [STDOUT/]: [com.trhsy.sim.common.entity.Building:loadStructure:216]: 控制箱
[21:38:21] [Server thread/INFO] [STDOUT/]: [com.trhsy.sim.common.entity.Building:loadStructure:216]: 控制箱
[21:38:21] [Thread-14/INFO] [STDOUT/]: [com.trhsy.sim.common.entity.Building:loadStructure:216]: 控制箱
[21:38:21] [Server thread/INFO] [STDOUT/]: [com.trhsy.sim.common.entity.Building:loadStructure:216]: 控制箱
[21:38:21] [Thread-14/WARN] [sim/]: 建筑 loadStructure() 1
[21:38:21] [Server thread/INFO] [STDOUT/]: [com.trhsy.sim.common.entity.Building:loadStructure:216]: 控制箱
[21:38:21] [Thread-14/INFO] [STDOUT/]: [com.trhsy.sim.common.entity.Building:loadStructure:216]: 控制箱
[21:38:21] [Server thread/INFO] [STDOUT/]: [com.trhsy.sim.common.entity.Building:loadStructure:216]: 控制箱
[21:38:21] [Thread-14/INFO] [STDOUT/]: [com.trhsy.sim.common.entity.Building:loadStructure:216]: 控制箱
[21:38:21] [Server thread/INFO] [STDOUT/]: [com.trhsy.sim.common.entity.Building:loadStructure:216]: 控制箱
[21:38:21] [Thread-14/INFO] [STDOUT/]: [com.trhsy.sim.common.entity.Building:loadStructure:216]: 控制箱
[21:38:21] [Server thread/INFO] [STDOUT/]: [com.trhsy.sim.common.entity.Building:loadStructure:216]: 控制箱
[21:38:21] [Thread-14/INFO] [STDOUT/]: [com.trhsy.sim.common.entity.Building:loadStructure:216]: 控制箱
[21:38:22] [Thread-14/INFO] [STDOUT/]: [com.trhsy.sim.common.entity.Building:loadStructure:216]: 控制箱
[21:38:22] [Server thread/INFO] [sim/]: FolkData: loadAndSpawnFolks() 加载 展鹏 赖 使用新的文件系统
[21:38:22] [Server thread/INFO] [sim/]: FolkData: hasLoaded() 展鹏 赖 (container.sim.Vocation6) at -10,237,-16,0 location= -9,238,-15,0  0 所有人
[21:38:22] [Server thread/INFO] [sim/]: FolkData: GOTOXYZ() for 展鹏 赖 to -10,237,-16,0 - Method:container.sim.GotoMethod1 DIM:0
[21:38:22] [Server thread/INFO] [sim/]: FolkData: BeamMeTo() for 展鹏 赖 to -9,238,-15,0 Dim:0
[21:38:22] [Server thread/INFO] [sim/]: FolkData: loadAndSpawnFolks() 加载 张二狗 使用新的文件系统
[21:38:22] [Server thread/INFO] [sim/]: FolkData: hasLoaded() 张二狗 (none) at  location= 7,238,72,0  1 所有人
[21:38:22] [Server thread/INFO] [sim/]: FolkData:repawnEntity() 张二狗 在 7,238,72,0 昏暗中 0 ENTITY:48
[21:38:22] [Server thread/INFO] [sim/]: FolkData: loadAndSpawnFolks() 加载 昀然 訾 使用新的文件系统
[21:38:22] [Server thread/INFO] [sim/]: FolkData: hasLoaded() 昀然 訾 (container.sim.Vocation23) at 21,237,33,0 location= 23,237,33,0  2 所有人
[21:38:22] [Server thread/INFO] [sim/]: FolkData: GOTOXYZ() for 昀然 訾 to 21,237,33,0 - Method:container.sim.GotoMethod2 DIM:0
[21:38:22] [Server thread/INFO] [sim/]: FolkData: loadAndSpawnFolks() 加载 欢妍 曾 使用新的文件系统
[21:38:22] [Server thread/INFO] [sim/]: FolkData: hasLoaded() 欢妍 曾 (container.sim.Vocation9) at 17,237,15,0 location= 17,238,15,0  3 所有人
[21:38:22] [Server thread/INFO] [sim/]: FolkData: GOTOXYZ() for 欢妍 曾 to 17,237,15,0 - Method:container.sim.GotoMethod1 DIM:0
[21:38:22] [Server thread/INFO] [sim/]: FolkData: BeamMeTo() for 欢妍 曾 to 17,238,15,0 Dim:0
[21:38:22] [Server thread/INFO] [sim/]: FolkData: loadAndSpawnFolks() 加载 欣娟 丰 使用新的文件系统
[21:38:22] [Server thread/INFO] [sim/]: FolkData: hasLoaded() 欣娟 丰 (none) at  location= 17,238,16,0  4 所有人
[21:38:22] [Server thread/INFO] [sim/]: FolkData: loadAndSpawnFolks() 加载 琳瑷 都 使用新的文件系统
[21:38:22] [Server thread/INFO] [sim/]: FolkData: hasLoaded() 琳瑷 都 (container.sim.Vocation4) at 10,237,-62,0 location= 9,237,-62,0  5 所有人
[21:38:22] [Server thread/INFO] [sim/]: FolkData: GOTOXYZ() for 琳瑷 都 to 10,237,-62,0 - Method:container.sim.GotoMethod1 DIM:0
[21:38:22] [Server thread/INFO] [sim/]: FolkData: BeamMeTo() for 琳瑷 都 to 10,238,-61,0 Dim:0
[21:38:22] [Server thread/INFO] [sim/]: FolkData: loadAndSpawnFolks() 加载 瑛傲 国 使用新的文件系统
[21:38:22] [Server thread/INFO] [sim/]: FolkData: hasLoaded() 瑛傲 国 (container.sim.Vocation5) at 9,237,-37,0 location= 10,237,-36,0  6 所有人
[21:38:22] [Server thread/INFO] [sim/]: FolkData: GOTOXYZ() for 瑛傲 国 to 9,237,-37,0 - Method:container.sim.GotoMethod1 DIM:0
[21:38:22] [Server thread/INFO] [sim/]: FolkData: BeamMeTo() for 瑛傲 国 to 9,238,-36,0 Dim:0
[21:38:22] [Server thread/INFO] [sim/]: FolkData: loadAndSpawnFolks() 加载 瑾泉 ，景 使用新的文件系统
[21:38:22] [Server thread/INFO] [sim/]: FolkData: hasLoaded() 瑾泉 ，景 (container.sim.Vocation24) at 21,237,33,0 location= 21,238,33,0  7 所有人
[21:38:22] [Server thread/INFO] [sim/]: FolkData: GOTOXYZ() for 瑾泉 ，景 to 21,237,33,0 - Method:container.sim.GotoMethod2 DIM:0
[21:38:22] [Server thread/INFO] [sim/]: FolkData: loadAndSpawnFolks() 加载 艺淳 公羊 使用新的文件系统
[21:38:22] [Server thread/INFO] [sim/]: FolkData: hasLoaded() 艺淳 公羊 (none) at  location= 0,5,0,0  8 所有人
[21:38:22] [Server thread/INFO] [sim/]: FolkData: loadAndSpawnFolks() 加载 靖宇 鬱 使用新的文件系统
[21:38:22] [Server thread/INFO] [sim/]: FolkData: hasLoaded() 靖宇 鬱 (container.sim.Vocation12) at 21,237,3,0 location= 21,238,3,0  9 所有人
[21:38:22] [Server thread/INFO] [sim/]: FolkData: GOTOXYZ() for 靖宇 鬱 to 21,237,3,0 - Method:container.sim.GotoMethod1 DIM:0
[21:38:22] [Server thread/INFO] [sim/]: FolkData: BeamMeTo() for 靖宇 鬱 to 21,238,3,0 Dim:0
[21:38:22] [Thread-14/INFO] [STDOUT/]: [com.trhsy.sim.common.entity.Building:loadStructure:216]: 控制箱
[21:38:22] [Thread-14/INFO] [STDOUT/]: [com.trhsy.sim.common.entity.Building:loadStructure:216]: 控制箱
[21:38:22] [Thread-14/INFO] [STDOUT/]: [com.trhsy.sim.common.entity.Building:loadStructure:216]: 控制箱
[21:38:22] [Thread-14/INFO] [STDOUT/]: [com.trhsy.sim.common.entity.Building:loadStructure:216]: 控制箱
[21:38:22] [Thread-14/INFO] [STDOUT/]: [com.trhsy.sim.common.entity.Building:loadStructure:216]: 控制箱
[21:38:22] [Thread-14/INFO] [STDOUT/]: [com.trhsy.sim.common.entity.Building:loadStructure:216]: 控制箱
[21:38:22] [Thread-14/INFO] [STDOUT/]: [com.trhsy.sim.common.entity.Building:loadStructure:216]: 控制箱
[21:38:22] [Thread-14/INFO] [STDOUT/]: [com.trhsy.sim.common.entity.Building:loadStructure:216]: 控制箱
[21:38:22] [Thread-14/INFO] [STDOUT/]: [com.trhsy.sim.common.entity.Building:loadStructure:216]: 控制箱
[21:38:22] [Thread-14/INFO] [STDOUT/]: [com.trhsy.sim.common.entity.Building:loadStructure:216]: 控制箱
[21:38:22] [Thread-14/INFO] [STDOUT/]: [com.trhsy.sim.common.entity.Building:loadStructure:216]: 控制箱
[21:38:22] [Thread-14/INFO] [STDOUT/]: [com.trhsy.sim.common.entity.Building:loadStructure:216]: 控制箱
[21:38:22] [Thread-14/INFO] [STDOUT/]: [com.trhsy.sim.common.entity.Building:loadStructure:216]: 控制箱
[21:38:22] [Thread-14/INFO] [STDOUT/]: [com.trhsy.sim.common.entity.Building:loadStructure:216]: 控制箱
[21:38:22] [Thread-14/INFO] [STDOUT/]: [com.trhsy.sim.common.entity.Building:loadStructure:216]: 控制箱
[21:38:22] [Thread-14/INFO] [STDOUT/]: [com.trhsy.sim.common.entity.Building:loadStructure:216]: 控制箱
[21:38:22] [Thread-14/INFO] [STDOUT/]: [com.trhsy.sim.common.entity.Building:loadStructure:216]: 控制箱
[21:38:22] [Thread-14/INFO] [STDOUT/]: [com.trhsy.sim.common.entity.Building:loadStructure:216]: 控制箱
[21:38:22] [Thread-14/INFO] [STDOUT/]: [com.trhsy.sim.common.entity.Building:loadStructure:216]: 控制箱
[21:38:22] [Thread-14/INFO] [STDOUT/]: [com.trhsy.sim.common.entity.Building:loadStructure:216]: 控制箱
[21:38:22] [Thread-14/INFO] [STDOUT/]: [com.trhsy.sim.common.entity.Building:loadStructure:216]: 控制箱
[21:38:22] [Thread-14/INFO] [STDOUT/]: [com.trhsy.sim.common.entity.Building:loadStructure:216]: 控制箱
[21:38:22] [Thread-14/INFO] [STDOUT/]: [com.trhsy.sim.common.entity.Building:loadStructure:216]: 控制箱
[21:38:23] [Thread-14/INFO] [STDOUT/]: [com.trhsy.sim.common.entity.Building:loadStructure:216]: 控制箱
[21:38:23] [Thread-14/INFO] [STDOUT/]: [com.trhsy.sim.common.entity.Building:loadStructure:216]: 控制箱
[21:38:23] [Thread-14/INFO] [STDOUT/]: [com.trhsy.sim.common.entity.Building:loadStructure:216]: 控制箱
[21:38:23] [Thread-14/INFO] [STDOUT/]: [com.trhsy.sim.common.entity.Building:loadStructure:216]: 控制箱
[21:38:23] [Thread-14/INFO] [STDOUT/]: [com.trhsy.sim.common.entity.Building:loadStructure:216]: 控制箱
[21:38:23] [Thread-14/INFO] [STDOUT/]: [com.trhsy.sim.common.entity.Building:loadStructure:216]: 控制箱
[21:38:23] [Thread-14/INFO] [STDOUT/]: [com.trhsy.sim.common.entity.Building:loadStructure:216]: 控制箱
[21:38:23] [Thread-14/INFO] [STDOUT/]: [com.trhsy.sim.common.entity.Building:loadStructure:216]: 控制箱
[21:38:23] [Thread-14/INFO] [STDOUT/]: [com.trhsy.sim.common.entity.Building:loadStructure:216]: 控制箱
[21:38:23] [Thread-14/INFO] [STDOUT/]: [com.trhsy.sim.common.entity.Building:loadStructure:216]: 控制箱
[21:38:23] [Thread-14/INFO] [STDOUT/]: [com.trhsy.sim.common.entity.Building:loadStructure:216]: 控制箱
[21:38:23] [Thread-14/INFO] [STDOUT/]: [com.trhsy.sim.common.entity.Building:loadStructure:216]: 控制箱
[21:38:23] [Thread-14/INFO] [STDOUT/]: [com.trhsy.sim.common.entity.Building:loadStructure:216]: 控制箱
[21:38:23] [Thread-14/INFO] [STDOUT/]: [com.trhsy.sim.common.entity.Building:loadStructure:216]: 控制箱
[21:38:23] [Thread-14/INFO] [STDOUT/]: [com.trhsy.sim.common.entity.Building:loadStructure:216]: 控制箱
[21:38:23] [Thread-14/INFO] [STDOUT/]: [com.trhsy.sim.common.entity.Building:loadStructure:216]: 控制箱
[21:38:23] [Thread-14/INFO] [STDOUT/]: [com.trhsy.sim.common.entity.Building:loadStructure:216]: 控制箱
[21:38:23] [Thread-14/INFO] [STDOUT/]: [com.trhsy.sim.common.entity.Building:loadStructure:216]: 控制箱
[21:38:23] [Thread-14/INFO] [STDOUT/]: [com.trhsy.sim.common.entity.Building:loadStructure:216]: 控制箱
[21:38:23] [Thread-14/INFO] [STDOUT/]: [com.trhsy.sim.common.entity.Building:loadStructure:216]: 控制箱
[21:38:23] [Thread-14/INFO] [STDOUT/]: [com.trhsy.sim.common.entity.Building:loadStructure:216]: 控制箱
[21:38:23] [Thread-14/INFO] [STDOUT/]: [com.trhsy.sim.common.entity.Building:loadStructure:216]: 控制箱
[21:38:23] [Thread-14/INFO] [STDOUT/]: [com.trhsy.sim.common.entity.Building:loadStructure:216]: 控制箱
[21:38:23] [Thread-14/INFO] [STDOUT/]: [com.trhsy.sim.common.entity.Building:loadStructure:216]: 控制箱
[21:38:23] [Thread-14/INFO] [STDOUT/]: [com.trhsy.sim.common.entity.Building:loadStructure:216]: 控制箱
[21:38:23] [Thread-14/INFO] [STDOUT/]: [com.trhsy.sim.common.entity.Building:loadStructure:216]: 控制箱
[21:38:23] [Thread-14/INFO] [STDOUT/]: [com.trhsy.sim.common.entity.Building:loadStructure:216]: 控制箱
[21:38:23] [Thread-14/INFO] [STDOUT/]: [com.trhsy.sim.common.entity.Building:loadStructure:216]: 控制箱
[21:38:23] [Thread-14/INFO] [STDOUT/]: [com.trhsy.sim.common.entity.Building:loadStructure:216]: 控制箱
[21:38:24] [Thread-14/INFO] [STDOUT/]: [com.trhsy.sim.common.entity.Building:loadStructure:216]: 控制箱
[21:38:24] [Thread-14/INFO] [STDOUT/]: [com.trhsy.sim.common.entity.Building:loadStructure:216]: 控制箱
[21:38:24] [Thread-14/INFO] [STDOUT/]: [com.trhsy.sim.common.entity.Building:loadStructure:216]: 控制箱
[21:38:24] [Thread-14/INFO] [STDOUT/]: [com.trhsy.sim.common.entity.Building:loadStructure:216]: 控制箱
[21:38:24] [Thread-14/INFO] [STDOUT/]: [com.trhsy.sim.common.entity.Building:loadStructure:216]: 控制箱
[21:38:24] [Thread-14/INFO] [STDOUT/]: [com.trhsy.sim.common.entity.Building:loadStructure:216]: 控制箱
[21:38:24] [Thread-14/INFO] [STDOUT/]: [com.trhsy.sim.common.entity.Building:loadStructure:216]: 控制箱
[21:38:24] [Thread-14/INFO] [STDOUT/]: [com.trhsy.sim.common.entity.Building:loadStructure:216]: 控制箱
[21:38:24] [Thread-14/INFO] [STDOUT/]: [com.trhsy.sim.common.entity.Building:loadStructure:216]: 控制箱
[21:38:24] [Thread-14/INFO] [STDOUT/]: [com.trhsy.sim.common.entity.Building:loadStructure:216]: 控制箱
[21:38:24] [Thread-14/INFO] [STDOUT/]: [com.trhsy.sim.common.entity.Building:loadStructure:216]: 控制箱
[21:38:24] [Thread-14/INFO] [STDOUT/]: [com.trhsy.sim.common.entity.Building:loadStructure:216]: 控制箱
[21:38:24] [Thread-14/INFO] [STDOUT/]: [com.trhsy.sim.common.entity.Building:loadStructure:216]: 控制箱
[21:38:24] [Thread-14/INFO] [STDOUT/]: [com.trhsy.sim.common.entity.Building:loadStructure:216]: 控制箱
[21:38:24] [Thread-14/INFO] [STDOUT/]: [com.trhsy.sim.common.entity.Building:loadStructure:216]: 控制箱
[21:38:24] [Thread-14/INFO] [STDOUT/]: [com.trhsy.sim.common.entity.Building:loadStructure:216]: 控制箱
[21:38:24] [Thread-14/INFO] [STDOUT/]: [com.trhsy.sim.common.entity.Building:loadStructure:216]: 控制箱
[21:38:24] [Thread-14/INFO] [STDOUT/]: [com.trhsy.sim.common.entity.Building:loadStructure:216]: 控制箱
[21:38:24] [Thread-14/INFO] [STDOUT/]: [com.trhsy.sim.common.entity.Building:loadStructure:216]: 控制箱
[21:38:24] [Thread-14/INFO] [STDOUT/]: [com.trhsy.sim.common.entity.Building:loadStructure:216]: 控制箱
[21:38:24] [Thread-14/INFO] [STDOUT/]: [com.trhsy.sim.common.entity.Building:loadStructure:216]: 控制箱
[21:38:24] [Thread-14/INFO] [STDOUT/]: [com.trhsy.sim.common.entity.Building:loadStructure:216]: 控制箱
[21:38:24] [Thread-14/INFO] [STDOUT/]: [com.trhsy.sim.common.entity.Building:loadStructure:216]: 控制箱
[21:38:24] [Thread-14/INFO] [STDOUT/]: [com.trhsy.sim.common.entity.Building:loadStructure:216]: 控制箱
[21:38:24] [Thread-14/INFO] [STDOUT/]: [com.trhsy.sim.common.entity.Building:loadStructure:216]: 控制箱
[21:38:25] [Thread-14/INFO] [STDOUT/]: [com.trhsy.sim.common.entity.Building:loadStructure:216]: 控制箱
[21:38:25] [Thread-14/INFO] [STDOUT/]: [com.trhsy.sim.common.entity.Building:loadStructure:216]: 控制箱
[21:38:25] [Thread-14/INFO] [STDOUT/]: [com.trhsy.sim.common.entity.Building:loadStructure:216]: 控制箱
[21:38:25] [Thread-14/INFO] [STDOUT/]: [com.trhsy.sim.common.entity.Building:loadStructure:216]: 控制箱
[21:38:25] [Thread-14/INFO] [STDOUT/]: [com.trhsy.sim.common.entity.Building:loadStructure:216]: 控制箱
[21:38:25] [Thread-14/INFO] [STDOUT/]: [com.trhsy.sim.common.entity.Building:loadStructure:216]: 控制箱
[21:38:25] [Thread-14/INFO] [STDOUT/]: [com.trhsy.sim.common.entity.Building:loadStructure:216]: 控制箱
[21:38:25] [Thread-14/INFO] [STDOUT/]: [com.trhsy.sim.common.entity.Building:loadStructure:216]: 控制箱
[21:38:25] [Thread-14/INFO] [STDOUT/]: [com.trhsy.sim.common.entity.Building:loadStructure:216]: 控制箱
[21:38:25] [Thread-14/INFO] [STDOUT/]: [com.trhsy.sim.common.entity.Building:loadStructure:216]: 控制箱
[21:38:25] [Thread-14/INFO] [STDOUT/]: [com.trhsy.sim.common.entity.Building:loadStructure:216]: 控制箱
[21:38:25] [Thread-14/INFO] [STDOUT/]: [com.trhsy.sim.common.entity.Building:loadStructure:216]: 控制箱
[21:38:25] [Thread-14/INFO] [STDOUT/]: [com.trhsy.sim.common.entity.Building:loadStructure:216]: 控制箱
[21:38:25] [Thread-14/INFO] [STDOUT/]: [com.trhsy.sim.common.entity.Building:loadStructure:216]: 控制箱
[21:38:25] [Thread-14/INFO] [STDOUT/]: [com.trhsy.sim.common.entity.Building:loadStructure:216]: 控制箱
[21:38:25] [Thread-14/INFO] [STDOUT/]: [com.trhsy.sim.common.entity.Building:loadStructure:216]: 控制箱
[21:38:25] [Thread-14/INFO] [STDOUT/]: [com.trhsy.sim.common.entity.Building:loadStructure:216]: 控制箱
[21:38:25] [Thread-14/INFO] [STDOUT/]: [com.trhsy.sim.common.entity.Building:loadStructure:216]: 控制箱
[21:38:25] [Thread-14/INFO] [STDOUT/]: [com.trhsy.sim.common.entity.Building:loadStructure:216]: 控制箱
[21:38:25] [Thread-14/INFO] [STDOUT/]: [com.trhsy.sim.common.entity.Building:loadStructure:216]: 控制箱
[21:38:25] [Thread-14/INFO] [STDOUT/]: [com.trhsy.sim.common.entity.Building:loadStructure:216]: 控制箱
[21:38:25] [Thread-14/INFO] [STDOUT/]: [com.trhsy.sim.common.entity.Building:loadStructure:216]: 控制箱
[21:38:25] [Thread-14/INFO] [STDOUT/]: [com.trhsy.sim.common.entity.Building:loadStructure:216]: 控制箱
[21:38:25] [Thread-14/INFO] [STDOUT/]: [com.trhsy.sim.common.entity.Building:loadStructure:216]: 控制箱
[21:38:25] [Thread-14/INFO] [STDOUT/]: [com.trhsy.sim.common.entity.Building:loadStructure:216]: 控制箱
[21:38:25] [Thread-14/INFO] [STDOUT/]: [com.trhsy.sim.common.entity.Building:loadStructure:216]: 控制箱
[21:38:25] [Thread-14/INFO] [STDOUT/]: [com.trhsy.sim.common.entity.Building:loadStructure:216]: 控制箱
[21:38:25] [Thread-14/INFO] [STDOUT/]: [com.trhsy.sim.common.entity.Building:loadStructure:216]: 控制箱
[21:38:26] [Thread-14/INFO] [STDOUT/]: [com.trhsy.sim.common.entity.Building:loadStructure:216]: 控制箱
[21:38:26] [Thread-14/INFO] [STDOUT/]: [com.trhsy.sim.common.entity.Building:loadStructure:216]: 控制箱
[21:38:26] [Thread-14/INFO] [STDOUT/]: [com.trhsy.sim.common.entity.Building:loadStructure:216]: 控制箱
[21:38:26] [Thread-14/INFO] [STDOUT/]: [com.trhsy.sim.common.entity.Building:loadStructure:216]: 控制箱
[21:38:26] [Thread-14/INFO] [STDOUT/]: [com.trhsy.sim.common.entity.Building:loadStructure:216]: 控制箱
[21:38:26] [Thread-14/INFO] [STDOUT/]: [com.trhsy.sim.common.entity.Building:loadStructure:216]: 控制箱
[21:38:26] [Thread-14/INFO] [STDOUT/]: [com.trhsy.sim.common.entity.Building:loadStructure:216]: 控制箱
[21:38:26] [Thread-14/INFO] [STDOUT/]: [com.trhsy.sim.common.entity.Building:loadStructure:216]: 控制箱
[21:38:26] [Thread-14/INFO] [STDOUT/]: [com.trhsy.sim.common.entity.Building:loadStructure:216]: 控制箱
[21:38:26] [Thread-14/INFO] [STDOUT/]: [com.trhsy.sim.common.entity.Building:loadStructure:216]: 控制箱
[21:38:26] [Thread-14/INFO] [STDOUT/]: [com.trhsy.sim.common.entity.Building:loadStructure:216]: 控制箱
[21:38:26] [Thread-14/INFO] [STDOUT/]: [com.trhsy.sim.common.entity.Building:loadStructure:216]: 控制箱
[21:38:26] [Thread-14/INFO] [STDOUT/]: [com.trhsy.sim.common.entity.Building:loadStructure:216]: 控制箱
[21:38:26] [Thread-14/INFO] [STDOUT/]: [com.trhsy.sim.common.entity.Building:loadStructure:216]: 控制箱
[21:38:26] [Thread-14/INFO] [STDOUT/]: [com.trhsy.sim.common.entity.Building:loadStructure:216]: 控制箱
[21:38:26] [Thread-14/INFO] [STDOUT/]: [com.trhsy.sim.common.entity.Building:loadStructure:216]: 控制箱
[21:38:26] [Thread-14/INFO] [STDOUT/]: [com.trhsy.sim.common.entity.Building:loadStructure:216]: 控制箱
[21:38:26] [Thread-14/INFO] [STDOUT/]: [com.trhsy.sim.common.entity.Building:loadStructure:216]: 控制箱
[21:38:26] [Thread-14/INFO] [STDOUT/]: [com.trhsy.sim.common.entity.Building:loadStructure:216]: 控制箱
[21:38:26] [Thread-14/INFO] [STDOUT/]: [com.trhsy.sim.common.entity.Building:loadStructure:216]: 控制箱
[21:38:26] [Thread-14/INFO] [STDOUT/]: [com.trhsy.sim.common.entity.Building:loadStructure:216]: 控制箱
[21:38:26] [Thread-14/INFO] [STDOUT/]: [com.trhsy.sim.common.entity.Building:loadStructure:216]: 控制箱
[21:38:26] [Thread-14/INFO] [STDOUT/]: [com.trhsy.sim.common.entity.Building:loadStructure:216]: 控制箱
[21:38:26] [Thread-14/INFO] [STDOUT/]: [com.trhsy.sim.common.entity.Building:loadStructure:216]: 控制箱
[21:38:26] [Thread-14/INFO] [STDOUT/]: [com.trhsy.sim.common.entity.Building:loadStructure:216]: 控制箱
[21:38:26] [Thread-14/INFO] [STDOUT/]: [com.trhsy.sim.common.entity.Building:loadStructure:216]: 控制箱
[21:38:26] [Thread-14/INFO] [STDOUT/]: [com.trhsy.sim.common.entity.Building:loadStructure:216]: 控制箱
[21:38:27] [Thread-14/INFO] [STDOUT/]: [com.trhsy.sim.common.entity.Building:loadStructure:216]: 控制箱
[21:38:27] [Thread-14/INFO] [STDOUT/]: [com.trhsy.sim.common.entity.Building:loadStructure:216]: 控制箱
[21:38:27] [Thread-14/INFO] [STDOUT/]: [com.trhsy.sim.common.entity.Building:loadStructure:216]: 控制箱
[21:38:27] [Thread-14/INFO] [STDOUT/]: [com.trhsy.sim.common.entity.Building:loadStructure:216]: 控制箱
[21:38:27] [Thread-14/INFO] [STDOUT/]: [com.trhsy.sim.common.entity.Building:loadStructure:216]: 控制箱
[21:38:32] [Thread-14/INFO] [STDOUT/]: [com.trhsy.sim.common.entity.Building:loadStructure:216]: 控制箱
[21:38:33] [Thread-14/INFO] [STDOUT/]: [com.trhsy.sim.common.entity.Building:loadStructure:216]: 控制箱
[21:38:34] [Thread-14/WARN] [sim/]: 建筑 loadStructure() null
[21:38:37] [Server thread/INFO] [sim/]: 下载文件https://www.dropbox.com/s/i51v1lsq0u89elw/version.txt
[21:38:37] [Thread-14/INFO] [sim/]: Building: 线程已完成从磁盘初始化所有建筑物
[21:38:58] [Server thread/INFO] [STDERR/]: [java.lang.Throwable$WrappedPrintStream:println:748]: java.net.ConnectException: Connection timed out: connect
[21:38:58] [Server thread/INFO] [STDERR/]: [java.lang.Throwable$WrappedPrintStream:println:748]: 	at java.net.TwoStacksPlainSocketImpl.socketConnect(Native Method)
[21:38:58] [Server thread/INFO] [STDERR/]: [java.lang.Throwable$WrappedPrintStream:println:748]: 	at java.net.AbstractPlainSocketImpl.doConnect(AbstractPlainSocketImpl.java:350)
[21:38:58] [Server thread/INFO] [STDERR/]: [java.lang.Throwable$WrappedPrintStream:println:748]: 	at java.net.AbstractPlainSocketImpl.connectToAddress(AbstractPlainSocketImpl.java:206)
[21:38:58] [Server thread/INFO] [STDERR/]: [java.lang.Throwable$WrappedPrintStream:println:748]: 	at java.net.AbstractPlainSocketImpl.connect(AbstractPlainSocketImpl.java:188)
[21:38:58] [Server thread/INFO] [STDERR/]: [java.lang.Throwable$WrappedPrintStream:println:748]: 	at java.net.PlainSocketImpl.connect(PlainSocketImpl.java:172)
[21:38:58] [Server thread/INFO] [STDERR/]: [java.lang.Throwable$WrappedPrintStream:println:748]: 	at java.net.SocksSocketImpl.connect(SocksSocketImpl.java:392)
[21:38:58] [Server thread/INFO] [STDERR/]: [java.lang.Throwable$WrappedPrintStream:println:748]: 	at java.net.Socket.connect(Socket.java:589)
[21:38:58] [Server thread/INFO] [STDERR/]: [java.lang.Throwable$WrappedPrintStream:println:748]: 	at sun.security.ssl.SSLSocketImpl.connect(SSLSocketImpl.java:673)
[21:38:58] [Server thread/INFO] [STDERR/]: [java.lang.Throwable$WrappedPrintStream:println:748]: 	at sun.security.ssl.BaseSSLSocketImpl.connect(BaseSSLSocketImpl.java:173)
[21:38:58] [Server thread/INFO] [STDERR/]: [java.lang.Throwable$WrappedPrintStream:println:748]: 	at sun.net.NetworkClient.doConnect(NetworkClient.java:180)
[21:38:58] [Server thread/INFO] [STDERR/]: [java.lang.Throwable$WrappedPrintStream:println:748]: 	at sun.net.www.http.HttpClient.openServer(HttpClient.java:463)
[21:38:58] [Server thread/INFO] [STDERR/]: [java.lang.Throwable$WrappedPrintStream:println:748]: 	at sun.net.www.http.HttpClient.openServer(HttpClient.java:558)
[21:38:58] [Server thread/INFO] [STDERR/]: [java.lang.Throwable$WrappedPrintStream:println:748]: 	at sun.net.www.protocol.https.HttpsClient.<init>(HttpsClient.java:264)
[21:38:58] [Server thread/INFO] [STDERR/]: [java.lang.Throwable$WrappedPrintStream:println:748]: 	at sun.net.www.protocol.https.HttpsClient.New(HttpsClient.java:367)
[21:38:58] [Server thread/INFO] [STDERR/]: [java.lang.Throwable$WrappedPrintStream:println:748]: 	at sun.net.www.protocol.https.AbstractDelegateHttpsURLConnection.getNewHttpClient(AbstractDelegateHttpsURLConnection.java:191)
[21:38:58] [Server thread/INFO] [STDERR/]: [java.lang.Throwable$WrappedPrintStream:println:748]: 	at sun.net.www.protocol.http.HttpURLConnection.plainConnect0(HttpURLConnection.java:1156)
[21:38:58] [Server thread/INFO] [STDERR/]: [java.lang.Throwable$WrappedPrintStream:println:748]: 	at sun.net.www.protocol.http.HttpURLConnection$6.run(HttpURLConnection.java:1040)
[21:38:58] [Server thread/INFO] [STDERR/]: [java.lang.Throwable$WrappedPrintStream:println:748]: 	at sun.net.www.protocol.http.HttpURLConnection$6.run(HttpURLConnection.java:1038)
[21:38:58] [Server thread/INFO] [STDERR/]: [java.lang.Throwable$WrappedPrintStream:println:748]: 	at java.security.AccessController.doPrivileged(Native Method)
[21:38:58] [Server thread/INFO] [STDERR/]: [java.lang.Throwable$WrappedPrintStream:println:748]: 	at java.security.AccessController.doPrivilegedWithCombiner(AccessController.java:782)
[21:38:58] [Server thread/INFO] [STDERR/]: [java.lang.Throwable$WrappedPrintStream:println:748]: 	at sun.net.www.protocol.http.HttpURLConnection.plainConnect(HttpURLConnection.java:1037)
[21:38:58] [Server thread/INFO] [STDERR/]: [java.lang.Throwable$WrappedPrintStream:println:748]: 	at sun.net.www.protocol.https.AbstractDelegateHttpsURLConnection.connect(AbstractDelegateHttpsURLConnection.java:177)
[21:38:58] [Server thread/INFO] [STDERR/]: [java.lang.Throwable$WrappedPrintStream:println:748]: 	at sun.net.www.protocol.http.HttpURLConnection.getInputStream0(HttpURLConnection.java:1564)
[21:38:58] [Server thread/INFO] [STDERR/]: [java.lang.Throwable$WrappedPrintStream:println:748]: 	at sun.net.www.protocol.http.HttpURLConnection.access$200(HttpURLConnection.java:91)
[21:38:58] [Server thread/INFO] [STDERR/]: [java.lang.Throwable$WrappedPrintStream:println:748]: 	at sun.net.www.protocol.http.HttpURLConnection$9.run(HttpURLConnection.java:1484)
[21:38:58] [Server thread/INFO] [STDERR/]: [java.lang.Throwable$WrappedPrintStream:println:748]: 	at sun.net.www.protocol.http.HttpURLConnection$9.run(HttpURLConnection.java:1482)
[21:38:58] [Server thread/INFO] [STDERR/]: [java.lang.Throwable$WrappedPrintStream:println:748]: 	at java.security.AccessController.doPrivileged(Native Method)
[21:38:58] [Server thread/INFO] [STDERR/]: [java.lang.Throwable$WrappedPrintStream:println:748]: 	at java.security.AccessController.doPrivilegedWithCombiner(AccessController.java:782)
[21:38:58] [Server thread/INFO] [STDERR/]: [java.lang.Throwable$WrappedPrintStream:println:748]: 	at sun.net.www.protocol.http.HttpURLConnection.getInputStream(HttpURLConnection.java:1481)
[21:38:58] [Server thread/INFO] [STDERR/]: [java.lang.Throwable$WrappedPrintStream:println:748]: 	at sun.net.www.protocol.https.HttpsURLConnectionImpl.getInputStream(HttpsURLConnectionImpl.java:263)
[21:38:58] [Server thread/INFO] [STDERR/]: [java.lang.Throwable$WrappedPrintStream:println:748]: 	at java.net.URL.openStream(URL.java:1045)
[21:38:58] [Server thread/INFO] [STDERR/]: [java.lang.Throwable$WrappedPrintStream:println:748]: 	at com.trhsy.sim.common.ModSim.downloadFile(ModSim.java:523)
[21:38:58] [Server thread/INFO] [STDERR/]: [java.lang.Throwable$WrappedPrintStream:println:748]: 	at com.trhsy.sim.common.ModSim.start(ModSim.java:448)
[21:38:58] [Server thread/INFO] [STDERR/]: [java.lang.Throwable$WrappedPrintStream:println:748]: 	at com.trhsy.sim.common.ModSim.ThreadUpdate(ModSim.java:435)
[21:38:58] [Server thread/INFO] [STDERR/]: [java.lang.Throwable$WrappedPrintStream:println:748]: 	at com.trhsy.sim.common.ModSim.updateCheck(ModSim.java:431)
[21:38:58] [Server thread/INFO] [STDERR/]: [java.lang.Throwable$WrappedPrintStream:println:748]: 	at com.trhsy.sim.common.ModSim.resetAndLoadNewWorld(ModSim.java:357)
[21:38:58] [Server thread/INFO] [STDERR/]: [java.lang.Throwable$WrappedPrintStream:println:748]: 	at com.trhsy.sim.common.CommonTickHandler.onTickInGame(CommonTickHandler.java:98)
[21:38:58] [Server thread/INFO] [STDERR/]: [java.lang.Throwable$WrappedPrintStream:println:748]: 	at com.trhsy.sim.common.CommonTickHandler.tick(CommonTickHandler.java:58)
[21:38:58] [Server thread/INFO] [STDERR/]: [java.lang.Throwable$WrappedPrintStream:println:748]: 	at cpw.mods.fml.common.eventhandler.ASMEventHandler_8_CommonTickHandler_tick_ServerTickEvent.invoke(.dynamic)
[21:38:58] [Server thread/INFO] [STDERR/]: [java.lang.Throwable$WrappedPrintStream:println:748]: 	at cpw.mods.fml.common.eventhandler.ASMEventHandler.invoke(ASMEventHandler.java:54)
[21:38:58] [Server thread/INFO] [STDERR/]: [java.lang.Throwable$WrappedPrintStream:println:748]: 	at cpw.mods.fml.common.eventhandler.EventBus.post(EventBus.java:140)
[21:38:58] [Server thread/INFO] [STDERR/]: [java.lang.Throwable$WrappedPrintStream:println:748]: 	at cpw.mods.fml.common.FMLCommonHandler.onPreServerTick(FMLCommonHandler.java:260)
[21:38:58] [Server thread/INFO] [STDERR/]: [java.lang.Throwable$WrappedPrintStream:println:748]: 	at net.minecraft.server.MinecraftServer.tick(MinecraftServer.java:607)
[21:38:58] [Server thread/INFO] [STDERR/]: [java.lang.Throwable$WrappedPrintStream:println:748]: 	at net.minecraft.server.integrated.IntegratedServer.tick(IntegratedServer.java:118)
[21:38:58] [Server thread/INFO] [STDERR/]: [java.lang.Throwable$WrappedPrintStream:println:748]: 	at net.minecraft.server.MinecraftServer.run(MinecraftServer.java:489)
[21:38:58] [Server thread/INFO] [STDERR/]: [java.lang.Throwable$WrappedPrintStream:println:748]: 	at net.minecraft.server.MinecraftServer$2.run(MinecraftServer.java:756)
[21:38:58] [Server thread/INFO] [sim/]: 下载文件https://www.dropbox.com/s/i51v1lsq0u89elw/
[21:39:19] [Server thread/INFO] [STDERR/]: [java.lang.Throwable$WrappedPrintStream:println:748]: java.net.ConnectException: Connection timed out: connect
[21:39:19] [Server thread/INFO] [STDERR/]: [java.lang.Throwable$WrappedPrintStream:println:748]: 	at java.net.TwoStacksPlainSocketImpl.socketConnect(Native Method)
[21:39:19] [Server thread/INFO] [STDERR/]: [java.lang.Throwable$WrappedPrintStream:println:748]: 	at java.net.AbstractPlainSocketImpl.doConnect(AbstractPlainSocketImpl.java:350)
[21:39:19] [Server thread/INFO] [STDERR/]: [java.lang.Throwable$WrappedPrintStream:println:748]: 	at java.net.AbstractPlainSocketImpl.connectToAddress(AbstractPlainSocketImpl.java:206)
[21:39:19] [Server thread/INFO] [STDERR/]: [java.lang.Throwable$WrappedPrintStream:println:748]: 	at java.net.AbstractPlainSocketImpl.connect(AbstractPlainSocketImpl.java:188)
[21:39:19] [Server thread/INFO] [STDERR/]: [java.lang.Throwable$WrappedPrintStream:println:748]: 	at java.net.PlainSocketImpl.connect(PlainSocketImpl.java:172)
[21:39:19] [Server thread/INFO] [STDERR/]: [java.lang.Throwable$WrappedPrintStream:println:748]: 	at java.net.SocksSocketImpl.connect(SocksSocketImpl.java:392)
[21:39:19] [Server thread/INFO] [STDERR/]: [java.lang.Throwable$WrappedPrintStream:println:748]: 	at java.net.Socket.connect(Socket.java:589)
[21:39:19] [Server thread/INFO] [STDERR/]: [java.lang.Throwable$WrappedPrintStream:println:748]: 	at sun.security.ssl.SSLSocketImpl.connect(SSLSocketImpl.java:673)
[21:39:19] [Server thread/INFO] [STDERR/]: [java.lang.Throwable$WrappedPrintStream:println:748]: 	at sun.security.ssl.BaseSSLSocketImpl.connect(BaseSSLSocketImpl.java:173)
[21:39:19] [Server thread/INFO] [STDERR/]: [java.lang.Throwable$WrappedPrintStream:println:748]: 	at sun.net.NetworkClient.doConnect(NetworkClient.java:180)
[21:39:19] [Server thread/INFO] [STDERR/]: [java.lang.Throwable$WrappedPrintStream:println:748]: 	at sun.net.www.http.HttpClient.openServer(HttpClient.java:463)
[21:39:19] [Server thread/INFO] [STDERR/]: [java.lang.Throwable$WrappedPrintStream:println:748]: 	at sun.net.www.http.HttpClient.openServer(HttpClient.java:558)
[21:39:19] [Server thread/INFO] [STDERR/]: [java.lang.Throwable$WrappedPrintStream:println:748]: 	at sun.net.www.protocol.https.HttpsClient.<init>(HttpsClient.java:264)
[21:39:19] [Server thread/INFO] [STDERR/]: [java.lang.Throwable$WrappedPrintStream:println:748]: 	at sun.net.www.protocol.https.HttpsClient.New(HttpsClient.java:367)
[21:39:19] [Server thread/INFO] [STDERR/]: [java.lang.Throwable$WrappedPrintStream:println:748]: 	at sun.net.www.protocol.https.AbstractDelegateHttpsURLConnection.getNewHttpClient(AbstractDelegateHttpsURLConnection.java:191)
[21:39:19] [Server thread/INFO] [STDERR/]: [java.lang.Throwable$WrappedPrintStream:println:748]: 	at sun.net.www.protocol.http.HttpURLConnection.plainConnect0(HttpURLConnection.java:1156)
[21:39:19] [Server thread/INFO] [STDERR/]: [java.lang.Throwable$WrappedPrintStream:println:748]: 	at sun.net.www.protocol.http.HttpURLConnection$6.run(HttpURLConnection.java:1040)
[21:39:19] [Server thread/INFO] [STDERR/]: [java.lang.Throwable$WrappedPrintStream:println:748]: 	at sun.net.www.protocol.http.HttpURLConnection$6.run(HttpURLConnection.java:1038)
[21:39:19] [Server thread/INFO] [STDERR/]: [java.lang.Throwable$WrappedPrintStream:println:748]: 	at java.security.AccessController.doPrivileged(Native Method)
[21:39:19] [Server thread/INFO] [STDERR/]: [java.lang.Throwable$WrappedPrintStream:println:748]: 	at java.security.AccessController.doPrivilegedWithCombiner(AccessController.java:782)
[21:39:19] [Server thread/INFO] [STDERR/]: [java.lang.Throwable$WrappedPrintStream:println:748]: 	at sun.net.www.protocol.http.HttpURLConnection.plainConnect(HttpURLConnection.java:1037)
[21:39:19] [Server thread/INFO] [STDERR/]: [java.lang.Throwable$WrappedPrintStream:println:748]: 	at sun.net.www.protocol.https.AbstractDelegateHttpsURLConnection.connect(AbstractDelegateHttpsURLConnection.java:177)
[21:39:19] [Server thread/INFO] [STDERR/]: [java.lang.Throwable$WrappedPrintStream:println:748]: 	at sun.net.www.protocol.http.HttpURLConnection.getInputStream0(HttpURLConnection.java:1564)
[21:39:19] [Server thread/INFO] [STDERR/]: [java.lang.Throwable$WrappedPrintStream:println:748]: 	at sun.net.www.protocol.http.HttpURLConnection.access$200(HttpURLConnection.java:91)
[21:39:19] [Server thread/INFO] [STDERR/]: [java.lang.Throwable$WrappedPrintStream:println:748]: 	at sun.net.www.protocol.http.HttpURLConnection$9.run(HttpURLConnection.java:1484)
[21:39:19] [Server thread/INFO] [STDERR/]: [java.lang.Throwable$WrappedPrintStream:println:748]: 	at sun.net.www.protocol.http.HttpURLConnection$9.run(HttpURLConnection.java:1482)
[21:39:19] [Server thread/INFO] [STDERR/]: [java.lang.Throwable$WrappedPrintStream:println:748]: 	at java.security.AccessController.doPrivileged(Native Method)
[21:39:19] [Server thread/INFO] [STDERR/]: [java.lang.Throwable$WrappedPrintStream:println:748]: 	at java.security.AccessController.doPrivilegedWithCombiner(AccessController.java:782)
[21:39:19] [Server thread/INFO] [STDERR/]: [java.lang.Throwable$WrappedPrintStream:println:748]: 	at sun.net.www.protocol.http.HttpURLConnection.getInputStream(HttpURLConnection.java:1481)
[21:39:19] [Server thread/INFO] [STDERR/]: [java.lang.Throwable$WrappedPrintStream:println:748]: 	at sun.net.www.protocol.https.HttpsURLConnectionImpl.getInputStream(HttpsURLConnectionImpl.java:263)
[21:39:19] [Server thread/INFO] [STDERR/]: [java.lang.Throwable$WrappedPrintStream:println:748]: 	at java.net.URL.openStream(URL.java:1045)
[21:39:19] [Server thread/INFO] [STDERR/]: [java.lang.Throwable$WrappedPrintStream:println:748]: 	at com.trhsy.sim.common.ModSim.downloadFile(ModSim.java:523)
[21:39:19] [Server thread/INFO] [STDERR/]: [java.lang.Throwable$WrappedPrintStream:println:748]: 	at com.trhsy.sim.common.ModSim.start(ModSim.java:468)
[21:39:19] [Server thread/INFO] [STDERR/]: [java.lang.Throwable$WrappedPrintStream:println:748]: 	at com.trhsy.sim.common.ModSim.ThreadUpdate(ModSim.java:435)
[21:39:19] [Server thread/INFO] [STDERR/]: [java.lang.Throwable$WrappedPrintStream:println:748]: 	at com.trhsy.sim.common.ModSim.updateCheck(ModSim.java:431)
[21:39:19] [Server thread/INFO] [STDERR/]: [java.lang.Throwable$WrappedPrintStream:println:748]: 	at com.trhsy.sim.common.ModSim.resetAndLoadNewWorld(ModSim.java:357)
[21:39:19] [Server thread/INFO] [STDERR/]: [java.lang.Throwable$WrappedPrintStream:println:748]: 	at com.trhsy.sim.common.CommonTickHandler.onTickInGame(CommonTickHandler.java:98)
[21:39:19] [Server thread/INFO] [STDERR/]: [java.lang.Throwable$WrappedPrintStream:println:748]: 	at com.trhsy.sim.common.CommonTickHandler.tick(CommonTickHandler.java:58)
[21:39:19] [Server thread/INFO] [STDERR/]: [java.lang.Throwable$WrappedPrintStream:println:748]: 	at cpw.mods.fml.common.eventhandler.ASMEventHandler_8_CommonTickHandler_tick_ServerTickEvent.invoke(.dynamic)
[21:39:19] [Server thread/INFO] [STDERR/]: [java.lang.Throwable$WrappedPrintStream:println:748]: 	at cpw.mods.fml.common.eventhandler.ASMEventHandler.invoke(ASMEventHandler.java:54)
[21:39:19] [Server thread/INFO] [STDERR/]: [java.lang.Throwable$WrappedPrintStream:println:748]: 	at cpw.mods.fml.common.eventhandler.EventBus.post(EventBus.java:140)
[21:39:19] [Server thread/INFO] [STDERR/]: [java.lang.Throwable$WrappedPrintStream:println:748]: 	at cpw.mods.fml.common.FMLCommonHandler.onPreServerTick(FMLCommonHandler.java:260)
[21:39:19] [Server thread/INFO] [STDERR/]: [java.lang.Throwable$WrappedPrintStream:println:748]: 	at net.minecraft.server.MinecraftServer.tick(MinecraftServer.java:607)
[21:39:19] [Server thread/INFO] [STDERR/]: [java.lang.Throwable$WrappedPrintStream:println:748]: 	at net.minecraft.server.integrated.IntegratedServer.tick(IntegratedServer.java:118)
[21:39:19] [Server thread/INFO] [STDERR/]: [java.lang.Throwable$WrappedPrintStream:println:748]: 	at net.minecraft.server.MinecraftServer.run(MinecraftServer.java:489)
[21:39:19] [Server thread/INFO] [STDERR/]: [java.lang.Throwable$WrappedPrintStream:println:748]: 	at net.minecraft.server.MinecraftServer$2.run(MinecraftServer.java:756)
[21:39:19] [Server thread/INFO] [sim/]: FolkData: 展鹏 赖 要工作了
[21:39:19] [Server thread/INFO] [sim/]: FolkData: GOTOXYZ() for 展鹏 赖 to -10,237,-16,0 - Method:container.sim.GotoMethod1 DIM:0
[21:39:19] [Server thread/WARN] [sim/]: FolkData:beamMeTo()已经喜气洋洋了 展鹏 赖
[21:39:19] [Server thread/INFO] [sim/]: FolkData:onUpdate() 漫游命令 张二狗 to 10,255,62,0
[21:39:19] [Server thread/INFO] [sim/]: FolkData: GOTOXYZ() for 张二狗 to 10,255,62,0 - Method:container.sim.GotoMethod3 DIM:0
[21:39:19] [Server thread/INFO] [sim/]: FolkData: 昀然 訾 要工作了
[21:39:19] [Server thread/INFO] [sim/]: FolkData: GOTOXYZ() for 昀然 訾 to 21,237,33,0 - Method:container.sim.GotoMethod2 DIM:0
[21:39:19] [Server thread/INFO] [sim/]: FolkData: 欢妍 曾 要工作了
[21:39:19] [Server thread/INFO] [sim/]: FolkData: GOTOXYZ() for 欢妍 曾 to 17,237,15,0 - Method:container.sim.GotoMethod1 DIM:0
[21:39:19] [Server thread/WARN] [sim/]: FolkData:beamMeTo()已经喜气洋洋了 欢妍 曾
[21:39:19] [Server thread/INFO] [sim/]: FolkData: 琳瑷 都 要工作了
[21:39:19] [Server thread/INFO] [sim/]: FolkData: GOTOXYZ() for 琳瑷 都 to 10,237,-62,0 - Method:container.sim.GotoMethod1 DIM:0
[21:39:19] [Server thread/WARN] [sim/]: FolkData:beamMeTo()已经喜气洋洋了 琳瑷 都
[21:39:19] [Server thread/INFO] [sim/]: FolkData: 瑛傲 国 要工作了
[21:39:19] [Server thread/INFO] [sim/]: FolkData: GOTOXYZ() for 瑛傲 国 to 9,237,-37,0 - Method:container.sim.GotoMethod1 DIM:0
[21:39:19] [Server thread/WARN] [sim/]: FolkData:beamMeTo()已经喜气洋洋了 瑛傲 国
[21:39:19] [Server thread/INFO] [sim/]: FolkData: 瑾泉 ，景 要工作了
[21:39:19] [Server thread/INFO] [sim/]: FolkData: GOTOXYZ() for 瑾泉 ，景 to 21,237,33,0 - Method:container.sim.GotoMethod2 DIM:0
[21:39:19] [Server thread/INFO] [sim/]: FolkData: 靖宇 鬱 要工作了
[21:39:19] [Server thread/INFO] [sim/]: FolkData: GOTOXYZ() for 靖宇 鬱 to 21,237,3,0 - Method:container.sim.GotoMethod1 DIM:0
[21:39:19] [Server thread/WARN] [sim/]: FolkData:beamMeTo()已经喜气洋洋了 靖宇 鬱
[21:39:19] [Server thread/WARN] [sim/]: FolkData:onUpdate() 昀然 訾 还在工作
[21:39:19] [Server thread/INFO] [sim/]: FolkData: GOTOXYZ() for 昀然 訾 to 26,237,33,0 - Method:container.sim.GotoMethod2 DIM:0
[21:39:19] [Server thread/INFO] [sim/]: FolkData: GOTOXYZ() for 昀然 訾 to 21,237,33,0 - Method:container.sim.GotoMethod2 DIM:0
[21:39:19] [Server thread/WARN] [sim/]: FolkData:onUpdate() 瑾泉 ，景 还在工作
[21:39:19] [Server thread/INFO] [sim/]: FolkData: GOTOXYZ() for 瑾泉 ，景 to 26,237,33,0 - Method:container.sim.GotoMethod2 DIM:0
[21:39:19] [Server thread/INFO] [sim/]: FolkData: GOTOXYZ() for 瑾泉 ，景 to 21,237,33,0 - Method:container.sim.GotoMethod2 DIM:0
[21:39:19] [Server thread/WARN] [sim/]: FolkData:onUpdate() 昀然 訾 还在工作
[21:39:19] [Server thread/INFO] [sim/]: FolkData: GOTOXYZ() for 昀然 訾 to 26,237,33,0 - Method:container.sim.GotoMethod2 DIM:0
[21:39:19] [Server thread/INFO] [sim/]: FolkData: GOTOXYZ() for 昀然 訾 to 21,237,33,0 - Method:container.sim.GotoMethod2 DIM:0
[21:39:19] [Server thread/WARN] [sim/]: FolkData:onUpdate() 瑾泉 ，景 还在工作
[21:39:19] [Server thread/INFO] [sim/]: FolkData: GOTOXYZ() for 瑾泉 ，景 to 26,237,33,0 - Method:container.sim.GotoMethod2 DIM:0
[21:39:19] [Server thread/INFO] [sim/]: FolkData: GOTOXYZ() for 瑾泉 ，景 to 21,237,33,0 - Method:container.sim.GotoMethod2 DIM:0
[21:39:19] [Server thread/WARN] [sim/]: FolkData:onUpdate() 昀然 訾 还在工作
[21:39:19] [Server thread/INFO] [sim/]: FolkData: GOTOXYZ() for 昀然 訾 to 26,237,33,0 - Method:container.sim.GotoMethod2 DIM:0
[21:39:19] [Server thread/INFO] [sim/]: FolkData: GOTOXYZ() for 昀然 訾 to 21,237,33,0 - Method:container.sim.GotoMethod2 DIM:0
[21:39:19] [Server thread/WARN] [sim/]: FolkData:onUpdate() 瑾泉 ，景 还在工作
[21:39:19] [Server thread/INFO] [sim/]: FolkData: GOTOXYZ() for 瑾泉 ，景 to 26,237,33,0 - Method:container.sim.GotoMethod2 DIM:0
[21:39:19] [Server thread/INFO] [sim/]: FolkData: GOTOXYZ() for 瑾泉 ，景 to 21,237,33,0 - Method:container.sim.GotoMethod2 DIM:0
[21:39:19] [Server thread/WARN] [sim/]: FolkData:onUpdate() 昀然 訾 还在工作
[21:39:19] [Server thread/INFO] [sim/]: FolkData: GOTOXYZ() for 昀然 訾 to 26,237,33,0 - Method:container.sim.GotoMethod2 DIM:0
[21:39:19] [Server thread/INFO] [sim/]: FolkData: GOTOXYZ() for 昀然 訾 to 21,237,33,0 - Method:container.sim.GotoMethod2 DIM:0
[21:39:19] [Server thread/WARN] [sim/]: FolkData:onUpdate() 瑾泉 ，景 还在工作
[21:39:19] [Server thread/INFO] [sim/]: FolkData: GOTOXYZ() for 瑾泉 ，景 to 26,237,33,0 - Method:container.sim.GotoMethod2 DIM:0
[21:39:19] [Server thread/INFO] [sim/]: FolkData: GOTOXYZ() for 瑾泉 ，景 to 21,237,33,0 - Method:container.sim.GotoMethod2 DIM:0
[21:39:19] [Server thread/WARN] [sim/]: FolkData:onUpdate() 昀然 訾 还在工作
[21:39:19] [Server thread/INFO] [sim/]: FolkData: GOTOXYZ() for 昀然 訾 to 26,237,33,0 - Method:container.sim.GotoMethod2 DIM:0
[21:39:19] [Server thread/INFO] [sim/]: FolkData: GOTOXYZ() for 昀然 訾 to 21,237,33,0 - Method:container.sim.GotoMethod2 DIM:0
[21:39:19] [Server thread/WARN] [sim/]: FolkData:onUpdate() 瑾泉 ，景 还在工作
[21:39:19] [Server thread/INFO] [sim/]: FolkData: GOTOXYZ() for 瑾泉 ，景 to 26,237,33,0 - Method:container.sim.GotoMethod2 DIM:0
[21:39:19] [Server thread/INFO] [sim/]: FolkData: GOTOXYZ() for 瑾泉 ，景 to 21,237,33,0 - Method:container.sim.GotoMethod2 DIM:0
[21:39:19] [Server thread/WARN] [sim/]: FolkData:onUpdate() 昀然 訾 还在工作
[21:39:19] [Server thread/INFO] [sim/]: FolkData: GOTOXYZ() for 昀然 訾 to 26,237,33,0 - Method:container.sim.GotoMethod2 DIM:0
[21:39:19] [Server thread/INFO] [sim/]: FolkData: GOTOXYZ() for 昀然 訾 to 21,237,33,0 - Method:container.sim.GotoMethod2 DIM:0
[21:39:19] [Server thread/WARN] [sim/]: FolkData:onUpdate() 瑾泉 ，景 还在工作
[21:39:19] [Server thread/INFO] [sim/]: FolkData: GOTOXYZ() for 瑾泉 ，景 to 26,237,33,0 - Method:container.sim.GotoMethod2 DIM:0
[21:39:19] [Server thread/INFO] [sim/]: FolkData: GOTOXYZ() for 瑾泉 ，景 to 21,237,33,0 - Method:container.sim.GotoMethod2 DIM:0
[21:39:19] [Server thread/WARN] [sim/]: FolkData:onUpdate() 昀然 訾 还在工作
[21:39:19] [Server thread/INFO] [sim/]: FolkData: GOTOXYZ() for 昀然 訾 to 26,237,33,0 - Method:container.sim.GotoMethod2 DIM:0
[21:39:19] [Server thread/INFO] [sim/]: FolkData: GOTOXYZ() for 昀然 訾 to 21,237,33,0 - Method:container.sim.GotoMethod2 DIM:0
[21:39:19] [Server thread/WARN] [sim/]: FolkData:onUpdate() 瑾泉 ，景 还在工作
[21:39:19] [Server thread/INFO] [sim/]: FolkData: GOTOXYZ() for 瑾泉 ，景 to 26,237,33,0 - Method:container.sim.GotoMethod2 DIM:0
[21:39:19] [Server thread/INFO] [sim/]: FolkData: GOTOXYZ() for 瑾泉 ，景 to 21,237,33,0 - Method:container.sim.GotoMethod2 DIM:0
[21:39:19] [Server thread/WARN] [sim/]: FolkData:onUpdate() 昀然 訾 还在工作
[21:39:19] [Server thread/INFO] [sim/]: FolkData: GOTOXYZ() for 昀然 訾 to 26,237,33,0 - Method:container.sim.GotoMethod2 DIM:0
[21:39:19] [Server thread/INFO] [sim/]: FolkData: GOTOXYZ() for 昀然 訾 to 21,237,33,0 - Method:container.sim.GotoMethod2 DIM:0
[21:39:19] [Server thread/WARN] [sim/]: FolkData:onUpdate() 瑾泉 ，景 还在工作
[21:39:19] [Server thread/INFO] [sim/]: FolkData: GOTOXYZ() for 瑾泉 ，景 to 26,237,33,0 - Method:container.sim.GotoMethod2 DIM:0
[21:39:19] [Server thread/INFO] [sim/]: FolkData: GOTOXYZ() for 瑾泉 ，景 to 21,237,33,0 - Method:container.sim.GotoMethod2 DIM:0
[21:39:19] [Server thread/WARN] [sim/]: FolkData:onUpdate() 昀然 訾 还在工作
[21:39:19] [Server thread/INFO] [sim/]: FolkData: GOTOXYZ() for 昀然 訾 to 26,237,33,0 - Method:container.sim.GotoMethod2 DIM:0
[21:39:19] [Server thread/INFO] [sim/]: FolkData: GOTOXYZ() for 昀然 訾 to 21,237,33,0 - Method:container.sim.GotoMethod2 DIM:0
[21:39:19] [Server thread/WARN] [sim/]: FolkData:onUpdate() 瑾泉 ，景 还在工作
[21:39:19] [Server thread/INFO] [sim/]: FolkData: GOTOXYZ() for 瑾泉 ，景 to 26,237,33,0 - Method:container.sim.GotoMethod2 DIM:0
[21:39:19] [Server thread/INFO] [sim/]: FolkData: GOTOXYZ() for 瑾泉 ，景 to 21,237,33,0 - Method:container.sim.GotoMethod2 DIM:0
[21:39:19] [Server thread/WARN] [sim/]: FolkData:onUpdate() 昀然 訾 还在工作
[21:39:19] [Server thread/INFO] [sim/]: FolkData: GOTOXYZ() for 昀然 訾 to 26,237,33,0 - Method:container.sim.GotoMethod2 DIM:0
[21:39:19] [Server thread/INFO] [sim/]: FolkData: GOTOXYZ() for 昀然 訾 to 21,237,33,0 - Method:container.sim.GotoMethod2 DIM:0
[21:39:19] [Server thread/WARN] [sim/]: FolkData:onUpdate() 瑾泉 ，景 还在工作
[21:39:19] [Server thread/INFO] [sim/]: FolkData: GOTOXYZ() for 瑾泉 ，景 to 26,237,33,0 - Method:container.sim.GotoMethod2 DIM:0
[21:39:19] [Server thread/INFO] [sim/]: FolkData: GOTOXYZ() for 瑾泉 ，景 to 21,237,33,0 - Method:container.sim.GotoMethod2 DIM:0
[21:39:19] [Server thread/WARN] [sim/]: FolkData:onUpdate() 昀然 訾 还在工作
[21:39:19] [Server thread/INFO] [sim/]: FolkData: GOTOXYZ() for 昀然 訾 to 26,237,33,0 - Method:container.sim.GotoMethod2 DIM:0
[21:39:19] [Server thread/INFO] [sim/]: FolkData: GOTOXYZ() for 昀然 訾 to 21,237,33,0 - Method:container.sim.GotoMethod2 DIM:0
[21:39:19] [Server thread/WARN] [sim/]: FolkData:onUpdate() 瑾泉 ，景 还在工作
[21:39:19] [Server thread/INFO] [sim/]: FolkData: GOTOXYZ() for 瑾泉 ，景 to 26,237,33,0 - Method:container.sim.GotoMethod2 DIM:0
[21:39:19] [Server thread/INFO] [sim/]: FolkData: GOTOXYZ() for 瑾泉 ，景 to 21,237,33,0 - Method:container.sim.GotoMethod2 DIM:0
[21:39:19] [Server thread/WARN] [sim/]: FolkData:onUpdate() 昀然 訾 还在工作
[21:39:19] [Server thread/INFO] [sim/]: FolkData: GOTOXYZ() for 昀然 訾 to 26,237,33,0 - Method:container.sim.GotoMethod2 DIM:0
[21:39:19] [Server thread/INFO] [sim/]: FolkData: GOTOXYZ() for 昀然 訾 to 21,237,33,0 - Method:container.sim.GotoMethod2 DIM:0
[21:39:19] [Server thread/WARN] [sim/]: FolkData:onUpdate() 瑾泉 ，景 还在工作
[21:39:19] [Server thread/INFO] [sim/]: FolkData: GOTOXYZ() for 瑾泉 ，景 to 26,237,33,0 - Method:container.sim.GotoMethod2 DIM:0
[21:39:19] [Server thread/INFO] [sim/]: FolkData: GOTOXYZ() for 瑾泉 ，景 to 21,237,33,0 - Method:container.sim.GotoMethod2 DIM:0
[21:39:19] [Server thread/WARN] [sim/]: FolkData:onUpdate() 昀然 訾 还在工作
[21:39:19] [Server thread/INFO] [sim/]: FolkData: GOTOXYZ() for 昀然 訾 to 26,237,33,0 - Method:container.sim.GotoMethod2 DIM:0
[21:39:19] [Server thread/INFO] [sim/]: FolkData: GOTOXYZ() for 昀然 訾 to 21,237,33,0 - Method:container.sim.GotoMethod2 DIM:0
[21:39:19] [Server thread/WARN] [sim/]: FolkData:onUpdate() 瑾泉 ，景 还在工作
[21:39:19] [Server thread/INFO] [sim/]: FolkData: GOTOXYZ() for 瑾泉 ，景 to 26,237,33,0 - Method:container.sim.GotoMethod2 DIM:0
[21:39:19] [Server thread/INFO] [sim/]: FolkData: GOTOXYZ() for 瑾泉 ，景 to 21,237,33,0 - Method:container.sim.GotoMethod2 DIM:0
[21:39:19] [Server thread/WARN] [sim/]: FolkData:onUpdate() 昀然 訾 还在工作
[21:39:19] [Server thread/INFO] [sim/]: FolkData: GOTOXYZ() for 昀然 訾 to 26,237,33,0 - Method:container.sim.GotoMethod2 DIM:0
[21:39:19] [Server thread/INFO] [sim/]: FolkData: GOTOXYZ() for 昀然 訾 to 21,237,33,0 - Method:container.sim.GotoMethod2 DIM:0
[21:39:19] [Server thread/WARN] [sim/]: FolkData:onUpdate() 瑾泉 ，景 还在工作
[21:39:19] [Server thread/INFO] [sim/]: FolkData: GOTOXYZ() for 瑾泉 ，景 to 26,237,33,0 - Method:container.sim.GotoMethod2 DIM:0
[21:39:19] [Server thread/INFO] [sim/]: FolkData: GOTOXYZ() for 瑾泉 ，景 to 21,237,33,0 - Method:container.sim.GotoMethod2 DIM:0
[21:39:19] [Server thread/WARN] [sim/]: FolkData:onUpdate() 昀然 訾 还在工作
[21:39:19] [Server thread/INFO] [sim/]: FolkData: GOTOXYZ() for 昀然 訾 to 26,237,33,0 - Method:container.sim.GotoMethod2 DIM:0
[21:39:19] [Server thread/INFO] [sim/]: FolkData: GOTOXYZ() for 昀然 訾 to 21,237,33,0 - Method:container.sim.GotoMethod2 DIM:0
[21:39:19] [Server thread/WARN] [sim/]: FolkData:onUpdate() 瑾泉 ，景 还在工作
[21:39:19] [Server thread/INFO] [sim/]: FolkData: GOTOXYZ() for 瑾泉 ，景 to 26,237,33,0 - Method:container.sim.GotoMethod2 DIM:0
[21:39:19] [Server thread/INFO] [sim/]: FolkData: GOTOXYZ() for 瑾泉 ，景 to 21,237,33,0 - Method:container.sim.GotoMethod2 DIM:0
[21:39:19] [Server thread/WARN] [sim/]: FolkData:onUpdate() 昀然 訾 还在工作
[21:39:19] [Server thread/INFO] [sim/]: FolkData: GOTOXYZ() for 昀然 訾 to 26,237,33,0 - Method:container.sim.GotoMethod2 DIM:0
[21:39:19] [Server thread/INFO] [sim/]: FolkData: GOTOXYZ() for 昀然 訾 to 21,237,33,0 - Method:container.sim.GotoMethod2 DIM:0
[21:39:19] [Server thread/WARN] [sim/]: FolkData:onUpdate() 瑾泉 ，景 还在工作
[21:39:19] [Server thread/INFO] [sim/]: FolkData: GOTOXYZ() for 瑾泉 ，景 to 26,237,33,0 - Method:container.sim.GotoMethod2 DIM:0
[21:39:19] [Server thread/INFO] [sim/]: FolkData: GOTOXYZ() for 瑾泉 ，景 to 21,237,33,0 - Method:container.sim.GotoMethod2 DIM:0
[21:39:19] [Server thread/WARN] [sim/]: FolkData:onUpdate() 昀然 訾 还在工作
[21:39:19] [Server thread/INFO] [sim/]: FolkData: GOTOXYZ() for 昀然 訾 to 26,237,33,0 - Method:container.sim.GotoMethod2 DIM:0
[21:39:19] [Server thread/INFO] [sim/]: FolkData: GOTOXYZ() for 昀然 訾 to 21,237,33,0 - Method:container.sim.GotoMethod2 DIM:0
[21:39:19] [Server thread/WARN] [sim/]: FolkData:onUpdate() 瑾泉 ，景 还在工作
[21:39:19] [Server thread/INFO] [sim/]: FolkData: GOTOXYZ() for 瑾泉 ，景 to 26,237,33,0 - Method:container.sim.GotoMethod2 DIM:0
[21:39:19] [Server thread/INFO] [sim/]: FolkData: GOTOXYZ() for 瑾泉 ，景 to 21,237,33,0 - Method:container.sim.GotoMethod2 DIM:0
[21:39:19] [Server thread/WARN] [sim/]: FolkData:onUpdate() 昀然 訾 还在工作
[21:39:19] [Server thread/INFO] [sim/]: FolkData: GOTOXYZ() for 昀然 訾 to 26,237,33,0 - Method:container.sim.GotoMethod2 DIM:0
[21:39:19] [Server thread/INFO] [sim/]: FolkData: GOTOXYZ() for 昀然 訾 to 21,237,33,0 - Method:container.sim.GotoMethod2 DIM:0
[21:39:19] [Server thread/WARN] [sim/]: FolkData:onUpdate() 瑾泉 ，景 还在工作
[21:39:19] [Server thread/INFO] [sim/]: FolkData: GOTOXYZ() for 瑾泉 ，景 to 26,237,33,0 - Method:container.sim.GotoMethod2 DIM:0
[21:39:19] [Server thread/INFO] [sim/]: FolkData: GOTOXYZ() for 瑾泉 ，景 to 21,237,33,0 - Method:container.sim.GotoMethod2 DIM:0
[21:39:19] [Server thread/WARN] [sim/]: FolkData:onUpdate() 昀然 訾 还在工作
[21:39:19] [Server thread/INFO] [sim/]: FolkData: GOTOXYZ() for 昀然 訾 to 26,237,33,0 - Method:container.sim.GotoMethod2 DIM:0
[21:39:19] [Server thread/INFO] [sim/]: FolkData: GOTOXYZ() for 昀然 訾 to 21,237,33,0 - Method:container.sim.GotoMethod2 DIM:0
[21:39:19] [Server thread/WARN] [sim/]: FolkData:onUpdate() 瑾泉 ，景 还在工作
[21:39:19] [Server thread/INFO] [sim/]: FolkData: GOTOXYZ() for 瑾泉 ，景 to 26,237,33,0 - Method:container.sim.GotoMethod2 DIM:0
[21:39:19] [Server thread/INFO] [sim/]: FolkData: GOTOXYZ() for 瑾泉 ，景 to 21,237,33,0 - Method:container.sim.GotoMethod2 DIM:0
[21:39:19] [Server thread/WARN] [sim/]: FolkData:onUpdate() 昀然 訾 还在工作
[21:39:19] [Server thread/INFO] [sim/]: FolkData: GOTOXYZ() for 昀然 訾 to 26,237,33,0 - Method:container.sim.GotoMethod2 DIM:0
[21:39:19] [Server thread/INFO] [sim/]: FolkData: GOTOXYZ() for 昀然 訾 to 21,237,33,0 - Method:container.sim.GotoMethod2 DIM:0
[21:39:19] [Server thread/WARN] [sim/]: FolkData:onUpdate() 瑾泉 ，景 还在工作
[21:39:19] [Server thread/INFO] [sim/]: FolkData: GOTOXYZ() for 瑾泉 ，景 to 26,237,33,0 - Method:container.sim.GotoMethod2 DIM:0
[21:39:19] [Server thread/INFO] [sim/]: FolkData: GOTOXYZ() for 瑾泉 ，景 to 21,237,33,0 - Method:container.sim.GotoMethod2 DIM:0
[21:39:19] [Server thread/WARN] [sim/]: FolkData:onUpdate() 昀然 訾 还在工作
[21:39:19] [Server thread/INFO] [sim/]: FolkData: GOTOXYZ() for 昀然 訾 to 26,237,33,0 - Method:container.sim.GotoMethod2 DIM:0
[21:39:19] [Server thread/INFO] [sim/]: FolkData: GOTOXYZ() for 昀然 訾 to 21,237,33,0 - Method:container.sim.GotoMethod2 DIM:0
[21:39:19] [Server thread/WARN] [sim/]: FolkData:onUpdate() 瑾泉 ，景 还在工作
[21:39:19] [Server thread/INFO] [sim/]: FolkData: GOTOXYZ() for 瑾泉 ，景 to 26,237,33,0 - Method:container.sim.GotoMethod2 DIM:0
[21:39:19] [Server thread/INFO] [sim/]: FolkData: GOTOXYZ() for 瑾泉 ，景 to 21,237,33,0 - Method:container.sim.GotoMethod2 DIM:0
[21:39:19] [Server thread/WARN] [sim/]: FolkData:onUpdate() 昀然 訾 还在工作
[21:39:19] [Server thread/INFO] [sim/]: FolkData: GOTOXYZ() for 昀然 訾 to 26,237,33,0 - Method:container.sim.GotoMethod2 DIM:0
[21:39:19] [Server thread/INFO] [sim/]: FolkData: GOTOXYZ() for 昀然 訾 to 21,237,33,0 - Method:container.sim.GotoMethod2 DIM:0
[21:39:19] [Server thread/WARN] [sim/]: FolkData:onUpdate() 瑾泉 ，景 还在工作
[21:39:19] [Server thread/INFO] [sim/]: FolkData: GOTOXYZ() for 瑾泉 ，景 to 26,237,33,0 - Method:container.sim.GotoMethod2 DIM:0
[21:39:19] [Server thread/INFO] [sim/]: FolkData: GOTOXYZ() for 瑾泉 ，景 to 21,237,33,0 - Method:container.sim.GotoMethod2 DIM:0
[21:39:19] [Server thread/WARN] [sim/]: FolkData:onUpdate() 昀然 訾 还在工作
[21:39:19] [Server thread/INFO] [sim/]: FolkData: GOTOXYZ() for 昀然 訾 to 26,237,33,0 - Method:container.sim.GotoMethod2 DIM:0
[21:39:19] [Server thread/INFO] [sim/]: FolkData: GOTOXYZ() for 昀然 訾 to 21,237,33,0 - Method:container.sim.GotoMethod2 DIM:0
[21:39:19] [Server thread/WARN] [sim/]: FolkData:onUpdate() 瑾泉 ，景 还在工作
[21:39:19] [Server thread/INFO] [sim/]: FolkData: GOTOXYZ() for 瑾泉 ，景 to 26,237,33,0 - Method:container.sim.GotoMethod2 DIM:0
[21:39:19] [Server thread/INFO] [sim/]: FolkData: GOTOXYZ() for 瑾泉 ，景 to 21,237,33,0 - Method:container.sim.GotoMethod2 DIM:0
[21:39:19] [Server thread/WARN] [sim/]: FolkData:onUpdate() 昀然 訾 还在工作
[21:39:19] [Server thread/INFO] [sim/]: FolkData: GOTOXYZ() for 昀然 訾 to 26,237,33,0 - Method:container.sim.GotoMethod2 DIM:0
[21:39:19] [Server thread/INFO] [sim/]: FolkData: GOTOXYZ() for 昀然 訾 to 21,237,33,0 - Method:container.sim.GotoMethod2 DIM:0
[21:39:19] [Server thread/WARN] [sim/]: FolkData:onUpdate() 瑾泉 ，景 还在工作
[21:39:19] [Server thread/INFO] [sim/]: FolkData: GOTOXYZ() for 瑾泉 ，景 to 26,237,33,0 - Method:container.sim.GotoMethod2 DIM:0
[21:39:19] [Server thread/INFO] [sim/]: FolkData: GOTOXYZ() for 瑾泉 ，景 to 21,237,33,0 - Method:container.sim.GotoMethod2 DIM:0
[21:39:19] [Server thread/WARN] [sim/]: FolkData:onUpdate() 昀然 訾 还在工作
[21:39:19] [Server thread/INFO] [sim/]: FolkData: GOTOXYZ() for 昀然 訾 to 26,237,33,0 - Method:container.sim.GotoMethod2 DIM:0
[21:39:19] [Server thread/INFO] [sim/]: FolkData: GOTOXYZ() for 昀然 訾 to 21,237,33,0 - Method:container.sim.GotoMethod2 DIM:0
[21:39:19] [Server thread/WARN] [sim/]: FolkData:onUpdate() 瑾泉 ，景 还在工作
[21:39:19] [Server thread/INFO] [sim/]: FolkData: GOTOXYZ() for 瑾泉 ，景 to 26,237,33,0 - Method:container.sim.GotoMethod2 DIM:0
[21:39:19] [Server thread/INFO] [sim/]: FolkData: GOTOXYZ() for 瑾泉 ，景 to 21,237,33,0 - Method:container.sim.GotoMethod2 DIM:0
[21:39:19] [Server thread/WARN] [sim/]: FolkData:onUpdate() 昀然 訾 还在工作
[21:39:19] [Server thread/INFO] [sim/]: FolkData: GOTOXYZ() for 昀然 訾 to 26,237,33,0 - Method:container.sim.GotoMethod2 DIM:0
[21:39:19] [Server thread/INFO] [sim/]: FolkData: GOTOXYZ() for 昀然 訾 to 21,237,33,0 - Method:container.sim.GotoMethod2 DIM:0
[21:39:19] [Server thread/WARN] [sim/]: FolkData:onUpdate() 瑾泉 ，景 还在工作
[21:39:19] [Server thread/INFO] [sim/]: FolkData: GOTOXYZ() for 瑾泉 ，景 to 26,237,33,0 - Method:container.sim.GotoMethod2 DIM:0
[21:39:19] [Server thread/INFO] [sim/]: FolkData: GOTOXYZ() for 瑾泉 ，景 to 21,237,33,0 - Method:container.sim.GotoMethod2 DIM:0
[21:39:19] [Server thread/WARN] [sim/]: FolkData:onUpdate() 昀然 訾 还在工作
[21:39:19] [Server thread/INFO] [sim/]: FolkData: GOTOXYZ() for 昀然 訾 to 26,237,33,0 - Method:container.sim.GotoMethod2 DIM:0
[21:39:19] [Server thread/INFO] [sim/]: FolkData: GOTOXYZ() for 昀然 訾 to 21,237,33,0 - Method:container.sim.GotoMethod2 DIM:0
[21:39:19] [Server thread/WARN] [sim/]: FolkData:onUpdate() 瑾泉 ，景 还在工作
[21:39:19] [Server thread/INFO] [sim/]: FolkData: GOTOXYZ() for 瑾泉 ，景 to 26,237,33,0 - Method:container.sim.GotoMethod2 DIM:0
[21:39:19] [Server thread/INFO] [sim/]: FolkData: GOTOXYZ() for 瑾泉 ，景 to 21,237,33,0 - Method:container.sim.GotoMethod2 DIM:0
[21:39:19] [Server thread/WARN] [sim/]: FolkData:onUpdate() 昀然 訾 还在工作
[21:39:19] [Server thread/INFO] [sim/]: FolkData: GOTOXYZ() for 昀然 訾 to 26,237,33,0 - Method:container.sim.GotoMethod2 DIM:0
[21:39:19] [Server thread/INFO] [sim/]: FolkData: GOTOXYZ() for 昀然 訾 to 21,237,33,0 - Method:container.sim.GotoMethod2 DIM:0
[21:39:19] [Server thread/WARN] [sim/]: FolkData:onUpdate() 瑾泉 ，景 还在工作
[21:39:19] [Server thread/INFO] [sim/]: FolkData: GOTOXYZ() for 瑾泉 ，景 to 26,237,33,0 - Method:container.sim.GotoMethod2 DIM:0
[21:39:19] [Server thread/INFO] [sim/]: FolkData: GOTOXYZ() for 瑾泉 ，景 to 21,237,33,0 - Method:container.sim.GotoMethod2 DIM:0
[21:39:19] [Server thread/WARN] [sim/]: FolkData:onUpdate() 昀然 訾 还在工作
[21:39:19] [Server thread/INFO] [sim/]: FolkData: GOTOXYZ() for 昀然 訾 to 26,237,33,0 - Method:container.sim.GotoMethod2 DIM:0
[21:39:19] [Server thread/INFO] [sim/]: FolkData: GOTOXYZ() for 昀然 訾 to 21,237,33,0 - Method:container.sim.GotoMethod2 DIM:0
[21:39:19] [Server thread/WARN] [sim/]: FolkData:onUpdate() 瑾泉 ，景 还在工作
[21:39:19] [Server thread/INFO] [sim/]: FolkData: GOTOXYZ() for 瑾泉 ，景 to 26,237,33,0 - Method:container.sim.GotoMethod2 DIM:0
[21:39:19] [Server thread/INFO] [sim/]: FolkData: GOTOXYZ() for 瑾泉 ，景 to 21,237,33,0 - Method:container.sim.GotoMethod2 DIM:0
[21:39:19] [Server thread/WARN] [sim/]: FolkData:onUpdate() 昀然 訾 还在工作
[21:39:19] [Server thread/INFO] [sim/]: FolkData: GOTOXYZ() for 昀然 訾 to 26,237,33,0 - Method:container.sim.GotoMethod2 DIM:0
[21:39:19] [Server thread/INFO] [sim/]: FolkData: GOTOXYZ() for 昀然 訾 to 21,237,33,0 - Method:container.sim.GotoMethod2 DIM:0
[21:39:19] [Server thread/WARN] [sim/]: FolkData:onUpdate() 瑾泉 ，景 还在工作
[21:39:19] [Server thread/INFO] [sim/]: FolkData: GOTOXYZ() for 瑾泉 ，景 to 26,237,33,0 - Method:container.sim.GotoMethod2 DIM:0
[21:39:19] [Server thread/INFO] [sim/]: FolkData: GOTOXYZ() for 瑾泉 ，景 to 21,237,33,0 - Method:container.sim.GotoMethod2 DIM:0
[21:39:19] [Server thread/WARN] [sim/]: FolkData:onUpdate() 昀然 訾 还在工作
[21:39:19] [Server thread/INFO] [sim/]: FolkData: GOTOXYZ() for 昀然 訾 to 26,237,33,0 - Method:container.sim.GotoMethod2 DIM:0
[21:39:19] [Server thread/INFO] [sim/]: FolkData: GOTOXYZ() for 昀然 訾 to 21,237,33,0 - Method:container.sim.GotoMethod2 DIM:0
[21:39:19] [Server thread/WARN] [sim/]: FolkData:onUpdate() 瑾泉 ，景 还在工作
[21:39:19] [Server thread/INFO] [sim/]: FolkData: GOTOXYZ() for 瑾泉 ，景 to 26,237,33,0 - Method:container.sim.GotoMethod2 DIM:0
[21:39:19] [Server thread/INFO] [sim/]: FolkData: GOTOXYZ() for 瑾泉 ，景 to 21,237,33,0 - Method:container.sim.GotoMethod2 DIM:0
[21:39:19] [Server thread/WARN] [sim/]: FolkData:onUpdate() 昀然 訾 还在工作
[21:39:19] [Server thread/INFO] [sim/]: FolkData: GOTOXYZ() for 昀然 訾 to 26,237,33,0 - Method:container.sim.GotoMethod2 DIM:0
[21:39:19] [Server thread/INFO] [sim/]: FolkData: GOTOXYZ() for 昀然 訾 to 21,237,33,0 - Method:container.sim.GotoMethod2 DIM:0
[21:39:19] [Server thread/WARN] [sim/]: FolkData:onUpdate() 瑾泉 ，景 还在工作
[21:39:19] [Server thread/INFO] [sim/]: FolkData: GOTOXYZ() for 瑾泉 ，景 to 26,237,33,0 - Method:container.sim.GotoMethod2 DIM:0
[21:39:19] [Server thread/INFO] [sim/]: FolkData: GOTOXYZ() for 瑾泉 ，景 to 21,237,33,0 - Method:container.sim.GotoMethod2 DIM:0
[21:39:19] [Server thread/WARN] [sim/]: FolkData:onUpdate() 昀然 訾 还在工作
[21:39:19] [Server thread/INFO] [sim/]: FolkData: GOTOXYZ() for 昀然 訾 to 26,237,33,0 - Method:container.sim.GotoMethod2 DIM:0
[21:39:19] [Server thread/INFO] [sim/]: FolkData: GOTOXYZ() for 昀然 訾 to 21,237,33,0 - Method:container.sim.GotoMethod2 DIM:0
[21:39:19] [Server thread/WARN] [sim/]: FolkData:onUpdate() 瑾泉 ，景 还在工作
[21:39:19] [Server thread/INFO] [sim/]: FolkData: GOTOXYZ() for 瑾泉 ，景 to 26,237,33,0 - Method:container.sim.GotoMethod2 DIM:0
[21:39:19] [Server thread/INFO] [sim/]: FolkData: GOTOXYZ() for 瑾泉 ，景 to 21,237,33,0 - Method:container.sim.GotoMethod2 DIM:0
[21:39:19] [Server thread/WARN] [sim/]: FolkData:onUpdate() 昀然 訾 还在工作
[21:39:19] [Server thread/INFO] [sim/]: FolkData: GOTOXYZ() for 昀然 訾 to 26,237,33,0 - Method:container.sim.GotoMethod2 DIM:0
[21:39:19] [Server thread/INFO] [sim/]: FolkData: GOTOXYZ() for 昀然 訾 to 21,237,33,0 - Method:container.sim.GotoMethod2 DIM:0
[21:39:19] [Server thread/WARN] [sim/]: FolkData:onUpdate() 瑾泉 ，景 还在工作
[21:39:19] [Server thread/INFO] [sim/]: FolkData: GOTOXYZ() for 瑾泉 ，景 to 26,237,33,0 - Method:container.sim.GotoMethod2 DIM:0
[21:39:19] [Server thread/INFO] [sim/]: FolkData: GOTOXYZ() for 瑾泉 ，景 to 21,237,33,0 - Method:container.sim.GotoMethod2 DIM:0
[21:39:19] [Server thread/WARN] [sim/]: FolkData:onUpdate() 昀然 訾 还在工作
[21:39:19] [Server thread/INFO] [sim/]: FolkData: GOTOXYZ() for 昀然 訾 to 26,237,33,0 - Method:container.sim.GotoMethod2 DIM:0
[21:39:19] [Server thread/INFO] [sim/]: FolkData: GOTOXYZ() for 昀然 訾 to 21,237,33,0 - Method:container.sim.GotoMethod2 DIM:0
[21:39:19] [Server thread/WARN] [sim/]: FolkData:onUpdate() 瑾泉 ，景 还在工作
[21:39:19] [Server thread/INFO] [sim/]: FolkData: GOTOXYZ() for 瑾泉 ，景 to 26,237,33,0 - Method:container.sim.GotoMethod2 DIM:0
[21:39:19] [Server thread/INFO] [sim/]: FolkData: GOTOXYZ() for 瑾泉 ，景 to 21,237,33,0 - Method:container.sim.GotoMethod2 DIM:0
[21:39:19] [Server thread/WARN] [sim/]: FolkData:onUpdate() 昀然 訾 还在工作
[21:39:19] [Server thread/INFO] [sim/]: FolkData: GOTOXYZ() for 昀然 訾 to 26,237,33,0 - Method:container.sim.GotoMethod2 DIM:0
[21:39:19] [Server thread/INFO] [sim/]: FolkData: GOTOXYZ() for 昀然 訾 to 21,237,33,0 - Method:container.sim.GotoMethod2 DIM:0
[21:39:19] [Server thread/WARN] [sim/]: FolkData:onUpdate() 瑾泉 ，景 还在工作
[21:39:19] [Server thread/INFO] [sim/]: FolkData: GOTOXYZ() for 瑾泉 ，景 to 26,237,33,0 - Method:container.sim.GotoMethod2 DIM:0
[21:39:19] [Server thread/INFO] [sim/]: FolkData: GOTOXYZ() for 瑾泉 ，景 to 21,237,33,0 - Method:container.sim.GotoMethod2 DIM:0
[21:39:19] [Server thread/WARN] [sim/]: FolkData:onUpdate() 昀然 訾 还在工作
[21:39:19] [Server thread/INFO] [sim/]: FolkData: GOTOXYZ() for 昀然 訾 to 26,237,33,0 - Method:container.sim.GotoMethod2 DIM:0
[21:39:19] [Server thread/INFO] [sim/]: FolkData: GOTOXYZ() for 昀然 訾 to 21,237,33,0 - Method:container.sim.GotoMethod2 DIM:0
[21:39:19] [Server thread/WARN] [sim/]: FolkData:onUpdate() 瑾泉 ，景 还在工作
[21:39:19] [Server thread/INFO] [sim/]: FolkData: GOTOXYZ() for 瑾泉 ，景 to 26,237,33,0 - Method:container.sim.GotoMethod2 DIM:0
[21:39:19] [Server thread/INFO] [sim/]: FolkData: GOTOXYZ() for 瑾泉 ，景 to 21,237,33,0 - Method:container.sim.GotoMethod2 DIM:0
[21:39:19] [Server thread/WARN] [sim/]: FolkData:onUpdate() 昀然 訾 还在工作
[21:39:19] [Server thread/INFO] [sim/]: FolkData: GOTOXYZ() for 昀然 訾 to 26,237,33,0 - Method:container.sim.GotoMethod2 DIM:0
[21:39:19] [Server thread/INFO] [sim/]: FolkData: GOTOXYZ() for 昀然 訾 to 21,237,33,0 - Method:container.sim.GotoMethod2 DIM:0
[21:39:19] [Server thread/WARN] [sim/]: FolkData:onUpdate() 瑾泉 ，景 还在工作
[21:39:19] [Server thread/INFO] [sim/]: FolkData: GOTOXYZ() for 瑾泉 ，景 to 26,237,33,0 - Method:container.sim.GotoMethod2 DIM:0
[21:39:19] [Server thread/INFO] [sim/]: FolkData: GOTOXYZ() for 瑾泉 ，景 to 21,237,33,0 - Method:container.sim.GotoMethod2 DIM:0
[21:39:19] [Server thread/WARN] [sim/]: FolkData:onUpdate() 昀然 訾 还在工作
[21:39:19] [Server thread/INFO] [sim/]: FolkData: GOTOXYZ() for 昀然 訾 to 26,237,33,0 - Method:container.sim.GotoMethod2 DIM:0
[21:39:19] [Server thread/INFO] [sim/]: FolkData: GOTOXYZ() for 昀然 訾 to 21,237,33,0 - Method:container.sim.GotoMethod2 DIM:0
[21:39:19] [Server thread/WARN] [sim/]: FolkData:onUpdate() 瑾泉 ，景 还在工作
[21:39:19] [Server thread/INFO] [sim/]: FolkData: GOTOXYZ() for 瑾泉 ，景 to 26,237,33,0 - Method:container.sim.GotoMethod2 DIM:0
[21:39:19] [Server thread/INFO] [sim/]: FolkData: GOTOXYZ() for 瑾泉 ，景 to 21,237,33,0 - Method:container.sim.GotoMethod2 DIM:0
[21:39:19] [Server thread/WARN] [sim/]: FolkData:onUpdate() 昀然 訾 还在工作
[21:39:19] [Server thread/INFO] [sim/]: FolkData: GOTOXYZ() for 昀然 訾 to 26,237,33,0 - Method:container.sim.GotoMethod2 DIM:0
[21:39:19] [Server thread/INFO] [sim/]: FolkData: GOTOXYZ() for 昀然 訾 to 21,237,33,0 - Method:container.sim.GotoMethod2 DIM:0
[21:39:19] [Server thread/WARN] [sim/]: FolkData:onUpdate() 瑾泉 ，景 还在工作
[21:39:19] [Server thread/INFO] [sim/]: FolkData: GOTOXYZ() for 瑾泉 ，景 to 26,237,33,0 - Method:container.sim.GotoMethod2 DIM:0
[21:39:19] [Server thread/INFO] [sim/]: FolkData: GOTOXYZ() for 瑾泉 ，景 to 21,237,33,0 - Method:container.sim.GotoMethod2 DIM:0
[21:39:19] [Server thread/WARN] [sim/]: FolkData:onUpdate() 昀然 訾 还在工作
[21:39:19] [Server thread/INFO] [sim/]: FolkData: GOTOXYZ() for 昀然 訾 to 26,237,33,0 - Method:container.sim.GotoMethod2 DIM:0
[21:39:19] [Server thread/INFO] [sim/]: FolkData: GOTOXYZ() for 昀然 訾 to 21,237,33,0 - Method:container.sim.GotoMethod2 DIM:0
[21:39:19] [Server thread/WARN] [sim/]: FolkData:onUpdate() 瑾泉 ，景 还在工作
[21:39:19] [Server thread/INFO] [sim/]: FolkData: GOTOXYZ() for 瑾泉 ，景 to 26,237,33,0 - Method:container.sim.GotoMethod2 DIM:0
[21:39:19] [Server thread/INFO] [sim/]: FolkData: GOTOXYZ() for 瑾泉 ，景 to 21,237,33,0 - Method:container.sim.GotoMethod2 DIM:0
[21:39:19] [Server thread/WARN] [sim/]: FolkData:onUpdate() 昀然 訾 还在工作
[21:39:19] [Server thread/INFO] [sim/]: FolkData: GOTOXYZ() for 昀然 訾 to 26,237,33,0 - Method:container.sim.GotoMethod2 DIM:0
[21:39:19] [Server thread/INFO] [sim/]: FolkData: GOTOXYZ() for 昀然 訾 to 21,237,33,0 - Method:container.sim.GotoMethod2 DIM:0
[21:39:19] [Server thread/WARN] [sim/]: FolkData:onUpdate() 瑾泉 ，景 还在工作
[21:39:19] [Server thread/INFO] [sim/]: FolkData: GOTOXYZ() for 瑾泉 ，景 to 26,237,33,0 - Method:container.sim.GotoMethod2 DIM:0
[21:39:19] [Server thread/INFO] [sim/]: FolkData: GOTOXYZ() for 瑾泉 ，景 to 21,237,33,0 - Method:container.sim.GotoMethod2 DIM:0
[21:39:19] [Server thread/WARN] [sim/]: FolkData:onUpdate() 昀然 訾 还在工作
[21:39:19] [Server thread/INFO] [sim/]: FolkData: GOTOXYZ() for 昀然 訾 to 26,237,33,0 - Method:container.sim.GotoMethod2 DIM:0
[21:39:19] [Server thread/INFO] [sim/]: FolkData: GOTOXYZ() for 昀然 訾 to 21,237,33,0 - Method:container.sim.GotoMethod2 DIM:0
[21:39:19] [Server thread/WARN] [sim/]: FolkData:onUpdate() 瑾泉 ，景 还在工作
[21:39:19] [Server thread/INFO] [sim/]: FolkData: GOTOXYZ() for 瑾泉 ，景 to 26,237,33,0 - Method:container.sim.GotoMethod2 DIM:0
[21:39:19] [Server thread/INFO] [sim/]: FolkData: GOTOXYZ() for 瑾泉 ，景 to 21,237,33,0 - Method:container.sim.GotoMethod2 DIM:0
[21:39:19] [Server thread/WARN] [sim/]: FolkData:onUpdate() 昀然 訾 还在工作
[21:39:19] [Server thread/INFO] [sim/]: FolkData: GOTOXYZ() for 昀然 訾 to 26,237,33,0 - Method:container.sim.GotoMethod2 DIM:0
[21:39:19] [Server thread/INFO] [sim/]: FolkData: GOTOXYZ() for 昀然 訾 to 21,237,33,0 - Method:container.sim.GotoMethod2 DIM:0
[21:39:19] [Server thread/WARN] [sim/]: FolkData:onUpdate() 瑾泉 ，景 还在工作
[21:39:19] [Server thread/INFO] [sim/]: FolkData: GOTOXYZ() for 瑾泉 ，景 to 26,237,33,0 - Method:container.sim.GotoMethod2 DIM:0
[21:39:19] [Server thread/INFO] [sim/]: FolkData: GOTOXYZ() for 瑾泉 ，景 to 21,237,33,0 - Method:container.sim.GotoMethod2 DIM:0
[21:39:19] [Server thread/WARN] [sim/]: FolkData:onUpdate() 昀然 訾 还在工作
[21:39:19] [Server thread/INFO] [sim/]: FolkData: GOTOXYZ() for 昀然 訾 to 26,237,33,0 - Method:container.sim.GotoMethod2 DIM:0
[21:39:19] [Server thread/INFO] [sim/]: FolkData: GOTOXYZ() for 昀然 訾 to 21,237,33,0 - Method:container.sim.GotoMethod2 DIM:0
[21:39:19] [Server thread/WARN] [sim/]: FolkData:onUpdate() 瑾泉 ，景 还在工作
[21:39:19] [Server thread/INFO] [sim/]: FolkData: GOTOXYZ() for 瑾泉 ，景 to 26,237,33,0 - Method:container.sim.GotoMethod2 DIM:0
[21:39:19] [Server thread/INFO] [sim/]: FolkData: GOTOXYZ() for 瑾泉 ，景 to 21,237,33,0 - Method:container.sim.GotoMethod2 DIM:0
[21:39:19] [Server thread/WARN] [sim/]: FolkData:onUpdate() 昀然 訾 还在工作
[21:39:19] [Server thread/INFO] [sim/]: FolkData: GOTOXYZ() for 昀然 訾 to 26,237,33,0 - Method:container.sim.GotoMethod2 DIM:0
[21:39:19] [Server thread/INFO] [sim/]: FolkData: GOTOXYZ() for 昀然 訾 to 21,237,33,0 - Method:container.sim.GotoMethod2 DIM:0
[21:39:19] [Server thread/WARN] [sim/]: FolkData:onUpdate() 瑾泉 ，景 还在工作
[21:39:19] [Server thread/INFO] [sim/]: FolkData: GOTOXYZ() for 瑾泉 ，景 to 26,237,33,0 - Method:container.sim.GotoMethod2 DIM:0
[21:39:19] [Server thread/INFO] [sim/]: FolkData: GOTOXYZ() for 瑾泉 ，景 to 21,237,33,0 - Method:container.sim.GotoMethod2 DIM:0
[21:39:19] [Server thread/WARN] [sim/]: FolkData:onUpdate() 昀然 訾 还在工作
[21:39:19] [Server thread/INFO] [sim/]: FolkData: GOTOXYZ() for 昀然 訾 to 26,237,33,0 - Method:container.sim.GotoMethod2 DIM:0
[21:39:19] [Server thread/INFO] [sim/]: FolkData: GOTOXYZ() for 昀然 訾 to 21,237,33,0 - Method:container.sim.GotoMethod2 DIM:0
[21:39:19] [Server thread/WARN] [sim/]: FolkData:onUpdate() 瑾泉 ，景 还在工作
[21:39:19] [Server thread/INFO] [sim/]: FolkData: GOTOXYZ() for 瑾泉 ，景 to 26,237,33,0 - Method:container.sim.GotoMethod2 DIM:0
[21:39:19] [Server thread/INFO] [sim/]: FolkData: GOTOXYZ() for 瑾泉 ，景 to 21,237,33,0 - Method:container.sim.GotoMethod2 DIM:0
[21:39:19] [Server thread/WARN] [sim/]: FolkData:onUpdate() 昀然 訾 还在工作
[21:39:19] [Server thread/INFO] [sim/]: FolkData: GOTOXYZ() for 昀然 訾 to 26,237,33,0 - Method:container.sim.GotoMethod2 DIM:0
[21:39:19] [Server thread/INFO] [sim/]: FolkData: GOTOXYZ() for 昀然 訾 to 21,237,33,0 - Method:container.sim.GotoMethod2 DIM:0
[21:39:19] [Server thread/WARN] [sim/]: FolkData:onUpdate() 瑾泉 ，景 还在工作
[21:39:19] [Server thread/INFO] [sim/]: FolkData: GOTOXYZ() for 瑾泉 ，景 to 26,237,33,0 - Method:container.sim.GotoMethod2 DIM:0
[21:39:19] [Server thread/INFO] [sim/]: FolkData: GOTOXYZ() for 瑾泉 ，景 to 21,237,33,0 - Method:container.sim.GotoMethod2 DIM:0
[21:39:19] [Server thread/WARN] [sim/]: FolkData:onUpdate() 昀然 訾 还在工作
[21:39:19] [Server thread/INFO] [sim/]: FolkData: GOTOXYZ() for 昀然 訾 to 26,237,33,0 - Method:container.sim.GotoMethod2 DIM:0
[21:39:19] [Server thread/INFO] [sim/]: FolkData: GOTOXYZ() for 昀然 訾 to 21,237,33,0 - Method:container.sim.GotoMethod2 DIM:0
[21:39:19] [Server thread/WARN] [sim/]: FolkData:onUpdate() 瑾泉 ，景 还在工作
[21:39:19] [Server thread/INFO] [sim/]: FolkData: GOTOXYZ() for 瑾泉 ，景 to 26,237,33,0 - Method:container.sim.GotoMethod2 DIM:0
[21:39:19] [Server thread/INFO] [sim/]: FolkData: GOTOXYZ() for 瑾泉 ，景 to 21,237,33,0 - Method:container.sim.GotoMethod2 DIM:0
[21:39:19] [Server thread/WARN] [sim/]: FolkData:onUpdate() 昀然 訾 还在工作
[21:39:19] [Server thread/INFO] [sim/]: FolkData: GOTOXYZ() for 昀然 訾 to 26,237,33,0 - Method:container.sim.GotoMethod2 DIM:0
[21:39:19] [Server thread/INFO] [sim/]: FolkData: GOTOXYZ() for 昀然 訾 to 21,237,33,0 - Method:container.sim.GotoMethod2 DIM:0
[21:39:19] [Server thread/WARN] [sim/]: FolkData:onUpdate() 瑾泉 ，景 还在工作
[21:39:19] [Server thread/INFO] [sim/]: FolkData: GOTOXYZ() for 瑾泉 ，景 to 26,237,33,0 - Method:container.sim.GotoMethod2 DIM:0
[21:39:19] [Server thread/INFO] [sim/]: FolkData: GOTOXYZ() for 瑾泉 ，景 to 21,237,33,0 - Method:container.sim.GotoMethod2 DIM:0
[21:39:19] [Server thread/WARN] [sim/]: FolkData:onUpdate() 昀然 訾 还在工作
[21:39:19] [Server thread/INFO] [sim/]: FolkData: GOTOXYZ() for 昀然 訾 to 26,237,33,0 - Method:container.sim.GotoMethod2 DIM:0
[21:39:19] [Server thread/INFO] [sim/]: FolkData: GOTOXYZ() for 昀然 訾 to 21,237,33,0 - Method:container.sim.GotoMethod2 DIM:0
[21:39:19] [Server thread/WARN] [sim/]: FolkData:onUpdate() 瑾泉 ，景 还在工作
[21:39:19] [Server thread/INFO] [sim/]: FolkData: GOTOXYZ() for 瑾泉 ，景 to 26,237,33,0 - Method:container.sim.GotoMethod2 DIM:0
[21:39:19] [Server thread/INFO] [sim/]: FolkData: GOTOXYZ() for 瑾泉 ，景 to 21,237,33,0 - Method:container.sim.GotoMethod2 DIM:0
[21:39:19] [Server thread/WARN] [sim/]: FolkData:onUpdate() 昀然 訾 还在工作
[21:39:19] [Server thread/INFO] [sim/]: FolkData: GOTOXYZ() for 昀然 訾 to 26,237,33,0 - Method:container.sim.GotoMethod2 DIM:0
[21:39:19] [Server thread/INFO] [sim/]: FolkData: GOTOXYZ() for 昀然 訾 to 21,237,33,0 - Method:container.sim.GotoMethod2 DIM:0
[21:39:19] [Server thread/WARN] [sim/]: FolkData:onUpdate() 瑾泉 ，景 还在工作
[21:39:19] [Server thread/INFO] [sim/]: FolkData: GOTOXYZ() for 瑾泉 ，景 to 26,237,33,0 - Method:container.sim.GotoMethod2 DIM:0
[21:39:19] [Server thread/INFO] [sim/]: FolkData: GOTOXYZ() for 瑾泉 ，景 to 21,237,33,0 - Method:container.sim.GotoMethod2 DIM:0
[21:39:19] [Server thread/WARN] [sim/]: FolkData:onUpdate() 昀然 訾 还在工作
[21:39:19] [Server thread/INFO] [sim/]: FolkData: GOTOXYZ() for 昀然 訾 to 26,237,33,0 - Method:container.sim.GotoMethod2 DIM:0
[21:39:19] [Server thread/INFO] [sim/]: FolkData: GOTOXYZ() for 昀然 訾 to 21,237,33,0 - Method:container.sim.GotoMethod2 DIM:0
[21:39:19] [Server thread/WARN] [sim/]: FolkData:onUpdate() 瑾泉 ，景 还在工作
[21:39:19] [Server thread/INFO] [sim/]: FolkData: GOTOXYZ() for 瑾泉 ，景 to 26,237,33,0 - Method:container.sim.GotoMethod2 DIM:0
[21:39:19] [Server thread/INFO] [sim/]: FolkData: GOTOXYZ() for 瑾泉 ，景 to 21,237,33,0 - Method:container.sim.GotoMethod2 DIM:0
[21:39:19] [Server thread/WARN] [sim/]: FolkData:onUpdate() 昀然 訾 还在工作
[21:39:19] [Server thread/INFO] [sim/]: FolkData: GOTOXYZ() for 昀然 訾 to 26,237,33,0 - Method:container.sim.GotoMethod2 DIM:0
[21:39:19] [Server thread/INFO] [sim/]: FolkData: GOTOXYZ() for 昀然 訾 to 21,237,33,0 - Method:container.sim.GotoMethod2 DIM:0
[21:39:19] [Server thread/WARN] [sim/]: FolkData:onUpdate() 瑾泉 ，景 还在工作
[21:39:19] [Server thread/INFO] [sim/]: FolkData: GOTOXYZ() for 瑾泉 ，景 to 26,237,33,0 - Method:container.sim.GotoMethod2 DIM:0
[21:39:19] [Server thread/INFO] [sim/]: FolkData: GOTOXYZ() for 瑾泉 ，景 to 21,237,33,0 - Method:container.sim.GotoMethod2 DIM:0
[21:39:19] [Server thread/WARN] [sim/]: FolkData:onUpdate() 昀然 訾 还在工作
[21:39:19] [Server thread/INFO] [sim/]: FolkData: GOTOXYZ() for 昀然 訾 to 26,237,33,0 - Method:container.sim.GotoMethod2 DIM:0
[21:39:19] [Server thread/INFO] [sim/]: FolkData: GOTOXYZ() for 昀然 訾 to 21,237,33,0 - Method:container.sim.GotoMethod2 DIM:0
[21:39:19] [Server thread/WARN] [sim/]: FolkData:onUpdate() 瑾泉 ，景 还在工作
[21:39:19] [Server thread/INFO] [sim/]: FolkData: GOTOXYZ() for 瑾泉 ，景 to 26,237,33,0 - Method:container.sim.GotoMethod2 DIM:0
[21:39:19] [Server thread/INFO] [sim/]: FolkData: GOTOXYZ() for 瑾泉 ，景 to 21,237,33,0 - Method:container.sim.GotoMethod2 DIM:0
[21:39:19] [Server thread/WARN] [sim/]: FolkData:onUpdate() 昀然 訾 还在工作
[21:39:19] [Server thread/INFO] [sim/]: FolkData: GOTOXYZ() for 昀然 訾 to 26,237,33,0 - Method:container.sim.GotoMethod2 DIM:0
[21:39:19] [Server thread/INFO] [sim/]: FolkData: GOTOXYZ() for 昀然 訾 to 21,237,33,0 - Method:container.sim.GotoMethod2 DIM:0
[21:39:19] [Server thread/WARN] [sim/]: FolkData:onUpdate() 瑾泉 ，景 还在工作
[21:39:19] [Server thread/INFO] [sim/]: FolkData: GOTOXYZ() for 瑾泉 ，景 to 26,237,33,0 - Method:container.sim.GotoMethod2 DIM:0
[21:39:19] [Server thread/INFO] [sim/]: FolkData: GOTOXYZ() for 瑾泉 ，景 to 21,237,33,0 - Method:container.sim.GotoMethod2 DIM:0
[21:39:19] [Server thread/WARN] [sim/]: FolkData:onUpdate() 昀然 訾 还在工作
[21:39:19] [Server thread/INFO] [sim/]: FolkData: GOTOXYZ() for 昀然 訾 to 26,237,33,0 - Method:container.sim.GotoMethod2 DIM:0
[21:39:19] [Server thread/INFO] [sim/]: FolkData: GOTOXYZ() for 昀然 訾 to 21,237,33,0 - Method:container.sim.GotoMethod2 DIM:0
[21:39:19] [Server thread/WARN] [sim/]: FolkData:onUpdate() 瑾泉 ，景 还在工作
[21:39:19] [Server thread/INFO] [sim/]: FolkData: GOTOXYZ() for 瑾泉 ，景 to 26,237,33,0 - Method:container.sim.GotoMethod2 DIM:0
[21:39:19] [Server thread/INFO] [sim/]: FolkData: GOTOXYZ() for 瑾泉 ，景 to 21,237,33,0 - Method:container.sim.GotoMethod2 DIM:0
[21:39:19] [Server thread/WARN] [sim/]: FolkData:onUpdate() 昀然 訾 还在工作
[21:39:19] [Server thread/INFO] [sim/]: FolkData: GOTOXYZ() for 昀然 訾 to 26,237,33,0 - Method:container.sim.GotoMethod2 DIM:0
[21:39:19] [Server thread/INFO] [sim/]: FolkData: GOTOXYZ() for 昀然 訾 to 21,237,33,0 - Method:container.sim.GotoMethod2 DIM:0
[21:39:19] [Server thread/WARN] [sim/]: FolkData:onUpdate() 瑾泉 ，景 还在工作
[21:39:19] [Server thread/INFO] [sim/]: FolkData: GOTOXYZ() for 瑾泉 ，景 to 26,237,33,0 - Method:container.sim.GotoMethod2 DIM:0
[21:39:19] [Server thread/INFO] [sim/]: FolkData: GOTOXYZ() for 瑾泉 ，景 to 21,237,33,0 - Method:container.sim.GotoMethod2 DIM:0
[21:39:19] [Server thread/WARN] [sim/]: FolkData:onUpdate() 昀然 訾 还在工作
[21:39:19] [Server thread/INFO] [sim/]: FolkData: GOTOXYZ() for 昀然 訾 to 26,237,33,0 - Method:container.sim.GotoMethod2 DIM:0
[21:39:19] [Server thread/INFO] [sim/]: FolkData: GOTOXYZ() for 昀然 訾 to 21,237,33,0 - Method:container.sim.GotoMethod2 DIM:0
[21:39:19] [Server thread/WARN] [sim/]: FolkData:onUpdate() 瑾泉 ，景 还在工作
[21:39:19] [Server thread/INFO] [sim/]: FolkData: GOTOXYZ() for 瑾泉 ，景 to 26,237,33,0 - Method:container.sim.GotoMethod2 DIM:0
[21:39:19] [Server thread/INFO] [sim/]: FolkData: GOTOXYZ() for 瑾泉 ，景 to 21,237,33,0 - Method:container.sim.GotoMethod2 DIM:0
[21:39:19] [Server thread/WARN] [sim/]: FolkData:onUpdate() 昀然 訾 还在工作
[21:39:19] [Server thread/INFO] [sim/]: FolkData: GOTOXYZ() for 昀然 訾 to 26,237,33,0 - Method:container.sim.GotoMethod2 DIM:0
[21:39:19] [Server thread/INFO] [sim/]: FolkData: GOTOXYZ() for 昀然 訾 to 21,237,33,0 - Method:container.sim.GotoMethod2 DIM:0
[21:39:19] [Server thread/WARN] [sim/]: FolkData:onUpdate() 瑾泉 ，景 还在工作
[21:39:19] [Server thread/INFO] [sim/]: FolkData: GOTOXYZ() for 瑾泉 ，景 to 26,237,33,0 - Method:container.sim.GotoMethod2 DIM:0
[21:39:19] [Server thread/INFO] [sim/]: FolkData: GOTOXYZ() for 瑾泉 ，景 to 21,237,33,0 - Method:container.sim.GotoMethod2 DIM:0
[21:39:19] [Server thread/WARN] [sim/]: FolkData:onUpdate() 昀然 訾 还在工作
[21:39:19] [Server thread/INFO] [sim/]: FolkData: GOTOXYZ() for 昀然 訾 to 26,237,33,0 - Method:container.sim.GotoMethod2 DIM:0
[21:39:19] [Server thread/INFO] [sim/]: FolkData: GOTOXYZ() for 昀然 訾 to 21,237,33,0 - Method:container.sim.GotoMethod2 DIM:0
[21:39:19] [Server thread/WARN] [sim/]: FolkData:onUpdate() 瑾泉 ，景 还在工作
[21:39:19] [Server thread/INFO] [sim/]: FolkData: GOTOXYZ() for 瑾泉 ，景 to 26,237,33,0 - Method:container.sim.GotoMethod2 DIM:0
[21:39:19] [Server thread/INFO] [sim/]: FolkData: GOTOXYZ() for 瑾泉 ，景 to 21,237,33,0 - Method:container.sim.GotoMethod2 DIM:0
[21:39:19] [Server thread/WARN] [sim/]: FolkData:onUpdate() 昀然 訾 还在工作
[21:39:19] [Server thread/INFO] [sim/]: FolkData: GOTOXYZ() for 昀然 訾 to 26,237,33,0 - Method:container.sim.GotoMethod2 DIM:0
[21:39:19] [Server thread/INFO] [sim/]: FolkData: GOTOXYZ() for 昀然 訾 to 21,237,33,0 - Method:container.sim.GotoMethod2 DIM:0
[21:39:19] [Server thread/WARN] [sim/]: FolkData:onUpdate() 瑾泉 ，景 还在工作
[21:39:19] [Server thread/INFO] [sim/]: FolkData: GOTOXYZ() for 瑾泉 ，景 to 26,237,33,0 - Method:container.sim.GotoMethod2 DIM:0
[21:39:19] [Server thread/INFO] [sim/]: FolkData: GOTOXYZ() for 瑾泉 ，景 to 21,237,33,0 - Method:container.sim.GotoMethod2 DIM:0
[21:39:19] [Server thread/WARN] [sim/]: FolkData:onUpdate() 昀然 訾 还在工作
[21:39:19] [Server thread/INFO] [sim/]: FolkData: GOTOXYZ() for 昀然 訾 to 26,237,33,0 - Method:container.sim.GotoMethod2 DIM:0
[21:39:19] [Server thread/INFO] [sim/]: FolkData: GOTOXYZ() for 昀然 訾 to 21,237,33,0 - Method:container.sim.GotoMethod2 DIM:0
[21:39:19] [Server thread/WARN] [sim/]: FolkData:onUpdate() 瑾泉 ，景 还在工作
[21:39:19] [Server thread/INFO] [sim/]: FolkData: GOTOXYZ() for 瑾泉 ，景 to 26,237,33,0 - Method:container.sim.GotoMethod2 DIM:0
[21:39:19] [Server thread/INFO] [sim/]: FolkData: GOTOXYZ() for 瑾泉 ，景 to 21,237,33,0 - Method:container.sim.GotoMethod2 DIM:0
[21:39:19] [Server thread/WARN] [sim/]: FolkData:onUpdate() 昀然 訾 还在工作
[21:39:19] [Server thread/INFO] [sim/]: FolkData: GOTOXYZ() for 昀然 訾 to 26,237,33,0 - Method:container.sim.GotoMethod2 DIM:0
[21:39:19] [Server thread/INFO] [sim/]: FolkData: GOTOXYZ() for 昀然 訾 to 21,237,33,0 - Method:container.sim.GotoMethod2 DIM:0
[21:39:19] [Server thread/WARN] [sim/]: FolkData:onUpdate() 瑾泉 ，景 还在工作
[21:39:19] [Server thread/INFO] [sim/]: FolkData: GOTOXYZ() for 瑾泉 ，景 to 26,237,33,0 - Method:container.sim.GotoMethod2 DIM:0
[21:39:19] [Server thread/INFO] [sim/]: FolkData: GOTOXYZ() for 瑾泉 ，景 to 21,237,33,0 - Method:container.sim.GotoMethod2 DIM:0
[21:39:19] [Server thread/WARN] [sim/]: FolkData:onUpdate() 昀然 訾 还在工作
[21:39:19] [Server thread/INFO] [sim/]: FolkData: GOTOXYZ() for 昀然 訾 to 26,237,33,0 - Method:container.sim.GotoMethod2 DIM:0
[21:39:19] [Server thread/INFO] [sim/]: FolkData: GOTOXYZ() for 昀然 訾 to 21,237,33,0 - Method:container.sim.GotoMethod2 DIM:0
[21:39:19] [Server thread/WARN] [sim/]: FolkData:onUpdate() 瑾泉 ，景 还在工作
[21:39:19] [Server thread/INFO] [sim/]: FolkData: GOTOXYZ() for 瑾泉 ，景 to 26,237,33,0 - Method:container.sim.GotoMethod2 DIM:0
[21:39:19] [Server thread/INFO] [sim/]: FolkData: GOTOXYZ() for 瑾泉 ，景 to 21,237,33,0 - Method:container.sim.GotoMethod2 DIM:0
[21:39:19] [Server thread/WARN] [sim/]: FolkData:onUpdate() 昀然 訾 还在工作
[21:39:19] [Server thread/INFO] [sim/]: FolkData: GOTOXYZ() for 昀然 訾 to 26,237,33,0 - Method:container.sim.GotoMethod2 DIM:0
[21:39:19] [Server thread/INFO] [sim/]: FolkData: GOTOXYZ() for 昀然 訾 to 21,237,33,0 - Method:container.sim.GotoMethod2 DIM:0
[21:39:19] [Server thread/WARN] [sim/]: FolkData:onUpdate() 瑾泉 ，景 还在工作
[21:39:19] [Server thread/INFO] [sim/]: FolkData: GOTOXYZ() for 瑾泉 ，景 to 26,237,33,0 - Method:container.sim.GotoMethod2 DIM:0
[21:39:19] [Server thread/INFO] [sim/]: FolkData: GOTOXYZ() for 瑾泉 ，景 to 21,237,33,0 - Method:container.sim.GotoMethod2 DIM:0
[21:39:19] [Server thread/WARN] [sim/]: FolkData:onUpdate() 昀然 訾 还在工作
[21:39:19] [Server thread/INFO] [sim/]: FolkData: GOTOXYZ() for 昀然 訾 to 26,237,33,0 - Method:container.sim.GotoMethod2 DIM:0
[21:39:19] [Server thread/INFO] [sim/]: FolkData: GOTOXYZ() for 昀然 訾 to 21,237,33,0 - Method:container.sim.GotoMethod2 DIM:0
[21:39:19] [Server thread/WARN] [sim/]: FolkData:onUpdate() 瑾泉 ，景 还在工作
[21:39:19] [Server thread/INFO] [sim/]: FolkData: GOTOXYZ() for 瑾泉 ，景 to 26,237,33,0 - Method:container.sim.GotoMethod2 DIM:0
[21:39:19] [Server thread/INFO] [sim/]: FolkData: GOTOXYZ() for 瑾泉 ，景 to 21,237,33,0 - Method:container.sim.GotoMethod2 DIM:0
[21:39:19] [Server thread/WARN] [sim/]: FolkData:onUpdate() 昀然 訾 还在工作
[21:39:19] [Server thread/INFO] [sim/]: FolkData: GOTOXYZ() for 昀然 訾 to 26,237,33,0 - Method:container.sim.GotoMethod2 DIM:0
[21:39:19] [Server thread/INFO] [sim/]: FolkData: GOTOXYZ() for 昀然 訾 to 21,237,33,0 - Method:container.sim.GotoMethod2 DIM:0
[21:39:19] [Server thread/WARN] [sim/]: FolkData:onUpdate() 瑾泉 ，景 还在工作
[21:39:19] [Server thread/INFO] [sim/]: FolkData: GOTOXYZ() for 瑾泉 ，景 to 26,237,33,0 - Method:container.sim.GotoMethod2 DIM:0
[21:39:19] [Server thread/INFO] [sim/]: FolkData: GOTOXYZ() for 瑾泉 ，景 to 21,237,33,0 - Method:container.sim.GotoMethod2 DIM:0
[21:39:19] [Server thread/WARN] [sim/]: FolkData:onUpdate() 昀然 訾 还在工作
[21:39:19] [Server thread/INFO] [sim/]: FolkData: GOTOXYZ() for 昀然 訾 to 26,237,33,0 - Method:container.sim.GotoMethod2 DIM:0
[21:39:19] [Server thread/INFO] [sim/]: FolkData: GOTOXYZ() for 昀然 訾 to 21,237,33,0 - Method:container.sim.GotoMethod2 DIM:0
[21:39:19] [Server thread/WARN] [sim/]: FolkData:onUpdate() 瑾泉 ，景 还在工作
[21:39:19] [Server thread/INFO] [sim/]: FolkData: GOTOXYZ() for 瑾泉 ，景 to 26,237,33,0 - Method:container.sim.GotoMethod2 DIM:0
[21:39:19] [Server thread/INFO] [sim/]: FolkData: GOTOXYZ() for 瑾泉 ，景 to 21,237,33,0 - Method:container.sim.GotoMethod2 DIM:0
[21:39:19] [Server thread/WARN] [sim/]: FolkData:onUpdate() 昀然 訾 还在工作
[21:39:19] [Server thread/INFO] [sim/]: FolkData: GOTOXYZ() for 昀然 訾 to 26,237,33,0 - Method:container.sim.GotoMethod2 DIM:0
[21:39:19] [Server thread/INFO] [sim/]: FolkData: GOTOXYZ() for 昀然 訾 to 21,237,33,0 - Method:container.sim.GotoMethod2 DIM:0
[21:39:19] [Server thread/WARN] [sim/]: FolkData:onUpdate() 瑾泉 ，景 还在工作
[21:39:19] [Server thread/INFO] [sim/]: FolkData: GOTOXYZ() for 瑾泉 ，景 to 26,237,33,0 - Method:container.sim.GotoMethod2 DIM:0
[21:39:19] [Server thread/INFO] [sim/]: FolkData: GOTOXYZ() for 瑾泉 ，景 to 21,237,33,0 - Method:container.sim.GotoMethod2 DIM:0
[21:39:19] [Server thread/WARN] [sim/]: FolkData:onUpdate() 昀然 訾 还在工作
[21:39:19] [Server thread/INFO] [sim/]: FolkData: GOTOXYZ() for 昀然 訾 to 26,237,33,0 - Method:container.sim.GotoMethod2 DIM:0
[21:39:19] [Server thread/INFO] [sim/]: FolkData: GOTOXYZ() for 昀然 訾 to 21,237,33,0 - Method:container.sim.GotoMethod2 DIM:0
[21:39:19] [Server thread/WARN] [sim/]: FolkData:onUpdate() 瑾泉 ，景 还在工作
[21:39:19] [Server thread/INFO] [sim/]: FolkData: GOTOXYZ() for 瑾泉 ，景 to 26,237,33,0 - Method:container.sim.GotoMethod2 DIM:0
[21:39:19] [Server thread/INFO] [sim/]: FolkData: GOTOXYZ() for 瑾泉 ，景 to 21,237,33,0 - Method:container.sim.GotoMethod2 DIM:0
[21:39:19] [Server thread/WARN] [sim/]: FolkData:onUpdate() 昀然 訾 还在工作
[21:39:19] [Server thread/INFO] [sim/]: FolkData: GOTOXYZ() for 昀然 訾 to 26,237,33,0 - Method:container.sim.GotoMethod2 DIM:0
[21:39:19] [Server thread/INFO] [sim/]: FolkData: GOTOXYZ() for 昀然 訾 to 21,237,33,0 - Method:container.sim.GotoMethod2 DIM:0
[21:39:19] [Server thread/WARN] [sim/]: FolkData:onUpdate() 瑾泉 ，景 还在工作
[21:39:19] [Server thread/INFO] [sim/]: FolkData: GOTOXYZ() for 瑾泉 ，景 to 26,237,33,0 - Method:container.sim.GotoMethod2 DIM:0
[21:39:19] [Server thread/INFO] [sim/]: FolkData: GOTOXYZ() for 瑾泉 ，景 to 21,237,33,0 - Method:container.sim.GotoMethod2 DIM:0
[21:39:19] [Server thread/WARN] [sim/]: FolkData:onUpdate() 昀然 訾 还在工作
[21:39:19] [Server thread/INFO] [sim/]: FolkData: GOTOXYZ() for 昀然 訾 to 26,237,33,0 - Method:container.sim.GotoMethod2 DIM:0
[21:39:19] [Server thread/INFO] [sim/]: FolkData: GOTOXYZ() for 昀然 訾 to 21,237,33,0 - Method:container.sim.GotoMethod2 DIM:0
[21:39:19] [Server thread/WARN] [sim/]: FolkData:onUpdate() 瑾泉 ，景 还在工作
[21:39:19] [Server thread/INFO] [sim/]: FolkData: GOTOXYZ() for 瑾泉 ，景 to 26,237,33,0 - Method:container.sim.GotoMethod2 DIM:0
[21:39:19] [Server thread/INFO] [sim/]: FolkData: GOTOXYZ() for 瑾泉 ，景 to 21,237,33,0 - Method:container.sim.GotoMethod2 DIM:0
[21:39:19] [Server thread/WARN] [sim/]: FolkData:onUpdate() 昀然 訾 还在工作
[21:39:19] [Server thread/INFO] [sim/]: FolkData: GOTOXYZ() for 昀然 訾 to 26,237,33,0 - Method:container.sim.GotoMethod2 DIM:0
[21:39:19] [Server thread/INFO] [sim/]: FolkData: GOTOXYZ() for 昀然 訾 to 21,237,33,0 - Method:container.sim.GotoMethod2 DIM:0
[21:39:19] [Server thread/WARN] [sim/]: FolkData:onUpdate() 瑾泉 ，景 还在工作
[21:39:19] [Server thread/INFO] [sim/]: FolkData: GOTOXYZ() for 瑾泉 ，景 to 26,237,33,0 - Method:container.sim.GotoMethod2 DIM:0
[21:39:19] [Server thread/INFO] [sim/]: FolkData: GOTOXYZ() for 瑾泉 ，景 to 21,237,33,0 - Method:container.sim.GotoMethod2 DIM:0
[21:39:19] [Server thread/WARN] [sim/]: FolkData:onUpdate() 昀然 訾 还在工作
[21:39:19] [Server thread/INFO] [sim/]: FolkData: GOTOXYZ() for 昀然 訾 to 26,237,33,0 - Method:container.sim.GotoMethod2 DIM:0
[21:39:19] [Server thread/INFO] [sim/]: FolkData: GOTOXYZ() for 昀然 訾 to 21,237,33,0 - Method:container.sim.GotoMethod2 DIM:0
[21:39:19] [Server thread/WARN] [sim/]: FolkData:onUpdate() 瑾泉 ，景 还在工作
[21:39:19] [Server thread/INFO] [sim/]: FolkData: GOTOXYZ() for 瑾泉 ，景 to 26,237,33,0 - Method:container.sim.GotoMethod2 DIM:0
[21:39:19] [Server thread/INFO] [sim/]: FolkData: GOTOXYZ() for 瑾泉 ，景 to 21,237,33,0 - Method:container.sim.GotoMethod2 DIM:0
[21:39:19] [Server thread/WARN] [sim/]: FolkData:onUpdate() 昀然 訾 还在工作
[21:39:19] [Server thread/INFO] [sim/]: FolkData: GOTOXYZ() for 昀然 訾 to 26,237,33,0 - Method:container.sim.GotoMethod2 DIM:0
[21:39:19] [Server thread/INFO] [sim/]: FolkData: GOTOXYZ() for 昀然 訾 to 21,237,33,0 - Method:container.sim.GotoMethod2 DIM:0
[21:39:19] [Server thread/WARN] [sim/]: FolkData:onUpdate() 瑾泉 ，景 还在工作
[21:39:19] [Server thread/INFO] [sim/]: FolkData: GOTOXYZ() for 瑾泉 ，景 to 26,237,33,0 - Method:container.sim.GotoMethod2 DIM:0
[21:39:19] [Server thread/INFO] [sim/]: FolkData: GOTOXYZ() for 瑾泉 ，景 to 21,237,33,0 - Method:container.sim.GotoMethod2 DIM:0
[21:39:19] [Server thread/WARN] [sim/]: FolkData:onUpdate() 昀然 訾 还在工作
[21:39:19] [Server thread/INFO] [sim/]: FolkData: GOTOXYZ() for 昀然 訾 to 26,237,33,0 - Method:container.sim.GotoMethod2 DIM:0
[21:39:19] [Server thread/INFO] [sim/]: FolkData: GOTOXYZ() for 昀然 訾 to 21,237,33,0 - Method:container.sim.GotoMethod2 DIM:0
[21:39:19] [Server thread/WARN] [sim/]: FolkData:onUpdate() 瑾泉 ，景 还在工作
[21:39:19] [Server thread/INFO] [sim/]: FolkData: GOTOXYZ() for 瑾泉 ，景 to 26,237,33,0 - Method:container.sim.GotoMethod2 DIM:0
[21:39:19] [Server thread/INFO] [sim/]: FolkData: GOTOXYZ() for 瑾泉 ，景 to 21,237,33,0 - Method:container.sim.GotoMethod2 DIM:0
[21:39:19] [Server thread/WARN] [sim/]: FolkData:onUpdate() 昀然 訾 还在工作
[21:39:19] [Server thread/INFO] [sim/]: FolkData: GOTOXYZ() for 昀然 訾 to 26,237,33,0 - Method:container.sim.GotoMethod2 DIM:0
[21:39:19] [Server thread/INFO] [sim/]: FolkData: GOTOXYZ() for 昀然 訾 to 21,237,33,0 - Method:container.sim.GotoMethod2 DIM:0
[21:39:19] [Server thread/WARN] [sim/]: FolkData:onUpdate() 瑾泉 ，景 还在工作
[21:39:19] [Server thread/INFO] [sim/]: FolkData: GOTOXYZ() for 瑾泉 ，景 to 26,237,33,0 - Method:container.sim.GotoMethod2 DIM:0
[21:39:19] [Server thread/INFO] [sim/]: FolkData: GOTOXYZ() for 瑾泉 ，景 to 21,237,33,0 - Method:container.sim.GotoMethod2 DIM:0
[21:39:19] [Server thread/WARN] [sim/]: FolkData:onUpdate() 昀然 訾 还在工作
[21:39:19] [Server thread/INFO] [sim/]: FolkData: GOTOXYZ() for 昀然 訾 to 26,237,33,0 - Method:container.sim.GotoMethod2 DIM:0
[21:39:19] [Server thread/INFO] [sim/]: FolkData: GOTOXYZ() for 昀然 訾 to 21,237,33,0 - Method:container.sim.GotoMethod2 DIM:0
[21:39:19] [Server thread/WARN] [sim/]: FolkData:onUpdate() 瑾泉 ，景 还在工作
[21:39:19] [Server thread/INFO] [sim/]: FolkData: GOTOXYZ() for 瑾泉 ，景 to 26,237,33,0 - Method:container.sim.GotoMethod2 DIM:0
[21:39:19] [Server thread/INFO] [sim/]: FolkData: GOTOXYZ() for 瑾泉 ，景 to 21,237,33,0 - Method:container.sim.GotoMethod2 DIM:0
[21:39:19] [Server thread/WARN] [sim/]: FolkData:onUpdate() 昀然 訾 还在工作
[21:39:19] [Server thread/INFO] [sim/]: FolkData: GOTOXYZ() for 昀然 訾 to 26,237,33,0 - Method:container.sim.GotoMethod2 DIM:0
[21:39:19] [Server thread/INFO] [sim/]: FolkData: GOTOXYZ() for 昀然 訾 to 21,237,33,0 - Method:container.sim.GotoMethod2 DIM:0
[21:39:19] [Server thread/WARN] [sim/]: FolkData:onUpdate() 瑾泉 ，景 还在工作
[21:39:19] [Server thread/INFO] [sim/]: FolkData: GOTOXYZ() for 瑾泉 ，景 to 26,237,33,0 - Method:container.sim.GotoMethod2 DIM:0
[21:39:19] [Server thread/INFO] [sim/]: FolkData: GOTOXYZ() for 瑾泉 ，景 to 21,237,33,0 - Method:container.sim.GotoMethod2 DIM:0
[21:39:19] [Server thread/WARN] [sim/]: FolkData:onUpdate() 昀然 訾 还在工作
[21:39:19] [Server thread/INFO] [sim/]: FolkData: GOTOXYZ() for 昀然 訾 to 26,237,33,0 - Method:container.sim.GotoMethod2 DIM:0
[21:39:19] [Server thread/INFO] [sim/]: FolkData: GOTOXYZ() for 昀然 訾 to 21,237,33,0 - Method:container.sim.GotoMethod2 DIM:0
[21:39:19] [Server thread/WARN] [sim/]: FolkData:onUpdate() 瑾泉 ，景 还在工作
[21:39:19] [Server thread/INFO] [sim/]: FolkData: GOTOXYZ() for 瑾泉 ，景 to 26,237,33,0 - Method:container.sim.GotoMethod2 DIM:0
[21:39:19] [Server thread/INFO] [sim/]: FolkData: GOTOXYZ() for 瑾泉 ，景 to 21,237,33,0 - Method:container.sim.GotoMethod2 DIM:0
[21:39:19] [Server thread/WARN] [sim/]: FolkData:onUpdate() 昀然 訾 还在工作
[21:39:19] [Server thread/INFO] [sim/]: FolkData: GOTOXYZ() for 昀然 訾 to 26,237,33,0 - Method:container.sim.GotoMethod2 DIM:0
[21:39:19] [Server thread/INFO] [sim/]: FolkData: GOTOXYZ() for 昀然 訾 to 21,237,33,0 - Method:container.sim.GotoMethod2 DIM:0
[21:39:19] [Server thread/WARN] [sim/]: FolkData:onUpdate() 瑾泉 ，景 还在工作
[21:39:19] [Server thread/INFO] [sim/]: FolkData: GOTOXYZ() for 瑾泉 ，景 to 26,237,33,0 - Method:container.sim.GotoMethod2 DIM:0
[21:39:19] [Server thread/INFO] [sim/]: FolkData: GOTOXYZ() for 瑾泉 ，景 to 21,237,33,0 - Method:container.sim.GotoMethod2 DIM:0
[21:39:19] [Server thread/WARN] [sim/]: FolkData:onUpdate() 昀然 訾 还在工作
[21:39:19] [Server thread/INFO] [sim/]: FolkData: GOTOXYZ() for 昀然 訾 to 26,237,33,0 - Method:container.sim.GotoMethod2 DIM:0
[21:39:19] [Server thread/INFO] [sim/]: FolkData: GOTOXYZ() for 昀然 訾 to 21,237,33,0 - Method:container.sim.GotoMethod2 DIM:0
[21:39:19] [Server thread/WARN] [sim/]: FolkData:onUpdate() 瑾泉 ，景 还在工作
[21:39:19] [Server thread/INFO] [sim/]: FolkData: GOTOXYZ() for 瑾泉 ，景 to 26,237,33,0 - Method:container.sim.GotoMethod2 DIM:0
[21:39:19] [Server thread/INFO] [sim/]: FolkData: GOTOXYZ() for 瑾泉 ，景 to 21,237,33,0 - Method:container.sim.GotoMethod2 DIM:0
[21:39:19] [Server thread/WARN] [sim/]: FolkData:onUpdate() 昀然 訾 还在工作
[21:39:19] [Server thread/INFO] [sim/]: FolkData: GOTOXYZ() for 昀然 訾 to 26,237,33,0 - Method:container.sim.GotoMethod2 DIM:0
[21:39:19] [Server thread/INFO] [sim/]: FolkData: GOTOXYZ() for 昀然 訾 to 21,237,33,0 - Method:container.sim.GotoMethod2 DIM:0
[21:39:19] [Server thread/WARN] [sim/]: FolkData:onUpdate() 瑾泉 ，景 还在工作
[21:39:19] [Server thread/INFO] [sim/]: FolkData: GOTOXYZ() for 瑾泉 ，景 to 26,237,33,0 - Method:container.sim.GotoMethod2 DIM:0
[21:39:19] [Server thread/INFO] [sim/]: FolkData: GOTOXYZ() for 瑾泉 ，景 to 21,237,33,0 - Method:container.sim.GotoMethod2 DIM:0
[21:39:19] [Server thread/WARN] [sim/]: FolkData:onUpdate() 昀然 訾 还在工作
[21:39:19] [Server thread/INFO] [sim/]: FolkData: GOTOXYZ() for 昀然 訾 to 26,237,33,0 - Method:container.sim.GotoMethod2 DIM:0
[21:39:19] [Server thread/INFO] [sim/]: FolkData: GOTOXYZ() for 昀然 訾 to 21,237,33,0 - Method:container.sim.GotoMethod2 DIM:0
[21:39:19] [Server thread/WARN] [sim/]: FolkData:onUpdate() 瑾泉 ，景 还在工作
[21:39:19] [Server thread/INFO] [sim/]: FolkData: GOTOXYZ() for 瑾泉 ，景 to 26,237,33,0 - Method:container.sim.GotoMethod2 DIM:0
[21:39:19] [Server thread/INFO] [sim/]: FolkData: GOTOXYZ() for 瑾泉 ，景 to 21,237,33,0 - Method:container.sim.GotoMethod2 DIM:0
[21:39:19] [Server thread/WARN] [sim/]: FolkData:onUpdate() 昀然 訾 还在工作
[21:39:19] [Server thread/INFO] [sim/]: FolkData: GOTOXYZ() for 昀然 訾 to 26,237,33,0 - Method:container.sim.GotoMethod2 DIM:0
[21:39:19] [Server thread/INFO] [sim/]: FolkData: GOTOXYZ() for 昀然 訾 to 21,237,33,0 - Method:container.sim.GotoMethod2 DIM:0
[21:39:19] [Server thread/WARN] [sim/]: FolkData:onUpdate() 瑾泉 ，景 还在工作
[21:39:19] [Server thread/INFO] [sim/]: FolkData: GOTOXYZ() for 瑾泉 ，景 to 26,237,33,0 - Method:container.sim.GotoMethod2 DIM:0
[21:39:19] [Server thread/INFO] [sim/]: FolkData: GOTOXYZ() for 瑾泉 ，景 to 21,237,33,0 - Method:container.sim.GotoMethod2 DIM:0
[21:39:19] [Server thread/WARN] [sim/]: FolkData:onUpdate() 昀然 訾 还在工作
[21:39:19] [Server thread/INFO] [sim/]: FolkData: GOTOXYZ() for 昀然 訾 to 26,237,33,0 - Method:container.sim.GotoMethod2 DIM:0
[21:39:19] [Server thread/INFO] [sim/]: FolkData: GOTOXYZ() for 昀然 訾 to 21,237,33,0 - Method:container.sim.GotoMethod2 DIM:0
[21:39:19] [Server thread/WARN] [sim/]: FolkData:onUpdate() 瑾泉 ，景 还在工作
[21:39:19] [Server thread/INFO] [sim/]: FolkData: GOTOXYZ() for 瑾泉 ，景 to 26,237,33,0 - Method:container.sim.GotoMethod2 DIM:0
[21:39:19] [Server thread/INFO] [sim/]: FolkData: GOTOXYZ() for 瑾泉 ，景 to 21,237,33,0 - Method:container.sim.GotoMethod2 DIM:0
[21:39:19] [Server thread/WARN] [sim/]: FolkData:onUpdate() 昀然 訾 还在工作
[21:39:19] [Server thread/INFO] [sim/]: FolkData: GOTOXYZ() for 昀然 訾 to 26,237,33,0 - Method:container.sim.GotoMethod2 DIM:0
[21:39:19] [Server thread/INFO] [sim/]: FolkData: GOTOXYZ() for 昀然 訾 to 21,237,33,0 - Method:container.sim.GotoMethod2 DIM:0
[21:39:19] [Server thread/WARN] [sim/]: FolkData:onUpdate() 瑾泉 ，景 还在工作
[21:39:19] [Server thread/INFO] [sim/]: FolkData: GOTOXYZ() for 瑾泉 ，景 to 26,237,33,0 - Method:container.sim.GotoMethod2 DIM:0
[21:39:19] [Server thread/INFO] [sim/]: FolkData: GOTOXYZ() for 瑾泉 ，景 to 21,237,33,0 - Method:container.sim.GotoMethod2 DIM:0
[21:39:19] [Server thread/WARN] [sim/]: FolkData:onUpdate() 昀然 訾 还在工作
[21:39:19] [Server thread/INFO] [sim/]: FolkData: GOTOXYZ() for 昀然 訾 to 26,237,33,0 - Method:container.sim.GotoMethod2 DIM:0
[21:39:19] [Server thread/INFO] [sim/]: FolkData: GOTOXYZ() for 昀然 訾 to 21,237,33,0 - Method:container.sim.GotoMethod2 DIM:0
[21:39:19] [Server thread/WARN] [sim/]: FolkData:onUpdate() 瑾泉 ，景 还在工作
[21:39:19] [Server thread/INFO] [sim/]: FolkData: GOTOXYZ() for 瑾泉 ，景 to 26,237,33,0 - Method:container.sim.GotoMethod2 DIM:0
[21:39:19] [Server thread/INFO] [sim/]: FolkData: GOTOXYZ() for 瑾泉 ，景 to 21,237,33,0 - Method:container.sim.GotoMethod2 DIM:0
[21:39:19] [Server thread/WARN] [sim/]: FolkData:onUpdate() 昀然 訾 还在工作
[21:39:19] [Server thread/INFO] [sim/]: FolkData: GOTOXYZ() for 昀然 訾 to 26,237,33,0 - Method:container.sim.GotoMethod2 DIM:0
[21:39:19] [Server thread/INFO] [sim/]: FolkData: GOTOXYZ() for 昀然 訾 to 21,237,33,0 - Method:container.sim.GotoMethod2 DIM:0
[21:39:19] [Server thread/WARN] [sim/]: FolkData:onUpdate() 瑾泉 ，景 还在工作
[21:39:19] [Server thread/INFO] [sim/]: FolkData: GOTOXYZ() for 瑾泉 ，景 to 26,237,33,0 - Method:container.sim.GotoMethod2 DIM:0
[21:39:19] [Server thread/INFO] [sim/]: FolkData: GOTOXYZ() for 瑾泉 ，景 to 21,237,33,0 - Method:container.sim.GotoMethod2 DIM:0
[21:39:19] [Server thread/WARN] [sim/]: FolkData:onUpdate() 昀然 訾 还在工作
[21:39:19] [Server thread/INFO] [sim/]: FolkData: GOTOXYZ() for 昀然 訾 to 26,237,33,0 - Method:container.sim.GotoMethod2 DIM:0
[21:39:19] [Server thread/INFO] [sim/]: FolkData: GOTOXYZ() for 昀然 訾 to 21,237,33,0 - Method:container.sim.GotoMethod2 DIM:0
[21:39:19] [Server thread/WARN] [sim/]: FolkData:onUpdate() 瑾泉 ，景 还在工作
[21:39:19] [Server thread/INFO] [sim/]: FolkData: GOTOXYZ() for 瑾泉 ，景 to 26,237,33,0 - Method:container.sim.GotoMethod2 DIM:0
[21:39:19] [Server thread/INFO] [sim/]: FolkData: GOTOXYZ() for 瑾泉 ，景 to 21,237,33,0 - Method:container.sim.GotoMethod2 DIM:0
[21:39:19] [Server thread/WARN] [sim/]: FolkData:onUpdate() 昀然 訾 还在工作
[21:39:19] [Server thread/INFO] [sim/]: FolkData: GOTOXYZ() for 昀然 訾 to 26,237,33,0 - Method:container.sim.GotoMethod2 DIM:0
[21:39:19] [Server thread/INFO] [sim/]: FolkData: GOTOXYZ() for 昀然 訾 to 21,237,33,0 - Method:container.sim.GotoMethod2 DIM:0
[21:39:19] [Server thread/WARN] [sim/]: FolkData:onUpdate() 瑾泉 ，景 还在工作
[21:39:19] [Server thread/INFO] [sim/]: FolkData: GOTOXYZ() for 瑾泉 ，景 to 26,237,33,0 - Method:container.sim.GotoMethod2 DIM:0
[21:39:19] [Server thread/INFO] [sim/]: FolkData: GOTOXYZ() for 瑾泉 ，景 to 21,237,33,0 - Method:container.sim.GotoMethod2 DIM:0
[21:39:19] [Server thread/WARN] [sim/]: FolkData:onUpdate() 昀然 訾 还在工作
[21:39:19] [Server thread/INFO] [sim/]: FolkData: GOTOXYZ() for 昀然 訾 to 26,237,33,0 - Method:container.sim.GotoMethod2 DIM:0
[21:39:19] [Server thread/INFO] [sim/]: FolkData: GOTOXYZ() for 昀然 訾 to 21,237,33,0 - Method:container.sim.GotoMethod2 DIM:0
[21:39:19] [Server thread/WARN] [sim/]: FolkData:onUpdate() 瑾泉 ，景 还在工作
[21:39:19] [Server thread/INFO] [sim/]: FolkData: GOTOXYZ() for 瑾泉 ，景 to 26,237,33,0 - Method:container.sim.GotoMethod2 DIM:0
[21:39:19] [Server thread/INFO] [sim/]: FolkData: GOTOXYZ() for 瑾泉 ，景 to 21,237,33,0 - Method:container.sim.GotoMethod2 DIM:0
[21:39:19] [Server thread/WARN] [sim/]: FolkData:onUpdate() 昀然 訾 还在工作
[21:39:19] [Server thread/INFO] [sim/]: FolkData: GOTOXYZ() for 昀然 訾 to 26,237,33,0 - Method:container.sim.GotoMethod2 DIM:0
[21:39:19] [Server thread/INFO] [sim/]: FolkData: GOTOXYZ() for 昀然 訾 to 21,237,33,0 - Method:container.sim.GotoMethod2 DIM:0
[21:39:19] [Server thread/WARN] [sim/]: FolkData:onUpdate() 瑾泉 ，景 还在工作
[21:39:19] [Server thread/INFO] [sim/]: FolkData: GOTOXYZ() for 瑾泉 ，景 to 26,237,33,0 - Method:container.sim.GotoMethod2 DIM:0
[21:39:19] [Server thread/INFO] [sim/]: FolkData: GOTOXYZ() for 瑾泉 ，景 to 21,237,33,0 - Method:container.sim.GotoMethod2 DIM:0
[21:39:19] [Server thread/WARN] [sim/]: FolkData:onUpdate() 昀然 訾 还在工作
[21:39:19] [Server thread/INFO] [sim/]: FolkData: GOTOXYZ() for 昀然 訾 to 26,237,33,0 - Method:container.sim.GotoMethod2 DIM:0
[21:39:19] [Server thread/INFO] [sim/]: FolkData: GOTOXYZ() for 昀然 訾 to 21,237,33,0 - Method:container.sim.GotoMethod2 DIM:0
[21:39:19] [Server thread/WARN] [sim/]: FolkData:onUpdate() 瑾泉 ，景 还在工作
[21:39:19] [Server thread/INFO] [sim/]: FolkData: GOTOXYZ() for 瑾泉 ，景 to 26,237,33,0 - Method:container.sim.GotoMethod2 DIM:0
[21:39:19] [Server thread/INFO] [sim/]: FolkData: GOTOXYZ() for 瑾泉 ，景 to 21,237,33,0 - Method:container.sim.GotoMethod2 DIM:0
[21:39:19] [Server thread/WARN] [sim/]: FolkData:onUpdate() 昀然 訾 还在工作
[21:39:19] [Server thread/INFO] [sim/]: FolkData: GOTOXYZ() for 昀然 訾 to 26,237,33,0 - Method:container.sim.GotoMethod2 DIM:0
[21:39:19] [Server thread/INFO] [sim/]: FolkData: GOTOXYZ() for 昀然 訾 to 21,237,33,0 - Method:container.sim.GotoMethod2 DIM:0
[21:39:19] [Server thread/WARN] [sim/]: FolkData:onUpdate() 瑾泉 ，景 还在工作
[21:39:19] [Server thread/INFO] [sim/]: FolkData: GOTOXYZ() for 瑾泉 ，景 to 26,237,33,0 - Method:container.sim.GotoMethod2 DIM:0
[21:39:19] [Server thread/INFO] [sim/]: FolkData: GOTOXYZ() for 瑾泉 ，景 to 21,237,33,0 - Method:container.sim.GotoMethod2 DIM:0
[21:39:19] [Server thread/WARN] [sim/]: FolkData:onUpdate() 昀然 訾 还在工作
[21:39:19] [Server thread/INFO] [sim/]: FolkData: GOTOXYZ() for 昀然 訾 to 26,237,33,0 - Method:container.sim.GotoMethod2 DIM:0
[21:39:19] [Server thread/INFO] [sim/]: FolkData: GOTOXYZ() for 昀然 訾 to 21,237,33,0 - Method:container.sim.GotoMethod2 DIM:0
[21:39:19] [Server thread/WARN] [sim/]: FolkData:onUpdate() 瑾泉 ，景 还在工作
[21:39:19] [Server thread/INFO] [sim/]: FolkData: GOTOXYZ() for 瑾泉 ，景 to 26,237,33,0 - Method:container.sim.GotoMethod2 DIM:0
[21:39:19] [Server thread/INFO] [sim/]: FolkData: GOTOXYZ() for 瑾泉 ，景 to 21,237,33,0 - Method:container.sim.GotoMethod2 DIM:0
[21:39:19] [Server thread/WARN] [sim/]: FolkData:onUpdate() 昀然 訾 还在工作
[21:39:19] [Server thread/INFO] [sim/]: FolkData: GOTOXYZ() for 昀然 訾 to 26,237,33,0 - Method:container.sim.GotoMethod2 DIM:0
[21:39:19] [Server thread/INFO] [sim/]: FolkData: GOTOXYZ() for 昀然 訾 to 21,237,33,0 - Method:container.sim.GotoMethod2 DIM:0
[21:39:19] [Server thread/WARN] [sim/]: FolkData:onUpdate() 瑾泉 ，景 还在工作
[21:39:19] [Server thread/INFO] [sim/]: FolkData: GOTOXYZ() for 瑾泉 ，景 to 26,237,33,0 - Method:container.sim.GotoMethod2 DIM:0
[21:39:19] [Server thread/INFO] [sim/]: FolkData: GOTOXYZ() for 瑾泉 ，景 to 21,237,33,0 - Method:container.sim.GotoMethod2 DIM:0
[21:39:19] [Server thread/WARN] [sim/]: FolkData:onUpdate() 昀然 訾 还在工作
[21:39:19] [Server thread/INFO] [sim/]: FolkData: GOTOXYZ() for 昀然 訾 to 26,237,33,0 - Method:container.sim.GotoMethod2 DIM:0
[21:39:19] [Server thread/INFO] [sim/]: FolkData: GOTOXYZ() for 昀然 訾 to 21,237,33,0 - Method:container.sim.GotoMethod2 DIM:0
[21:39:19] [Server thread/WARN] [sim/]: FolkData:onUpdate() 瑾泉 ，景 还在工作
[21:39:19] [Server thread/INFO] [sim/]: FolkData: GOTOXYZ() for 瑾泉 ，景 to 26,237,33,0 - Method:container.sim.GotoMethod2 DIM:0
[21:39:19] [Server thread/INFO] [sim/]: FolkData: GOTOXYZ() for 瑾泉 ，景 to 21,237,33,0 - Method:container.sim.GotoMethod2 DIM:0
[21:39:19] [Server thread/WARN] [sim/]: FolkData:onUpdate() 昀然 訾 还在工作
[21:39:19] [Server thread/INFO] [sim/]: FolkData: GOTOXYZ() for 昀然 訾 to 26,237,33,0 - Method:container.sim.GotoMethod2 DIM:0
[21:39:19] [Server thread/INFO] [sim/]: FolkData: GOTOXYZ() for 昀然 訾 to 21,237,33,0 - Method:container.sim.GotoMethod2 DIM:0
[21:39:19] [Server thread/WARN] [sim/]: FolkData:onUpdate() 瑾泉 ，景 还在工作
[21:39:19] [Server thread/INFO] [sim/]: FolkData: GOTOXYZ() for 瑾泉 ，景 to 26,237,33,0 - Method:container.sim.GotoMethod2 DIM:0
[21:39:19] [Server thread/INFO] [sim/]: FolkData: GOTOXYZ() for 瑾泉 ，景 to 21,237,33,0 - Method:container.sim.GotoMethod2 DIM:0
[21:39:19] [Server thread/WARN] [sim/]: FolkData:onUpdate() 昀然 訾 还在工作
[21:39:19] [Server thread/INFO] [sim/]: FolkData: GOTOXYZ() for 昀然 訾 to 26,237,33,0 - Method:container.sim.GotoMethod2 DIM:0
[21:39:19] [Server thread/INFO] [sim/]: FolkData: GOTOXYZ() for 昀然 訾 to 21,237,33,0 - Method:container.sim.GotoMethod2 DIM:0
[21:39:19] [Server thread/WARN] [sim/]: FolkData:onUpdate() 瑾泉 ，景 还在工作
[21:39:19] [Server thread/INFO] [sim/]: FolkData: GOTOXYZ() for 瑾泉 ，景 to 26,237,33,0 - Method:container.sim.GotoMethod2 DIM:0
[21:39:19] [Server thread/INFO] [sim/]: FolkData: GOTOXYZ() for 瑾泉 ，景 to 21,237,33,0 - Method:container.sim.GotoMethod2 DIM:0
[21:39:19] [Server thread/WARN] [sim/]: FolkData:onUpdate() 昀然 訾 还在工作
[21:39:19] [Server thread/INFO] [sim/]: FolkData: GOTOXYZ() for 昀然 訾 to 26,237,33,0 - Method:container.sim.GotoMethod2 DIM:0
[21:39:19] [Server thread/INFO] [sim/]: FolkData: GOTOXYZ() for 昀然 訾 to 21,237,33,0 - Method:container.sim.GotoMethod2 DIM:0
[21:39:19] [Server thread/WARN] [sim/]: FolkData:onUpdate() 瑾泉 ，景 还在工作
[21:39:19] [Server thread/INFO] [sim/]: FolkData: GOTOXYZ() for 瑾泉 ，景 to 26,237,33,0 - Method:container.sim.GotoMethod2 DIM:0
[21:39:19] [Server thread/INFO] [sim/]: FolkData: GOTOXYZ() for 瑾泉 ，景 to 21,237,33,0 - Method:container.sim.GotoMethod2 DIM:0
[21:39:19] [Server thread/WARN] [sim/]: FolkData:onUpdate() 昀然 訾 还在工作
[21:39:19] [Server thread/INFO] [sim/]: FolkData: GOTOXYZ() for 昀然 訾 to 26,237,33,0 - Method:container.sim.GotoMethod2 DIM:0
[21:39:19] [Server thread/INFO] [sim/]: FolkData: GOTOXYZ() for 昀然 訾 to 21,237,33,0 - Method:container.sim.GotoMethod2 DIM:0
[21:39:19] [Server thread/WARN] [sim/]: FolkData:onUpdate() 瑾泉 ，景 还在工作
[21:39:19] [Server thread/INFO] [sim/]: FolkData: GOTOXYZ() for 瑾泉 ，景 to 26,237,33,0 - Method:container.sim.GotoMethod2 DIM:0
[21:39:19] [Server thread/INFO] [sim/]: FolkData: GOTOXYZ() for 瑾泉 ，景 to 21,237,33,0 - Method:container.sim.GotoMethod2 DIM:0
[21:39:19] [Server thread/WARN] [sim/]: FolkData:onUpdate() 昀然 訾 还在工作
[21:39:19] [Server thread/INFO] [sim/]: FolkData: GOTOXYZ() for 昀然 訾 to 26,237,33,0 - Method:container.sim.GotoMethod2 DIM:0
[21:39:19] [Server thread/INFO] [sim/]: FolkData: GOTOXYZ() for 昀然 訾 to 21,237,33,0 - Method:container.sim.GotoMethod2 DIM:0
[21:39:19] [Server thread/WARN] [sim/]: FolkData:onUpdate() 瑾泉 ，景 还在工作
[21:39:19] [Server thread/INFO] [sim/]: FolkData: GOTOXYZ() for 瑾泉 ，景 to 26,237,33,0 - Method:container.sim.GotoMethod2 DIM:0
[21:39:19] [Server thread/INFO] [sim/]: FolkData: GOTOXYZ() for 瑾泉 ，景 to 21,237,33,0 - Method:container.sim.GotoMethod2 DIM:0
[21:39:19] [Server thread/WARN] [sim/]: FolkData:onUpdate() 昀然 訾 还在工作
[21:39:19] [Server thread/INFO] [sim/]: FolkData: GOTOXYZ() for 昀然 訾 to 26,237,33,0 - Method:container.sim.GotoMethod2 DIM:0
[21:39:19] [Server thread/INFO] [sim/]: FolkData: GOTOXYZ() for 昀然 訾 to 21,237,33,0 - Method:container.sim.GotoMethod2 DIM:0
[21:39:19] [Server thread/WARN] [sim/]: FolkData:onUpdate() 瑾泉 ，景 还在工作
[21:39:19] [Server thread/INFO] [sim/]: FolkData: GOTOXYZ() for 瑾泉 ，景 to 26,237,33,0 - Method:container.sim.GotoMethod2 DIM:0
[21:39:19] [Server thread/INFO] [sim/]: FolkData: GOTOXYZ() for 瑾泉 ，景 to 21,237,33,0 - Method:container.sim.GotoMethod2 DIM:0
[21:39:19] [Server thread/WARN] [sim/]: FolkData:onUpdate() 昀然 訾 还在工作
[21:39:19] [Server thread/INFO] [sim/]: FolkData: GOTOXYZ() for 昀然 訾 to 26,237,33,0 - Method:container.sim.GotoMethod2 DIM:0
[21:39:19] [Server thread/INFO] [sim/]: FolkData: GOTOXYZ() for 昀然 訾 to 21,237,33,0 - Method:container.sim.GotoMethod2 DIM:0
[21:39:19] [Server thread/WARN] [sim/]: FolkData:onUpdate() 瑾泉 ，景 还在工作
[21:39:19] [Server thread/INFO] [sim/]: FolkData: GOTOXYZ() for 瑾泉 ，景 to 26,237,33,0 - Method:container.sim.GotoMethod2 DIM:0
[21:39:19] [Server thread/INFO] [sim/]: FolkData: GOTOXYZ() for 瑾泉 ，景 to 21,237,33,0 - Method:container.sim.GotoMethod2 DIM:0
[21:39:19] [Server thread/WARN] [sim/]: FolkData:onUpdate() 昀然 訾 还在工作
[21:39:19] [Server thread/INFO] [sim/]: FolkData: GOTOXYZ() for 昀然 訾 to 26,237,33,0 - Method:container.sim.GotoMethod2 DIM:0
[21:39:19] [Server thread/INFO] [sim/]: FolkData: GOTOXYZ() for 昀然 訾 to 21,237,33,0 - Method:container.sim.GotoMethod2 DIM:0
[21:39:19] [Server thread/WARN] [sim/]: FolkData:onUpdate() 瑾泉 ，景 还在工作
[21:39:19] [Server thread/INFO] [sim/]: FolkData: GOTOXYZ() for 瑾泉 ，景 to 26,237,33,0 - Method:container.sim.GotoMethod2 DIM:0
[21:39:19] [Server thread/INFO] [sim/]: FolkData: GOTOXYZ() for 瑾泉 ，景 to 21,237,33,0 - Method:container.sim.GotoMethod2 DIM:0
[21:39:19] [Server thread/WARN] [sim/]: FolkData:onUpdate() 昀然 訾 还在工作
[21:39:19] [Server thread/INFO] [sim/]: FolkData: GOTOXYZ() for 昀然 訾 to 26,237,33,0 - Method:container.sim.GotoMethod2 DIM:0
[21:39:19] [Server thread/INFO] [sim/]: FolkData: GOTOXYZ() for 昀然 訾 to 21,237,33,0 - Method:container.sim.GotoMethod2 DIM:0
[21:39:19] [Server thread/WARN] [sim/]: FolkData:onUpdate() 瑾泉 ，景 还在工作
[21:39:19] [Server thread/INFO] [sim/]: FolkData: GOTOXYZ() for 瑾泉 ，景 to 26,237,33,0 - Method:container.sim.GotoMethod2 DIM:0
[21:39:19] [Server thread/INFO] [sim/]: FolkData: GOTOXYZ() for 瑾泉 ，景 to 21,237,33,0 - Method:container.sim.GotoMethod2 DIM:0
[21:39:19] [Server thread/WARN] [sim/]: FolkData:onUpdate() 昀然 訾 还在工作
[21:39:19] [Server thread/INFO] [sim/]: FolkData: GOTOXYZ() for 昀然 訾 to 26,237,33,0 - Method:container.sim.GotoMethod2 DIM:0
[21:39:19] [Server thread/INFO] [sim/]: FolkData: GOTOXYZ() for 昀然 訾 to 21,237,33,0 - Method:container.sim.GotoMethod2 DIM:0
[21:39:19] [Server thread/WARN] [sim/]: FolkData:onUpdate() 瑾泉 ，景 还在工作
[21:39:19] [Server thread/INFO] [sim/]: FolkData: GOTOXYZ() for 瑾泉 ，景 to 26,237,33,0 - Method:container.sim.GotoMethod2 DIM:0
[21:39:19] [Server thread/INFO] [sim/]: FolkData: GOTOXYZ() for 瑾泉 ，景 to 21,237,33,0 - Method:container.sim.GotoMethod2 DIM:0
[21:39:19] [Server thread/WARN] [sim/]: FolkData:onUpdate() 昀然 訾 还在工作
[21:39:19] [Server thread/INFO] [sim/]: FolkData: GOTOXYZ() for 昀然 訾 to 26,237,33,0 - Method:container.sim.GotoMethod2 DIM:0
[21:39:19] [Server thread/INFO] [sim/]: FolkData: GOTOXYZ() for 昀然 訾 to 21,237,33,0 - Method:container.sim.GotoMethod2 DIM:0
[21:39:19] [Server thread/WARN] [sim/]: FolkData:onUpdate() 瑾泉 ，景 还在工作
[21:39:19] [Server thread/INFO] [sim/]: FolkData: GOTOXYZ() for 瑾泉 ，景 to 26,237,33,0 - Method:container.sim.GotoMethod2 DIM:0
[21:39:19] [Server thread/INFO] [sim/]: FolkData: GOTOXYZ() for 瑾泉 ，景 to 21,237,33,0 - Method:container.sim.GotoMethod2 DIM:0
[21:39:20] [Server thread/WARN] [sim/]: FolkData:onUpdate() 昀然 訾 还在工作
[21:39:20] [Server thread/INFO] [sim/]: FolkData: GOTOXYZ() for 昀然 訾 to 26,237,33,0 - Method:container.sim.GotoMethod2 DIM:0
[21:39:20] [Server thread/INFO] [sim/]: FolkData: GOTOXYZ() for 昀然 訾 to 21,237,33,0 - Method:container.sim.GotoMethod2 DIM:0
[21:39:20] [Server thread/WARN] [sim/]: FolkData:onUpdate() 瑾泉 ，景 还在工作
[21:39:20] [Server thread/INFO] [sim/]: FolkData: GOTOXYZ() for 瑾泉 ，景 to 26,237,33,0 - Method:container.sim.GotoMethod2 DIM:0
[21:39:20] [Server thread/INFO] [sim/]: FolkData: GOTOXYZ() for 瑾泉 ，景 to 21,237,33,0 - Method:container.sim.GotoMethod2 DIM:0
[21:39:20] [Server thread/WARN] [sim/]: FolkData:onUpdate() 昀然 訾 还在工作
[21:39:20] [Server thread/INFO] [sim/]: FolkData: GOTOXYZ() for 昀然 訾 to 26,237,33,0 - Method:container.sim.GotoMethod2 DIM:0
[21:39:20] [Server thread/INFO] [sim/]: FolkData: GOTOXYZ() for 昀然 訾 to 21,237,33,0 - Method:container.sim.GotoMethod2 DIM:0
[21:39:20] [Server thread/WARN] [sim/]: FolkData:onUpdate() 瑾泉 ，景 还在工作
[21:39:20] [Server thread/INFO] [sim/]: FolkData: GOTOXYZ() for 瑾泉 ，景 to 26,237,33,0 - Method:container.sim.GotoMethod2 DIM:0
[21:39:20] [Server thread/INFO] [sim/]: FolkData: GOTOXYZ() for 瑾泉 ，景 to 21,237,33,0 - Method:container.sim.GotoMethod2 DIM:0
[21:39:20] [Server thread/WARN] [sim/]: FolkData:onUpdate() 昀然 訾 还在工作
[21:39:20] [Server thread/INFO] [sim/]: FolkData: GOTOXYZ() for 昀然 訾 to 26,237,33,0 - Method:container.sim.GotoMethod2 DIM:0
[21:39:20] [Server thread/INFO] [sim/]: FolkData: GOTOXYZ() for 昀然 訾 to 21,237,33,0 - Method:container.sim.GotoMethod2 DIM:0
[21:39:20] [Server thread/WARN] [sim/]: FolkData:onUpdate() 瑾泉 ，景 还在工作
[21:39:20] [Server thread/INFO] [sim/]: FolkData: GOTOXYZ() for 瑾泉 ，景 to 26,237,33,0 - Method:container.sim.GotoMethod2 DIM:0
[21:39:20] [Server thread/INFO] [sim/]: FolkData: GOTOXYZ() for 瑾泉 ，景 to 21,237,33,0 - Method:container.sim.GotoMethod2 DIM:0
[21:39:20] [Server thread/WARN] [sim/]: FolkData:onUpdate() 昀然 訾 还在工作
[21:39:20] [Server thread/INFO] [sim/]: FolkData: GOTOXYZ() for 昀然 訾 to 26,237,33,0 - Method:container.sim.GotoMethod2 DIM:0
[21:39:20] [Server thread/INFO] [sim/]: FolkData: GOTOXYZ() for 昀然 訾 to 21,237,33,0 - Method:container.sim.GotoMethod2 DIM:0
[21:39:20] [Server thread/WARN] [sim/]: FolkData:onUpdate() 瑾泉 ，景 还在工作
[21:39:20] [Server thread/INFO] [sim/]: FolkData: GOTOXYZ() for 瑾泉 ，景 to 26,237,33,0 - Method:container.sim.GotoMethod2 DIM:0
[21:39:20] [Server thread/INFO] [sim/]: FolkData: GOTOXYZ() for 瑾泉 ，景 to 21,237,33,0 - Method:container.sim.GotoMethod2 DIM:0
[21:39:20] [Server thread/WARN] [sim/]: FolkData:onUpdate() 昀然 訾 还在工作
[21:39:20] [Server thread/INFO] [sim/]: FolkData: GOTOXYZ() for 昀然 訾 to 26,237,33,0 - Method:container.sim.GotoMethod2 DIM:0
[21:39:20] [Server thread/INFO] [sim/]: FolkData: GOTOXYZ() for 昀然 訾 to 21,237,33,0 - Method:container.sim.GotoMethod2 DIM:0
[21:39:20] [Server thread/WARN] [sim/]: FolkData:onUpdate() 瑾泉 ，景 还在工作
[21:39:20] [Server thread/INFO] [sim/]: FolkData: GOTOXYZ() for 瑾泉 ，景 to 26,237,33,0 - Method:container.sim.GotoMethod2 DIM:0
[21:39:20] [Server thread/INFO] [sim/]: FolkData: GOTOXYZ() for 瑾泉 ，景 to 21,237,33,0 - Method:container.sim.GotoMethod2 DIM:0
[21:39:20] [Server thread/WARN] [sim/]: FolkData:onUpdate() 昀然 訾 还在工作
[21:39:20] [Server thread/INFO] [sim/]: FolkData: GOTOXYZ() for 昀然 訾 to 26,237,33,0 - Method:container.sim.GotoMethod2 DIM:0
[21:39:20] [Server thread/INFO] [sim/]: FolkData: GOTOXYZ() for 昀然 訾 to 21,237,33,0 - Method:container.sim.GotoMethod2 DIM:0
[21:39:20] [Server thread/WARN] [sim/]: FolkData:onUpdate() 瑾泉 ，景 还在工作
[21:39:20] [Server thread/INFO] [sim/]: FolkData: GOTOXYZ() for 瑾泉 ，景 to 26,237,33,0 - Method:container.sim.GotoMethod2 DIM:0
[21:39:20] [Server thread/INFO] [sim/]: FolkData: GOTOXYZ() for 瑾泉 ，景 to 21,237,33,0 - Method:container.sim.GotoMethod2 DIM:0
[21:39:20] [Server thread/WARN] [sim/]: FolkData:onUpdate() 昀然 訾 还在工作
[21:39:20] [Server thread/INFO] [sim/]: FolkData: GOTOXYZ() for 昀然 訾 to 26,237,33,0 - Method:container.sim.GotoMethod2 DIM:0
[21:39:20] [Server thread/INFO] [sim/]: FolkData: GOTOXYZ() for 昀然 訾 to 21,237,33,0 - Method:container.sim.GotoMethod2 DIM:0
[21:39:20] [Server thread/WARN] [sim/]: FolkData:onUpdate() 瑾泉 ，景 还在工作
[21:39:20] [Server thread/INFO] [sim/]: FolkData: GOTOXYZ() for 瑾泉 ，景 to 26,237,33,0 - Method:container.sim.GotoMethod2 DIM:0
[21:39:20] [Server thread/INFO] [sim/]: FolkData: GOTOXYZ() for 瑾泉 ，景 to 21,237,33,0 - Method:container.sim.GotoMethod2 DIM:0
[21:39:20] [Server thread/WARN] [sim/]: FolkData:onUpdate() 昀然 訾 还在工作
[21:39:20] [Server thread/INFO] [sim/]: FolkData: GOTOXYZ() for 昀然 訾 to 26,237,33,0 - Method:container.sim.GotoMethod2 DIM:0
[21:39:20] [Server thread/INFO] [sim/]: FolkData: GOTOXYZ() for 昀然 訾 to 21,237,33,0 - Method:container.sim.GotoMethod2 DIM:0
[21:39:20] [Server thread/WARN] [sim/]: FolkData:onUpdate() 瑾泉 ，景 还在工作
[21:39:20] [Server thread/INFO] [sim/]: FolkData: GOTOXYZ() for 瑾泉 ，景 to 26,237,33,0 - Method:container.sim.GotoMethod2 DIM:0
[21:39:20] [Server thread/INFO] [sim/]: FolkData: GOTOXYZ() for 瑾泉 ，景 to 21,237,33,0 - Method:container.sim.GotoMethod2 DIM:0
[21:39:20] [Server thread/WARN] [sim/]: FolkData:onUpdate() 昀然 訾 还在工作
[21:39:20] [Server thread/INFO] [sim/]: FolkData: GOTOXYZ() for 昀然 訾 to 26,237,33,0 - Method:container.sim.GotoMethod2 DIM:0
[21:39:20] [Server thread/INFO] [sim/]: FolkData: GOTOXYZ() for 昀然 訾 to 21,237,33,0 - Method:container.sim.GotoMethod2 DIM:0
[21:39:20] [Server thread/WARN] [sim/]: FolkData:onUpdate() 瑾泉 ，景 还在工作
[21:39:20] [Server thread/INFO] [sim/]: FolkData: GOTOXYZ() for 瑾泉 ，景 to 26,237,33,0 - Method:container.sim.GotoMethod2 DIM:0
[21:39:20] [Server thread/INFO] [sim/]: FolkData: GOTOXYZ() for 瑾泉 ，景 to 21,237,33,0 - Method:container.sim.GotoMethod2 DIM:0
[21:39:20] [Server thread/WARN] [sim/]: FolkData:onUpdate() 昀然 訾 还在工作
[21:39:20] [Server thread/INFO] [sim/]: FolkData: GOTOXYZ() for 昀然 訾 to 26,237,33,0 - Method:container.sim.GotoMethod2 DIM:0
[21:39:20] [Server thread/INFO] [sim/]: FolkData: GOTOXYZ() for 昀然 訾 to 21,237,33,0 - Method:container.sim.GotoMethod2 DIM:0
[21:39:20] [Server thread/INFO] [sim/]: JobCropFarmer: 在农场发现 3 箱子
[21:39:20] [Server thread/WARN] [sim/]: FolkData:onUpdate() 瑾泉 ，景 还在工作
[21:39:20] [Server thread/INFO] [sim/]: FolkData: GOTOXYZ() for 瑾泉 ，景 to 26,237,33,0 - Method:container.sim.GotoMethod2 DIM:0
[21:39:20] [Server thread/INFO] [sim/]: FolkData: GOTOXYZ() for 瑾泉 ，景 to 21,237,33,0 - Method:container.sim.GotoMethod2 DIM:0
[21:39:20] [Server thread/WARN] [sim/]: FolkData:onUpdate() 昀然 訾 还在工作
[21:39:20] [Server thread/INFO] [sim/]: FolkData: GOTOXYZ() for 昀然 訾 to 26,237,33,0 - Method:container.sim.GotoMethod2 DIM:0
[21:39:20] [Server thread/INFO] [sim/]: FolkData: GOTOXYZ() for 昀然 訾 to 21,237,33,0 - Method:container.sim.GotoMethod2 DIM:0
[21:39:20] [Server thread/WARN] [sim/]: FolkData:onUpdate() 瑾泉 ，景 还在工作
[21:39:20] [Server thread/INFO] [sim/]: FolkData: GOTOXYZ() for 瑾泉 ，景 to 26,237,33,0 - Method:container.sim.GotoMethod2 DIM:0
[21:39:20] [Server thread/INFO] [sim/]: FolkData: GOTOXYZ() for 瑾泉 ，景 to 21,237,33,0 - Method:container.sim.GotoMethod2 DIM:0
[21:39:20] [Server thread/WARN] [sim/]: FolkData:onUpdate() 昀然 訾 还在工作
[21:39:20] [Server thread/INFO] [sim/]: FolkData: GOTOXYZ() for 昀然 訾 to 26,237,33,0 - Method:container.sim.GotoMethod2 DIM:0
[21:39:20] [Server thread/INFO] [sim/]: FolkData: GOTOXYZ() for 昀然 訾 to 21,237,33,0 - Method:container.sim.GotoMethod2 DIM:0
[21:39:20] [Server thread/WARN] [sim/]: FolkData:onUpdate() 瑾泉 ，景 还在工作
[21:39:20] [Server thread/INFO] [sim/]: FolkData: GOTOXYZ() for 瑾泉 ，景 to 26,237,33,0 - Method:container.sim.GotoMethod2 DIM:0
[21:39:20] [Server thread/INFO] [sim/]: FolkData: GOTOXYZ() for 瑾泉 ，景 to 21,237,33,0 - Method:container.sim.GotoMethod2 DIM:0
[21:39:20] [Server thread/WARN] [sim/]: FolkData:onUpdate() 昀然 訾 还在工作
[21:39:20] [Server thread/INFO] [sim/]: FolkData: GOTOXYZ() for 昀然 訾 to 26,237,33,0 - Method:container.sim.GotoMethod2 DIM:0
[21:39:20] [Server thread/INFO] [sim/]: FolkData: GOTOXYZ() for 昀然 訾 to 21,237,33,0 - Method:container.sim.GotoMethod2 DIM:0
[21:39:20] [Server thread/WARN] [sim/]: FolkData:onUpdate() 瑾泉 ，景 还在工作
[21:39:20] [Server thread/INFO] [sim/]: FolkData: GOTOXYZ() for 瑾泉 ，景 to 26,237,33,0 - Method:container.sim.GotoMethod2 DIM:0
[21:39:20] [Server thread/INFO] [sim/]: FolkData: GOTOXYZ() for 瑾泉 ，景 to 21,237,33,0 - Method:container.sim.GotoMethod2 DIM:0
[21:39:20] [Server thread/WARN] [sim/]: FolkData:onUpdate() 昀然 訾 还在工作
[21:39:20] [Server thread/INFO] [sim/]: FolkData: GOTOXYZ() for 昀然 訾 to 26,237,33,0 - Method:container.sim.GotoMethod2 DIM:0
[21:39:20] [Server thread/INFO] [sim/]: FolkData: GOTOXYZ() for 昀然 訾 to 21,237,33,0 - Method:container.sim.GotoMethod2 DIM:0
[21:39:20] [Server thread/WARN] [sim/]: FolkData:onUpdate() 瑾泉 ，景 还在工作
[21:39:20] [Server thread/INFO] [sim/]: FolkData: GOTOXYZ() for 瑾泉 ，景 to 26,237,33,0 - Method:container.sim.GotoMethod2 DIM:0
[21:39:20] [Server thread/INFO] [sim/]: FolkData: GOTOXYZ() for 瑾泉 ，景 to 21,237,33,0 - Method:container.sim.GotoMethod2 DIM:0
[21:39:20] [Server thread/WARN] [sim/]: FolkData:onUpdate() 昀然 訾 还在工作
[21:39:20] [Server thread/INFO] [sim/]: FolkData: GOTOXYZ() for 昀然 訾 to 26,237,33,0 - Method:container.sim.GotoMethod2 DIM:0
[21:39:20] [Server thread/INFO] [sim/]: FolkData: GOTOXYZ() for 昀然 訾 to 21,237,33,0 - Method:container.sim.GotoMethod2 DIM:0
[21:39:20] [Server thread/WARN] [sim/]: FolkData:onUpdate() 瑾泉 ，景 还在工作
[21:39:20] [Server thread/INFO] [sim/]: FolkData: GOTOXYZ() for 瑾泉 ，景 to 26,237,33,0 - Method:container.sim.GotoMethod2 DIM:0
[21:39:20] [Server thread/INFO] [sim/]: FolkData: GOTOXYZ() for 瑾泉 ，景 to 21,237,33,0 - Method:container.sim.GotoMethod2 DIM:0
[21:39:20] [Server thread/WARN] [sim/]: FolkData:onUpdate() 昀然 訾 还在工作
[21:39:20] [Server thread/INFO] [sim/]: FolkData: GOTOXYZ() for 昀然 訾 to 26,237,33,0 - Method:container.sim.GotoMethod2 DIM:0
[21:39:20] [Server thread/INFO] [sim/]: FolkData: GOTOXYZ() for 昀然 訾 to 21,237,33,0 - Method:container.sim.GotoMethod2 DIM:0
[21:39:20] [Server thread/WARN] [sim/]: FolkData:onUpdate() 瑾泉 ，景 还在工作
[21:39:20] [Server thread/INFO] [sim/]: FolkData: GOTOXYZ() for 瑾泉 ，景 to 26,237,33,0 - Method:container.sim.GotoMethod2 DIM:0
[21:39:20] [Server thread/INFO] [sim/]: FolkData: GOTOXYZ() for 瑾泉 ，景 to 21,237,33,0 - Method:container.sim.GotoMethod2 DIM:0
[21:39:20] [Server thread/WARN] [sim/]: FolkData:onUpdate() 昀然 訾 还在工作
[21:39:20] [Server thread/INFO] [sim/]: FolkData: GOTOXYZ() for 昀然 訾 to 26,237,33,0 - Method:container.sim.GotoMethod2 DIM:0
[21:39:20] [Server thread/INFO] [sim/]: FolkData: GOTOXYZ() for 昀然 訾 to 21,237,33,0 - Method:container.sim.GotoMethod2 DIM:0
[21:39:20] [Server thread/WARN] [sim/]: FolkData:onUpdate() 瑾泉 ，景 还在工作
[21:39:20] [Server thread/INFO] [sim/]: FolkData: GOTOXYZ() for 瑾泉 ，景 to 26,237,33,0 - Method:container.sim.GotoMethod2 DIM:0
[21:39:20] [Server thread/INFO] [sim/]: FolkData: GOTOXYZ() for 瑾泉 ，景 to 21,237,33,0 - Method:container.sim.GotoMethod2 DIM:0
[21:39:20] [Server thread/WARN] [sim/]: FolkData:onUpdate() 昀然 訾 还在工作
[21:39:20] [Server thread/INFO] [sim/]: FolkData: GOTOXYZ() for 昀然 訾 to 26,237,33,0 - Method:container.sim.GotoMethod2 DIM:0
[21:39:20] [Server thread/INFO] [sim/]: FolkData: GOTOXYZ() for 昀然 訾 to 21,237,33,0 - Method:container.sim.GotoMethod2 DIM:0
[21:39:20] [Server thread/WARN] [sim/]: FolkData:onUpdate() 瑾泉 ，景 还在工作
[21:39:20] [Server thread/INFO] [sim/]: FolkData: GOTOXYZ() for 瑾泉 ，景 to 26,237,33,0 - Method:container.sim.GotoMethod2 DIM:0
[21:39:20] [Server thread/INFO] [sim/]: FolkData: GOTOXYZ() for 瑾泉 ，景 to 21,237,33,0 - Method:container.sim.GotoMethod2 DIM:0
[21:39:20] [Server thread/WARN] [sim/]: FolkData:onUpdate() 昀然 訾 还在工作
[21:39:20] [Server thread/INFO] [sim/]: FolkData: GOTOXYZ() for 昀然 訾 to 26,237,33,0 - Method:container.sim.GotoMethod2 DIM:0
[21:39:20] [Server thread/INFO] [sim/]: FolkData: GOTOXYZ() for 昀然 訾 to 21,237,33,0 - Method:container.sim.GotoMethod2 DIM:0
[21:39:20] [Server thread/WARN] [sim/]: FolkData:onUpdate() 瑾泉 ，景 还在工作
[21:39:20] [Server thread/INFO] [sim/]: FolkData: GOTOXYZ() for 瑾泉 ，景 to 26,237,33,0 - Method:container.sim.GotoMethod2 DIM:0
[21:39:20] [Server thread/INFO] [sim/]: FolkData: GOTOXYZ() for 瑾泉 ，景 to 21,237,33,0 - Method:container.sim.GotoMethod2 DIM:0
[21:39:20] [Server thread/WARN] [sim/]: FolkData:onUpdate() 昀然 訾 还在工作
[21:39:20] [Server thread/INFO] [sim/]: FolkData: GOTOXYZ() for 昀然 訾 to 26,237,33,0 - Method:container.sim.GotoMethod2 DIM:0
[21:39:20] [Server thread/INFO] [sim/]: FolkData: GOTOXYZ() for 昀然 訾 to 21,237,33,0 - Method:container.sim.GotoMethod2 DIM:0
[21:39:20] [Server thread/WARN] [sim/]: FolkData:onUpdate() 瑾泉 ，景 还在工作
[21:39:20] [Server thread/INFO] [sim/]: FolkData: GOTOXYZ() for 瑾泉 ，景 to 26,237,33,0 - Method:container.sim.GotoMethod2 DIM:0
[21:39:20] [Server thread/INFO] [sim/]: FolkData: GOTOXYZ() for 瑾泉 ，景 to 21,237,33,0 - Method:container.sim.GotoMethod2 DIM:0
[21:39:20] [Server thread/WARN] [sim/]: FolkData:onUpdate() 昀然 訾 还在工作
[21:39:20] [Server thread/INFO] [sim/]: FolkData: GOTOXYZ() for 昀然 訾 to 26,237,33,0 - Method:container.sim.GotoMethod2 DIM:0
[21:39:20] [Server thread/INFO] [sim/]: FolkData: GOTOXYZ() for 昀然 訾 to 21,237,33,0 - Method:container.sim.GotoMethod2 DIM:0
[21:39:20] [Server thread/WARN] [sim/]: FolkData:onUpdate() 瑾泉 ，景 还在工作
[21:39:20] [Server thread/INFO] [sim/]: FolkData: GOTOXYZ() for 瑾泉 ，景 to 26,237,33,0 - Method:container.sim.GotoMethod2 DIM:0
[21:39:20] [Server thread/INFO] [sim/]: FolkData: GOTOXYZ() for 瑾泉 ，景 to 21,237,33,0 - Method:container.sim.GotoMethod2 DIM:0
[21:39:20] [Server thread/WARN] [sim/]: FolkData:onUpdate() 昀然 訾 还在工作
[21:39:20] [Server thread/INFO] [sim/]: FolkData: GOTOXYZ() for 昀然 訾 to 26,237,33,0 - Method:container.sim.GotoMethod2 DIM:0
[21:39:20] [Server thread/INFO] [sim/]: FolkData: GOTOXYZ() for 昀然 訾 to 21,237,33,0 - Method:container.sim.GotoMethod2 DIM:0
[21:39:20] [Server thread/WARN] [sim/]: FolkData:onUpdate() 瑾泉 ，景 还在工作
[21:39:20] [Server thread/INFO] [sim/]: FolkData: GOTOXYZ() for 瑾泉 ，景 to 26,237,33,0 - Method:container.sim.GotoMethod2 DIM:0
[21:39:20] [Server thread/INFO] [sim/]: FolkData: GOTOXYZ() for 瑾泉 ，景 to 21,237,33,0 - Method:container.sim.GotoMethod2 DIM:0
[21:39:20] [Server thread/WARN] [sim/]: FolkData:onUpdate() 昀然 訾 还在工作
[21:39:20] [Server thread/INFO] [sim/]: FolkData: GOTOXYZ() for 昀然 訾 to 26,237,33,0 - Method:container.sim.GotoMethod2 DIM:0
[21:39:20] [Server thread/INFO] [sim/]: FolkData: GOTOXYZ() for 昀然 訾 to 21,237,33,0 - Method:container.sim.GotoMethod2 DIM:0
[21:39:20] [Server thread/WARN] [sim/]: FolkData:onUpdate() 瑾泉 ，景 还在工作
[21:39:20] [Server thread/INFO] [sim/]: FolkData: GOTOXYZ() for 瑾泉 ，景 to 26,237,33,0 - Method:container.sim.GotoMethod2 DIM:0
[21:39:20] [Server thread/INFO] [sim/]: FolkData: GOTOXYZ() for 瑾泉 ，景 to 21,237,33,0 - Method:container.sim.GotoMethod2 DIM:0
[21:39:20] [Server thread/WARN] [sim/]: FolkData:onUpdate() 昀然 訾 还在工作
[21:39:20] [Server thread/INFO] [sim/]: FolkData: GOTOXYZ() for 昀然 訾 to 26,237,33,0 - Method:container.sim.GotoMethod2 DIM:0
[21:39:20] [Server thread/INFO] [sim/]: FolkData: GOTOXYZ() for 昀然 訾 to 21,237,33,0 - Method:container.sim.GotoMethod2 DIM:0
[21:39:20] [Server thread/WARN] [sim/]: FolkData:onUpdate() 瑾泉 ，景 还在工作
[21:39:20] [Server thread/INFO] [sim/]: FolkData: GOTOXYZ() for 瑾泉 ，景 to 26,237,33,0 - Method:container.sim.GotoMethod2 DIM:0
[21:39:20] [Server thread/INFO] [sim/]: FolkData: GOTOXYZ() for 瑾泉 ，景 to 21,237,33,0 - Method:container.sim.GotoMethod2 DIM:0
[21:39:20] [Server thread/WARN] [sim/]: FolkData:onUpdate() 昀然 訾 还在工作
[21:39:20] [Server thread/INFO] [sim/]: FolkData: GOTOXYZ() for 昀然 訾 to 26,237,33,0 - Method:container.sim.GotoMethod2 DIM:0
[21:39:20] [Server thread/INFO] [sim/]: FolkData: GOTOXYZ() for 昀然 訾 to 21,237,33,0 - Method:container.sim.GotoMethod2 DIM:0
[21:39:20] [Server thread/WARN] [sim/]: FolkData:onUpdate() 瑾泉 ，景 还在工作
[21:39:20] [Server thread/INFO] [sim/]: FolkData: GOTOXYZ() for 瑾泉 ，景 to 26,237,33,0 - Method:container.sim.GotoMethod2 DIM:0
[21:39:20] [Server thread/INFO] [sim/]: FolkData: GOTOXYZ() for 瑾泉 ，景 to 21,237,33,0 - Method:container.sim.GotoMethod2 DIM:0
[21:39:20] [Server thread/WARN] [sim/]: FolkData:onUpdate() 昀然 訾 还在工作
[21:39:20] [Server thread/INFO] [sim/]: FolkData: GOTOXYZ() for 昀然 訾 to 26,237,33,0 - Method:container.sim.GotoMethod2 DIM:0
[21:39:20] [Server thread/INFO] [sim/]: FolkData: GOTOXYZ() for 昀然 訾 to 21,237,33,0 - Method:container.sim.GotoMethod2 DIM:0
[21:39:20] [Server thread/WARN] [sim/]: FolkData:onUpdate() 瑾泉 ，景 还在工作
[21:39:20] [Server thread/INFO] [sim/]: FolkData: GOTOXYZ() for 瑾泉 ，景 to 26,237,33,0 - Method:container.sim.GotoMethod2 DIM:0
[21:39:20] [Server thread/INFO] [sim/]: FolkData: GOTOXYZ() for 瑾泉 ，景 to 21,237,33,0 - Method:container.sim.GotoMethod2 DIM:0
[21:39:20] [Server thread/WARN] [sim/]: FolkData:onUpdate() 昀然 訾 还在工作
[21:39:20] [Server thread/INFO] [sim/]: FolkData: GOTOXYZ() for 昀然 訾 to 26,237,33,0 - Method:container.sim.GotoMethod2 DIM:0
[21:39:20] [Server thread/INFO] [sim/]: FolkData: GOTOXYZ() for 昀然 訾 to 21,237,33,0 - Method:container.sim.GotoMethod2 DIM:0
[21:39:20] [Server thread/WARN] [sim/]: FolkData:onUpdate() 瑾泉 ，景 还在工作
[21:39:20] [Server thread/INFO] [sim/]: FolkData: GOTOXYZ() for 瑾泉 ，景 to 26,237,33,0 - Method:container.sim.GotoMethod2 DIM:0
[21:39:20] [Server thread/INFO] [sim/]: FolkData: GOTOXYZ() for 瑾泉 ，景 to 21,237,33,0 - Method:container.sim.GotoMethod2 DIM:0
[21:39:20] [Server thread/WARN] [sim/]: FolkData:onUpdate() 昀然 訾 还在工作
[21:39:20] [Server thread/INFO] [sim/]: FolkData: GOTOXYZ() for 昀然 訾 to 26,237,33,0 - Method:container.sim.GotoMethod2 DIM:0
[21:39:20] [Server thread/INFO] [sim/]: FolkData: GOTOXYZ() for 昀然 訾 to 21,237,33,0 - Method:container.sim.GotoMethod2 DIM:0
[21:39:20] [Server thread/WARN] [sim/]: FolkData:onUpdate() 瑾泉 ，景 还在工作
[21:39:20] [Server thread/INFO] [sim/]: FolkData: GOTOXYZ() for 瑾泉 ，景 to 26,237,33,0 - Method:container.sim.GotoMethod2 DIM:0
[21:39:20] [Server thread/INFO] [sim/]: FolkData: GOTOXYZ() for 瑾泉 ，景 to 21,237,33,0 - Method:container.sim.GotoMethod2 DIM:0
[21:39:20] [Server thread/WARN] [sim/]: FolkData:onUpdate() 昀然 訾 还在工作
[21:39:20] [Server thread/INFO] [sim/]: FolkData: GOTOXYZ() for 昀然 訾 to 26,237,33,0 - Method:container.sim.GotoMethod2 DIM:0
[21:39:20] [Server thread/INFO] [sim/]: FolkData: GOTOXYZ() for 昀然 訾 to 21,237,33,0 - Method:container.sim.GotoMethod2 DIM:0
[21:39:20] [Server thread/WARN] [sim/]: FolkData:onUpdate() 瑾泉 ，景 还在工作
[21:39:20] [Server thread/INFO] [sim/]: FolkData: GOTOXYZ() for 瑾泉 ，景 to 26,237,33,0 - Method:container.sim.GotoMethod2 DIM:0
[21:39:20] [Server thread/INFO] [sim/]: FolkData: GOTOXYZ() for 瑾泉 ，景 to 21,237,33,0 - Method:container.sim.GotoMethod2 DIM:0
[21:39:20] [Server thread/WARN] [sim/]: FolkData:onUpdate() 昀然 訾 还在工作
[21:39:20] [Server thread/INFO] [sim/]: FolkData: GOTOXYZ() for 昀然 訾 to 26,237,33,0 - Method:container.sim.GotoMethod2 DIM:0
[21:39:20] [Server thread/INFO] [sim/]: FolkData: GOTOXYZ() for 昀然 訾 to 21,237,33,0 - Method:container.sim.GotoMethod2 DIM:0
[21:39:20] [Server thread/WARN] [sim/]: FolkData:onUpdate() 瑾泉 ，景 还在工作
[21:39:20] [Server thread/INFO] [sim/]: FolkData: GOTOXYZ() for 瑾泉 ，景 to 26,237,33,0 - Method:container.sim.GotoMethod2 DIM:0
[21:39:20] [Server thread/INFO] [sim/]: FolkData: GOTOXYZ() for 瑾泉 ，景 to 21,237,33,0 - Method:container.sim.GotoMethod2 DIM:0
[21:39:20] [Server thread/WARN] [sim/]: FolkData:onUpdate() 昀然 訾 还在工作
[21:39:20] [Server thread/INFO] [sim/]: FolkData: GOTOXYZ() for 昀然 訾 to 26,237,33,0 - Method:container.sim.GotoMethod2 DIM:0
[21:39:20] [Server thread/INFO] [sim/]: FolkData: GOTOXYZ() for 昀然 訾 to 21,237,33,0 - Method:container.sim.GotoMethod2 DIM:0
[21:39:20] [Server thread/WARN] [sim/]: FolkData:onUpdate() 瑾泉 ，景 还在工作
[21:39:20] [Server thread/INFO] [sim/]: FolkData: GOTOXYZ() for 瑾泉 ，景 to 26,237,33,0 - Method:container.sim.GotoMethod2 DIM:0
[21:39:20] [Server thread/INFO] [sim/]: FolkData: GOTOXYZ() for 瑾泉 ，景 to 21,237,33,0 - Method:container.sim.GotoMethod2 DIM:0
[21:39:20] [Server thread/WARN] [sim/]: FolkData:onUpdate() 昀然 訾 还在工作
[21:39:20] [Server thread/INFO] [sim/]: FolkData: GOTOXYZ() for 昀然 訾 to 26,237,33,0 - Method:container.sim.GotoMethod2 DIM:0
[21:39:20] [Server thread/INFO] [sim/]: FolkData: GOTOXYZ() for 昀然 訾 to 21,237,33,0 - Method:container.sim.GotoMethod2 DIM:0
[21:39:20] [Server thread/WARN] [sim/]: FolkData:onUpdate() 瑾泉 ，景 还在工作
[21:39:20] [Server thread/INFO] [sim/]: FolkData: GOTOXYZ() for 瑾泉 ，景 to 26,237,33,0 - Method:container.sim.GotoMethod2 DIM:0
[21:39:20] [Server thread/INFO] [sim/]: FolkData: GOTOXYZ() for 瑾泉 ，景 to 21,237,33,0 - Method:container.sim.GotoMethod2 DIM:0
[21:39:20] [Server thread/WARN] [sim/]: FolkData:onUpdate() 昀然 訾 还在工作
[21:39:20] [Server thread/INFO] [sim/]: FolkData: GOTOXYZ() for 昀然 訾 to 26,237,33,0 - Method:container.sim.GotoMethod2 DIM:0
[21:39:20] [Server thread/INFO] [sim/]: FolkData: GOTOXYZ() for 昀然 訾 to 21,237,33,0 - Method:container.sim.GotoMethod2 DIM:0
[21:39:20] [Server thread/WARN] [sim/]: FolkData:onUpdate() 瑾泉 ，景 还在工作
[21:39:20] [Server thread/INFO] [sim/]: FolkData: GOTOXYZ() for 瑾泉 ，景 to 26,237,33,0 - Method:container.sim.GotoMethod2 DIM:0
[21:39:20] [Server thread/INFO] [sim/]: FolkData: GOTOXYZ() for 瑾泉 ，景 to 21,237,33,0 - Method:container.sim.GotoMethod2 DIM:0
[21:39:20] [Server thread/WARN] [sim/]: FolkData:onUpdate() 昀然 訾 还在工作
[21:39:20] [Server thread/INFO] [sim/]: FolkData: GOTOXYZ() for 昀然 訾 to 26,237,33,0 - Method:container.sim.GotoMethod2 DIM:0
[21:39:20] [Server thread/INFO] [sim/]: FolkData: GOTOXYZ() for 昀然 訾 to 21,237,33,0 - Method:container.sim.GotoMethod2 DIM:0
[21:39:20] [Server thread/WARN] [sim/]: FolkData:onUpdate() 瑾泉 ，景 还在工作
[21:39:20] [Server thread/INFO] [sim/]: FolkData: GOTOXYZ() for 瑾泉 ，景 to 26,237,33,0 - Method:container.sim.GotoMethod2 DIM:0
[21:39:20] [Server thread/INFO] [sim/]: FolkData: GOTOXYZ() for 瑾泉 ，景 to 21,237,33,0 - Method:container.sim.GotoMethod2 DIM:0
[21:39:20] [Server thread/WARN] [sim/]: FolkData:onUpdate() 昀然 訾 还在工作
[21:39:20] [Server thread/INFO] [sim/]: FolkData: GOTOXYZ() for 昀然 訾 to 26,237,33,0 - Method:container.sim.GotoMethod2 DIM:0
[21:39:20] [Server thread/INFO] [sim/]: FolkData: GOTOXYZ() for 昀然 訾 to 21,237,33,0 - Method:container.sim.GotoMethod2 DIM:0
[21:39:20] [Server thread/WARN] [sim/]: FolkData:onUpdate() 瑾泉 ，景 还在工作
[21:39:20] [Server thread/INFO] [sim/]: FolkData: GOTOXYZ() for 瑾泉 ，景 to 26,237,33,0 - Method:container.sim.GotoMethod2 DIM:0
[21:39:20] [Server thread/INFO] [sim/]: FolkData: GOTOXYZ() for 瑾泉 ，景 to 21,237,33,0 - Method:container.sim.GotoMethod2 DIM:0
[21:39:20] [Server thread/WARN] [sim/]: FolkData:onUpdate() 昀然 訾 还在工作
[21:39:20] [Server thread/INFO] [sim/]: FolkData: GOTOXYZ() for 昀然 訾 to 26,237,33,0 - Method:container.sim.GotoMethod2 DIM:0
[21:39:20] [Server thread/INFO] [sim/]: FolkData: GOTOXYZ() for 昀然 訾 to 21,237,33,0 - Method:container.sim.GotoMethod2 DIM:0
[21:39:20] [Server thread/WARN] [sim/]: FolkData:onUpdate() 瑾泉 ，景 还在工作
[21:39:20] [Server thread/INFO] [sim/]: FolkData: GOTOXYZ() for 瑾泉 ，景 to 26,237,33,0 - Method:container.sim.GotoMethod2 DIM:0
[21:39:20] [Server thread/INFO] [sim/]: FolkData: GOTOXYZ() for 瑾泉 ，景 to 21,237,33,0 - Method:container.sim.GotoMethod2 DIM:0
[21:39:20] [Server thread/WARN] [sim/]: FolkData:onUpdate() 昀然 訾 还在工作
[21:39:20] [Server thread/INFO] [sim/]: FolkData: GOTOXYZ() for 昀然 訾 to 26,237,33,0 - Method:container.sim.GotoMethod2 DIM:0
[21:39:20] [Server thread/INFO] [sim/]: FolkData: GOTOXYZ() for 昀然 訾 to 21,237,33,0 - Method:container.sim.GotoMethod2 DIM:0
[21:39:20] [Server thread/WARN] [sim/]: FolkData:onUpdate() 瑾泉 ，景 还在工作
[21:39:20] [Server thread/INFO] [sim/]: FolkData: GOTOXYZ() for 瑾泉 ，景 to 26,237,33,0 - Method:container.sim.GotoMethod2 DIM:0
[21:39:20] [Server thread/INFO] [sim/]: FolkData: GOTOXYZ() for 瑾泉 ，景 to 21,237,33,0 - Method:container.sim.GotoMethod2 DIM:0
[21:39:20] [Server thread/WARN] [sim/]: FolkData:onUpdate() 昀然 訾 还在工作
[21:39:20] [Server thread/INFO] [sim/]: FolkData: GOTOXYZ() for 昀然 訾 to 26,237,33,0 - Method:container.sim.GotoMethod2 DIM:0
[21:39:20] [Server thread/INFO] [sim/]: FolkData: GOTOXYZ() for 昀然 訾 to 21,237,33,0 - Method:container.sim.GotoMethod2 DIM:0
[21:39:20] [Server thread/WARN] [sim/]: FolkData:onUpdate() 瑾泉 ，景 还在工作
[21:39:20] [Server thread/INFO] [sim/]: FolkData: GOTOXYZ() for 瑾泉 ，景 to 26,237,33,0 - Method:container.sim.GotoMethod2 DIM:0
[21:39:20] [Server thread/INFO] [sim/]: FolkData: GOTOXYZ() for 瑾泉 ，景 to 21,237,33,0 - Method:container.sim.GotoMethod2 DIM:0
[21:39:20] [Server thread/WARN] [sim/]: FolkData:onUpdate() 昀然 訾 还在工作
[21:39:20] [Server thread/INFO] [sim/]: FolkData: GOTOXYZ() for 昀然 訾 to 26,237,33,0 - Method:container.sim.GotoMethod2 DIM:0
[21:39:20] [Server thread/INFO] [sim/]: FolkData: GOTOXYZ() for 昀然 訾 to 21,237,33,0 - Method:container.sim.GotoMethod2 DIM:0
[21:39:20] [Server thread/WARN] [sim/]: FolkData:onUpdate() 瑾泉 ，景 还在工作
[21:39:20] [Server thread/INFO] [sim/]: FolkData: GOTOXYZ() for 瑾泉 ，景 to 26,237,33,0 - Method:container.sim.GotoMethod2 DIM:0
[21:39:20] [Server thread/INFO] [sim/]: FolkData: GOTOXYZ() for 瑾泉 ，景 to 21,237,33,0 - Method:container.sim.GotoMethod2 DIM:0
[21:39:20] [Server thread/WARN] [sim/]: FolkData:onUpdate() 昀然 訾 还在工作
[21:39:20] [Server thread/INFO] [sim/]: FolkData: GOTOXYZ() for 昀然 訾 to 26,237,33,0 - Method:container.sim.GotoMethod2 DIM:0
[21:39:20] [Server thread/INFO] [sim/]: FolkData: GOTOXYZ() for 昀然 訾 to 21,237,33,0 - Method:container.sim.GotoMethod2 DIM:0
[21:39:20] [Server thread/WARN] [sim/]: FolkData:onUpdate() 瑾泉 ，景 还在工作
[21:39:20] [Server thread/INFO] [sim/]: FolkData: GOTOXYZ() for 瑾泉 ，景 to 26,237,33,0 - Method:container.sim.GotoMethod2 DIM:0
[21:39:20] [Server thread/INFO] [sim/]: FolkData: GOTOXYZ() for 瑾泉 ，景 to 21,237,33,0 - Method:container.sim.GotoMethod2 DIM:0
[21:39:21] [Server thread/WARN] [sim/]: FolkData:onUpdate() 昀然 訾 还在工作
[21:39:21] [Server thread/INFO] [sim/]: FolkData: GOTOXYZ() for 昀然 訾 to 26,237,33,0 - Method:container.sim.GotoMethod2 DIM:0
[21:39:21] [Server thread/INFO] [sim/]: FolkData: GOTOXYZ() for 昀然 訾 to 21,237,33,0 - Method:container.sim.GotoMethod2 DIM:0
[21:39:21] [Server thread/WARN] [sim/]: FolkData:onUpdate() 瑾泉 ，景 还在工作
[21:39:21] [Server thread/INFO] [sim/]: FolkData: GOTOXYZ() for 瑾泉 ，景 to 26,237,33,0 - Method:container.sim.GotoMethod2 DIM:0
[21:39:21] [Server thread/INFO] [sim/]: FolkData: GOTOXYZ() for 瑾泉 ，景 to 21,237,33,0 - Method:container.sim.GotoMethod2 DIM:0
[21:39:21] [Server thread/WARN] [sim/]: FolkData:onUpdate() 昀然 訾 还在工作
[21:39:21] [Server thread/INFO] [sim/]: FolkData: GOTOXYZ() for 昀然 訾 to 26,237,33,0 - Method:container.sim.GotoMethod2 DIM:0
[21:39:21] [Server thread/INFO] [sim/]: FolkData: GOTOXYZ() for 昀然 訾 to 21,237,33,0 - Method:container.sim.GotoMethod2 DIM:0
[21:39:21] [Server thread/WARN] [sim/]: FolkData:onUpdate() 瑾泉 ，景 还在工作
[21:39:21] [Server thread/INFO] [sim/]: FolkData: GOTOXYZ() for 瑾泉 ，景 to 26,237,33,0 - Method:container.sim.GotoMethod2 DIM:0
[21:39:21] [Server thread/INFO] [sim/]: FolkData: GOTOXYZ() for 瑾泉 ，景 to 21,237,33,0 - Method:container.sim.GotoMethod2 DIM:0
[21:39:21] [Server thread/WARN] [sim/]: FolkData:onUpdate() 昀然 訾 还在工作
[21:39:21] [Server thread/INFO] [sim/]: FolkData: GOTOXYZ() for 昀然 訾 to 26,237,33,0 - Method:container.sim.GotoMethod2 DIM:0
[21:39:21] [Server thread/INFO] [sim/]: FolkData: GOTOXYZ() for 昀然 訾 to 21,237,33,0 - Method:container.sim.GotoMethod2 DIM:0
[21:39:21] [Server thread/WARN] [sim/]: FolkData:onUpdate() 瑾泉 ，景 还在工作
[21:39:21] [Server thread/INFO] [sim/]: FolkData: GOTOXYZ() for 瑾泉 ，景 to 26,237,33,0 - Method:container.sim.GotoMethod2 DIM:0
[21:39:21] [Server thread/INFO] [sim/]: FolkData: GOTOXYZ() for 瑾泉 ，景 to 21,237,33,0 - Method:container.sim.GotoMethod2 DIM:0
[21:39:21] [Server thread/WARN] [sim/]: FolkData:onUpdate() 昀然 訾 还在工作
[21:39:21] [Server thread/INFO] [sim/]: FolkData: GOTOXYZ() for 昀然 訾 to 26,237,33,0 - Method:container.sim.GotoMethod2 DIM:0
[21:39:21] [Server thread/INFO] [sim/]: FolkData: GOTOXYZ() for 昀然 訾 to 21,237,33,0 - Method:container.sim.GotoMethod2 DIM:0
[21:39:21] [Server thread/WARN] [sim/]: FolkData:onUpdate() 瑾泉 ，景 还在工作
[21:39:21] [Server thread/INFO] [sim/]: FolkData: GOTOXYZ() for 瑾泉 ，景 to 26,237,33,0 - Method:container.sim.GotoMethod2 DIM:0
[21:39:21] [Server thread/INFO] [sim/]: FolkData: GOTOXYZ() for 瑾泉 ，景 to 21,237,33,0 - Method:container.sim.GotoMethod2 DIM:0
[21:39:21] [Server thread/WARN] [sim/]: FolkData:onUpdate() 昀然 訾 还在工作
[21:39:21] [Server thread/INFO] [sim/]: FolkData: GOTOXYZ() for 昀然 訾 to 26,237,33,0 - Method:container.sim.GotoMethod2 DIM:0
[21:39:21] [Server thread/INFO] [sim/]: FolkData: GOTOXYZ() for 昀然 訾 to 21,237,33,0 - Method:container.sim.GotoMethod2 DIM:0
[21:39:21] [Server thread/WARN] [sim/]: FolkData:onUpdate() 瑾泉 ，景 还在工作
[21:39:21] [Server thread/INFO] [sim/]: FolkData: GOTOXYZ() for 瑾泉 ，景 to 26,237,33,0 - Method:container.sim.GotoMethod2 DIM:0
[21:39:21] [Server thread/INFO] [sim/]: FolkData: GOTOXYZ() for 瑾泉 ，景 to 21,237,33,0 - Method:container.sim.GotoMethod2 DIM:0
[21:39:21] [Server thread/WARN] [sim/]: FolkData:onUpdate() 昀然 訾 还在工作
[21:39:21] [Server thread/INFO] [sim/]: FolkData: GOTOXYZ() for 昀然 訾 to 26,237,33,0 - Method:container.sim.GotoMethod2 DIM:0
[21:39:21] [Server thread/INFO] [sim/]: FolkData: GOTOXYZ() for 昀然 訾 to 21,237,33,0 - Method:container.sim.GotoMethod2 DIM:0
[21:39:21] [Server thread/WARN] [sim/]: FolkData:onUpdate() 瑾泉 ，景 还在工作
[21:39:21] [Server thread/INFO] [sim/]: FolkData: GOTOXYZ() for 瑾泉 ，景 to 26,237,33,0 - Method:container.sim.GotoMethod2 DIM:0
[21:39:21] [Server thread/INFO] [sim/]: FolkData: GOTOXYZ() for 瑾泉 ，景 to 21,237,33,0 - Method:container.sim.GotoMethod2 DIM:0
[21:39:21] [Server thread/WARN] [sim/]: FolkData:onUpdate() 昀然 訾 还在工作
[21:39:21] [Server thread/INFO] [sim/]: FolkData: GOTOXYZ() for 昀然 訾 to 26,237,33,0 - Method:container.sim.GotoMethod2 DIM:0
[21:39:21] [Server thread/INFO] [sim/]: FolkData: GOTOXYZ() for 昀然 訾 to 21,237,33,0 - Method:container.sim.GotoMethod2 DIM:0
[21:39:21] [Server thread/WARN] [sim/]: FolkData:onUpdate() 瑾泉 ，景 还在工作
[21:39:21] [Server thread/INFO] [sim/]: FolkData: GOTOXYZ() for 瑾泉 ，景 to 26,237,33,0 - Method:container.sim.GotoMethod2 DIM:0
[21:39:21] [Server thread/INFO] [sim/]: FolkData: GOTOXYZ() for 瑾泉 ，景 to 21,237,33,0 - Method:container.sim.GotoMethod2 DIM:0
[21:39:21] [Server thread/WARN] [sim/]: FolkData:onUpdate() 昀然 訾 还在工作
[21:39:21] [Server thread/INFO] [sim/]: FolkData: GOTOXYZ() for 昀然 訾 to 26,237,33,0 - Method:container.sim.GotoMethod2 DIM:0
[21:39:21] [Server thread/INFO] [sim/]: FolkData: GOTOXYZ() for 昀然 訾 to 21,237,33,0 - Method:container.sim.GotoMethod2 DIM:0
[21:39:21] [Server thread/WARN] [sim/]: FolkData:onUpdate() 瑾泉 ，景 还在工作
[21:39:21] [Server thread/INFO] [sim/]: FolkData: GOTOXYZ() for 瑾泉 ，景 to 26,237,33,0 - Method:container.sim.GotoMethod2 DIM:0
[21:39:21] [Server thread/INFO] [sim/]: FolkData: GOTOXYZ() for 瑾泉 ，景 to 21,237,33,0 - Method:container.sim.GotoMethod2 DIM:0
[21:39:21] [Server thread/WARN] [sim/]: FolkData:onUpdate() 昀然 訾 还在工作
[21:39:21] [Server thread/INFO] [sim/]: FolkData: GOTOXYZ() for 昀然 訾 to 26,237,33,0 - Method:container.sim.GotoMethod2 DIM:0
[21:39:21] [Server thread/INFO] [sim/]: FolkData: GOTOXYZ() for 昀然 訾 to 21,237,33,0 - Method:container.sim.GotoMethod2 DIM:0
[21:39:21] [Server thread/WARN] [sim/]: FolkData:onUpdate() 瑾泉 ，景 还在工作
[21:39:21] [Server thread/INFO] [sim/]: FolkData: GOTOXYZ() for 瑾泉 ，景 to 26,237,33,0 - Method:container.sim.GotoMethod2 DIM:0
[21:39:21] [Server thread/INFO] [sim/]: FolkData: GOTOXYZ() for 瑾泉 ，景 to 21,237,33,0 - Method:container.sim.GotoMethod2 DIM:0
[21:39:21] [Server thread/WARN] [sim/]: FolkData:onUpdate() 昀然 訾 还在工作
[21:39:21] [Server thread/INFO] [sim/]: FolkData: GOTOXYZ() for 昀然 訾 to 26,237,33,0 - Method:container.sim.GotoMethod2 DIM:0
[21:39:21] [Server thread/INFO] [sim/]: FolkData: GOTOXYZ() for 昀然 訾 to 21,237,33,0 - Method:container.sim.GotoMethod2 DIM:0
[21:39:21] [Server thread/WARN] [sim/]: FolkData:onUpdate() 瑾泉 ，景 还在工作
[21:39:21] [Server thread/INFO] [sim/]: FolkData: GOTOXYZ() for 瑾泉 ，景 to 26,237,33,0 - Method:container.sim.GotoMethod2 DIM:0
[21:39:21] [Server thread/INFO] [sim/]: FolkData: GOTOXYZ() for 瑾泉 ，景 to 21,237,33,0 - Method:container.sim.GotoMethod2 DIM:0
[21:39:21] [Server thread/WARN] [sim/]: FolkData:onUpdate() 昀然 訾 还在工作
[21:39:21] [Server thread/INFO] [sim/]: FolkData: GOTOXYZ() for 昀然 訾 to 26,237,33,0 - Method:container.sim.GotoMethod2 DIM:0
[21:39:21] [Server thread/INFO] [sim/]: FolkData: GOTOXYZ() for 昀然 訾 to 21,237,33,0 - Method:container.sim.GotoMethod2 DIM:0
[21:39:21] [Server thread/WARN] [sim/]: FolkData:onUpdate() 瑾泉 ，景 还在工作
[21:39:21] [Server thread/INFO] [sim/]: FolkData: GOTOXYZ() for 瑾泉 ，景 to 26,237,33,0 - Method:container.sim.GotoMethod2 DIM:0
[21:39:21] [Server thread/INFO] [sim/]: FolkData: GOTOXYZ() for 瑾泉 ，景 to 21,237,33,0 - Method:container.sim.GotoMethod2 DIM:0
[21:39:21] [Server thread/WARN] [sim/]: FolkData:onUpdate() 昀然 訾 还在工作
[21:39:21] [Server thread/INFO] [sim/]: FolkData: GOTOXYZ() for 昀然 訾 to 26,237,33,0 - Method:container.sim.GotoMethod2 DIM:0
[21:39:21] [Server thread/INFO] [sim/]: FolkData: GOTOXYZ() for 昀然 訾 to 21,237,33,0 - Method:container.sim.GotoMethod2 DIM:0
[21:39:21] [Server thread/WARN] [sim/]: FolkData:onUpdate() 瑾泉 ，景 还在工作
[21:39:21] [Server thread/INFO] [sim/]: FolkData: GOTOXYZ() for 瑾泉 ，景 to 26,237,33,0 - Method:container.sim.GotoMethod2 DIM:0
[21:39:21] [Server thread/INFO] [sim/]: FolkData: GOTOXYZ() for 瑾泉 ，景 to 21,237,33,0 - Method:container.sim.GotoMethod2 DIM:0
[21:39:21] [Server thread/WARN] [sim/]: FolkData:onUpdate() 昀然 訾 还在工作
[21:39:21] [Server thread/INFO] [sim/]: FolkData: GOTOXYZ() for 昀然 訾 to 26,237,33,0 - Method:container.sim.GotoMethod2 DIM:0
[21:39:21] [Server thread/INFO] [sim/]: FolkData: GOTOXYZ() for 昀然 訾 to 21,237,33,0 - Method:container.sim.GotoMethod2 DIM:0
[21:39:21] [Server thread/WARN] [sim/]: FolkData:onUpdate() 瑾泉 ，景 还在工作
[21:39:21] [Server thread/INFO] [sim/]: FolkData: GOTOXYZ() for 瑾泉 ，景 to 26,237,33,0 - Method:container.sim.GotoMethod2 DIM:0
[21:39:21] [Server thread/INFO] [sim/]: FolkData: GOTOXYZ() for 瑾泉 ，景 to 21,237,33,0 - Method:container.sim.GotoMethod2 DIM:0
[21:39:21] [Server thread/WARN] [sim/]: FolkData:onUpdate() 昀然 訾 还在工作
[21:39:21] [Server thread/INFO] [sim/]: FolkData: GOTOXYZ() for 昀然 訾 to 26,237,33,0 - Method:container.sim.GotoMethod2 DIM:0
[21:39:21] [Server thread/INFO] [sim/]: FolkData: GOTOXYZ() for 昀然 訾 to 21,237,33,0 - Method:container.sim.GotoMethod2 DIM:0
[21:39:21] [Server thread/WARN] [sim/]: FolkData:onUpdate() 瑾泉 ，景 还在工作
[21:39:21] [Server thread/INFO] [sim/]: FolkData: GOTOXYZ() for 瑾泉 ，景 to 26,237,33,0 - Method:container.sim.GotoMethod2 DIM:0
[21:39:21] [Server thread/INFO] [sim/]: FolkData: GOTOXYZ() for 瑾泉 ，景 to 21,237,33,0 - Method:container.sim.GotoMethod2 DIM:0
[21:39:21] [Server thread/WARN] [sim/]: FolkData:onUpdate() 昀然 訾 还在工作
[21:39:21] [Server thread/INFO] [sim/]: FolkData: GOTOXYZ() for 昀然 訾 to 26,237,33,0 - Method:container.sim.GotoMethod2 DIM:0
[21:39:21] [Server thread/INFO] [sim/]: FolkData: GOTOXYZ() for 昀然 訾 to 21,237,33,0 - Method:container.sim.GotoMethod2 DIM:0
[21:39:21] [Server thread/WARN] [sim/]: FolkData:onUpdate() 瑾泉 ，景 还在工作
[21:39:21] [Server thread/INFO] [sim/]: FolkData: GOTOXYZ() for 瑾泉 ，景 to 26,237,33,0 - Method:container.sim.GotoMethod2 DIM:0
[21:39:21] [Server thread/INFO] [sim/]: FolkData: GOTOXYZ() for 瑾泉 ，景 to 21,237,33,0 - Method:container.sim.GotoMethod2 DIM:0
[21:39:21] [Server thread/WARN] [sim/]: FolkData:onUpdate() 昀然 訾 还在工作
[21:39:21] [Server thread/INFO] [sim/]: FolkData: GOTOXYZ() for 昀然 訾 to 26,237,33,0 - Method:container.sim.GotoMethod2 DIM:0
[21:39:21] [Server thread/INFO] [sim/]: FolkData: GOTOXYZ() for 昀然 訾 to 21,237,33,0 - Method:container.sim.GotoMethod2 DIM:0
[21:39:21] [Server thread/WARN] [sim/]: FolkData:onUpdate() 瑾泉 ，景 还在工作
[21:39:21] [Server thread/INFO] [sim/]: FolkData: GOTOXYZ() for 瑾泉 ，景 to 26,237,33,0 - Method:container.sim.GotoMethod2 DIM:0
[21:39:21] [Server thread/INFO] [sim/]: FolkData: GOTOXYZ() for 瑾泉 ，景 to 21,237,33,0 - Method:container.sim.GotoMethod2 DIM:0
[21:39:21] [Server thread/WARN] [sim/]: FolkData:onUpdate() 昀然 訾 还在工作
[21:39:21] [Server thread/INFO] [sim/]: FolkData: GOTOXYZ() for 昀然 訾 to 26,237,33,0 - Method:container.sim.GotoMethod2 DIM:0
[21:39:21] [Server thread/INFO] [sim/]: FolkData: GOTOXYZ() for 昀然 訾 to 21,237,33,0 - Method:container.sim.GotoMethod2 DIM:0
[21:39:21] [Server thread/WARN] [sim/]: FolkData:onUpdate() 瑾泉 ，景 还在工作
[21:39:21] [Server thread/INFO] [sim/]: FolkData: GOTOXYZ() for 瑾泉 ，景 to 26,237,33,0 - Method:container.sim.GotoMethod2 DIM:0
[21:39:21] [Server thread/INFO] [sim/]: FolkData: GOTOXYZ() for 瑾泉 ，景 to 21,237,33,0 - Method:container.sim.GotoMethod2 DIM:0
[21:39:21] [Server thread/WARN] [sim/]: FolkData:onUpdate() 昀然 訾 还在工作
[21:39:21] [Server thread/INFO] [sim/]: FolkData: GOTOXYZ() for 昀然 訾 to 26,237,33,0 - Method:container.sim.GotoMethod2 DIM:0
[21:39:21] [Server thread/INFO] [sim/]: FolkData: GOTOXYZ() for 昀然 訾 to 21,237,33,0 - Method:container.sim.GotoMethod2 DIM:0
[21:39:21] [Server thread/WARN] [sim/]: FolkData:onUpdate() 瑾泉 ，景 还在工作
[21:39:21] [Server thread/INFO] [sim/]: FolkData: GOTOXYZ() for 瑾泉 ，景 to 26,237,33,0 - Method:container.sim.GotoMethod2 DIM:0
[21:39:21] [Server thread/INFO] [sim/]: FolkData: GOTOXYZ() for 瑾泉 ，景 to 21,237,33,0 - Method:container.sim.GotoMethod2 DIM:0
[21:39:21] [Server thread/WARN] [sim/]: FolkData:onUpdate() 昀然 訾 还在工作
[21:39:21] [Server thread/INFO] [sim/]: FolkData: GOTOXYZ() for 昀然 訾 to 26,237,33,0 - Method:container.sim.GotoMethod2 DIM:0
[21:39:21] [Server thread/INFO] [sim/]: FolkData: GOTOXYZ() for 昀然 訾 to 21,237,33,0 - Method:container.sim.GotoMethod2 DIM:0
[21:39:21] [Server thread/WARN] [sim/]: FolkData:onUpdate() 瑾泉 ，景 还在工作
[21:39:21] [Server thread/INFO] [sim/]: FolkData: GOTOXYZ() for 瑾泉 ，景 to 26,237,33,0 - Method:container.sim.GotoMethod2 DIM:0
[21:39:21] [Server thread/INFO] [sim/]: FolkData: GOTOXYZ() for 瑾泉 ，景 to 21,237,33,0 - Method:container.sim.GotoMethod2 DIM:0
[21:39:21] [Server thread/INFO] [sim/]: GameStates: saveStates() called BOTH sides, 金额存储为 54.351345
[21:39:21] [Server thread/INFO] [sim/]: 建筑物.saveAllBuildings 15 建筑
[21:39:21] [Server thread/INFO] [sim/]: CTH: 将游戏数据保存在 146 ms
[21:39:21] [Server thread/WARN] [sim/]: FolkData:onUpdate() 昀然 訾 还在工作
[21:39:21] [Server thread/INFO] [sim/]: FolkData: GOTOXYZ() for 昀然 訾 to 26,237,33,0 - Method:container.sim.GotoMethod2 DIM:0
[21:39:21] [Server thread/INFO] [sim/]: FolkData: GOTOXYZ() for 昀然 訾 to 21,237,33,0 - Method:container.sim.GotoMethod2 DIM:0
[21:39:21] [Server thread/WARN] [sim/]: FolkData:onUpdate() 瑾泉 ，景 还在工作
[21:39:21] [Server thread/INFO] [sim/]: FolkData: GOTOXYZ() for 瑾泉 ，景 to 26,237,33,0 - Method:container.sim.GotoMethod2 DIM:0
[21:39:21] [Server thread/INFO] [sim/]: FolkData: GOTOXYZ() for 瑾泉 ，景 to 21,237,33,0 - Method:container.sim.GotoMethod2 DIM:0
[21:39:21] [Server thread/WARN] [sim/]: FolkData:onUpdate() 昀然 訾 还在工作
[21:39:21] [Server thread/INFO] [sim/]: FolkData: GOTOXYZ() for 昀然 訾 to 26,237,33,0 - Method:container.sim.GotoMethod2 DIM:0
[21:39:21] [Server thread/INFO] [sim/]: FolkData: GOTOXYZ() for 昀然 訾 to 21,237,33,0 - Method:container.sim.GotoMethod2 DIM:0
[21:39:21] [Server thread/WARN] [sim/]: FolkData:onUpdate() 瑾泉 ，景 还在工作
[21:39:21] [Server thread/INFO] [sim/]: FolkData: GOTOXYZ() for 瑾泉 ，景 to 26,237,33,0 - Method:container.sim.GotoMethod2 DIM:0
[21:39:21] [Server thread/INFO] [sim/]: FolkData: GOTOXYZ() for 瑾泉 ，景 to 21,237,33,0 - Method:container.sim.GotoMethod2 DIM:0
[21:39:21] [Server thread/WARN] [sim/]: FolkData:onUpdate() 昀然 訾 还在工作
[21:39:21] [Server thread/INFO] [sim/]: FolkData: GOTOXYZ() for 昀然 訾 to 26,237,33,0 - Method:container.sim.GotoMethod2 DIM:0
[21:39:21] [Server thread/INFO] [sim/]: FolkData: GOTOXYZ() for 昀然 訾 to 21,237,33,0 - Method:container.sim.GotoMethod2 DIM:0
[21:39:21] [Server thread/WARN] [sim/]: FolkData:onUpdate() 瑾泉 ，景 还在工作
[21:39:21] [Server thread/INFO] [sim/]: FolkData: GOTOXYZ() for 瑾泉 ，景 to 26,237,33,0 - Method:container.sim.GotoMethod2 DIM:0
[21:39:21] [Server thread/INFO] [sim/]: FolkData: GOTOXYZ() for 瑾泉 ，景 to 21,237,33,0 - Method:container.sim.GotoMethod2 DIM:0
[21:39:21] [Server thread/WARN] [sim/]: FolkData:onUpdate() 昀然 訾 还在工作
[21:39:21] [Server thread/INFO] [sim/]: FolkData: GOTOXYZ() for 昀然 訾 to 26,237,33,0 - Method:container.sim.GotoMethod2 DIM:0
[21:39:21] [Server thread/INFO] [sim/]: FolkData: GOTOXYZ() for 昀然 訾 to 21,237,33,0 - Method:container.sim.GotoMethod2 DIM:0
[21:39:21] [Server thread/WARN] [sim/]: FolkData:onUpdate() 瑾泉 ，景 还在工作
[21:39:21] [Server thread/INFO] [sim/]: FolkData: GOTOXYZ() for 瑾泉 ，景 to 26,237,33,0 - Method:container.sim.GotoMethod2 DIM:0
[21:39:21] [Server thread/INFO] [sim/]: FolkData: GOTOXYZ() for 瑾泉 ，景 to 21,237,33,0 - Method:container.sim.GotoMethod2 DIM:0
[21:39:21] [Server thread/WARN] [sim/]: FolkData:onUpdate() 昀然 訾 还在工作
[21:39:21] [Server thread/INFO] [sim/]: FolkData: GOTOXYZ() for 昀然 訾 to 26,237,33,0 - Method:container.sim.GotoMethod2 DIM:0
[21:39:21] [Server thread/INFO] [sim/]: FolkData: GOTOXYZ() for 昀然 訾 to 21,237,33,0 - Method:container.sim.GotoMethod2 DIM:0
[21:39:21] [Server thread/WARN] [sim/]: FolkData:onUpdate() 瑾泉 ，景 还在工作
[21:39:21] [Server thread/INFO] [sim/]: FolkData: GOTOXYZ() for 瑾泉 ，景 to 26,237,33,0 - Method:container.sim.GotoMethod2 DIM:0
[21:39:21] [Server thread/INFO] [sim/]: FolkData: GOTOXYZ() for 瑾泉 ，景 to 21,237,33,0 - Method:container.sim.GotoMethod2 DIM:0
[21:39:21] [Server thread/WARN] [sim/]: FolkData:onUpdate() 昀然 訾 还在工作
[21:39:21] [Server thread/INFO] [sim/]: FolkData: GOTOXYZ() for 昀然 訾 to 26,237,33,0 - Method:container.sim.GotoMethod2 DIM:0
[21:39:21] [Server thread/INFO] [sim/]: FolkData: GOTOXYZ() for 昀然 訾 to 21,237,33,0 - Method:container.sim.GotoMethod2 DIM:0
[21:39:21] [Server thread/WARN] [sim/]: FolkData:onUpdate() 瑾泉 ，景 还在工作
[21:39:21] [Server thread/INFO] [sim/]: FolkData: GOTOXYZ() for 瑾泉 ，景 to 26,237,33,0 - Method:container.sim.GotoMethod2 DIM:0
[21:39:21] [Server thread/INFO] [sim/]: FolkData: GOTOXYZ() for 瑾泉 ，景 to 21,237,33,0 - Method:container.sim.GotoMethod2 DIM:0
[21:39:21] [Server thread/WARN] [sim/]: FolkData:onUpdate() 昀然 訾 还在工作
[21:39:21] [Server thread/INFO] [sim/]: FolkData: GOTOXYZ() for 昀然 訾 to 26,237,33,0 - Method:container.sim.GotoMethod2 DIM:0
[21:39:21] [Server thread/INFO] [sim/]: FolkData: GOTOXYZ() for 昀然 訾 to 21,237,33,0 - Method:container.sim.GotoMethod2 DIM:0
[21:39:21] [Server thread/WARN] [sim/]: FolkData:onUpdate() 瑾泉 ，景 还在工作
[21:39:21] [Server thread/INFO] [sim/]: FolkData: GOTOXYZ() for 瑾泉 ，景 to 26,237,33,0 - Method:container.sim.GotoMethod2 DIM:0
[21:39:21] [Server thread/INFO] [sim/]: FolkData: GOTOXYZ() for 瑾泉 ，景 to 21,237,33,0 - Method:container.sim.GotoMethod2 DIM:0
[21:39:21] [Server thread/WARN] [sim/]: FolkData:onUpdate() 昀然 訾 还在工作
[21:39:21] [Server thread/INFO] [sim/]: FolkData: GOTOXYZ() for 昀然 訾 to 26,237,33,0 - Method:container.sim.GotoMethod2 DIM:0
[21:39:21] [Server thread/INFO] [sim/]: FolkData: GOTOXYZ() for 昀然 訾 to 21,237,33,0 - Method:container.sim.GotoMethod2 DIM:0
[21:39:21] [Server thread/WARN] [sim/]: FolkData:onUpdate() 瑾泉 ，景 还在工作
[21:39:21] [Server thread/INFO] [sim/]: FolkData: GOTOXYZ() for 瑾泉 ，景 to 26,237,33,0 - Method:container.sim.GotoMethod2 DIM:0
[21:39:21] [Server thread/INFO] [sim/]: FolkData: GOTOXYZ() for 瑾泉 ，景 to 21,237,33,0 - Method:container.sim.GotoMethod2 DIM:0
[21:39:21] [Server thread/WARN] [sim/]: FolkData:onUpdate() 昀然 訾 还在工作
[21:39:21] [Server thread/INFO] [sim/]: FolkData: GOTOXYZ() for 昀然 訾 to 26,237,33,0 - Method:container.sim.GotoMethod2 DIM:0
[21:39:21] [Server thread/INFO] [sim/]: FolkData: GOTOXYZ() for 昀然 訾 to 21,237,33,0 - Method:container.sim.GotoMethod2 DIM:0
[21:39:21] [Server thread/WARN] [sim/]: FolkData:onUpdate() 瑾泉 ，景 还在工作
[21:39:21] [Server thread/INFO] [sim/]: FolkData: GOTOXYZ() for 瑾泉 ，景 to 26,237,33,0 - Method:container.sim.GotoMethod2 DIM:0
[21:39:21] [Server thread/INFO] [sim/]: FolkData: GOTOXYZ() for 瑾泉 ，景 to 21,237,33,0 - Method:container.sim.GotoMethod2 DIM:0
[21:39:21] [Server thread/WARN] [sim/]: FolkData:onUpdate() 昀然 訾 还在工作
[21:39:21] [Server thread/INFO] [sim/]: FolkData: GOTOXYZ() for 昀然 訾 to 26,237,33,0 - Method:container.sim.GotoMethod2 DIM:0
[21:39:21] [Server thread/INFO] [sim/]: FolkData: GOTOXYZ() for 昀然 訾 to 21,237,33,0 - Method:container.sim.GotoMethod2 DIM:0
[21:39:21] [Server thread/WARN] [sim/]: FolkData:onUpdate() 瑾泉 ，景 还在工作
[21:39:21] [Server thread/INFO] [sim/]: FolkData: GOTOXYZ() for 瑾泉 ，景 to 26,237,33,0 - Method:container.sim.GotoMethod2 DIM:0
[21:39:21] [Server thread/INFO] [sim/]: FolkData: GOTOXYZ() for 瑾泉 ，景 to 21,237,33,0 - Method:container.sim.GotoMethod2 DIM:0
[21:39:21] [Server thread/WARN] [sim/]: FolkData:onUpdate() 昀然 訾 还在工作
[21:39:21] [Server thread/INFO] [sim/]: FolkData: GOTOXYZ() for 昀然 訾 to 26,237,33,0 - Method:container.sim.GotoMethod2 DIM:0
[21:39:21] [Server thread/INFO] [sim/]: FolkData: GOTOXYZ() for 昀然 訾 to 21,237,33,0 - Method:container.sim.GotoMethod2 DIM:0
[21:39:21] [Server thread/WARN] [sim/]: FolkData:onUpdate() 瑾泉 ，景 还在工作
[21:39:21] [Server thread/INFO] [sim/]: FolkData: GOTOXYZ() for 瑾泉 ，景 to 26,237,33,0 - Method:container.sim.GotoMethod2 DIM:0
[21:39:21] [Server thread/INFO] [sim/]: FolkData: GOTOXYZ() for 瑾泉 ，景 to 21,237,33,0 - Method:container.sim.GotoMethod2 DIM:0
[21:39:21] [Server thread/WARN] [sim/]: FolkData:onUpdate() 昀然 訾 还在工作
[21:39:21] [Server thread/INFO] [sim/]: FolkData: GOTOXYZ() for 昀然 訾 to 26,237,33,0 - Method:container.sim.GotoMethod2 DIM:0
[21:39:21] [Server thread/INFO] [sim/]: FolkData: GOTOXYZ() for 昀然 訾 to 21,237,33,0 - Method:container.sim.GotoMethod2 DIM:0
[21:39:21] [Server thread/WARN] [sim/]: FolkData:onUpdate() 瑾泉 ，景 还在工作
[21:39:21] [Server thread/INFO] [sim/]: FolkData: GOTOXYZ() for 瑾泉 ，景 to 26,237,33,0 - Method:container.sim.GotoMethod2 DIM:0
[21:39:21] [Server thread/INFO] [sim/]: FolkData: GOTOXYZ() for 瑾泉 ，景 to 21,237,33,0 - Method:container.sim.GotoMethod2 DIM:0
[21:39:21] [Server thread/WARN] [sim/]: FolkData:onUpdate() 昀然 訾 还在工作
[21:39:21] [Server thread/INFO] [sim/]: FolkData: GOTOXYZ() for 昀然 訾 to 26,237,33,0 - Method:container.sim.GotoMethod2 DIM:0
[21:39:21] [Server thread/INFO] [sim/]: FolkData: GOTOXYZ() for 昀然 訾 to 21,237,33,0 - Method:container.sim.GotoMethod2 DIM:0
[21:39:21] [Server thread/WARN] [sim/]: FolkData:onUpdate() 瑾泉 ，景 还在工作
[21:39:21] [Server thread/INFO] [sim/]: FolkData: GOTOXYZ() for 瑾泉 ，景 to 26,237,33,0 - Method:container.sim.GotoMethod2 DIM:0
[21:39:21] [Server thread/INFO] [sim/]: FolkData: GOTOXYZ() for 瑾泉 ，景 to 21,237,33,0 - Method:container.sim.GotoMethod2 DIM:0
[21:39:21] [Server thread/WARN] [sim/]: FolkData:onUpdate() 昀然 訾 还在工作
[21:39:21] [Server thread/INFO] [sim/]: FolkData: GOTOXYZ() for 昀然 訾 to 26,237,33,0 - Method:container.sim.GotoMethod2 DIM:0
[21:39:21] [Server thread/INFO] [sim/]: FolkData: GOTOXYZ() for 昀然 訾 to 21,237,33,0 - Method:container.sim.GotoMethod2 DIM:0
[21:39:21] [Server thread/WARN] [sim/]: FolkData:onUpdate() 瑾泉 ，景 还在工作
[21:39:21] [Server thread/INFO] [sim/]: FolkData: GOTOXYZ() for 瑾泉 ，景 to 26,237,33,0 - Method:container.sim.GotoMethod2 DIM:0
[21:39:21] [Server thread/INFO] [sim/]: FolkData: GOTOXYZ() for 瑾泉 ，景 to 21,237,33,0 - Method:container.sim.GotoMethod2 DIM:0
[21:39:21] [Server thread/WARN] [sim/]: FolkData:onUpdate() 昀然 訾 还在工作
[21:39:21] [Server thread/INFO] [sim/]: FolkData: GOTOXYZ() for 昀然 訾 to 26,237,33,0 - Method:container.sim.GotoMethod2 DIM:0
[21:39:21] [Server thread/INFO] [sim/]: FolkData: GOTOXYZ() for 昀然 訾 to 21,237,33,0 - Method:container.sim.GotoMethod2 DIM:0
[21:39:21] [Server thread/WARN] [sim/]: FolkData:onUpdate() 瑾泉 ，景 还在工作
[21:39:21] [Server thread/INFO] [sim/]: FolkData: GOTOXYZ() for 瑾泉 ，景 to 26,237,33,0 - Method:container.sim.GotoMethod2 DIM:0
[21:39:21] [Server thread/INFO] [sim/]: FolkData: GOTOXYZ() for 瑾泉 ，景 to 21,237,33,0 - Method:container.sim.GotoMethod2 DIM:0
[21:39:21] [Server thread/WARN] [sim/]: FolkData:onUpdate() 昀然 訾 还在工作
[21:39:21] [Server thread/INFO] [sim/]: FolkData: GOTOXYZ() for 昀然 訾 to 26,237,33,0 - Method:container.sim.GotoMethod2 DIM:0
[21:39:21] [Server thread/INFO] [sim/]: FolkData: GOTOXYZ() for 昀然 訾 to 21,237,33,0 - Method:container.sim.GotoMethod2 DIM:0
[21:39:21] [Server thread/WARN] [sim/]: FolkData:onUpdate() 瑾泉 ，景 还在工作
[21:39:21] [Server thread/INFO] [sim/]: FolkData: GOTOXYZ() for 瑾泉 ，景 to 26,237,33,0 - Method:container.sim.GotoMethod2 DIM:0
[21:39:21] [Server thread/INFO] [sim/]: FolkData: GOTOXYZ() for 瑾泉 ，景 to 21,237,33,0 - Method:container.sim.GotoMethod2 DIM:0
[21:39:21] [Server thread/WARN] [sim/]: FolkData:onUpdate() 昀然 訾 还在工作
[21:39:21] [Server thread/INFO] [sim/]: FolkData: GOTOXYZ() for 昀然 訾 to 26,237,33,0 - Method:container.sim.GotoMethod2 DIM:0
[21:39:21] [Server thread/INFO] [sim/]: FolkData: GOTOXYZ() for 昀然 訾 to 21,237,33,0 - Method:container.sim.GotoMethod2 DIM:0
[21:39:21] [Server thread/WARN] [sim/]: FolkData:onUpdate() 瑾泉 ，景 还在工作
[21:39:21] [Server thread/INFO] [sim/]: FolkData: GOTOXYZ() for 瑾泉 ，景 to 26,237,33,0 - Method:container.sim.GotoMethod2 DIM:0
[21:39:21] [Server thread/INFO] [sim/]: FolkData: GOTOXYZ() for 瑾泉 ，景 to 21,237,33,0 - Method:container.sim.GotoMethod2 DIM:0
[21:39:21] [Server thread/WARN] [sim/]: FolkData:onUpdate() 昀然 訾 还在工作
[21:39:21] [Server thread/INFO] [sim/]: FolkData: GOTOXYZ() for 昀然 訾 to 26,237,33,0 - Method:container.sim.GotoMethod2 DIM:0
[21:39:21] [Server thread/INFO] [sim/]: FolkData: GOTOXYZ() for 昀然 訾 to 21,237,33,0 - Method:container.sim.GotoMethod2 DIM:0
[21:39:21] [Server thread/WARN] [sim/]: FolkData:onUpdate() 瑾泉 ，景 还在工作
[21:39:21] [Server thread/INFO] [sim/]: FolkData: GOTOXYZ() for 瑾泉 ，景 to 26,237,33,0 - Method:container.sim.GotoMethod2 DIM:0
[21:39:21] [Server thread/INFO] [sim/]: FolkData: GOTOXYZ() for 瑾泉 ，景 to 21,237,33,0 - Method:container.sim.GotoMethod2 DIM:0
[21:39:21] [Server thread/WARN] [sim/]: FolkData:onUpdate() 昀然 訾 还在工作
[21:39:21] [Server thread/INFO] [sim/]: FolkData: GOTOXYZ() for 昀然 訾 to 26,237,33,0 - Method:container.sim.GotoMethod2 DIM:0
[21:39:21] [Server thread/INFO] [sim/]: FolkData: GOTOXYZ() for 昀然 訾 to 21,237,33,0 - Method:container.sim.GotoMethod2 DIM:0
[21:39:21] [Server thread/WARN] [sim/]: FolkData:onUpdate() 瑾泉 ，景 还在工作
[21:39:21] [Server thread/INFO] [sim/]: FolkData: GOTOXYZ() for 瑾泉 ，景 to 26,237,33,0 - Method:container.sim.GotoMethod2 DIM:0
[21:39:21] [Server thread/INFO] [sim/]: FolkData: GOTOXYZ() for 瑾泉 ，景 to 21,237,33,0 - Method:container.sim.GotoMethod2 DIM:0
[21:39:21] [Server thread/WARN] [sim/]: FolkData:onUpdate() 昀然 訾 还在工作
[21:39:21] [Server thread/INFO] [sim/]: FolkData: GOTOXYZ() for 昀然 訾 to 26,237,33,0 - Method:container.sim.GotoMethod2 DIM:0
[21:39:21] [Server thread/INFO] [sim/]: FolkData: GOTOXYZ() for 昀然 訾 to 21,237,33,0 - Method:container.sim.GotoMethod2 DIM:0
[21:39:21] [Server thread/WARN] [sim/]: FolkData:onUpdate() 瑾泉 ，景 还在工作
[21:39:21] [Server thread/INFO] [sim/]: FolkData: GOTOXYZ() for 瑾泉 ，景 to 26,237,33,0 - Method:container.sim.GotoMethod2 DIM:0
[21:39:21] [Server thread/INFO] [sim/]: FolkData: GOTOXYZ() for 瑾泉 ，景 to 21,237,33,0 - Method:container.sim.GotoMethod2 DIM:0
[21:39:21] [Server thread/WARN] [sim/]: FolkData:onUpdate() 昀然 訾 还在工作
[21:39:21] [Server thread/INFO] [sim/]: FolkData: GOTOXYZ() for 昀然 訾 to 26,237,33,0 - Method:container.sim.GotoMethod2 DIM:0
[21:39:21] [Server thread/INFO] [sim/]: FolkData: GOTOXYZ() for 昀然 訾 to 21,237,33,0 - Method:container.sim.GotoMethod2 DIM:0
[21:39:21] [Server thread/WARN] [sim/]: FolkData:onUpdate() 瑾泉 ，景 还在工作
[21:39:21] [Server thread/INFO] [sim/]: FolkData: GOTOXYZ() for 瑾泉 ，景 to 26,237,33,0 - Method:container.sim.GotoMethod2 DIM:0
[21:39:21] [Server thread/INFO] [sim/]: FolkData: GOTOXYZ() for 瑾泉 ，景 to 21,237,33,0 - Method:container.sim.GotoMethod2 DIM:0
[21:39:22] [Server thread/WARN] [sim/]: FolkData:onUpdate() 昀然 訾 还在工作
[21:39:22] [Server thread/INFO] [sim/]: FolkData: GOTOXYZ() for 昀然 訾 to 26,237,33,0 - Method:container.sim.GotoMethod2 DIM:0
[21:39:22] [Server thread/INFO] [sim/]: FolkData: GOTOXYZ() for 昀然 訾 to 21,237,33,0 - Method:container.sim.GotoMethod2 DIM:0
[21:39:22] [Server thread/WARN] [sim/]: FolkData:onUpdate() 瑾泉 ，景 还在工作
[21:39:22] [Server thread/INFO] [sim/]: FolkData: GOTOXYZ() for 瑾泉 ，景 to 26,237,33,0 - Method:container.sim.GotoMethod2 DIM:0
[21:39:22] [Server thread/INFO] [sim/]: FolkData: GOTOXYZ() for 瑾泉 ，景 to 21,237,33,0 - Method:container.sim.GotoMethod2 DIM:0
[21:39:22] [Server thread/WARN] [sim/]: FolkData:onUpdate() 昀然 訾 还在工作
[21:39:22] [Server thread/INFO] [sim/]: FolkData: GOTOXYZ() for 昀然 訾 to 26,237,33,0 - Method:container.sim.GotoMethod2 DIM:0
[21:39:22] [Server thread/INFO] [sim/]: FolkData: GOTOXYZ() for 昀然 訾 to 21,237,33,0 - Method:container.sim.GotoMethod2 DIM:0
[21:39:22] [Server thread/WARN] [sim/]: FolkData:onUpdate() 瑾泉 ，景 还在工作
[21:39:22] [Server thread/INFO] [sim/]: FolkData: GOTOXYZ() for 瑾泉 ，景 to 26,237,33,0 - Method:container.sim.GotoMethod2 DIM:0
[21:39:22] [Server thread/INFO] [sim/]: FolkData: GOTOXYZ() for 瑾泉 ，景 to 21,237,33,0 - Method:container.sim.GotoMethod2 DIM:0
[21:39:22] [Server thread/WARN] [sim/]: FolkData:onUpdate() 昀然 訾 还在工作
[21:39:22] [Server thread/INFO] [sim/]: FolkData: GOTOXYZ() for 昀然 訾 to 26,237,33,0 - Method:container.sim.GotoMethod2 DIM:0
[21:39:22] [Server thread/INFO] [sim/]: FolkData: GOTOXYZ() for 昀然 訾 to 21,237,33,0 - Method:container.sim.GotoMethod2 DIM:0
[21:39:22] [Server thread/WARN] [sim/]: FolkData:onUpdate() 瑾泉 ，景 还在工作
[21:39:22] [Server thread/INFO] [sim/]: FolkData: GOTOXYZ() for 瑾泉 ，景 to 26,237,33,0 - Method:container.sim.GotoMethod2 DIM:0
[21:39:22] [Server thread/INFO] [sim/]: FolkData: GOTOXYZ() for 瑾泉 ，景 to 21,237,33,0 - Method:container.sim.GotoMethod2 DIM:0
[21:39:22] [Server thread/WARN] [sim/]: FolkData:onUpdate() 昀然 訾 还在工作
[21:39:22] [Server thread/INFO] [sim/]: FolkData: GOTOXYZ() for 昀然 訾 to 26,237,33,0 - Method:container.sim.GotoMethod2 DIM:0
[21:39:22] [Server thread/INFO] [sim/]: FolkData: GOTOXYZ() for 昀然 訾 to 21,237,33,0 - Method:container.sim.GotoMethod2 DIM:0
[21:39:22] [Server thread/WARN] [sim/]: FolkData:onUpdate() 瑾泉 ，景 还在工作
[21:39:22] [Server thread/INFO] [sim/]: FolkData: GOTOXYZ() for 瑾泉 ，景 to 26,237,33,0 - Method:container.sim.GotoMethod2 DIM:0
[21:39:22] [Server thread/INFO] [sim/]: FolkData: GOTOXYZ() for 瑾泉 ，景 to 21,237,33,0 - Method:container.sim.GotoMethod2 DIM:0
[21:39:22] [Server thread/WARN] [sim/]: FolkData:onUpdate() 昀然 訾 还在工作
[21:39:22] [Server thread/INFO] [sim/]: FolkData: GOTOXYZ() for 昀然 訾 to 26,237,33,0 - Method:container.sim.GotoMethod2 DIM:0
[21:39:22] [Server thread/INFO] [sim/]: FolkData: GOTOXYZ() for 昀然 訾 to 21,237,33,0 - Method:container.sim.GotoMethod2 DIM:0
[21:39:22] [Server thread/WARN] [sim/]: FolkData:onUpdate() 瑾泉 ，景 还在工作
[21:39:22] [Server thread/INFO] [sim/]: FolkData: GOTOXYZ() for 瑾泉 ，景 to 26,237,33,0 - Method:container.sim.GotoMethod2 DIM:0
[21:39:22] [Server thread/INFO] [sim/]: FolkData: GOTOXYZ() for 瑾泉 ，景 to 21,237,33,0 - Method:container.sim.GotoMethod2 DIM:0
[21:39:22] [Server thread/WARN] [sim/]: FolkData:onUpdate() 昀然 訾 还在工作
[21:39:22] [Server thread/INFO] [sim/]: FolkData: GOTOXYZ() for 昀然 訾 to 26,237,33,0 - Method:container.sim.GotoMethod2 DIM:0
[21:39:22] [Server thread/INFO] [sim/]: FolkData: GOTOXYZ() for 昀然 訾 to 21,237,33,0 - Method:container.sim.GotoMethod2 DIM:0
[21:39:22] [Server thread/WARN] [sim/]: FolkData:onUpdate() 瑾泉 ，景 还在工作
[21:39:22] [Server thread/INFO] [sim/]: FolkData: GOTOXYZ() for 瑾泉 ，景 to 26,237,33,0 - Method:container.sim.GotoMethod2 DIM:0
[21:39:22] [Server thread/INFO] [sim/]: FolkData: GOTOXYZ() for 瑾泉 ，景 to 21,237,33,0 - Method:container.sim.GotoMethod2 DIM:0
[21:39:22] [Server thread/WARN] [sim/]: FolkData:onUpdate() 昀然 訾 还在工作
[21:39:22] [Server thread/INFO] [sim/]: FolkData: GOTOXYZ() for 昀然 訾 to 26,237,33,0 - Method:container.sim.GotoMethod2 DIM:0
[21:39:22] [Server thread/INFO] [sim/]: FolkData: GOTOXYZ() for 昀然 訾 to 21,237,33,0 - Method:container.sim.GotoMethod2 DIM:0
[21:39:22] [Server thread/WARN] [sim/]: FolkData:onUpdate() 瑾泉 ，景 还在工作
[21:39:22] [Server thread/INFO] [sim/]: FolkData: GOTOXYZ() for 瑾泉 ，景 to 26,237,33,0 - Method:container.sim.GotoMethod2 DIM:0
[21:39:22] [Server thread/INFO] [sim/]: FolkData: GOTOXYZ() for 瑾泉 ，景 to 21,237,33,0 - Method:container.sim.GotoMethod2 DIM:0
[21:39:22] [Server thread/WARN] [sim/]: FolkData:onUpdate() 昀然 訾 还在工作
[21:39:22] [Server thread/INFO] [sim/]: FolkData: GOTOXYZ() for 昀然 訾 to 26,237,33,0 - Method:container.sim.GotoMethod2 DIM:0
[21:39:22] [Server thread/INFO] [sim/]: FolkData: GOTOXYZ() for 昀然 訾 to 21,237,33,0 - Method:container.sim.GotoMethod2 DIM:0
[21:39:22] [Server thread/WARN] [sim/]: FolkData:onUpdate() 瑾泉 ，景 还在工作
[21:39:22] [Server thread/INFO] [sim/]: FolkData: GOTOXYZ() for 瑾泉 ，景 to 26,237,33,0 - Method:container.sim.GotoMethod2 DIM:0
[21:39:22] [Server thread/INFO] [sim/]: FolkData: GOTOXYZ() for 瑾泉 ，景 to 21,237,33,0 - Method:container.sim.GotoMethod2 DIM:0
[21:39:22] [Server thread/WARN] [sim/]: FolkData:onUpdate() 昀然 訾 还在工作
[21:39:22] [Server thread/INFO] [sim/]: FolkData: GOTOXYZ() for 昀然 訾 to 26,237,33,0 - Method:container.sim.GotoMethod2 DIM:0
[21:39:22] [Server thread/INFO] [sim/]: FolkData: GOTOXYZ() for 昀然 訾 to 21,237,33,0 - Method:container.sim.GotoMethod2 DIM:0
[21:39:22] [Server thread/WARN] [sim/]: FolkData:onUpdate() 瑾泉 ，景 还在工作
[21:39:22] [Server thread/INFO] [sim/]: FolkData: GOTOXYZ() for 瑾泉 ，景 to 26,237,33,0 - Method:container.sim.GotoMethod2 DIM:0
[21:39:22] [Server thread/INFO] [sim/]: FolkData: GOTOXYZ() for 瑾泉 ，景 to 21,237,33,0 - Method:container.sim.GotoMethod2 DIM:0
[21:39:22] [Server thread/WARN] [sim/]: FolkData:onUpdate() 昀然 訾 还在工作
[21:39:22] [Server thread/INFO] [sim/]: FolkData: GOTOXYZ() for 昀然 訾 to 26,237,33,0 - Method:container.sim.GotoMethod2 DIM:0
[21:39:22] [Server thread/INFO] [sim/]: FolkData: GOTOXYZ() for 昀然 訾 to 21,237,33,0 - Method:container.sim.GotoMethod2 DIM:0
[21:39:22] [Server thread/WARN] [sim/]: FolkData:onUpdate() 瑾泉 ，景 还在工作
[21:39:22] [Server thread/INFO] [sim/]: FolkData: GOTOXYZ() for 瑾泉 ，景 to 26,237,33,0 - Method:container.sim.GotoMethod2 DIM:0
[21:39:22] [Server thread/INFO] [sim/]: FolkData: GOTOXYZ() for 瑾泉 ，景 to 21,237,33,0 - Method:container.sim.GotoMethod2 DIM:0
[21:39:22] [Server thread/WARN] [sim/]: FolkData:onUpdate() 昀然 訾 还在工作
[21:39:22] [Server thread/INFO] [sim/]: FolkData: GOTOXYZ() for 昀然 訾 to 26,237,33,0 - Method:container.sim.GotoMethod2 DIM:0
[21:39:22] [Server thread/INFO] [sim/]: FolkData: GOTOXYZ() for 昀然 訾 to 21,237,33,0 - Method:container.sim.GotoMethod2 DIM:0
[21:39:22] [Server thread/WARN] [sim/]: FolkData:onUpdate() 瑾泉 ，景 还在工作
[21:39:22] [Server thread/INFO] [sim/]: FolkData: GOTOXYZ() for 瑾泉 ，景 to 26,237,33,0 - Method:container.sim.GotoMethod2 DIM:0
[21:39:22] [Server thread/INFO] [sim/]: FolkData: GOTOXYZ() for 瑾泉 ，景 to 21,237,33,0 - Method:container.sim.GotoMethod2 DIM:0
[21:39:22] [Server thread/WARN] [sim/]: FolkData:onUpdate() 昀然 訾 还在工作
[21:39:22] [Server thread/INFO] [sim/]: FolkData: GOTOXYZ() for 昀然 訾 to 26,237,33,0 - Method:container.sim.GotoMethod2 DIM:0
[21:39:22] [Server thread/INFO] [sim/]: FolkData: GOTOXYZ() for 昀然 訾 to 21,237,33,0 - Method:container.sim.GotoMethod2 DIM:0
[21:39:22] [Server thread/WARN] [sim/]: FolkData:onUpdate() 瑾泉 ，景 还在工作
[21:39:22] [Server thread/INFO] [sim/]: FolkData: GOTOXYZ() for 瑾泉 ，景 to 26,237,33,0 - Method:container.sim.GotoMethod2 DIM:0
[21:39:22] [Server thread/INFO] [sim/]: FolkData: GOTOXYZ() for 瑾泉 ，景 to 21,237,33,0 - Method:container.sim.GotoMethod2 DIM:0
[21:39:22] [Server thread/WARN] [sim/]: FolkData:onUpdate() 昀然 訾 还在工作
[21:39:22] [Server thread/INFO] [sim/]: FolkData: GOTOXYZ() for 昀然 訾 to 26,237,33,0 - Method:container.sim.GotoMethod2 DIM:0
[21:39:22] [Server thread/INFO] [sim/]: FolkData: GOTOXYZ() for 昀然 訾 to 21,237,33,0 - Method:container.sim.GotoMethod2 DIM:0
[21:39:22] [Server thread/WARN] [sim/]: FolkData:onUpdate() 瑾泉 ，景 还在工作
[21:39:22] [Server thread/INFO] [sim/]: FolkData: GOTOXYZ() for 瑾泉 ，景 to 26,237,33,0 - Method:container.sim.GotoMethod2 DIM:0
[21:39:22] [Server thread/INFO] [sim/]: FolkData: GOTOXYZ() for 瑾泉 ，景 to 21,237,33,0 - Method:container.sim.GotoMethod2 DIM:0
[21:39:22] [Server thread/WARN] [sim/]: FolkData:onUpdate() 昀然 訾 还在工作
[21:39:22] [Server thread/INFO] [sim/]: FolkData: GOTOXYZ() for 昀然 訾 to 26,237,33,0 - Method:container.sim.GotoMethod2 DIM:0
[21:39:22] [Server thread/INFO] [sim/]: FolkData: GOTOXYZ() for 昀然 訾 to 21,237,33,0 - Method:container.sim.GotoMethod2 DIM:0
[21:39:22] [Server thread/WARN] [sim/]: FolkData:onUpdate() 瑾泉 ，景 还在工作
[21:39:22] [Server thread/INFO] [sim/]: FolkData: GOTOXYZ() for 瑾泉 ，景 to 26,237,33,0 - Method:container.sim.GotoMethod2 DIM:0
[21:39:22] [Server thread/INFO] [sim/]: FolkData: GOTOXYZ() for 瑾泉 ，景 to 21,237,33,0 - Method:container.sim.GotoMethod2 DIM:0
[21:39:22] [Server thread/WARN] [sim/]: FolkData:onUpdate() 昀然 訾 还在工作
[21:39:22] [Server thread/INFO] [sim/]: FolkData: GOTOXYZ() for 昀然 訾 to 26,237,33,0 - Method:container.sim.GotoMethod2 DIM:0
[21:39:22] [Server thread/INFO] [sim/]: FolkData: GOTOXYZ() for 昀然 訾 to 21,237,33,0 - Method:container.sim.GotoMethod2 DIM:0
[21:39:22] [Server thread/WARN] [sim/]: FolkData:onUpdate() 瑾泉 ，景 还在工作
[21:39:22] [Server thread/INFO] [sim/]: FolkData: GOTOXYZ() for 瑾泉 ，景 to 26,237,33,0 - Method:container.sim.GotoMethod2 DIM:0
[21:39:22] [Server thread/INFO] [sim/]: FolkData: GOTOXYZ() for 瑾泉 ，景 to 21,237,33,0 - Method:container.sim.GotoMethod2 DIM:0
[21:39:22] [Server thread/WARN] [sim/]: FolkData:onUpdate() 昀然 訾 还在工作
[21:39:22] [Server thread/INFO] [sim/]: FolkData: GOTOXYZ() for 昀然 訾 to 26,237,33,0 - Method:container.sim.GotoMethod2 DIM:0
[21:39:22] [Server thread/INFO] [sim/]: FolkData: GOTOXYZ() for 昀然 訾 to 21,237,33,0 - Method:container.sim.GotoMethod2 DIM:0
[21:39:22] [Server thread/WARN] [sim/]: FolkData:onUpdate() 瑾泉 ，景 还在工作
[21:39:22] [Server thread/INFO] [sim/]: FolkData: GOTOXYZ() for 瑾泉 ，景 to 26,237,33,0 - Method:container.sim.GotoMethod2 DIM:0
[21:39:22] [Server thread/INFO] [sim/]: FolkData: GOTOXYZ() for 瑾泉 ，景 to 21,237,33,0 - Method:container.sim.GotoMethod2 DIM:0
[21:39:22] [Server thread/WARN] [sim/]: FolkData:onUpdate() 昀然 訾 还在工作
[21:39:22] [Server thread/INFO] [sim/]: FolkData: GOTOXYZ() for 昀然 訾 to 26,237,33,0 - Method:container.sim.GotoMethod2 DIM:0
[21:39:22] [Server thread/INFO] [sim/]: FolkData: GOTOXYZ() for 昀然 訾 to 21,237,33,0 - Method:container.sim.GotoMethod2 DIM:0
[21:39:22] [Server thread/WARN] [sim/]: FolkData:onUpdate() 瑾泉 ，景 还在工作
[21:39:22] [Server thread/INFO] [sim/]: FolkData: GOTOXYZ() for 瑾泉 ，景 to 26,237,33,0 - Method:container.sim.GotoMethod2 DIM:0
[21:39:22] [Server thread/INFO] [sim/]: FolkData: GOTOXYZ() for 瑾泉 ，景 to 21,237,33,0 - Method:container.sim.GotoMethod2 DIM:0
[21:39:22] [Server thread/WARN] [sim/]: FolkData:onUpdate() 昀然 訾 还在工作
[21:39:22] [Server thread/INFO] [sim/]: FolkData: GOTOXYZ() for 昀然 訾 to 26,237,33,0 - Method:container.sim.GotoMethod2 DIM:0
[21:39:22] [Server thread/INFO] [sim/]: FolkData: GOTOXYZ() for 昀然 訾 to 21,237,33,0 - Method:container.sim.GotoMethod2 DIM:0
[21:39:22] [Server thread/WARN] [sim/]: FolkData:onUpdate() 瑾泉 ，景 还在工作
[21:39:22] [Server thread/INFO] [sim/]: FolkData: GOTOXYZ() for 瑾泉 ，景 to 26,237,33,0 - Method:container.sim.GotoMethod2 DIM:0
[21:39:22] [Server thread/INFO] [sim/]: FolkData: GOTOXYZ() for 瑾泉 ，景 to 21,237,33,0 - Method:container.sim.GotoMethod2 DIM:0
[21:39:22] [Server thread/WARN] [sim/]: FolkData:onUpdate() 昀然 訾 还在工作
[21:39:22] [Server thread/INFO] [sim/]: FolkData: GOTOXYZ() for 昀然 訾 to 26,237,33,0 - Method:container.sim.GotoMethod2 DIM:0
[21:39:22] [Server thread/INFO] [sim/]: FolkData: GOTOXYZ() for 昀然 訾 to 21,237,33,0 - Method:container.sim.GotoMethod2 DIM:0
[21:39:22] [Server thread/WARN] [sim/]: FolkData:onUpdate() 瑾泉 ，景 还在工作
[21:39:22] [Server thread/INFO] [sim/]: FolkData: GOTOXYZ() for 瑾泉 ，景 to 26,237,33,0 - Method:container.sim.GotoMethod2 DIM:0
[21:39:22] [Server thread/INFO] [sim/]: FolkData: GOTOXYZ() for 瑾泉 ，景 to 21,237,33,0 - Method:container.sim.GotoMethod2 DIM:0
[21:39:22] [Server thread/WARN] [sim/]: FolkData:onUpdate() 昀然 訾 还在工作
[21:39:22] [Server thread/INFO] [sim/]: FolkData: GOTOXYZ() for 昀然 訾 to 26,237,33,0 - Method:container.sim.GotoMethod2 DIM:0
[21:39:22] [Server thread/INFO] [sim/]: FolkData: GOTOXYZ() for 昀然 訾 to 21,237,33,0 - Method:container.sim.GotoMethod2 DIM:0
[21:39:22] [Server thread/WARN] [sim/]: FolkData:onUpdate() 瑾泉 ，景 还在工作
[21:39:22] [Server thread/INFO] [sim/]: FolkData: GOTOXYZ() for 瑾泉 ，景 to 26,237,33,0 - Method:container.sim.GotoMethod2 DIM:0
[21:39:22] [Server thread/INFO] [sim/]: FolkData: GOTOXYZ() for 瑾泉 ，景 to 21,237,33,0 - Method:container.sim.GotoMethod2 DIM:0
[21:39:22] [Server thread/WARN] [sim/]: FolkData:onUpdate() 昀然 訾 还在工作
[21:39:22] [Server thread/INFO] [sim/]: FolkData: GOTOXYZ() for 昀然 訾 to 26,237,33,0 - Method:container.sim.GotoMethod2 DIM:0
[21:39:22] [Server thread/INFO] [sim/]: FolkData: GOTOXYZ() for 昀然 訾 to 21,237,33,0 - Method:container.sim.GotoMethod2 DIM:0
[21:39:22] [Server thread/WARN] [sim/]: FolkData:onUpdate() 瑾泉 ，景 还在工作
[21:39:22] [Server thread/INFO] [sim/]: FolkData: GOTOXYZ() for 瑾泉 ，景 to 26,237,33,0 - Method:container.sim.GotoMethod2 DIM:0
[21:39:22] [Server thread/INFO] [sim/]: FolkData: GOTOXYZ() for 瑾泉 ，景 to 21,237,33,0 - Method:container.sim.GotoMethod2 DIM:0
[21:39:22] [Server thread/WARN] [sim/]: FolkData:onUpdate() 昀然 訾 还在工作
[21:39:22] [Server thread/INFO] [sim/]: FolkData: GOTOXYZ() for 昀然 訾 to 26,237,33,0 - Method:container.sim.GotoMethod2 DIM:0
[21:39:22] [Server thread/INFO] [sim/]: FolkData: GOTOXYZ() for 昀然 訾 to 21,237,33,0 - Method:container.sim.GotoMethod2 DIM:0
[21:39:22] [Server thread/WARN] [sim/]: FolkData:onUpdate() 瑾泉 ，景 还在工作
[21:39:22] [Server thread/INFO] [sim/]: FolkData: GOTOXYZ() for 瑾泉 ，景 to 26,237,33,0 - Method:container.sim.GotoMethod2 DIM:0
[21:39:22] [Server thread/INFO] [sim/]: FolkData: GOTOXYZ() for 瑾泉 ，景 to 21,237,33,0 - Method:container.sim.GotoMethod2 DIM:0
[21:39:22] [Server thread/WARN] [sim/]: FolkData:onUpdate() 昀然 訾 还在工作
[21:39:22] [Server thread/INFO] [sim/]: FolkData: GOTOXYZ() for 昀然 訾 to 26,237,33,0 - Method:container.sim.GotoMethod2 DIM:0
[21:39:22] [Server thread/INFO] [sim/]: FolkData: GOTOXYZ() for 昀然 訾 to 21,237,33,0 - Method:container.sim.GotoMethod2 DIM:0
[21:39:22] [Server thread/WARN] [sim/]: FolkData:onUpdate() 瑾泉 ，景 还在工作
[21:39:22] [Server thread/INFO] [sim/]: FolkData: GOTOXYZ() for 瑾泉 ，景 to 26,237,33,0 - Method:container.sim.GotoMethod2 DIM:0
[21:39:22] [Server thread/INFO] [sim/]: FolkData: GOTOXYZ() for 瑾泉 ，景 to 21,237,33,0 - Method:container.sim.GotoMethod2 DIM:0
[21:39:22] [Server thread/WARN] [sim/]: FolkData:onUpdate() 昀然 訾 还在工作
[21:39:22] [Server thread/INFO] [sim/]: FolkData: GOTOXYZ() for 昀然 訾 to 26,237,33,0 - Method:container.sim.GotoMethod2 DIM:0
[21:39:22] [Server thread/INFO] [sim/]: FolkData: GOTOXYZ() for 昀然 訾 to 21,237,33,0 - Method:container.sim.GotoMethod2 DIM:0
[21:39:22] [Server thread/WARN] [sim/]: FolkData:onUpdate() 瑾泉 ，景 还在工作
[21:39:22] [Server thread/INFO] [sim/]: FolkData: GOTOXYZ() for 瑾泉 ，景 to 26,237,33,0 - Method:container.sim.GotoMethod2 DIM:0
[21:39:22] [Server thread/INFO] [sim/]: FolkData: GOTOXYZ() for 瑾泉 ，景 to 21,237,33,0 - Method:container.sim.GotoMethod2 DIM:0
[21:39:22] [Server thread/WARN] [sim/]: FolkData:onUpdate() 昀然 訾 还在工作
[21:39:22] [Server thread/INFO] [sim/]: FolkData: GOTOXYZ() for 昀然 訾 to 26,237,33,0 - Method:container.sim.GotoMethod2 DIM:0
[21:39:22] [Server thread/INFO] [sim/]: FolkData: GOTOXYZ() for 昀然 訾 to 21,237,33,0 - Method:container.sim.GotoMethod2 DIM:0
[21:39:22] [Server thread/WARN] [sim/]: FolkData:onUpdate() 瑾泉 ，景 还在工作
[21:39:22] [Server thread/INFO] [sim/]: FolkData: GOTOXYZ() for 瑾泉 ，景 to 26,237,33,0 - Method:container.sim.GotoMethod2 DIM:0
[21:39:22] [Server thread/INFO] [sim/]: FolkData: GOTOXYZ() for 瑾泉 ，景 to 21,237,33,0 - Method:container.sim.GotoMethod2 DIM:0
[21:39:22] [Server thread/WARN] [sim/]: FolkData:onUpdate() 昀然 訾 还在工作
[21:39:22] [Server thread/INFO] [sim/]: FolkData: GOTOXYZ() for 昀然 訾 to 26,237,33,0 - Method:container.sim.GotoMethod2 DIM:0
[21:39:22] [Server thread/INFO] [sim/]: FolkData: GOTOXYZ() for 昀然 訾 to 21,237,33,0 - Method:container.sim.GotoMethod2 DIM:0
[21:39:22] [Server thread/WARN] [sim/]: FolkData:onUpdate() 瑾泉 ，景 还在工作
[21:39:22] [Server thread/INFO] [sim/]: FolkData: GOTOXYZ() for 瑾泉 ，景 to 26,237,33,0 - Method:container.sim.GotoMethod2 DIM:0
[21:39:22] [Server thread/INFO] [sim/]: FolkData: GOTOXYZ() for 瑾泉 ，景 to 21,237,33,0 - Method:container.sim.GotoMethod2 DIM:0
[21:39:22] [Server thread/WARN] [sim/]: FolkData:onUpdate() 昀然 訾 还在工作
[21:39:22] [Server thread/INFO] [sim/]: FolkData: GOTOXYZ() for 昀然 訾 to 26,237,33,0 - Method:container.sim.GotoMethod2 DIM:0
[21:39:22] [Server thread/INFO] [sim/]: FolkData: GOTOXYZ() for 昀然 訾 to 21,237,33,0 - Method:container.sim.GotoMethod2 DIM:0
[21:39:22] [Server thread/WARN] [sim/]: FolkData:onUpdate() 瑾泉 ，景 还在工作
[21:39:22] [Server thread/INFO] [sim/]: FolkData: GOTOXYZ() for 瑾泉 ，景 to 26,237,33,0 - Method:container.sim.GotoMethod2 DIM:0
[21:39:22] [Server thread/INFO] [sim/]: FolkData: GOTOXYZ() for 瑾泉 ，景 to 21,237,33,0 - Method:container.sim.GotoMethod2 DIM:0
[21:39:22] [Server thread/WARN] [sim/]: FolkData:onUpdate() 昀然 訾 还在工作
[21:39:22] [Server thread/INFO] [sim/]: FolkData: GOTOXYZ() for 昀然 訾 to 26,237,33,0 - Method:container.sim.GotoMethod2 DIM:0
[21:39:22] [Server thread/INFO] [sim/]: FolkData: GOTOXYZ() for 昀然 訾 to 21,237,33,0 - Method:container.sim.GotoMethod2 DIM:0
[21:39:22] [Server thread/WARN] [sim/]: FolkData:onUpdate() 瑾泉 ，景 还在工作
[21:39:22] [Server thread/INFO] [sim/]: FolkData: GOTOXYZ() for 瑾泉 ，景 to 26,237,33,0 - Method:container.sim.GotoMethod2 DIM:0
[21:39:22] [Server thread/INFO] [sim/]: FolkData: GOTOXYZ() for 瑾泉 ，景 to 21,237,33,0 - Method:container.sim.GotoMethod2 DIM:0
[21:39:22] [Server thread/WARN] [sim/]: FolkData:onUpdate() 昀然 訾 还在工作
[21:39:22] [Server thread/INFO] [sim/]: FolkData: GOTOXYZ() for 昀然 訾 to 26,237,33,0 - Method:container.sim.GotoMethod2 DIM:0
[21:39:22] [Server thread/INFO] [sim/]: FolkData: GOTOXYZ() for 昀然 訾 to 21,237,33,0 - Method:container.sim.GotoMethod2 DIM:0
[21:39:22] [Server thread/WARN] [sim/]: FolkData:onUpdate() 瑾泉 ，景 还在工作
[21:39:22] [Server thread/INFO] [sim/]: FolkData: GOTOXYZ() for 瑾泉 ，景 to 26,237,33,0 - Method:container.sim.GotoMethod2 DIM:0
[21:39:22] [Server thread/INFO] [sim/]: FolkData: GOTOXYZ() for 瑾泉 ，景 to 21,237,33,0 - Method:container.sim.GotoMethod2 DIM:0
[21:39:22] [Server thread/WARN] [sim/]: FolkData:onUpdate() 昀然 訾 还在工作
[21:39:22] [Server thread/INFO] [sim/]: FolkData: GOTOXYZ() for 昀然 訾 to 26,237,33,0 - Method:container.sim.GotoMethod2 DIM:0
[21:39:22] [Server thread/INFO] [sim/]: FolkData: GOTOXYZ() for 昀然 訾 to 21,237,33,0 - Method:container.sim.GotoMethod2 DIM:0
[21:39:22] [Server thread/WARN] [sim/]: FolkData:onUpdate() 瑾泉 ，景 还在工作
[21:39:22] [Server thread/INFO] [sim/]: FolkData: GOTOXYZ() for 瑾泉 ，景 to 26,237,33,0 - Method:container.sim.GotoMethod2 DIM:0
[21:39:22] [Server thread/INFO] [sim/]: FolkData: GOTOXYZ() for 瑾泉 ，景 to 21,237,33,0 - Method:container.sim.GotoMethod2 DIM:0
[21:39:22] [Server thread/WARN] [sim/]: FolkData:onUpdate() 昀然 訾 还在工作
[21:39:22] [Server thread/INFO] [sim/]: FolkData: GOTOXYZ() for 昀然 訾 to 26,237,33,0 - Method:container.sim.GotoMethod2 DIM:0
[21:39:22] [Server thread/INFO] [sim/]: FolkData: GOTOXYZ() for 昀然 訾 to 21,237,33,0 - Method:container.sim.GotoMethod2 DIM:0
[21:39:22] [Server thread/WARN] [sim/]: FolkData:onUpdate() 瑾泉 ，景 还在工作
[21:39:22] [Server thread/INFO] [sim/]: FolkData: GOTOXYZ() for 瑾泉 ，景 to 26,237,33,0 - Method:container.sim.GotoMethod2 DIM:0
[21:39:22] [Server thread/INFO] [sim/]: FolkData: GOTOXYZ() for 瑾泉 ，景 to 21,237,33,0 - Method:container.sim.GotoMethod2 DIM:0
[21:39:22] [Server thread/WARN] [sim/]: FolkData:onUpdate() 昀然 訾 还在工作
[21:39:22] [Server thread/INFO] [sim/]: FolkData: GOTOXYZ() for 昀然 訾 to 26,237,33,0 - Method:container.sim.GotoMethod2 DIM:0
[21:39:22] [Server thread/INFO] [sim/]: FolkData: GOTOXYZ() for 昀然 訾 to 21,237,33,0 - Method:container.sim.GotoMethod2 DIM:0
[21:39:22] [Server thread/WARN] [sim/]: FolkData:onUpdate() 瑾泉 ，景 还在工作
[21:39:22] [Server thread/INFO] [sim/]: FolkData: GOTOXYZ() for 瑾泉 ，景 to 26,237,33,0 - Method:container.sim.GotoMethod2 DIM:0
[21:39:22] [Server thread/INFO] [sim/]: FolkData: GOTOXYZ() for 瑾泉 ，景 to 21,237,33,0 - Method:container.sim.GotoMethod2 DIM:0
[21:39:22] [Server thread/WARN] [sim/]: FolkData:onUpdate() 昀然 訾 还在工作
[21:39:22] [Server thread/INFO] [sim/]: FolkData: GOTOXYZ() for 昀然 訾 to 26,237,33,0 - Method:container.sim.GotoMethod2 DIM:0
[21:39:22] [Server thread/INFO] [sim/]: FolkData: GOTOXYZ() for 昀然 訾 to 21,237,33,0 - Method:container.sim.GotoMethod2 DIM:0
[21:39:22] [Server thread/WARN] [sim/]: FolkData:onUpdate() 瑾泉 ，景 还在工作
[21:39:22] [Server thread/INFO] [sim/]: FolkData: GOTOXYZ() for 瑾泉 ，景 to 26,237,33,0 - Method:container.sim.GotoMethod2 DIM:0
[21:39:22] [Server thread/INFO] [sim/]: FolkData: GOTOXYZ() for 瑾泉 ，景 to 21,237,33,0 - Method:container.sim.GotoMethod2 DIM:0
[21:39:22] [Server thread/WARN] [sim/]: FolkData:onUpdate() 昀然 訾 还在工作
[21:39:22] [Server thread/INFO] [sim/]: FolkData: GOTOXYZ() for 昀然 訾 to 26,237,33,0 - Method:container.sim.GotoMethod2 DIM:0
[21:39:22] [Server thread/INFO] [sim/]: FolkData: GOTOXYZ() for 昀然 訾 to 21,237,33,0 - Method:container.sim.GotoMethod2 DIM:0
[21:39:22] [Server thread/WARN] [sim/]: FolkData:onUpdate() 瑾泉 ，景 还在工作
[21:39:22] [Server thread/INFO] [sim/]: FolkData: GOTOXYZ() for 瑾泉 ，景 to 26,237,33,0 - Method:container.sim.GotoMethod2 DIM:0
[21:39:22] [Server thread/INFO] [sim/]: FolkData: GOTOXYZ() for 瑾泉 ，景 to 21,237,33,0 - Method:container.sim.GotoMethod2 DIM:0
[21:39:22] [Server thread/WARN] [sim/]: FolkData:onUpdate() 昀然 訾 还在工作
[21:39:22] [Server thread/INFO] [sim/]: FolkData: GOTOXYZ() for 昀然 訾 to 26,237,33,0 - Method:container.sim.GotoMethod2 DIM:0
[21:39:22] [Server thread/INFO] [sim/]: FolkData: GOTOXYZ() for 昀然 訾 to 21,237,33,0 - Method:container.sim.GotoMethod2 DIM:0
[21:39:22] [Server thread/WARN] [sim/]: FolkData:onUpdate() 瑾泉 ，景 还在工作
[21:39:22] [Server thread/INFO] [sim/]: FolkData: GOTOXYZ() for 瑾泉 ，景 to 26,237,33,0 - Method:container.sim.GotoMethod2 DIM:0
[21:39:22] [Server thread/INFO] [sim/]: FolkData: GOTOXYZ() for 瑾泉 ，景 to 21,237,33,0 - Method:container.sim.GotoMethod2 DIM:0
[21:39:22] [Server thread/WARN] [sim/]: FolkData:onUpdate() 昀然 訾 还在工作
[21:39:22] [Server thread/INFO] [sim/]: FolkData: GOTOXYZ() for 昀然 訾 to 26,237,33,0 - Method:container.sim.GotoMethod2 DIM:0
[21:39:22] [Server thread/INFO] [sim/]: FolkData: GOTOXYZ() for 昀然 訾 to 21,237,33,0 - Method:container.sim.GotoMethod2 DIM:0
[21:39:22] [Server thread/WARN] [sim/]: FolkData:onUpdate() 瑾泉 ，景 还在工作
[21:39:22] [Server thread/INFO] [sim/]: FolkData: GOTOXYZ() for 瑾泉 ，景 to 26,237,33,0 - Method:container.sim.GotoMethod2 DIM:0
[21:39:22] [Server thread/INFO] [sim/]: FolkData: GOTOXYZ() for 瑾泉 ，景 to 21,237,33,0 - Method:container.sim.GotoMethod2 DIM:0
[21:39:22] [Server thread/WARN] [sim/]: FolkData:onUpdate() 昀然 訾 还在工作
[21:39:22] [Server thread/INFO] [sim/]: FolkData: GOTOXYZ() for 昀然 訾 to 26,237,33,0 - Method:container.sim.GotoMethod2 DIM:0
[21:39:22] [Server thread/INFO] [sim/]: FolkData: GOTOXYZ() for 昀然 訾 to 21,237,33,0 - Method:container.sim.GotoMethod2 DIM:0
[21:39:22] [Server thread/WARN] [sim/]: FolkData:onUpdate() 瑾泉 ，景 还在工作
[21:39:22] [Server thread/INFO] [sim/]: FolkData: GOTOXYZ() for 瑾泉 ，景 to 26,237,33,0 - Method:container.sim.GotoMethod2 DIM:0
[21:39:22] [Server thread/INFO] [sim/]: FolkData: GOTOXYZ() for 瑾泉 ，景 to 21,237,33,0 - Method:container.sim.GotoMethod2 DIM:0
[21:39:22] [Server thread/WARN] [sim/]: FolkData:onUpdate() 昀然 訾 还在工作
[21:39:22] [Server thread/INFO] [sim/]: FolkData: GOTOXYZ() for 昀然 訾 to 26,237,33,0 - Method:container.sim.GotoMethod2 DIM:0
[21:39:22] [Server thread/INFO] [sim/]: FolkData: GOTOXYZ() for 昀然 訾 to 21,237,33,0 - Method:container.sim.GotoMethod2 DIM:0
[21:39:22] [Server thread/WARN] [sim/]: FolkData:onUpdate() 瑾泉 ，景 还在工作
[21:39:22] [Server thread/INFO] [sim/]: FolkData: GOTOXYZ() for 瑾泉 ，景 to 26,237,33,0 - Method:container.sim.GotoMethod2 DIM:0
[21:39:22] [Server thread/INFO] [sim/]: FolkData: GOTOXYZ() for 瑾泉 ，景 to 21,237,33,0 - Method:container.sim.GotoMethod2 DIM:0
[21:39:22] [Server thread/WARN] [sim/]: FolkData:onUpdate() 昀然 訾 还在工作
[21:39:22] [Server thread/INFO] [sim/]: FolkData: GOTOXYZ() for 昀然 訾 to 26,237,33,0 - Method:container.sim.GotoMethod2 DIM:0
[21:39:22] [Server thread/INFO] [sim/]: FolkData: GOTOXYZ() for 昀然 訾 to 21,237,33,0 - Method:container.sim.GotoMethod2 DIM:0
[21:39:22] [Server thread/WARN] [sim/]: FolkData:onUpdate() 瑾泉 ，景 还在工作
[21:39:22] [Server thread/INFO] [sim/]: FolkData: GOTOXYZ() for 瑾泉 ，景 to 26,237,33,0 - Method:container.sim.GotoMethod2 DIM:0
[21:39:22] [Server thread/INFO] [sim/]: FolkData: GOTOXYZ() for 瑾泉 ，景 to 21,237,33,0 - Method:container.sim.GotoMethod2 DIM:0
[21:39:22] [Server thread/WARN] [sim/]: FolkData:onUpdate() 昀然 訾 还在工作
[21:39:22] [Server thread/INFO] [sim/]: FolkData: GOTOXYZ() for 昀然 訾 to 26,237,33,0 - Method:container.sim.GotoMethod2 DIM:0
[21:39:22] [Server thread/INFO] [sim/]: FolkData: GOTOXYZ() for 昀然 訾 to 21,237,33,0 - Method:container.sim.GotoMethod2 DIM:0
[21:39:22] [Server thread/WARN] [sim/]: FolkData:onUpdate() 瑾泉 ，景 还在工作
[21:39:22] [Server thread/INFO] [sim/]: FolkData: GOTOXYZ() for 瑾泉 ，景 to 26,237,33,0 - Method:container.sim.GotoMethod2 DIM:0
[21:39:22] [Server thread/INFO] [sim/]: FolkData: GOTOXYZ() for 瑾泉 ，景 to 21,237,33,0 - Method:container.sim.GotoMethod2 DIM:0
[21:39:23] [Server thread/WARN] [sim/]: FolkData:onUpdate() 昀然 訾 还在工作
[21:39:23] [Server thread/INFO] [sim/]: FolkData: GOTOXYZ() for 昀然 訾 to 26,237,33,0 - Method:container.sim.GotoMethod2 DIM:0
[21:39:23] [Server thread/INFO] [sim/]: FolkData: GOTOXYZ() for 昀然 訾 to 21,237,33,0 - Method:container.sim.GotoMethod2 DIM:0
[21:39:23] [Server thread/WARN] [sim/]: FolkData:onUpdate() 瑾泉 ，景 还在工作
[21:39:23] [Server thread/INFO] [sim/]: FolkData: GOTOXYZ() for 瑾泉 ，景 to 26,237,33,0 - Method:container.sim.GotoMethod2 DIM:0
[21:39:23] [Server thread/INFO] [sim/]: FolkData: GOTOXYZ() for 瑾泉 ，景 to 21,237,33,0 - Method:container.sim.GotoMethod2 DIM:0
[21:39:23] [Server thread/WARN] [sim/]: FolkData:onUpdate() 昀然 訾 还在工作
[21:39:23] [Server thread/INFO] [sim/]: FolkData: GOTOXYZ() for 昀然 訾 to 26,237,33,0 - Method:container.sim.GotoMethod2 DIM:0
[21:39:23] [Server thread/INFO] [sim/]: FolkData: GOTOXYZ() for 昀然 訾 to 21,237,33,0 - Method:container.sim.GotoMethod2 DIM:0
[21:39:23] [Server thread/WARN] [sim/]: FolkData:onUpdate() 瑾泉 ，景 还在工作
[21:39:23] [Server thread/INFO] [sim/]: FolkData: GOTOXYZ() for 瑾泉 ，景 to 26,237,33,0 - Method:container.sim.GotoMethod2 DIM:0
[21:39:23] [Server thread/INFO] [sim/]: FolkData: GOTOXYZ() for 瑾泉 ，景 to 21,237,33,0 - Method:container.sim.GotoMethod2 DIM:0
[21:39:23] [Server thread/WARN] [sim/]: FolkData:onUpdate() 昀然 訾 还在工作
[21:39:23] [Server thread/INFO] [sim/]: FolkData: GOTOXYZ() for 昀然 訾 to 26,237,33,0 - Method:container.sim.GotoMethod2 DIM:0
[21:39:23] [Server thread/INFO] [sim/]: FolkData: GOTOXYZ() for 昀然 訾 to 21,237,33,0 - Method:container.sim.GotoMethod2 DIM:0
[21:39:23] [Server thread/WARN] [sim/]: FolkData:onUpdate() 瑾泉 ，景 还在工作
[21:39:23] [Server thread/INFO] [sim/]: FolkData: GOTOXYZ() for 瑾泉 ，景 to 26,237,33,0 - Method:container.sim.GotoMethod2 DIM:0
[21:39:23] [Server thread/INFO] [sim/]: FolkData: GOTOXYZ() for 瑾泉 ，景 to 21,237,33,0 - Method:container.sim.GotoMethod2 DIM:0
[21:39:23] [Server thread/WARN] [sim/]: FolkData:onUpdate() 昀然 訾 还在工作
[21:39:23] [Server thread/INFO] [sim/]: FolkData: GOTOXYZ() for 昀然 訾 to 26,237,33,0 - Method:container.sim.GotoMethod2 DIM:0
[21:39:23] [Server thread/INFO] [sim/]: FolkData: GOTOXYZ() for 昀然 訾 to 21,237,33,0 - Method:container.sim.GotoMethod2 DIM:0
[21:39:23] [Server thread/WARN] [sim/]: FolkData:onUpdate() 瑾泉 ，景 还在工作
[21:39:23] [Server thread/INFO] [sim/]: FolkData: GOTOXYZ() for 瑾泉 ，景 to 26,237,33,0 - Method:container.sim.GotoMethod2 DIM:0
[21:39:23] [Server thread/INFO] [sim/]: FolkData: GOTOXYZ() for 瑾泉 ，景 to 21,237,33,0 - Method:container.sim.GotoMethod2 DIM:0
[21:39:23] [Server thread/WARN] [sim/]: FolkData:onUpdate() 昀然 訾 还在工作
[21:39:23] [Server thread/INFO] [sim/]: FolkData: GOTOXYZ() for 昀然 訾 to 26,237,33,0 - Method:container.sim.GotoMethod2 DIM:0
[21:39:23] [Server thread/INFO] [sim/]: FolkData: GOTOXYZ() for 昀然 訾 to 21,237,33,0 - Method:container.sim.GotoMethod2 DIM:0
[21:39:23] [Server thread/WARN] [sim/]: FolkData:onUpdate() 瑾泉 ，景 还在工作
[21:39:23] [Server thread/INFO] [sim/]: FolkData: GOTOXYZ() for 瑾泉 ，景 to 26,237,33,0 - Method:container.sim.GotoMethod2 DIM:0
[21:39:23] [Server thread/INFO] [sim/]: FolkData: GOTOXYZ() for 瑾泉 ，景 to 21,237,33,0 - Method:container.sim.GotoMethod2 DIM:0
[21:39:23] [Server thread/WARN] [sim/]: FolkData:onUpdate() 昀然 訾 还在工作
[21:39:23] [Server thread/INFO] [sim/]: FolkData: GOTOXYZ() for 昀然 訾 to 26,237,33,0 - Method:container.sim.GotoMethod2 DIM:0
[21:39:23] [Server thread/INFO] [sim/]: FolkData: GOTOXYZ() for 昀然 訾 to 21,237,33,0 - Method:container.sim.GotoMethod2 DIM:0
[21:39:23] [Server thread/WARN] [sim/]: FolkData:onUpdate() 瑾泉 ，景 还在工作
[21:39:23] [Server thread/INFO] [sim/]: FolkData: GOTOXYZ() for 瑾泉 ，景 to 26,237,33,0 - Method:container.sim.GotoMethod2 DIM:0
[21:39:23] [Server thread/INFO] [sim/]: FolkData: GOTOXYZ() for 瑾泉 ，景 to 21,237,33,0 - Method:container.sim.GotoMethod2 DIM:0
[21:39:23] [Server thread/INFO] [sim/]: FolkData: doBeaming() 完成 展鹏 赖 to -9,238,-15,0 (dim 0)
[21:39:23] [Server thread/WARN] [sim/]: FolkData:onUpdate() 昀然 訾 还在工作
[21:39:23] [Server thread/INFO] [sim/]: FolkData: GOTOXYZ() for 昀然 訾 to 26,237,33,0 - Method:container.sim.GotoMethod2 DIM:0
[21:39:23] [Server thread/INFO] [sim/]: FolkData: GOTOXYZ() for 昀然 訾 to 21,237,33,0 - Method:container.sim.GotoMethod2 DIM:0
[21:39:23] [Server thread/INFO] [sim/]: FolkData: doBeaming() 完成 欢妍 曾 to 17,238,15,0 (dim 0)
[21:39:23] [Server thread/INFO] [sim/]: FolkData: doBeaming() 完成 琳瑷 都 to 10,238,-61,0 (dim 0)
[21:39:23] [Server thread/INFO] [sim/]: FolkData: doBeaming() 完成 瑛傲 国 to 9,238,-36,0 (dim 0)
[21:39:23] [Server thread/WARN] [sim/]: FolkData:onUpdate() 瑾泉 ，景 还在工作
[21:39:23] [Server thread/INFO] [sim/]: FolkData: GOTOXYZ() for 瑾泉 ，景 to 26,237,33,0 - Method:container.sim.GotoMethod2 DIM:0
[21:39:23] [Server thread/INFO] [sim/]: FolkData: GOTOXYZ() for 瑾泉 ，景 to 21,237,33,0 - Method:container.sim.GotoMethod2 DIM:0
[21:39:23] [Server thread/WARN] [sim/]: FolkData:onUpdate() 昀然 訾 还在工作
[21:39:23] [Server thread/INFO] [sim/]: FolkData: GOTOXYZ() for 昀然 訾 to 26,237,33,0 - Method:container.sim.GotoMethod2 DIM:0
[21:39:23] [Server thread/INFO] [sim/]: FolkData: GOTOXYZ() for 昀然 訾 to 21,237,33,0 - Method:container.sim.GotoMethod2 DIM:0
[21:39:23] [Server thread/WARN] [sim/]: FolkData:onUpdate() 瑾泉 ，景 还在工作
[21:39:23] [Server thread/INFO] [sim/]: FolkData: GOTOXYZ() for 瑾泉 ，景 to 26,237,33,0 - Method:container.sim.GotoMethod2 DIM:0
[21:39:23] [Server thread/INFO] [sim/]: FolkData: GOTOXYZ() for 瑾泉 ，景 to 21,237,33,0 - Method:container.sim.GotoMethod2 DIM:0
[21:39:23] [Server thread/INFO] [sim/]: FolkData: doBeaming() 完成 靖宇 鬱 to 21,238,3,0 (dim 0)
[21:39:23] [Server thread/WARN] [sim/]: FolkData:onUpdate() 昀然 訾 还在工作
[21:39:23] [Server thread/INFO] [sim/]: FolkData: GOTOXYZ() for 昀然 訾 to 26,237,33,0 - Method:container.sim.GotoMethod2 DIM:0
[21:39:23] [Server thread/INFO] [sim/]: FolkData: GOTOXYZ() for 昀然 訾 to 21,237,33,0 - Method:container.sim.GotoMethod2 DIM:0
[21:39:23] [Server thread/WARN] [sim/]: FolkData:onUpdate() 瑾泉 ，景 还在工作
[21:39:23] [Server thread/INFO] [sim/]: FolkData: GOTOXYZ() for 瑾泉 ，景 to 26,237,33,0 - Method:container.sim.GotoMethod2 DIM:0
[21:39:23] [Server thread/INFO] [sim/]: FolkData: GOTOXYZ() for 瑾泉 ，景 to 21,237,33,0 - Method:container.sim.GotoMethod2 DIM:0
[21:39:23] [Server thread/WARN] [sim/]: FolkData:onUpdate() 昀然 訾 还在工作
[21:39:23] [Server thread/INFO] [sim/]: FolkData: GOTOXYZ() for 昀然 訾 to 26,237,33,0 - Method:container.sim.GotoMethod2 DIM:0
[21:39:23] [Server thread/INFO] [sim/]: FolkData: GOTOXYZ() for 昀然 訾 to 21,237,33,0 - Method:container.sim.GotoMethod2 DIM:0
[21:39:23] [Server thread/WARN] [sim/]: FolkData:onUpdate() 瑾泉 ，景 还在工作
[21:39:23] [Server thread/INFO] [sim/]: FolkData: GOTOXYZ() for 瑾泉 ，景 to 26,237,33,0 - Method:container.sim.GotoMethod2 DIM:0
[21:39:23] [Server thread/INFO] [sim/]: FolkData: GOTOXYZ() for 瑾泉 ，景 to 21,237,33,0 - Method:container.sim.GotoMethod2 DIM:0
[21:39:23] [Server thread/WARN] [sim/]: FolkData:onUpdate() 昀然 訾 还在工作
[21:39:23] [Server thread/INFO] [sim/]: FolkData: GOTOXYZ() for 昀然 訾 to 26,237,33,0 - Method:container.sim.GotoMethod2 DIM:0
[21:39:23] [Server thread/INFO] [sim/]: FolkData: GOTOXYZ() for 昀然 訾 to 21,237,33,0 - Method:container.sim.GotoMethod2 DIM:0
[21:39:23] [Server thread/WARN] [sim/]: FolkData:onUpdate() 瑾泉 ，景 还在工作
[21:39:23] [Server thread/INFO] [sim/]: FolkData: GOTOXYZ() for 瑾泉 ，景 to 26,237,33,0 - Method:container.sim.GotoMethod2 DIM:0
[21:39:23] [Server thread/INFO] [sim/]: FolkData: GOTOXYZ() for 瑾泉 ，景 to 21,237,33,0 - Method:container.sim.GotoMethod2 DIM:0
[21:39:23] [Server thread/WARN] [sim/]: FolkData:onUpdate() 昀然 訾 还在工作
[21:39:23] [Server thread/INFO] [sim/]: FolkData: GOTOXYZ() for 昀然 訾 to 26,237,33,0 - Method:container.sim.GotoMethod2 DIM:0
[21:39:23] [Server thread/INFO] [sim/]: FolkData: GOTOXYZ() for 昀然 訾 to 21,237,33,0 - Method:container.sim.GotoMethod2 DIM:0
[21:39:23] [Server thread/WARN] [sim/]: FolkData:onUpdate() 瑾泉 ，景 还在工作
[21:39:23] [Server thread/INFO] [sim/]: FolkData: GOTOXYZ() for 瑾泉 ，景 to 26,237,33,0 - Method:container.sim.GotoMethod2 DIM:0
[21:39:23] [Server thread/INFO] [sim/]: FolkData: GOTOXYZ() for 瑾泉 ，景 to 21,237,33,0 - Method:container.sim.GotoMethod2 DIM:0
[21:39:23] [Server thread/WARN] [sim/]: FolkData:onUpdate() 昀然 訾 还在工作
[21:39:23] [Server thread/INFO] [sim/]: FolkData: GOTOXYZ() for 昀然 訾 to 26,237,33,0 - Method:container.sim.GotoMethod2 DIM:0
[21:39:23] [Server thread/INFO] [sim/]: FolkData: GOTOXYZ() for 昀然 訾 to 21,237,33,0 - Method:container.sim.GotoMethod2 DIM:0
[21:39:23] [Server thread/WARN] [sim/]: FolkData:onUpdate() 瑾泉 ，景 还在工作
[21:39:23] [Server thread/INFO] [sim/]: FolkData: GOTOXYZ() for 瑾泉 ，景 to 26,237,33,0 - Method:container.sim.GotoMethod2 DIM:0
[21:39:23] [Server thread/INFO] [sim/]: FolkData: GOTOXYZ() for 瑾泉 ，景 to 21,237,33,0 - Method:container.sim.GotoMethod2 DIM:0
[21:39:23] [Server thread/WARN] [sim/]: FolkData:onUpdate() 昀然 訾 还在工作
[21:39:23] [Server thread/INFO] [sim/]: FolkData: GOTOXYZ() for 昀然 訾 to 26,237,33,0 - Method:container.sim.GotoMethod2 DIM:0
[21:39:23] [Server thread/INFO] [sim/]: FolkData: GOTOXYZ() for 昀然 訾 to 21,237,33,0 - Method:container.sim.GotoMethod2 DIM:0
[21:39:23] [Server thread/WARN] [sim/]: FolkData:onUpdate() 瑾泉 ，景 还在工作
[21:39:23] [Server thread/INFO] [sim/]: FolkData: GOTOXYZ() for 瑾泉 ，景 to 26,237,33,0 - Method:container.sim.GotoMethod2 DIM:0
[21:39:23] [Server thread/INFO] [sim/]: FolkData: GOTOXYZ() for 瑾泉 ，景 to 21,237,33,0 - Method:container.sim.GotoMethod2 DIM:0
[21:39:23] [Server thread/WARN] [sim/]: FolkData:onUpdate() 昀然 訾 还在工作
[21:39:23] [Server thread/INFO] [sim/]: FolkData: GOTOXYZ() for 昀然 訾 to 26,237,33,0 - Method:container.sim.GotoMethod2 DIM:0
[21:39:23] [Server thread/INFO] [sim/]: FolkData: GOTOXYZ() for 昀然 訾 to 21,237,33,0 - Method:container.sim.GotoMethod2 DIM:0
[21:39:23] [Server thread/WARN] [sim/]: FolkData:onUpdate() 瑾泉 ，景 还在工作
[21:39:23] [Server thread/INFO] [sim/]: FolkData: GOTOXYZ() for 瑾泉 ，景 to 26,237,33,0 - Method:container.sim.GotoMethod2 DIM:0
[21:39:23] [Server thread/INFO] [sim/]: FolkData: GOTOXYZ() for 瑾泉 ，景 to 21,237,33,0 - Method:container.sim.GotoMethod2 DIM:0
[21:39:23] [Server thread/WARN] [sim/]: FolkData:onUpdate() 昀然 訾 还在工作
[21:39:23] [Server thread/INFO] [sim/]: FolkData: GOTOXYZ() for 昀然 訾 to 26,237,33,0 - Method:container.sim.GotoMethod2 DIM:0
[21:39:23] [Server thread/INFO] [sim/]: FolkData: GOTOXYZ() for 昀然 訾 to 21,237,33,0 - Method:container.sim.GotoMethod2 DIM:0
[21:39:23] [Server thread/WARN] [sim/]: FolkData:onUpdate() 瑾泉 ，景 还在工作
[21:39:23] [Server thread/INFO] [sim/]: FolkData: GOTOXYZ() for 瑾泉 ，景 to 26,237,33,0 - Method:container.sim.GotoMethod2 DIM:0
[21:39:23] [Server thread/INFO] [sim/]: FolkData: GOTOXYZ() for 瑾泉 ，景 to 21,237,33,0 - Method:container.sim.GotoMethod2 DIM:0
[21:39:23] [Server thread/WARN] [sim/]: FolkData:onUpdate() 昀然 訾 还在工作
[21:39:23] [Server thread/INFO] [sim/]: FolkData: GOTOXYZ() for 昀然 訾 to 26,237,33,0 - Method:container.sim.GotoMethod2 DIM:0
[21:39:23] [Server thread/INFO] [sim/]: FolkData: GOTOXYZ() for 昀然 訾 to 21,237,33,0 - Method:container.sim.GotoMethod2 DIM:0
[21:39:23] [Server thread/WARN] [sim/]: FolkData:onUpdate() 瑾泉 ，景 还在工作
[21:39:23] [Server thread/INFO] [sim/]: FolkData: GOTOXYZ() for 瑾泉 ，景 to 26,237,33,0 - Method:container.sim.GotoMethod2 DIM:0
[21:39:23] [Server thread/INFO] [sim/]: FolkData: GOTOXYZ() for 瑾泉 ，景 to 21,237,33,0 - Method:container.sim.GotoMethod2 DIM:0
[21:39:23] [Server thread/WARN] [sim/]: FolkData:onUpdate() 昀然 訾 还在工作
[21:39:23] [Server thread/INFO] [sim/]: FolkData: GOTOXYZ() for 昀然 訾 to 26,237,33,0 - Method:container.sim.GotoMethod2 DIM:0
[21:39:23] [Server thread/INFO] [sim/]: FolkData: GOTOXYZ() for 昀然 訾 to 21,237,33,0 - Method:container.sim.GotoMethod2 DIM:0
[21:39:23] [Server thread/WARN] [sim/]: FolkData:onUpdate() 瑾泉 ，景 还在工作
[21:39:23] [Server thread/INFO] [sim/]: FolkData: GOTOXYZ() for 瑾泉 ，景 to 26,237,33,0 - Method:container.sim.GotoMethod2 DIM:0
[21:39:23] [Server thread/INFO] [sim/]: FolkData: GOTOXYZ() for 瑾泉 ，景 to 21,237,33,0 - Method:container.sim.GotoMethod2 DIM:0
[21:39:23] [Server thread/WARN] [sim/]: FolkData:onUpdate() 昀然 訾 还在工作
[21:39:23] [Server thread/INFO] [sim/]: FolkData: GOTOXYZ() for 昀然 訾 to 26,237,33,0 - Method:container.sim.GotoMethod2 DIM:0
[21:39:23] [Server thread/INFO] [sim/]: FolkData: GOTOXYZ() for 昀然 訾 to 21,237,33,0 - Method:container.sim.GotoMethod2 DIM:0
[21:39:23] [Server thread/WARN] [sim/]: FolkData:onUpdate() 瑾泉 ，景 还在工作
[21:39:23] [Server thread/INFO] [sim/]: FolkData: GOTOXYZ() for 瑾泉 ，景 to 26,237,33,0 - Method:container.sim.GotoMethod2 DIM:0
[21:39:23] [Server thread/INFO] [sim/]: FolkData: GOTOXYZ() for 瑾泉 ，景 to 21,237,33,0 - Method:container.sim.GotoMethod2 DIM:0
[21:39:23] [Server thread/WARN] [sim/]: FolkData:onUpdate() 昀然 訾 还在工作
[21:39:23] [Server thread/INFO] [sim/]: FolkData: GOTOXYZ() for 昀然 訾 to 26,237,33,0 - Method:container.sim.GotoMethod2 DIM:0
[21:39:23] [Server thread/INFO] [sim/]: FolkData: GOTOXYZ() for 昀然 訾 to 21,237,33,0 - Method:container.sim.GotoMethod2 DIM:0
[21:39:23] [Server thread/WARN] [sim/]: FolkData:onUpdate() 瑾泉 ，景 还在工作
[21:39:23] [Server thread/INFO] [sim/]: FolkData: GOTOXYZ() for 瑾泉 ，景 to 26,237,33,0 - Method:container.sim.GotoMethod2 DIM:0
[21:39:23] [Server thread/INFO] [sim/]: FolkData: GOTOXYZ() for 瑾泉 ，景 to 21,237,33,0 - Method:container.sim.GotoMethod2 DIM:0
[21:39:23] [Server thread/WARN] [sim/]: FolkData:onUpdate() 昀然 訾 还在工作
[21:39:23] [Server thread/INFO] [sim/]: FolkData: GOTOXYZ() for 昀然 訾 to 26,237,33,0 - Method:container.sim.GotoMethod2 DIM:0
[21:39:23] [Server thread/INFO] [sim/]: FolkData: GOTOXYZ() for 昀然 訾 to 21,237,33,0 - Method:container.sim.GotoMethod2 DIM:0
[21:39:23] [Server thread/WARN] [sim/]: FolkData:onUpdate() 瑾泉 ，景 还在工作
[21:39:23] [Server thread/INFO] [sim/]: FolkData: GOTOXYZ() for 瑾泉 ，景 to 26,237,33,0 - Method:container.sim.GotoMethod2 DIM:0
[21:39:23] [Server thread/INFO] [sim/]: FolkData: GOTOXYZ() for 瑾泉 ，景 to 21,237,33,0 - Method:container.sim.GotoMethod2 DIM:0
[21:39:23] [Server thread/WARN] [sim/]: FolkData:onUpdate() 昀然 訾 还在工作
[21:39:23] [Server thread/INFO] [sim/]: FolkData: GOTOXYZ() for 昀然 訾 to 26,237,33,0 - Method:container.sim.GotoMethod2 DIM:0
[21:39:23] [Server thread/INFO] [sim/]: FolkData: GOTOXYZ() for 昀然 訾 to 21,237,33,0 - Method:container.sim.GotoMethod2 DIM:0
[21:39:23] [Server thread/WARN] [sim/]: FolkData:onUpdate() 瑾泉 ，景 还在工作
[21:39:23] [Server thread/INFO] [sim/]: FolkData: GOTOXYZ() for 瑾泉 ，景 to 26,237,33,0 - Method:container.sim.GotoMethod2 DIM:0
[21:39:23] [Server thread/INFO] [sim/]: FolkData: GOTOXYZ() for 瑾泉 ，景 to 21,237,33,0 - Method:container.sim.GotoMethod2 DIM:0
[21:39:23] [Server thread/WARN] [sim/]: FolkData:onUpdate() 昀然 訾 还在工作
[21:39:23] [Server thread/INFO] [sim/]: FolkData: GOTOXYZ() for 昀然 訾 to 26,237,33,0 - Method:container.sim.GotoMethod2 DIM:0
[21:39:23] [Server thread/INFO] [sim/]: FolkData: GOTOXYZ() for 昀然 訾 to 21,237,33,0 - Method:container.sim.GotoMethod2 DIM:0
[21:39:23] [Server thread/WARN] [sim/]: FolkData:onUpdate() 瑾泉 ，景 还在工作
[21:39:23] [Server thread/INFO] [sim/]: FolkData: GOTOXYZ() for 瑾泉 ，景 to 26,237,33,0 - Method:container.sim.GotoMethod2 DIM:0
[21:39:23] [Server thread/INFO] [sim/]: FolkData: GOTOXYZ() for 瑾泉 ，景 to 21,237,33,0 - Method:container.sim.GotoMethod2 DIM:0
[21:39:23] [Server thread/WARN] [sim/]: FolkData:onUpdate() 昀然 訾 还在工作
[21:39:23] [Server thread/INFO] [sim/]: FolkData: GOTOXYZ() for 昀然 訾 to 26,237,33,0 - Method:container.sim.GotoMethod2 DIM:0
[21:39:23] [Server thread/INFO] [sim/]: FolkData: GOTOXYZ() for 昀然 訾 to 21,237,33,0 - Method:container.sim.GotoMethod2 DIM:0
[21:39:23] [Server thread/WARN] [sim/]: FolkData:onUpdate() 瑾泉 ，景 还在工作
[21:39:23] [Server thread/INFO] [sim/]: FolkData: GOTOXYZ() for 瑾泉 ，景 to 26,237,33,0 - Method:container.sim.GotoMethod2 DIM:0
[21:39:23] [Server thread/INFO] [sim/]: FolkData: GOTOXYZ() for 瑾泉 ，景 to 21,237,33,0 - Method:container.sim.GotoMethod2 DIM:0
[21:39:23] [Server thread/WARN] [sim/]: FolkData:onUpdate() 昀然 訾 还在工作
[21:39:23] [Server thread/INFO] [sim/]: FolkData: GOTOXYZ() for 昀然 訾 to 26,237,33,0 - Method:container.sim.GotoMethod2 DIM:0
[21:39:23] [Server thread/INFO] [sim/]: FolkData: GOTOXYZ() for 昀然 訾 to 21,237,33,0 - Method:container.sim.GotoMethod2 DIM:0
[21:39:23] [Server thread/WARN] [sim/]: FolkData:onUpdate() 瑾泉 ，景 还在工作
[21:39:23] [Server thread/INFO] [sim/]: FolkData: GOTOXYZ() for 瑾泉 ，景 to 26,237,33,0 - Method:container.sim.GotoMethod2 DIM:0
[21:39:23] [Server thread/INFO] [sim/]: FolkData: GOTOXYZ() for 瑾泉 ，景 to 21,237,33,0 - Method:container.sim.GotoMethod2 DIM:0
[21:39:23] [Server thread/WARN] [sim/]: FolkData:onUpdate() 昀然 訾 还在工作
[21:39:23] [Server thread/INFO] [sim/]: FolkData: GOTOXYZ() for 昀然 訾 to 26,237,33,0 - Method:container.sim.GotoMethod2 DIM:0
[21:39:23] [Server thread/INFO] [sim/]: FolkData: GOTOXYZ() for 昀然 訾 to 21,237,33,0 - Method:container.sim.GotoMethod2 DIM:0
[21:39:23] [Server thread/WARN] [sim/]: FolkData:onUpdate() 瑾泉 ，景 还在工作
[21:39:23] [Server thread/INFO] [sim/]: FolkData: GOTOXYZ() for 瑾泉 ，景 to 26,237,33,0 - Method:container.sim.GotoMethod2 DIM:0
[21:39:23] [Server thread/INFO] [sim/]: FolkData: GOTOXYZ() for 瑾泉 ，景 to 21,237,33,0 - Method:container.sim.GotoMethod2 DIM:0
[21:39:23] [Server thread/WARN] [sim/]: FolkData:onUpdate() 昀然 訾 还在工作
[21:39:23] [Server thread/INFO] [sim/]: FolkData: GOTOXYZ() for 昀然 訾 to 26,237,33,0 - Method:container.sim.GotoMethod2 DIM:0
[21:39:23] [Server thread/INFO] [sim/]: FolkData: GOTOXYZ() for 昀然 訾 to 21,237,33,0 - Method:container.sim.GotoMethod2 DIM:0
[21:39:23] [Server thread/WARN] [sim/]: FolkData:onUpdate() 瑾泉 ，景 还在工作
[21:39:23] [Server thread/INFO] [sim/]: FolkData: GOTOXYZ() for 瑾泉 ，景 to 26,237,33,0 - Method:container.sim.GotoMethod2 DIM:0
[21:39:23] [Server thread/INFO] [sim/]: FolkData: GOTOXYZ() for 瑾泉 ，景 to 21,237,33,0 - Method:container.sim.GotoMethod2 DIM:0
[21:39:23] [Server thread/WARN] [sim/]: FolkData:onUpdate() 昀然 訾 还在工作
[21:39:23] [Server thread/INFO] [sim/]: FolkData: GOTOXYZ() for 昀然 訾 to 26,237,33,0 - Method:container.sim.GotoMethod2 DIM:0
[21:39:23] [Server thread/INFO] [sim/]: FolkData: GOTOXYZ() for 昀然 訾 to 21,237,33,0 - Method:container.sim.GotoMethod2 DIM:0
[21:39:23] [Server thread/WARN] [sim/]: FolkData:onUpdate() 瑾泉 ，景 还在工作
[21:39:23] [Server thread/INFO] [sim/]: FolkData: GOTOXYZ() for 瑾泉 ，景 to 26,237,33,0 - Method:container.sim.GotoMethod2 DIM:0
[21:39:23] [Server thread/INFO] [sim/]: FolkData: GOTOXYZ() for 瑾泉 ，景 to 21,237,33,0 - Method:container.sim.GotoMethod2 DIM:0
[21:39:23] [Server thread/WARN] [sim/]: FolkData:onUpdate() 昀然 訾 还在工作
[21:39:23] [Server thread/INFO] [sim/]: FolkData: GOTOXYZ() for 昀然 訾 to 26,237,33,0 - Method:container.sim.GotoMethod2 DIM:0
[21:39:23] [Server thread/INFO] [sim/]: FolkData: GOTOXYZ() for 昀然 訾 to 21,237,33,0 - Method:container.sim.GotoMethod2 DIM:0
[21:39:23] [Server thread/WARN] [sim/]: FolkData:onUpdate() 瑾泉 ，景 还在工作
[21:39:23] [Server thread/INFO] [sim/]: FolkData: GOTOXYZ() for 瑾泉 ，景 to 26,237,33,0 - Method:container.sim.GotoMethod2 DIM:0
[21:39:23] [Server thread/INFO] [sim/]: FolkData: GOTOXYZ() for 瑾泉 ，景 to 21,237,33,0 - Method:container.sim.GotoMethod2 DIM:0
[21:39:23] [Server thread/WARN] [sim/]: FolkData:onUpdate() 昀然 訾 还在工作
[21:39:23] [Server thread/INFO] [sim/]: FolkData: GOTOXYZ() for 昀然 訾 to 26,237,33,0 - Method:container.sim.GotoMethod2 DIM:0
[21:39:23] [Server thread/INFO] [sim/]: FolkData: GOTOXYZ() for 昀然 訾 to 21,237,33,0 - Method:container.sim.GotoMethod2 DIM:0
[21:39:23] [Server thread/WARN] [sim/]: FolkData:onUpdate() 瑾泉 ，景 还在工作
[21:39:23] [Server thread/INFO] [sim/]: FolkData: GOTOXYZ() for 瑾泉 ，景 to 26,237,33,0 - Method:container.sim.GotoMethod2 DIM:0
[21:39:23] [Server thread/INFO] [sim/]: FolkData: GOTOXYZ() for 瑾泉 ，景 to 21,237,33,0 - Method:container.sim.GotoMethod2 DIM:0
[21:39:23] [Server thread/WARN] [sim/]: FolkData:onUpdate() 昀然 訾 还在工作
[21:39:23] [Server thread/INFO] [sim/]: FolkData: GOTOXYZ() for 昀然 訾 to 26,237,33,0 - Method:container.sim.GotoMethod2 DIM:0
[21:39:23] [Server thread/INFO] [sim/]: FolkData: GOTOXYZ() for 昀然 訾 to 21,237,33,0 - Method:container.sim.GotoMethod2 DIM:0
[21:39:23] [Server thread/WARN] [sim/]: FolkData:onUpdate() 瑾泉 ，景 还在工作
[21:39:23] [Server thread/INFO] [sim/]: FolkData: GOTOXYZ() for 瑾泉 ，景 to 26,237,33,0 - Method:container.sim.GotoMethod2 DIM:0
[21:39:23] [Server thread/INFO] [sim/]: FolkData: GOTOXYZ() for 瑾泉 ，景 to 21,237,33,0 - Method:container.sim.GotoMethod2 DIM:0
[21:39:23] [Server thread/WARN] [sim/]: FolkData:onUpdate() 昀然 訾 还在工作
[21:39:23] [Server thread/INFO] [sim/]: FolkData: GOTOXYZ() for 昀然 訾 to 26,237,33,0 - Method:container.sim.GotoMethod2 DIM:0
[21:39:23] [Server thread/INFO] [sim/]: FolkData: GOTOXYZ() for 昀然 訾 to 21,237,33,0 - Method:container.sim.GotoMethod2 DIM:0
[21:39:23] [Server thread/WARN] [sim/]: FolkData:onUpdate() 瑾泉 ，景 还在工作
[21:39:23] [Server thread/INFO] [sim/]: FolkData: GOTOXYZ() for 瑾泉 ，景 to 26,237,33,0 - Method:container.sim.GotoMethod2 DIM:0
[21:39:23] [Server thread/INFO] [sim/]: FolkData: GOTOXYZ() for 瑾泉 ，景 to 21,237,33,0 - Method:container.sim.GotoMethod2 DIM:0
[21:39:23] [Server thread/WARN] [sim/]: FolkData:onUpdate() 昀然 訾 还在工作
[21:39:23] [Server thread/INFO] [sim/]: FolkData: GOTOXYZ() for 昀然 訾 to 26,237,33,0 - Method:container.sim.GotoMethod2 DIM:0
[21:39:23] [Server thread/INFO] [sim/]: FolkData: GOTOXYZ() for 昀然 訾 to 21,237,33,0 - Method:container.sim.GotoMethod2 DIM:0
[21:39:23] [Server thread/WARN] [sim/]: FolkData:onUpdate() 瑾泉 ，景 还在工作
[21:39:23] [Server thread/INFO] [sim/]: FolkData: GOTOXYZ() for 瑾泉 ，景 to 26,237,33,0 - Method:container.sim.GotoMethod2 DIM:0
[21:39:23] [Server thread/INFO] [sim/]: FolkData: GOTOXYZ() for 瑾泉 ，景 to 21,237,33,0 - Method:container.sim.GotoMethod2 DIM:0
[21:39:23] [Server thread/WARN] [sim/]: FolkData:onUpdate() 昀然 訾 还在工作
[21:39:23] [Server thread/INFO] [sim/]: FolkData: GOTOXYZ() for 昀然 訾 to 26,237,33,0 - Method:container.sim.GotoMethod2 DIM:0
[21:39:23] [Server thread/INFO] [sim/]: FolkData: GOTOXYZ() for 昀然 訾 to 21,237,33,0 - Method:container.sim.GotoMethod2 DIM:0
[21:39:23] [Server thread/WARN] [sim/]: FolkData:onUpdate() 瑾泉 ，景 还在工作
[21:39:23] [Server thread/INFO] [sim/]: FolkData: GOTOXYZ() for 瑾泉 ，景 to 26,237,33,0 - Method:container.sim.GotoMethod2 DIM:0
[21:39:23] [Server thread/INFO] [sim/]: FolkData: GOTOXYZ() for 瑾泉 ，景 to 21,237,33,0 - Method:container.sim.GotoMethod2 DIM:0
[21:39:23] [Server thread/WARN] [sim/]: FolkData:onUpdate() 昀然 訾 还在工作
[21:39:23] [Server thread/INFO] [sim/]: FolkData: GOTOXYZ() for 昀然 訾 to 26,237,33,0 - Method:container.sim.GotoMethod2 DIM:0
[21:39:23] [Server thread/INFO] [sim/]: FolkData: GOTOXYZ() for 昀然 訾 to 21,237,33,0 - Method:container.sim.GotoMethod2 DIM:0
[21:39:23] [Server thread/WARN] [sim/]: FolkData:onUpdate() 瑾泉 ，景 还在工作
[21:39:23] [Server thread/INFO] [sim/]: FolkData: GOTOXYZ() for 瑾泉 ，景 to 26,237,33,0 - Method:container.sim.GotoMethod2 DIM:0
[21:39:23] [Server thread/INFO] [sim/]: FolkData: GOTOXYZ() for 瑾泉 ，景 to 21,237,33,0 - Method:container.sim.GotoMethod2 DIM:0
[21:39:23] [Server thread/WARN] [sim/]: FolkData:onUpdate() 昀然 訾 还在工作
[21:39:23] [Server thread/INFO] [sim/]: FolkData: GOTOXYZ() for 昀然 訾 to 26,237,33,0 - Method:container.sim.GotoMethod2 DIM:0
[21:39:23] [Server thread/INFO] [sim/]: FolkData: GOTOXYZ() for 昀然 訾 to 21,237,33,0 - Method:container.sim.GotoMethod2 DIM:0
[21:39:23] [Server thread/WARN] [sim/]: FolkData:onUpdate() 瑾泉 ，景 还在工作
[21:39:23] [Server thread/INFO] [sim/]: FolkData: GOTOXYZ() for 瑾泉 ，景 to 26,237,33,0 - Method:container.sim.GotoMethod2 DIM:0
[21:39:23] [Server thread/INFO] [sim/]: FolkData: GOTOXYZ() for 瑾泉 ，景 to 21,237,33,0 - Method:container.sim.GotoMethod2 DIM:0
[21:39:23] [Server thread/WARN] [sim/]: FolkData:onUpdate() 昀然 訾 还在工作
[21:39:23] [Server thread/INFO] [sim/]: FolkData: GOTOXYZ() for 昀然 訾 to 26,237,33,0 - Method:container.sim.GotoMethod2 DIM:0
[21:39:23] [Server thread/INFO] [sim/]: FolkData: GOTOXYZ() for 昀然 訾 to 21,237,33,0 - Method:container.sim.GotoMethod2 DIM:0
[21:39:23] [Server thread/WARN] [sim/]: FolkData:onUpdate() 瑾泉 ，景 还在工作
[21:39:23] [Server thread/INFO] [sim/]: FolkData: GOTOXYZ() for 瑾泉 ，景 to 26,237,33,0 - Method:container.sim.GotoMethod2 DIM:0
[21:39:23] [Server thread/INFO] [sim/]: FolkData: GOTOXYZ() for 瑾泉 ，景 to 21,237,33,0 - Method:container.sim.GotoMethod2 DIM:0
[21:39:23] [Server thread/WARN] [sim/]: FolkData:onUpdate() 昀然 訾 还在工作
[21:39:23] [Server thread/INFO] [sim/]: FolkData: GOTOXYZ() for 昀然 訾 to 26,237,33,0 - Method:container.sim.GotoMethod2 DIM:0
[21:39:23] [Server thread/INFO] [sim/]: FolkData: GOTOXYZ() for 昀然 訾 to 21,237,33,0 - Method:container.sim.GotoMethod2 DIM:0
[21:39:23] [Server thread/WARN] [sim/]: FolkData:onUpdate() 瑾泉 ，景 还在工作
[21:39:23] [Server thread/INFO] [sim/]: FolkData: GOTOXYZ() for 瑾泉 ，景 to 26,237,33,0 - Method:container.sim.GotoMethod2 DIM:0
[21:39:23] [Server thread/INFO] [sim/]: FolkData: GOTOXYZ() for 瑾泉 ，景 to 21,237,33,0 - Method:container.sim.GotoMethod2 DIM:0
[21:39:23] [Server thread/WARN] [sim/]: FolkData:onUpdate() 昀然 訾 还在工作
[21:39:23] [Server thread/INFO] [sim/]: FolkData: GOTOXYZ() for 昀然 訾 to 26,237,33,0 - Method:container.sim.GotoMethod2 DIM:0
[21:39:23] [Server thread/INFO] [sim/]: FolkData: GOTOXYZ() for 昀然 訾 to 21,237,33,0 - Method:container.sim.GotoMethod2 DIM:0
[21:39:23] [Server thread/WARN] [sim/]: FolkData:onUpdate() 瑾泉 ，景 还在工作
[21:39:23] [Server thread/INFO] [sim/]: FolkData: GOTOXYZ() for 瑾泉 ，景 to 26,237,33,0 - Method:container.sim.GotoMethod2 DIM:0
[21:39:23] [Server thread/INFO] [sim/]: FolkData: GOTOXYZ() for 瑾泉 ，景 to 21,237,33,0 - Method:container.sim.GotoMethod2 DIM:0
[21:39:23] [Server thread/WARN] [sim/]: FolkData:onUpdate() 昀然 訾 还在工作
[21:39:23] [Server thread/INFO] [sim/]: FolkData: GOTOXYZ() for 昀然 訾 to 26,237,33,0 - Method:container.sim.GotoMethod2 DIM:0
[21:39:23] [Server thread/INFO] [sim/]: FolkData: GOTOXYZ() for 昀然 訾 to 21,237,33,0 - Method:container.sim.GotoMethod2 DIM:0
[21:39:23] [Server thread/WARN] [sim/]: FolkData:onUpdate() 瑾泉 ，景 还在工作
[21:39:23] [Server thread/INFO] [sim/]: FolkData: GOTOXYZ() for 瑾泉 ，景 to 26,237,33,0 - Method:container.sim.GotoMethod2 DIM:0
[21:39:23] [Server thread/INFO] [sim/]: FolkData: GOTOXYZ() for 瑾泉 ，景 to 21,237,33,0 - Method:container.sim.GotoMethod2 DIM:0
[21:39:24] [Server thread/WARN] [sim/]: FolkData:onUpdate() 昀然 訾 还在工作
[21:39:24] [Server thread/INFO] [sim/]: FolkData: GOTOXYZ() for 昀然 訾 to 26,237,33,0 - Method:container.sim.GotoMethod2 DIM:0
[21:39:24] [Server thread/INFO] [sim/]: FolkData: GOTOXYZ() for 昀然 訾 to 21,237,33,0 - Method:container.sim.GotoMethod2 DIM:0
[21:39:24] [Server thread/WARN] [sim/]: FolkData:onUpdate() 瑾泉 ，景 还在工作
[21:39:24] [Server thread/INFO] [sim/]: FolkData: GOTOXYZ() for 瑾泉 ，景 to 26,237,33,0 - Method:container.sim.GotoMethod2 DIM:0
[21:39:24] [Server thread/INFO] [sim/]: FolkData: GOTOXYZ() for 瑾泉 ，景 to 21,237,33,0 - Method:container.sim.GotoMethod2 DIM:0
[21:39:24] [Server thread/WARN] [sim/]: FolkData:onUpdate() 昀然 訾 还在工作
[21:39:24] [Server thread/INFO] [sim/]: FolkData: GOTOXYZ() for 昀然 訾 to 26,237,33,0 - Method:container.sim.GotoMethod2 DIM:0
[21:39:24] [Server thread/INFO] [sim/]: FolkData: GOTOXYZ() for 昀然 訾 to 21,237,33,0 - Method:container.sim.GotoMethod2 DIM:0
[21:39:24] [Server thread/WARN] [sim/]: FolkData:onUpdate() 瑾泉 ，景 还在工作
[21:39:24] [Server thread/INFO] [sim/]: FolkData: GOTOXYZ() for 瑾泉 ，景 to 26,237,33,0 - Method:container.sim.GotoMethod2 DIM:0
[21:39:24] [Server thread/INFO] [sim/]: FolkData: GOTOXYZ() for 瑾泉 ，景 to 21,237,33,0 - Method:container.sim.GotoMethod2 DIM:0
[21:39:24] [Server thread/WARN] [sim/]: FolkData:onUpdate() 昀然 訾 还在工作
[21:39:24] [Server thread/INFO] [sim/]: FolkData: GOTOXYZ() for 昀然 訾 to 26,237,33,0 - Method:container.sim.GotoMethod2 DIM:0
[21:39:24] [Server thread/INFO] [sim/]: FolkData: GOTOXYZ() for 昀然 訾 to 21,237,33,0 - Method:container.sim.GotoMethod2 DIM:0
[21:39:24] [Server thread/WARN] [sim/]: FolkData:onUpdate() 瑾泉 ，景 还在工作
[21:39:24] [Server thread/INFO] [sim/]: FolkData: GOTOXYZ() for 瑾泉 ，景 to 26,237,33,0 - Method:container.sim.GotoMethod2 DIM:0
[21:39:24] [Server thread/INFO] [sim/]: FolkData: GOTOXYZ() for 瑾泉 ，景 to 21,237,33,0 - Method:container.sim.GotoMethod2 DIM:0
[21:39:24] [Server thread/WARN] [sim/]: FolkData:onUpdate() 昀然 訾 还在工作
[21:39:24] [Server thread/INFO] [sim/]: FolkData: GOTOXYZ() for 昀然 訾 to 26,237,33,0 - Method:container.sim.GotoMethod2 DIM:0
[21:39:24] [Server thread/INFO] [sim/]: FolkData: GOTOXYZ() for 昀然 訾 to 21,237,33,0 - Method:container.sim.GotoMethod2 DIM:0
[21:39:24] [Server thread/WARN] [sim/]: FolkData:onUpdate() 瑾泉 ，景 还在工作
[21:39:24] [Server thread/INFO] [sim/]: FolkData: GOTOXYZ() for 瑾泉 ，景 to 26,237,33,0 - Method:container.sim.GotoMethod2 DIM:0
[21:39:24] [Server thread/INFO] [sim/]: FolkData: GOTOXYZ() for 瑾泉 ，景 to 21,237,33,0 - Method:container.sim.GotoMethod2 DIM:0
[21:39:24] [Server thread/WARN] [sim/]: FolkData:onUpdate() 昀然 訾 还在工作
[21:39:24] [Server thread/INFO] [sim/]: FolkData: GOTOXYZ() for 昀然 訾 to 26,237,33,0 - Method:container.sim.GotoMethod2 DIM:0
[21:39:24] [Server thread/INFO] [sim/]: FolkData: GOTOXYZ() for 昀然 訾 to 21,237,33,0 - Method:container.sim.GotoMethod2 DIM:0
[21:39:24] [Server thread/WARN] [sim/]: FolkData:onUpdate() 瑾泉 ，景 还在工作
[21:39:24] [Server thread/INFO] [sim/]: FolkData: GOTOXYZ() for 瑾泉 ，景 to 26,237,33,0 - Method:container.sim.GotoMethod2 DIM:0
[21:39:24] [Server thread/INFO] [sim/]: FolkData: GOTOXYZ() for 瑾泉 ，景 to 21,237,33,0 - Method:container.sim.GotoMethod2 DIM:0
[21:39:24] [Server thread/WARN] [sim/]: FolkData:onUpdate() 昀然 訾 还在工作
[21:39:24] [Server thread/INFO] [sim/]: FolkData: GOTOXYZ() for 昀然 訾 to 26,237,33,0 - Method:container.sim.GotoMethod2 DIM:0
[21:39:24] [Server thread/INFO] [sim/]: FolkData: GOTOXYZ() for 昀然 訾 to 21,237,33,0 - Method:container.sim.GotoMethod2 DIM:0
[21:39:24] [Server thread/WARN] [sim/]: FolkData:onUpdate() 瑾泉 ，景 还在工作
[21:39:24] [Server thread/INFO] [sim/]: FolkData: GOTOXYZ() for 瑾泉 ，景 to 26,237,33,0 - Method:container.sim.GotoMethod2 DIM:0
[21:39:24] [Server thread/INFO] [sim/]: FolkData: GOTOXYZ() for 瑾泉 ，景 to 21,237,33,0 - Method:container.sim.GotoMethod2 DIM:0
[21:39:24] [Server thread/WARN] [sim/]: FolkData:onUpdate() 昀然 訾 还在工作
[21:39:24] [Server thread/INFO] [sim/]: FolkData: GOTOXYZ() for 昀然 訾 to 26,237,33,0 - Method:container.sim.GotoMethod2 DIM:0
[21:39:24] [Server thread/INFO] [sim/]: FolkData: GOTOXYZ() for 昀然 訾 to 21,237,33,0 - Method:container.sim.GotoMethod2 DIM:0
[21:39:24] [Server thread/WARN] [sim/]: FolkData:onUpdate() 瑾泉 ，景 还在工作
[21:39:24] [Server thread/INFO] [sim/]: FolkData: GOTOXYZ() for 瑾泉 ，景 to 26,237,33,0 - Method:container.sim.GotoMethod2 DIM:0
[21:39:24] [Server thread/INFO] [sim/]: FolkData: GOTOXYZ() for 瑾泉 ，景 to 21,237,33,0 - Method:container.sim.GotoMethod2 DIM:0
[21:39:24] [Server thread/WARN] [sim/]: FolkData:onUpdate() 昀然 訾 还在工作
[21:39:24] [Server thread/INFO] [sim/]: FolkData: GOTOXYZ() for 昀然 訾 to 26,237,33,0 - Method:container.sim.GotoMethod2 DIM:0
[21:39:24] [Server thread/INFO] [sim/]: FolkData: GOTOXYZ() for 昀然 訾 to 21,237,33,0 - Method:container.sim.GotoMethod2 DIM:0
[21:39:24] [Server thread/WARN] [sim/]: FolkData:onUpdate() 瑾泉 ，景 还在工作
[21:39:24] [Server thread/INFO] [sim/]: FolkData: GOTOXYZ() for 瑾泉 ，景 to 26,237,33,0 - Method:container.sim.GotoMethod2 DIM:0
[21:39:24] [Server thread/INFO] [sim/]: FolkData: GOTOXYZ() for 瑾泉 ，景 to 21,237,33,0 - Method:container.sim.GotoMethod2 DIM:0
[21:39:24] [Server thread/WARN] [sim/]: FolkData:onUpdate() 昀然 訾 还在工作
[21:39:24] [Server thread/INFO] [sim/]: FolkData: GOTOXYZ() for 昀然 訾 to 26,237,33,0 - Method:container.sim.GotoMethod2 DIM:0
[21:39:24] [Server thread/INFO] [sim/]: FolkData: GOTOXYZ() for 昀然 訾 to 21,237,33,0 - Method:container.sim.GotoMethod2 DIM:0
[21:39:24] [Server thread/WARN] [sim/]: FolkData:onUpdate() 瑾泉 ，景 还在工作
[21:39:24] [Server thread/INFO] [sim/]: FolkData: GOTOXYZ() for 瑾泉 ，景 to 26,237,33,0 - Method:container.sim.GotoMethod2 DIM:0
[21:39:24] [Server thread/INFO] [sim/]: FolkData: GOTOXYZ() for 瑾泉 ，景 to 21,237,33,0 - Method:container.sim.GotoMethod2 DIM:0
[21:39:24] [Server thread/WARN] [sim/]: FolkData:onUpdate() 昀然 訾 还在工作
[21:39:24] [Server thread/INFO] [sim/]: FolkData: GOTOXYZ() for 昀然 訾 to 26,237,33,0 - Method:container.sim.GotoMethod2 DIM:0
[21:39:24] [Server thread/INFO] [sim/]: FolkData: GOTOXYZ() for 昀然 訾 to 21,237,33,0 - Method:container.sim.GotoMethod2 DIM:0
[21:39:24] [Server thread/WARN] [sim/]: FolkData:onUpdate() 瑾泉 ，景 还在工作
[21:39:24] [Server thread/INFO] [sim/]: FolkData: GOTOXYZ() for 瑾泉 ，景 to 26,237,33,0 - Method:container.sim.GotoMethod2 DIM:0
[21:39:24] [Server thread/INFO] [sim/]: FolkData: GOTOXYZ() for 瑾泉 ，景 to 21,237,33,0 - Method:container.sim.GotoMethod2 DIM:0
[21:39:24] [Server thread/WARN] [sim/]: FolkData:onUpdate() 昀然 訾 还在工作
[21:39:24] [Server thread/INFO] [sim/]: FolkData: GOTOXYZ() for 昀然 訾 to 26,237,33,0 - Method:container.sim.GotoMethod2 DIM:0
[21:39:24] [Server thread/INFO] [sim/]: FolkData: GOTOXYZ() for 昀然 訾 to 21,237,33,0 - Method:container.sim.GotoMethod2 DIM:0
[21:39:24] [Server thread/WARN] [sim/]: FolkData:onUpdate() 瑾泉 ，景 还在工作
[21:39:24] [Server thread/INFO] [sim/]: FolkData: GOTOXYZ() for 瑾泉 ，景 to 26,237,33,0 - Method:container.sim.GotoMethod2 DIM:0
[21:39:24] [Server thread/INFO] [sim/]: FolkData: GOTOXYZ() for 瑾泉 ，景 to 21,237,33,0 - Method:container.sim.GotoMethod2 DIM:0
[21:39:24] [Server thread/WARN] [sim/]: FolkData:onUpdate() 昀然 訾 还在工作
[21:39:24] [Server thread/INFO] [sim/]: FolkData: GOTOXYZ() for 昀然 訾 to 26,237,33,0 - Method:container.sim.GotoMethod2 DIM:0
[21:39:24] [Server thread/INFO] [sim/]: FolkData: GOTOXYZ() for 昀然 訾 to 21,237,33,0 - Method:container.sim.GotoMethod2 DIM:0
[21:39:24] [Server thread/WARN] [sim/]: FolkData:onUpdate() 瑾泉 ，景 还在工作
[21:39:24] [Server thread/INFO] [sim/]: FolkData: GOTOXYZ() for 瑾泉 ，景 to 26,237,33,0 - Method:container.sim.GotoMethod2 DIM:0
[21:39:24] [Server thread/INFO] [sim/]: FolkData: GOTOXYZ() for 瑾泉 ，景 to 21,237,33,0 - Method:container.sim.GotoMethod2 DIM:0
[21:39:24] [Server thread/WARN] [sim/]: FolkData:onUpdate() 昀然 訾 还在工作
[21:39:24] [Server thread/INFO] [sim/]: FolkData: GOTOXYZ() for 昀然 訾 to 26,237,33,0 - Method:container.sim.GotoMethod2 DIM:0
[21:39:24] [Server thread/INFO] [sim/]: FolkData: GOTOXYZ() for 昀然 訾 to 21,237,33,0 - Method:container.sim.GotoMethod2 DIM:0
[21:39:24] [Server thread/WARN] [sim/]: FolkData:onUpdate() 瑾泉 ，景 还在工作
[21:39:24] [Server thread/INFO] [sim/]: FolkData: GOTOXYZ() for 瑾泉 ，景 to 26,237,33,0 - Method:container.sim.GotoMethod2 DIM:0
[21:39:24] [Server thread/INFO] [sim/]: FolkData: GOTOXYZ() for 瑾泉 ，景 to 21,237,33,0 - Method:container.sim.GotoMethod2 DIM:0
[21:39:24] [Server thread/WARN] [sim/]: FolkData:onUpdate() 昀然 訾 还在工作
[21:39:24] [Server thread/INFO] [sim/]: FolkData: GOTOXYZ() for 昀然 訾 to 26,237,33,0 - Method:container.sim.GotoMethod2 DIM:0
[21:39:24] [Server thread/INFO] [sim/]: FolkData: GOTOXYZ() for 昀然 訾 to 21,237,33,0 - Method:container.sim.GotoMethod2 DIM:0
[21:39:24] [Server thread/WARN] [sim/]: FolkData:onUpdate() 瑾泉 ，景 还在工作
[21:39:24] [Server thread/INFO] [sim/]: FolkData: GOTOXYZ() for 瑾泉 ，景 to 26,237,33,0 - Method:container.sim.GotoMethod2 DIM:0
[21:39:24] [Server thread/INFO] [sim/]: FolkData: GOTOXYZ() for 瑾泉 ，景 to 21,237,33,0 - Method:container.sim.GotoMethod2 DIM:0
[21:39:24] [Server thread/WARN] [sim/]: FolkData:onUpdate() 昀然 訾 还在工作
[21:39:24] [Server thread/INFO] [sim/]: FolkData: GOTOXYZ() for 昀然 訾 to 26,237,33,0 - Method:container.sim.GotoMethod2 DIM:0
[21:39:24] [Server thread/INFO] [sim/]: FolkData: GOTOXYZ() for 昀然 訾 to 21,237,33,0 - Method:container.sim.GotoMethod2 DIM:0
[21:39:24] [Server thread/WARN] [sim/]: FolkData:onUpdate() 瑾泉 ，景 还在工作
[21:39:24] [Server thread/INFO] [sim/]: FolkData: GOTOXYZ() for 瑾泉 ，景 to 26,237,33,0 - Method:container.sim.GotoMethod2 DIM:0
[21:39:24] [Server thread/INFO] [sim/]: FolkData: GOTOXYZ() for 瑾泉 ，景 to 21,237,33,0 - Method:container.sim.GotoMethod2 DIM:0
[21:39:24] [Server thread/WARN] [sim/]: FolkData:onUpdate() 昀然 訾 还在工作
[21:39:24] [Server thread/INFO] [sim/]: FolkData: GOTOXYZ() for 昀然 訾 to 26,237,33,0 - Method:container.sim.GotoMethod2 DIM:0
[21:39:24] [Server thread/INFO] [sim/]: FolkData: GOTOXYZ() for 昀然 訾 to 21,237,33,0 - Method:container.sim.GotoMethod2 DIM:0
[21:39:24] [Server thread/WARN] [sim/]: FolkData:onUpdate() 瑾泉 ，景 还在工作
[21:39:24] [Server thread/INFO] [sim/]: FolkData: GOTOXYZ() for 瑾泉 ，景 to 26,237,33,0 - Method:container.sim.GotoMethod2 DIM:0
[21:39:24] [Server thread/INFO] [sim/]: FolkData: GOTOXYZ() for 瑾泉 ，景 to 21,237,33,0 - Method:container.sim.GotoMethod2 DIM:0
[21:39:24] [Server thread/WARN] [sim/]: FolkData:onUpdate() 昀然 訾 还在工作
[21:39:24] [Server thread/INFO] [sim/]: FolkData: GOTOXYZ() for 昀然 訾 to 26,237,33,0 - Method:container.sim.GotoMethod2 DIM:0
[21:39:24] [Server thread/INFO] [sim/]: FolkData: GOTOXYZ() for 昀然 訾 to 21,237,33,0 - Method:container.sim.GotoMethod2 DIM:0
[21:39:24] [Server thread/WARN] [sim/]: FolkData:onUpdate() 瑾泉 ，景 还在工作
[21:39:24] [Server thread/INFO] [sim/]: FolkData: GOTOXYZ() for 瑾泉 ，景 to 26,237,33,0 - Method:container.sim.GotoMethod2 DIM:0
[21:39:24] [Server thread/INFO] [sim/]: FolkData: GOTOXYZ() for 瑾泉 ，景 to 21,237,33,0 - Method:container.sim.GotoMethod2 DIM:0
[21:39:24] [Server thread/WARN] [sim/]: FolkData:onUpdate() 昀然 訾 还在工作
[21:39:24] [Server thread/INFO] [sim/]: FolkData: GOTOXYZ() for 昀然 訾 to 26,237,33,0 - Method:container.sim.GotoMethod2 DIM:0
[21:39:24] [Server thread/INFO] [sim/]: FolkData: GOTOXYZ() for 昀然 訾 to 21,237,33,0 - Method:container.sim.GotoMethod2 DIM:0
[21:39:24] [Server thread/WARN] [sim/]: FolkData:onUpdate() 瑾泉 ，景 还在工作
[21:39:24] [Server thread/INFO] [sim/]: FolkData: GOTOXYZ() for 瑾泉 ，景 to 26,237,33,0 - Method:container.sim.GotoMethod2 DIM:0
[21:39:24] [Server thread/INFO] [sim/]: FolkData: GOTOXYZ() for 瑾泉 ，景 to 21,237,33,0 - Method:container.sim.GotoMethod2 DIM:0
[21:39:24] [Server thread/WARN] [sim/]: FolkData:onUpdate() 昀然 訾 还在工作
[21:39:24] [Server thread/INFO] [sim/]: FolkData: GOTOXYZ() for 昀然 訾 to 26,237,33,0 - Method:container.sim.GotoMethod2 DIM:0
[21:39:24] [Server thread/INFO] [sim/]: FolkData: GOTOXYZ() for 昀然 訾 to 21,237,33,0 - Method:container.sim.GotoMethod2 DIM:0
[21:39:24] [Server thread/WARN] [sim/]: FolkData:onUpdate() 瑾泉 ，景 还在工作
[21:39:24] [Server thread/INFO] [sim/]: FolkData: GOTOXYZ() for 瑾泉 ，景 to 26,237,33,0 - Method:container.sim.GotoMethod2 DIM:0
[21:39:24] [Server thread/INFO] [sim/]: FolkData: GOTOXYZ() for 瑾泉 ，景 to 21,237,33,0 - Method:container.sim.GotoMethod2 DIM:0
[21:39:24] [Server thread/WARN] [sim/]: FolkData:onUpdate() 昀然 訾 还在工作
[21:39:24] [Server thread/INFO] [sim/]: FolkData: GOTOXYZ() for 昀然 訾 to 26,237,33,0 - Method:container.sim.GotoMethod2 DIM:0
[21:39:24] [Server thread/INFO] [sim/]: FolkData: GOTOXYZ() for 昀然 訾 to 21,237,33,0 - Method:container.sim.GotoMethod2 DIM:0
[21:39:24] [Server thread/WARN] [sim/]: FolkData:onUpdate() 瑾泉 ，景 还在工作
[21:39:24] [Server thread/INFO] [sim/]: FolkData: GOTOXYZ() for 瑾泉 ，景 to 26,237,33,0 - Method:container.sim.GotoMethod2 DIM:0
[21:39:24] [Server thread/INFO] [sim/]: FolkData: GOTOXYZ() for 瑾泉 ，景 to 21,237,33,0 - Method:container.sim.GotoMethod2 DIM:0
[21:39:24] [Server thread/WARN] [sim/]: FolkData:onUpdate() 昀然 訾 还在工作
[21:39:24] [Server thread/INFO] [sim/]: FolkData: GOTOXYZ() for 昀然 訾 to 26,237,33,0 - Method:container.sim.GotoMethod2 DIM:0
[21:39:24] [Server thread/INFO] [sim/]: FolkData: GOTOXYZ() for 昀然 訾 to 21,237,33,0 - Method:container.sim.GotoMethod2 DIM:0
[21:39:24] [Server thread/WARN] [sim/]: FolkData:onUpdate() 瑾泉 ，景 还在工作
[21:39:24] [Server thread/INFO] [sim/]: FolkData: GOTOXYZ() for 瑾泉 ，景 to 26,237,33,0 - Method:container.sim.GotoMethod2 DIM:0
[21:39:24] [Server thread/INFO] [sim/]: FolkData: GOTOXYZ() for 瑾泉 ，景 to 21,237,33,0 - Method:container.sim.GotoMethod2 DIM:0
[21:39:24] [Server thread/WARN] [sim/]: FolkData:onUpdate() 昀然 訾 还在工作
[21:39:24] [Server thread/INFO] [sim/]: FolkData: GOTOXYZ() for 昀然 訾 to 26,237,33,0 - Method:container.sim.GotoMethod2 DIM:0
[21:39:24] [Server thread/INFO] [sim/]: FolkData: GOTOXYZ() for 昀然 訾 to 21,237,33,0 - Method:container.sim.GotoMethod2 DIM:0
[21:39:24] [Server thread/WARN] [sim/]: FolkData:onUpdate() 瑾泉 ，景 还在工作
[21:39:24] [Server thread/INFO] [sim/]: FolkData: GOTOXYZ() for 瑾泉 ，景 to 26,237,33,0 - Method:container.sim.GotoMethod2 DIM:0
[21:39:24] [Server thread/INFO] [sim/]: FolkData: GOTOXYZ() for 瑾泉 ，景 to 21,237,33,0 - Method:container.sim.GotoMethod2 DIM:0
[21:39:24] [Server thread/WARN] [sim/]: FolkData:onUpdate() 昀然 訾 还在工作
[21:39:24] [Server thread/INFO] [sim/]: FolkData: GOTOXYZ() for 昀然 訾 to 26,237,33,0 - Method:container.sim.GotoMethod2 DIM:0
[21:39:24] [Server thread/INFO] [sim/]: FolkData: GOTOXYZ() for 昀然 訾 to 21,237,33,0 - Method:container.sim.GotoMethod2 DIM:0
[21:39:24] [Server thread/WARN] [sim/]: FolkData:onUpdate() 瑾泉 ，景 还在工作
[21:39:24] [Server thread/INFO] [sim/]: FolkData: GOTOXYZ() for 瑾泉 ，景 to 26,237,33,0 - Method:container.sim.GotoMethod2 DIM:0
[21:39:24] [Server thread/INFO] [sim/]: FolkData: GOTOXYZ() for 瑾泉 ，景 to 21,237,33,0 - Method:container.sim.GotoMethod2 DIM:0
[21:39:24] [Server thread/WARN] [sim/]: FolkData:onUpdate() 昀然 訾 还在工作
[21:39:24] [Server thread/INFO] [sim/]: FolkData: GOTOXYZ() for 昀然 訾 to 26,237,33,0 - Method:container.sim.GotoMethod2 DIM:0
[21:39:24] [Server thread/INFO] [sim/]: FolkData: GOTOXYZ() for 昀然 訾 to 21,237,33,0 - Method:container.sim.GotoMethod2 DIM:0
[21:39:24] [Server thread/WARN] [sim/]: FolkData:onUpdate() 瑾泉 ，景 还在工作
[21:39:24] [Server thread/INFO] [sim/]: FolkData: GOTOXYZ() for 瑾泉 ，景 to 26,237,33,0 - Method:container.sim.GotoMethod2 DIM:0
[21:39:24] [Server thread/INFO] [sim/]: FolkData: GOTOXYZ() for 瑾泉 ，景 to 21,237,33,0 - Method:container.sim.GotoMethod2 DIM:0
[21:39:24] [Server thread/WARN] [sim/]: FolkData:onUpdate() 昀然 訾 还在工作
[21:39:24] [Server thread/INFO] [sim/]: FolkData: GOTOXYZ() for 昀然 訾 to 26,237,33,0 - Method:container.sim.GotoMethod2 DIM:0
[21:39:24] [Server thread/INFO] [sim/]: FolkData: GOTOXYZ() for 昀然 訾 to 21,237,33,0 - Method:container.sim.GotoMethod2 DIM:0
[21:39:24] [Server thread/WARN] [sim/]: FolkData:onUpdate() 瑾泉 ，景 还在工作
[21:39:24] [Server thread/INFO] [sim/]: FolkData: GOTOXYZ() for 瑾泉 ，景 to 26,237,33,0 - Method:container.sim.GotoMethod2 DIM:0
[21:39:24] [Server thread/INFO] [sim/]: FolkData: GOTOXYZ() for 瑾泉 ，景 to 21,237,33,0 - Method:container.sim.GotoMethod2 DIM:0
[21:39:24] [Server thread/WARN] [sim/]: FolkData:onUpdate() 昀然 訾 还在工作
[21:39:24] [Server thread/INFO] [sim/]: FolkData: GOTOXYZ() for 昀然 訾 to 26,237,33,0 - Method:container.sim.GotoMethod2 DIM:0
[21:39:24] [Server thread/INFO] [sim/]: FolkData: GOTOXYZ() for 昀然 訾 to 21,237,33,0 - Method:container.sim.GotoMethod2 DIM:0
[21:39:24] [Server thread/WARN] [sim/]: FolkData:onUpdate() 瑾泉 ，景 还在工作
[21:39:24] [Server thread/INFO] [sim/]: FolkData: GOTOXYZ() for 瑾泉 ，景 to 26,237,33,0 - Method:container.sim.GotoMethod2 DIM:0
[21:39:24] [Server thread/INFO] [sim/]: FolkData: GOTOXYZ() for 瑾泉 ，景 to 21,237,33,0 - Method:container.sim.GotoMethod2 DIM:0
[21:39:24] [Server thread/WARN] [sim/]: FolkData:onUpdate() 昀然 訾 还在工作
[21:39:24] [Server thread/INFO] [sim/]: FolkData: GOTOXYZ() for 昀然 訾 to 26,237,33,0 - Method:container.sim.GotoMethod2 DIM:0
[21:39:24] [Server thread/INFO] [sim/]: FolkData: GOTOXYZ() for 昀然 訾 to 21,237,33,0 - Method:container.sim.GotoMethod2 DIM:0
[21:39:24] [Server thread/WARN] [sim/]: FolkData:onUpdate() 瑾泉 ，景 还在工作
[21:39:24] [Server thread/INFO] [sim/]: FolkData: GOTOXYZ() for 瑾泉 ，景 to 26,237,33,0 - Method:container.sim.GotoMethod2 DIM:0
[21:39:24] [Server thread/INFO] [sim/]: FolkData: GOTOXYZ() for 瑾泉 ，景 to 21,237,33,0 - Method:container.sim.GotoMethod2 DIM:0
[21:39:24] [Server thread/WARN] [sim/]: FolkData:onUpdate() 昀然 訾 还在工作
[21:39:24] [Server thread/INFO] [sim/]: FolkData: GOTOXYZ() for 昀然 訾 to 26,237,33,0 - Method:container.sim.GotoMethod2 DIM:0
[21:39:24] [Server thread/INFO] [sim/]: FolkData: GOTOXYZ() for 昀然 訾 to 21,237,33,0 - Method:container.sim.GotoMethod2 DIM:0
[21:39:24] [Server thread/WARN] [sim/]: FolkData:onUpdate() 瑾泉 ，景 还在工作
[21:39:24] [Server thread/INFO] [sim/]: FolkData: GOTOXYZ() for 瑾泉 ，景 to 26,237,33,0 - Method:container.sim.GotoMethod2 DIM:0
[21:39:24] [Server thread/INFO] [sim/]: FolkData: GOTOXYZ() for 瑾泉 ，景 to 21,237,33,0 - Method:container.sim.GotoMethod2 DIM:0
[21:39:24] [Server thread/WARN] [sim/]: FolkData:onUpdate() 昀然 訾 还在工作
[21:39:24] [Server thread/INFO] [sim/]: FolkData: GOTOXYZ() for 昀然 訾 to 26,237,33,0 - Method:container.sim.GotoMethod2 DIM:0
[21:39:24] [Server thread/INFO] [sim/]: FolkData: GOTOXYZ() for 昀然 訾 to 21,237,33,0 - Method:container.sim.GotoMethod2 DIM:0
[21:39:24] [Server thread/WARN] [sim/]: FolkData:onUpdate() 瑾泉 ，景 还在工作
[21:39:24] [Server thread/INFO] [sim/]: FolkData: GOTOXYZ() for 瑾泉 ，景 to 26,237,33,0 - Method:container.sim.GotoMethod2 DIM:0
[21:39:24] [Server thread/INFO] [sim/]: FolkData: GOTOXYZ() for 瑾泉 ，景 to 21,237,33,0 - Method:container.sim.GotoMethod2 DIM:0
[21:39:24] [Server thread/WARN] [sim/]: FolkData:onUpdate() 昀然 訾 还在工作
[21:39:24] [Server thread/INFO] [sim/]: FolkData: GOTOXYZ() for 昀然 訾 to 26,237,33,0 - Method:container.sim.GotoMethod2 DIM:0
[21:39:24] [Server thread/INFO] [sim/]: FolkData: GOTOXYZ() for 昀然 訾 to 21,237,33,0 - Method:container.sim.GotoMethod2 DIM:0
[21:39:24] [Server thread/WARN] [sim/]: FolkData:onUpdate() 瑾泉 ，景 还在工作
[21:39:24] [Server thread/INFO] [sim/]: FolkData: GOTOXYZ() for 瑾泉 ，景 to 26,237,33,0 - Method:container.sim.GotoMethod2 DIM:0
[21:39:24] [Server thread/INFO] [sim/]: FolkData: GOTOXYZ() for 瑾泉 ，景 to 21,237,33,0 - Method:container.sim.GotoMethod2 DIM:0
[21:39:24] [Server thread/WARN] [sim/]: FolkData:onUpdate() 昀然 訾 还在工作
[21:39:24] [Server thread/INFO] [sim/]: FolkData: GOTOXYZ() for 昀然 訾 to 26,237,33,0 - Method:container.sim.GotoMethod2 DIM:0
[21:39:24] [Server thread/INFO] [sim/]: FolkData: GOTOXYZ() for 昀然 訾 to 21,237,33,0 - Method:container.sim.GotoMethod2 DIM:0
[21:39:24] [Server thread/WARN] [sim/]: FolkData:onUpdate() 瑾泉 ，景 还在工作
[21:39:24] [Server thread/INFO] [sim/]: FolkData: GOTOXYZ() for 瑾泉 ，景 to 26,237,33,0 - Method:container.sim.GotoMethod2 DIM:0
[21:39:24] [Server thread/INFO] [sim/]: FolkData: GOTOXYZ() for 瑾泉 ，景 to 21,237,33,0 - Method:container.sim.GotoMethod2 DIM:0
[21:39:24] [Server thread/WARN] [sim/]: FolkData:onUpdate() 昀然 訾 还在工作
[21:39:24] [Server thread/INFO] [sim/]: FolkData: GOTOXYZ() for 昀然 訾 to 26,237,33,0 - Method:container.sim.GotoMethod2 DIM:0
[21:39:24] [Server thread/INFO] [sim/]: FolkData: GOTOXYZ() for 昀然 訾 to 21,237,33,0 - Method:container.sim.GotoMethod2 DIM:0
[21:39:24] [Server thread/WARN] [sim/]: FolkData:onUpdate() 瑾泉 ，景 还在工作
[21:39:24] [Server thread/INFO] [sim/]: FolkData: GOTOXYZ() for 瑾泉 ，景 to 26,237,33,0 - Method:container.sim.GotoMethod2 DIM:0
[21:39:24] [Server thread/INFO] [sim/]: FolkData: GOTOXYZ() for 瑾泉 ，景 to 21,237,33,0 - Method:container.sim.GotoMethod2 DIM:0
[21:39:24] [Server thread/WARN] [sim/]: FolkData:onUpdate() 昀然 訾 还在工作
[21:39:24] [Server thread/INFO] [sim/]: FolkData: GOTOXYZ() for 昀然 訾 to 26,237,33,0 - Method:container.sim.GotoMethod2 DIM:0
[21:39:24] [Server thread/INFO] [sim/]: FolkData: GOTOXYZ() for 昀然 訾 to 21,237,33,0 - Method:container.sim.GotoMethod2 DIM:0
[21:39:24] [Server thread/WARN] [sim/]: FolkData:onUpdate() 瑾泉 ，景 还在工作
[21:39:24] [Server thread/INFO] [sim/]: FolkData: GOTOXYZ() for 瑾泉 ，景 to 26,237,33,0 - Method:container.sim.GotoMethod2 DIM:0
[21:39:24] [Server thread/INFO] [sim/]: FolkData: GOTOXYZ() for 瑾泉 ，景 to 21,237,33,0 - Method:container.sim.GotoMethod2 DIM:0
[21:39:24] [Server thread/WARN] [sim/]: FolkData:onUpdate() 昀然 訾 还在工作
[21:39:24] [Server thread/INFO] [sim/]: FolkData: GOTOXYZ() for 昀然 訾 to 26,237,33,0 - Method:container.sim.GotoMethod2 DIM:0
[21:39:24] [Server thread/INFO] [sim/]: FolkData: GOTOXYZ() for 昀然 訾 to 21,237,33,0 - Method:container.sim.GotoMethod2 DIM:0
[21:39:24] [Server thread/WARN] [sim/]: FolkData:onUpdate() 瑾泉 ，景 还在工作
[21:39:24] [Server thread/INFO] [sim/]: FolkData: GOTOXYZ() for 瑾泉 ，景 to 26,237,33,0 - Method:container.sim.GotoMethod2 DIM:0
[21:39:24] [Server thread/INFO] [sim/]: FolkData: GOTOXYZ() for 瑾泉 ，景 to 21,237,33,0 - Method:container.sim.GotoMethod2 DIM:0
[21:39:24] [Server thread/WARN] [sim/]: FolkData:onUpdate() 昀然 訾 还在工作
[21:39:24] [Server thread/INFO] [sim/]: FolkData: GOTOXYZ() for 昀然 訾 to 26,237,33,0 - Method:container.sim.GotoMethod2 DIM:0
[21:39:24] [Server thread/INFO] [sim/]: FolkData: GOTOXYZ() for 昀然 訾 to 21,237,33,0 - Method:container.sim.GotoMethod2 DIM:0
[21:39:24] [Server thread/WARN] [sim/]: FolkData:onUpdate() 瑾泉 ，景 还在工作
[21:39:24] [Server thread/INFO] [sim/]: FolkData: GOTOXYZ() for 瑾泉 ，景 to 26,237,33,0 - Method:container.sim.GotoMethod2 DIM:0
[21:39:24] [Server thread/INFO] [sim/]: FolkData: GOTOXYZ() for 瑾泉 ，景 to 21,237,33,0 - Method:container.sim.GotoMethod2 DIM:0
[21:39:24] [Server thread/WARN] [sim/]: FolkData:onUpdate() 昀然 訾 还在工作
[21:39:24] [Server thread/INFO] [sim/]: FolkData: GOTOXYZ() for 昀然 訾 to 26,237,33,0 - Method:container.sim.GotoMethod2 DIM:0
[21:39:24] [Server thread/INFO] [sim/]: FolkData: GOTOXYZ() for 昀然 訾 to 21,237,33,0 - Method:container.sim.GotoMethod2 DIM:0
[21:39:24] [Server thread/WARN] [sim/]: FolkData:onUpdate() 瑾泉 ，景 还在工作
[21:39:24] [Server thread/INFO] [sim/]: FolkData: GOTOXYZ() for 瑾泉 ，景 to 26,237,33,0 - Method:container.sim.GotoMethod2 DIM:0
[21:39:24] [Server thread/INFO] [sim/]: FolkData: GOTOXYZ() for 瑾泉 ，景 to 21,237,33,0 - Method:container.sim.GotoMethod2 DIM:0
[21:39:24] [Server thread/WARN] [sim/]: FolkData:onUpdate() 昀然 訾 还在工作
[21:39:24] [Server thread/INFO] [sim/]: FolkData: GOTOXYZ() for 昀然 訾 to 26,237,33,0 - Method:container.sim.GotoMethod2 DIM:0
[21:39:24] [Server thread/INFO] [sim/]: FolkData: GOTOXYZ() for 昀然 訾 to 21,237,33,0 - Method:container.sim.GotoMethod2 DIM:0
[21:39:24] [Server thread/WARN] [sim/]: FolkData:onUpdate() 瑾泉 ，景 还在工作
[21:39:24] [Server thread/INFO] [sim/]: FolkData: GOTOXYZ() for 瑾泉 ，景 to 26,237,33,0 - Method:container.sim.GotoMethod2 DIM:0
[21:39:24] [Server thread/INFO] [sim/]: FolkData: GOTOXYZ() for 瑾泉 ，景 to 21,237,33,0 - Method:container.sim.GotoMethod2 DIM:0
[21:39:24] [Server thread/WARN] [sim/]: FolkData:onUpdate() 昀然 訾 还在工作
[21:39:24] [Server thread/INFO] [sim/]: FolkData: GOTOXYZ() for 昀然 訾 to 26,237,33,0 - Method:container.sim.GotoMethod2 DIM:0
[21:39:24] [Server thread/INFO] [sim/]: FolkData: GOTOXYZ() for 昀然 訾 to 21,237,33,0 - Method:container.sim.GotoMethod2 DIM:0
[21:39:24] [Server thread/WARN] [sim/]: FolkData:onUpdate() 瑾泉 ，景 还在工作
[21:39:24] [Server thread/INFO] [sim/]: FolkData: GOTOXYZ() for 瑾泉 ，景 to 26,237,33,0 - Method:container.sim.GotoMethod2 DIM:0
[21:39:24] [Server thread/INFO] [sim/]: FolkData: GOTOXYZ() for 瑾泉 ，景 to 21,237,33,0 - Method:container.sim.GotoMethod2 DIM:0
[21:39:24] [Server thread/WARN] [sim/]: FolkData:onUpdate() 昀然 訾 还在工作
[21:39:24] [Server thread/INFO] [sim/]: FolkData: GOTOXYZ() for 昀然 訾 to 26,237,33,0 - Method:container.sim.GotoMethod2 DIM:0
[21:39:24] [Server thread/INFO] [sim/]: FolkData: GOTOXYZ() for 昀然 訾 to 21,237,33,0 - Method:container.sim.GotoMethod2 DIM:0
[21:39:24] [Server thread/WARN] [sim/]: FolkData:onUpdate() 瑾泉 ，景 还在工作
[21:39:24] [Server thread/INFO] [sim/]: FolkData: GOTOXYZ() for 瑾泉 ，景 to 26,237,33,0 - Method:container.sim.GotoMethod2 DIM:0
[21:39:24] [Server thread/INFO] [sim/]: FolkData: GOTOXYZ() for 瑾泉 ，景 to 21,237,33,0 - Method:container.sim.GotoMethod2 DIM:0
[21:39:24] [Server thread/WARN] [sim/]: FolkData:onUpdate() 昀然 訾 还在工作
[21:39:24] [Server thread/INFO] [sim/]: FolkData: GOTOXYZ() for 昀然 訾 to 26,237,33,0 - Method:container.sim.GotoMethod2 DIM:0
[21:39:24] [Server thread/INFO] [sim/]: FolkData: GOTOXYZ() for 昀然 訾 to 21,237,33,0 - Method:container.sim.GotoMethod2 DIM:0
[21:39:24] [Server thread/WARN] [sim/]: FolkData:onUpdate() 瑾泉 ，景 还在工作
[21:39:24] [Server thread/INFO] [sim/]: FolkData: GOTOXYZ() for 瑾泉 ，景 to 26,237,33,0 - Method:container.sim.GotoMethod2 DIM:0
[21:39:24] [Server thread/INFO] [sim/]: FolkData: GOTOXYZ() for 瑾泉 ，景 to 21,237,33,0 - Method:container.sim.GotoMethod2 DIM:0
[21:39:25] [Server thread/WARN] [sim/]: FolkData:onUpdate() 昀然 訾 还在工作
[21:39:25] [Server thread/INFO] [sim/]: FolkData: GOTOXYZ() for 昀然 訾 to 26,237,33,0 - Method:container.sim.GotoMethod2 DIM:0
[21:39:25] [Server thread/INFO] [sim/]: FolkData: GOTOXYZ() for 昀然 訾 to 21,237,33,0 - Method:container.sim.GotoMethod2 DIM:0
[21:39:25] [Server thread/WARN] [sim/]: FolkData:onUpdate() 瑾泉 ，景 还在工作
[21:39:25] [Server thread/INFO] [sim/]: FolkData: GOTOXYZ() for 瑾泉 ，景 to 26,237,33,0 - Method:container.sim.GotoMethod2 DIM:0
[21:39:25] [Server thread/INFO] [sim/]: FolkData: GOTOXYZ() for 瑾泉 ，景 to 21,237,33,0 - Method:container.sim.GotoMethod2 DIM:0
[21:39:25] [Server thread/WARN] [sim/]: FolkData:onUpdate() 昀然 訾 还在工作
[21:39:25] [Server thread/INFO] [sim/]: FolkData: GOTOXYZ() for 昀然 訾 to 26,237,33,0 - Method:container.sim.GotoMethod2 DIM:0
[21:39:25] [Server thread/INFO] [sim/]: FolkData: GOTOXYZ() for 昀然 訾 to 21,237,33,0 - Method:container.sim.GotoMethod2 DIM:0
[21:39:25] [Server thread/WARN] [sim/]: FolkData:onUpdate() 瑾泉 ，景 还在工作
[21:39:25] [Server thread/INFO] [sim/]: FolkData: GOTOXYZ() for 瑾泉 ，景 to 26,237,33,0 - Method:container.sim.GotoMethod2 DIM:0
[21:39:25] [Server thread/INFO] [sim/]: FolkData: GOTOXYZ() for 瑾泉 ，景 to 21,237,33,0 - Method:container.sim.GotoMethod2 DIM:0
[21:39:25] [Server thread/WARN] [sim/]: FolkData:onUpdate() 昀然 訾 还在工作
[21:39:25] [Server thread/INFO] [sim/]: FolkData: GOTOXYZ() for 昀然 訾 to 26,237,33,0 - Method:container.sim.GotoMethod2 DIM:0
[21:39:25] [Server thread/INFO] [sim/]: FolkData: GOTOXYZ() for 昀然 訾 to 21,237,33,0 - Method:container.sim.GotoMethod2 DIM:0
[21:39:25] [Server thread/WARN] [sim/]: FolkData:onUpdate() 瑾泉 ，景 还在工作
[21:39:25] [Server thread/INFO] [sim/]: FolkData: GOTOXYZ() for 瑾泉 ，景 to 26,237,33,0 - Method:container.sim.GotoMethod2 DIM:0
[21:39:25] [Server thread/INFO] [sim/]: FolkData: GOTOXYZ() for 瑾泉 ，景 to 21,237,33,0 - Method:container.sim.GotoMethod2 DIM:0
[21:39:25] [Server thread/WARN] [sim/]: FolkData:onUpdate() 昀然 訾 还在工作
[21:39:25] [Server thread/INFO] [sim/]: FolkData: GOTOXYZ() for 昀然 訾 to 26,237,33,0 - Method:container.sim.GotoMethod2 DIM:0
[21:39:25] [Server thread/INFO] [sim/]: FolkData: GOTOXYZ() for 昀然 訾 to 21,237,33,0 - Method:container.sim.GotoMethod2 DIM:0
[21:39:25] [Server thread/WARN] [sim/]: FolkData:onUpdate() 瑾泉 ，景 还在工作
[21:39:25] [Server thread/INFO] [sim/]: FolkData: GOTOXYZ() for 瑾泉 ，景 to 26,237,33,0 - Method:container.sim.GotoMethod2 DIM:0
[21:39:25] [Server thread/INFO] [sim/]: FolkData: GOTOXYZ() for 瑾泉 ，景 to 21,237,33,0 - Method:container.sim.GotoMethod2 DIM:0
[21:39:25] [Server thread/WARN] [sim/]: FolkData:onUpdate() 昀然 訾 还在工作
[21:39:25] [Server thread/INFO] [sim/]: FolkData: GOTOXYZ() for 昀然 訾 to 26,237,33,0 - Method:container.sim.GotoMethod2 DIM:0
[21:39:25] [Server thread/INFO] [sim/]: FolkData: GOTOXYZ() for 昀然 訾 to 21,237,33,0 - Method:container.sim.GotoMethod2 DIM:0
[21:39:25] [Server thread/WARN] [sim/]: FolkData:onUpdate() 瑾泉 ，景 还在工作
[21:39:25] [Server thread/INFO] [sim/]: FolkData: GOTOXYZ() for 瑾泉 ，景 to 26,237,33,0 - Method:container.sim.GotoMethod2 DIM:0
[21:39:25] [Server thread/INFO] [sim/]: FolkData: GOTOXYZ() for 瑾泉 ，景 to 21,237,33,0 - Method:container.sim.GotoMethod2 DIM:0
[21:39:25] [Server thread/WARN] [sim/]: FolkData:onUpdate() 昀然 訾 还在工作
[21:39:25] [Server thread/INFO] [sim/]: FolkData: GOTOXYZ() for 昀然 訾 to 26,237,33,0 - Method:container.sim.GotoMethod2 DIM:0
[21:39:25] [Server thread/INFO] [sim/]: FolkData: GOTOXYZ() for 昀然 訾 to 21,237,33,0 - Method:container.sim.GotoMethod2 DIM:0
[21:39:25] [Server thread/WARN] [sim/]: FolkData:onUpdate() 瑾泉 ，景 还在工作
[21:39:25] [Server thread/INFO] [sim/]: FolkData: GOTOXYZ() for 瑾泉 ，景 to 26,237,33,0 - Method:container.sim.GotoMethod2 DIM:0
[21:39:25] [Server thread/INFO] [sim/]: FolkData: GOTOXYZ() for 瑾泉 ，景 to 21,237,33,0 - Method:container.sim.GotoMethod2 DIM:0
[21:39:25] [Server thread/WARN] [sim/]: FolkData:onUpdate() 昀然 訾 还在工作
[21:39:25] [Server thread/INFO] [sim/]: FolkData: GOTOXYZ() for 昀然 訾 to 26,237,33,0 - Method:container.sim.GotoMethod2 DIM:0
[21:39:25] [Server thread/INFO] [sim/]: FolkData: GOTOXYZ() for 昀然 訾 to 21,237,33,0 - Method:container.sim.GotoMethod2 DIM:0
[21:39:25] [Server thread/WARN] [sim/]: FolkData:onUpdate() 瑾泉 ，景 还在工作
[21:39:25] [Server thread/INFO] [sim/]: FolkData: GOTOXYZ() for 瑾泉 ，景 to 26,237,33,0 - Method:container.sim.GotoMethod2 DIM:0
[21:39:25] [Server thread/INFO] [sim/]: FolkData: GOTOXYZ() for 瑾泉 ，景 to 21,237,33,0 - Method:container.sim.GotoMethod2 DIM:0
[21:39:25] [Server thread/WARN] [sim/]: FolkData:onUpdate() 昀然 訾 还在工作
[21:39:25] [Server thread/INFO] [sim/]: FolkData: GOTOXYZ() for 昀然 訾 to 26,237,33,0 - Method:container.sim.GotoMethod2 DIM:0
[21:39:25] [Server thread/INFO] [sim/]: FolkData: GOTOXYZ() for 昀然 訾 to 21,237,33,0 - Method:container.sim.GotoMethod2 DIM:0
[21:39:25] [Server thread/WARN] [sim/]: FolkData:onUpdate() 瑾泉 ，景 还在工作
[21:39:25] [Server thread/INFO] [sim/]: FolkData: GOTOXYZ() for 瑾泉 ，景 to 26,237,33,0 - Method:container.sim.GotoMethod2 DIM:0
[21:39:25] [Server thread/INFO] [sim/]: FolkData: GOTOXYZ() for 瑾泉 ，景 to 21,237,33,0 - Method:container.sim.GotoMethod2 DIM:0
[21:39:25] [Server thread/WARN] [sim/]: FolkData:onUpdate() 昀然 訾 还在工作
[21:39:25] [Server thread/INFO] [sim/]: FolkData: GOTOXYZ() for 昀然 訾 to 26,237,33,0 - Method:container.sim.GotoMethod2 DIM:0
[21:39:25] [Server thread/INFO] [sim/]: FolkData: GOTOXYZ() for 昀然 訾 to 21,237,33,0 - Method:container.sim.GotoMethod2 DIM:0
[21:39:25] [Server thread/WARN] [sim/]: FolkData:onUpdate() 瑾泉 ，景 还在工作
[21:39:25] [Server thread/INFO] [sim/]: FolkData: GOTOXYZ() for 瑾泉 ，景 to 26,237,33,0 - Method:container.sim.GotoMethod2 DIM:0
[21:39:25] [Server thread/INFO] [sim/]: FolkData: GOTOXYZ() for 瑾泉 ，景 to 21,237,33,0 - Method:container.sim.GotoMethod2 DIM:0
[21:39:25] [Server thread/WARN] [sim/]: FolkData:onUpdate() 昀然 訾 还在工作
[21:39:25] [Server thread/INFO] [sim/]: FolkData: GOTOXYZ() for 昀然 訾 to 26,237,33,0 - Method:container.sim.GotoMethod2 DIM:0
[21:39:25] [Server thread/INFO] [sim/]: FolkData: GOTOXYZ() for 昀然 訾 to 21,237,33,0 - Method:container.sim.GotoMethod2 DIM:0
[21:39:25] [Server thread/WARN] [sim/]: FolkData:onUpdate() 瑾泉 ，景 还在工作
[21:39:25] [Server thread/INFO] [sim/]: FolkData: GOTOXYZ() for 瑾泉 ，景 to 26,237,33,0 - Method:container.sim.GotoMethod2 DIM:0
[21:39:25] [Server thread/INFO] [sim/]: FolkData: GOTOXYZ() for 瑾泉 ，景 to 21,237,33,0 - Method:container.sim.GotoMethod2 DIM:0
[21:39:25] [Server thread/WARN] [sim/]: FolkData:onUpdate() 昀然 訾 还在工作
[21:39:25] [Server thread/INFO] [sim/]: FolkData: GOTOXYZ() for 昀然 訾 to 26,237,33,0 - Method:container.sim.GotoMethod2 DIM:0
[21:39:25] [Server thread/INFO] [sim/]: FolkData: GOTOXYZ() for 昀然 訾 to 21,237,33,0 - Method:container.sim.GotoMethod2 DIM:0
[21:39:25] [Server thread/WARN] [sim/]: FolkData:onUpdate() 瑾泉 ，景 还在工作
[21:39:25] [Server thread/INFO] [sim/]: FolkData: GOTOXYZ() for 瑾泉 ，景 to 26,237,33,0 - Method:container.sim.GotoMethod2 DIM:0
[21:39:25] [Server thread/INFO] [sim/]: FolkData: GOTOXYZ() for 瑾泉 ，景 to 21,237,33,0 - Method:container.sim.GotoMethod2 DIM:0
[21:39:25] [Server thread/INFO] [sim/]: FolkData: GOTOXYZ() for 靖宇 鬱 to 21,237,3,0 - Method:container.sim.GotoMethod1 DIM:0
[21:39:25] [Server thread/INFO] [sim/]: FolkData: BeamMeTo() for 靖宇 鬱 to 21,238,3,0 Dim:0
[21:39:25] [Server thread/WARN] [sim/]: FolkData:onUpdate() 昀然 訾 还在工作
[21:39:25] [Server thread/INFO] [sim/]: FolkData: GOTOXYZ() for 昀然 訾 to 26,237,33,0 - Method:container.sim.GotoMethod2 DIM:0
[21:39:25] [Server thread/INFO] [sim/]: FolkData: GOTOXYZ() for 昀然 訾 to 21,237,33,0 - Method:container.sim.GotoMethod2 DIM:0
[21:39:25] [Server thread/WARN] [sim/]: FolkData:onUpdate() 瑾泉 ，景 还在工作
[21:39:25] [Server thread/INFO] [sim/]: FolkData: GOTOXYZ() for 瑾泉 ，景 to 26,237,33,0 - Method:container.sim.GotoMethod2 DIM:0
[21:39:25] [Server thread/INFO] [sim/]: FolkData: GOTOXYZ() for 瑾泉 ，景 to 21,237,33,0 - Method:container.sim.GotoMethod2 DIM:0
[21:39:25] [Server thread/WARN] [sim/]: FolkData:onUpdate() 昀然 訾 还在工作
[21:39:25] [Server thread/INFO] [sim/]: FolkData: GOTOXYZ() for 昀然 訾 to 26,237,33,0 - Method:container.sim.GotoMethod2 DIM:0
[21:39:25] [Server thread/INFO] [sim/]: FolkData: GOTOXYZ() for 昀然 訾 to 21,237,33,0 - Method:container.sim.GotoMethod2 DIM:0
[21:39:25] [Server thread/WARN] [sim/]: FolkData:onUpdate() 瑾泉 ，景 还在工作
[21:39:25] [Server thread/INFO] [sim/]: FolkData: GOTOXYZ() for 瑾泉 ，景 to 26,237,33,0 - Method:container.sim.GotoMethod2 DIM:0
[21:39:25] [Server thread/INFO] [sim/]: FolkData: GOTOXYZ() for 瑾泉 ，景 to 21,237,33,0 - Method:container.sim.GotoMethod2 DIM:0
[21:39:25] [Server thread/WARN] [sim/]: FolkData:onUpdate() 昀然 訾 还在工作
[21:39:25] [Server thread/INFO] [sim/]: FolkData: GOTOXYZ() for 昀然 訾 to 26,237,33,0 - Method:container.sim.GotoMethod2 DIM:0
[21:39:25] [Server thread/INFO] [sim/]: FolkData: GOTOXYZ() for 昀然 訾 to 21,237,33,0 - Method:container.sim.GotoMethod2 DIM:0
[21:39:25] [Server thread/WARN] [sim/]: FolkData:onUpdate() 瑾泉 ，景 还在工作
[21:39:25] [Server thread/INFO] [sim/]: FolkData: GOTOXYZ() for 瑾泉 ，景 to 26,237,33,0 - Method:container.sim.GotoMethod2 DIM:0
[21:39:25] [Server thread/INFO] [sim/]: FolkData: GOTOXYZ() for 瑾泉 ，景 to 21,237,33,0 - Method:container.sim.GotoMethod2 DIM:0
[21:39:25] [Server thread/WARN] [sim/]: FolkData:onUpdate() 昀然 訾 还在工作
[21:39:25] [Server thread/INFO] [sim/]: FolkData: GOTOXYZ() for 昀然 訾 to 26,237,33,0 - Method:container.sim.GotoMethod2 DIM:0
[21:39:25] [Server thread/INFO] [sim/]: FolkData: GOTOXYZ() for 昀然 訾 to 21,237,33,0 - Method:container.sim.GotoMethod2 DIM:0
[21:39:25] [Server thread/WARN] [sim/]: FolkData:onUpdate() 瑾泉 ，景 还在工作
[21:39:25] [Server thread/INFO] [sim/]: FolkData: GOTOXYZ() for 瑾泉 ，景 to 26,237,33,0 - Method:container.sim.GotoMethod2 DIM:0
[21:39:25] [Server thread/INFO] [sim/]: FolkData: GOTOXYZ() for 瑾泉 ，景 to 21,237,33,0 - Method:container.sim.GotoMethod2 DIM:0
[21:39:25] [Server thread/WARN] [sim/]: FolkData:onUpdate() 昀然 訾 还在工作
[21:39:25] [Server thread/INFO] [sim/]: FolkData: GOTOXYZ() for 昀然 訾 to 26,237,33,0 - Method:container.sim.GotoMethod2 DIM:0
[21:39:25] [Server thread/INFO] [sim/]: FolkData: GOTOXYZ() for 昀然 訾 to 21,237,33,0 - Method:container.sim.GotoMethod2 DIM:0
[21:39:25] [Server thread/WARN] [sim/]: FolkData:onUpdate() 瑾泉 ，景 还在工作
[21:39:25] [Server thread/INFO] [sim/]: FolkData: GOTOXYZ() for 瑾泉 ，景 to 26,237,33,0 - Method:container.sim.GotoMethod2 DIM:0
[21:39:25] [Server thread/INFO] [sim/]: FolkData: GOTOXYZ() for 瑾泉 ，景 to 21,237,33,0 - Method:container.sim.GotoMethod2 DIM:0
[21:39:25] [Server thread/WARN] [sim/]: FolkData:onUpdate() 昀然 訾 还在工作
[21:39:25] [Server thread/INFO] [sim/]: FolkData: GOTOXYZ() for 昀然 訾 to 26,237,33,0 - Method:container.sim.GotoMethod2 DIM:0
[21:39:25] [Server thread/INFO] [sim/]: FolkData: GOTOXYZ() for 昀然 訾 to 21,237,33,0 - Method:container.sim.GotoMethod2 DIM:0
[21:39:25] [Server thread/WARN] [sim/]: FolkData:onUpdate() 瑾泉 ，景 还在工作
[21:39:25] [Server thread/INFO] [sim/]: FolkData: GOTOXYZ() for 瑾泉 ，景 to 26,237,33,0 - Method:container.sim.GotoMethod2 DIM:0
[21:39:25] [Server thread/INFO] [sim/]: FolkData: GOTOXYZ() for 瑾泉 ，景 to 21,237,33,0 - Method:container.sim.GotoMethod2 DIM:0
[21:39:25] [Server thread/WARN] [sim/]: FolkData:onUpdate() 昀然 訾 还在工作
[21:39:25] [Server thread/INFO] [sim/]: FolkData: GOTOXYZ() for 昀然 訾 to 26,237,33,0 - Method:container.sim.GotoMethod2 DIM:0
[21:39:25] [Server thread/INFO] [sim/]: FolkData: GOTOXYZ() for 昀然 訾 to 21,237,33,0 - Method:container.sim.GotoMethod2 DIM:0
[21:39:25] [Server thread/WARN] [sim/]: FolkData:onUpdate() 瑾泉 ，景 还在工作
[21:39:25] [Server thread/INFO] [sim/]: FolkData: GOTOXYZ() for 瑾泉 ，景 to 26,237,33,0 - Method:container.sim.GotoMethod2 DIM:0
[21:39:25] [Server thread/INFO] [sim/]: FolkData: GOTOXYZ() for 瑾泉 ，景 to 21,237,33,0 - Method:container.sim.GotoMethod2 DIM:0
[21:39:25] [Server thread/WARN] [sim/]: FolkData:onUpdate() 昀然 訾 还在工作
[21:39:25] [Server thread/INFO] [sim/]: FolkData: GOTOXYZ() for 昀然 訾 to 26,237,33,0 - Method:container.sim.GotoMethod2 DIM:0
[21:39:25] [Server thread/INFO] [sim/]: FolkData: GOTOXYZ() for 昀然 訾 to 21,237,33,0 - Method:container.sim.GotoMethod2 DIM:0
[21:39:25] [Server thread/WARN] [sim/]: FolkData:onUpdate() 瑾泉 ，景 还在工作
[21:39:25] [Server thread/INFO] [sim/]: FolkData: GOTOXYZ() for 瑾泉 ，景 to 26,237,33,0 - Method:container.sim.GotoMethod2 DIM:0
[21:39:25] [Server thread/INFO] [sim/]: FolkData: GOTOXYZ() for 瑾泉 ，景 to 21,237,33,0 - Method:container.sim.GotoMethod2 DIM:0
[21:39:25] [Server thread/WARN] [sim/]: FolkData:onUpdate() 昀然 訾 还在工作
[21:39:25] [Server thread/INFO] [sim/]: FolkData: GOTOXYZ() for 昀然 訾 to 26,237,33,0 - Method:container.sim.GotoMethod2 DIM:0
[21:39:25] [Server thread/INFO] [sim/]: FolkData: GOTOXYZ() for 昀然 訾 to 21,237,33,0 - Method:container.sim.GotoMethod2 DIM:0
[21:39:25] [Server thread/WARN] [sim/]: FolkData:onUpdate() 瑾泉 ，景 还在工作
[21:39:25] [Server thread/INFO] [sim/]: FolkData: GOTOXYZ() for 瑾泉 ，景 to 26,237,33,0 - Method:container.sim.GotoMethod2 DIM:0
[21:39:25] [Server thread/INFO] [sim/]: FolkData: GOTOXYZ() for 瑾泉 ，景 to 21,237,33,0 - Method:container.sim.GotoMethod2 DIM:0
[21:39:25] [Server thread/WARN] [sim/]: FolkData:onUpdate() 昀然 訾 还在工作
[21:39:25] [Server thread/INFO] [sim/]: FolkData: GOTOXYZ() for 昀然 訾 to 26,237,33,0 - Method:container.sim.GotoMethod2 DIM:0
[21:39:25] [Server thread/INFO] [sim/]: FolkData: GOTOXYZ() for 昀然 訾 to 21,237,33,0 - Method:container.sim.GotoMethod2 DIM:0
[21:39:25] [Server thread/WARN] [sim/]: FolkData:onUpdate() 瑾泉 ，景 还在工作
[21:39:25] [Server thread/INFO] [sim/]: FolkData: GOTOXYZ() for 瑾泉 ，景 to 26,237,33,0 - Method:container.sim.GotoMethod2 DIM:0
[21:39:25] [Server thread/INFO] [sim/]: FolkData: GOTOXYZ() for 瑾泉 ，景 to 21,237,33,0 - Method:container.sim.GotoMethod2 DIM:0
[21:39:25] [Server thread/WARN] [sim/]: FolkData:onUpdate() 昀然 訾 还在工作
[21:39:25] [Server thread/INFO] [sim/]: FolkData: GOTOXYZ() for 昀然 訾 to 26,237,33,0 - Method:container.sim.GotoMethod2 DIM:0
[21:39:25] [Server thread/INFO] [sim/]: FolkData: GOTOXYZ() for 昀然 訾 to 21,237,33,0 - Method:container.sim.GotoMethod2 DIM:0
[21:39:25] [Server thread/WARN] [sim/]: FolkData:onUpdate() 瑾泉 ，景 还在工作
[21:39:25] [Server thread/INFO] [sim/]: FolkData: GOTOXYZ() for 瑾泉 ，景 to 26,237,33,0 - Method:container.sim.GotoMethod2 DIM:0
[21:39:25] [Server thread/INFO] [sim/]: FolkData: GOTOXYZ() for 瑾泉 ，景 to 21,237,33,0 - Method:container.sim.GotoMethod2 DIM:0
[21:39:25] [Server thread/WARN] [sim/]: FolkData:onUpdate() 昀然 訾 还在工作
[21:39:25] [Server thread/INFO] [sim/]: FolkData: GOTOXYZ() for 昀然 訾 to 26,237,33,0 - Method:container.sim.GotoMethod2 DIM:0
[21:39:25] [Server thread/INFO] [sim/]: FolkData: GOTOXYZ() for 昀然 訾 to 21,237,33,0 - Method:container.sim.GotoMethod2 DIM:0
[21:39:25] [Server thread/WARN] [sim/]: FolkData:onUpdate() 瑾泉 ，景 还在工作
[21:39:25] [Server thread/INFO] [sim/]: FolkData: GOTOXYZ() for 瑾泉 ，景 to 26,237,33,0 - Method:container.sim.GotoMethod2 DIM:0
[21:39:25] [Server thread/INFO] [sim/]: FolkData: GOTOXYZ() for 瑾泉 ，景 to 21,237,33,0 - Method:container.sim.GotoMethod2 DIM:0
[21:39:25] [Server thread/WARN] [sim/]: FolkData:onUpdate() 昀然 訾 还在工作
[21:39:25] [Server thread/INFO] [sim/]: FolkData: GOTOXYZ() for 昀然 訾 to 26,237,33,0 - Method:container.sim.GotoMethod2 DIM:0
[21:39:25] [Server thread/INFO] [sim/]: FolkData: GOTOXYZ() for 昀然 訾 to 21,237,33,0 - Method:container.sim.GotoMethod2 DIM:0
[21:39:25] [Server thread/WARN] [sim/]: FolkData:onUpdate() 瑾泉 ，景 还在工作
[21:39:25] [Server thread/INFO] [sim/]: FolkData: GOTOXYZ() for 瑾泉 ，景 to 26,237,33,0 - Method:container.sim.GotoMethod2 DIM:0
[21:39:25] [Server thread/INFO] [sim/]: FolkData: GOTOXYZ() for 瑾泉 ，景 to 21,237,33,0 - Method:container.sim.GotoMethod2 DIM:0
[21:39:25] [Server thread/WARN] [sim/]: FolkData:onUpdate() 昀然 訾 还在工作
[21:39:25] [Server thread/INFO] [sim/]: FolkData: GOTOXYZ() for 昀然 訾 to 26,237,33,0 - Method:container.sim.GotoMethod2 DIM:0
[21:39:25] [Server thread/INFO] [sim/]: FolkData: GOTOXYZ() for 昀然 訾 to 21,237,33,0 - Method:container.sim.GotoMethod2 DIM:0
[21:39:25] [Server thread/WARN] [sim/]: FolkData:onUpdate() 瑾泉 ，景 还在工作
[21:39:25] [Server thread/INFO] [sim/]: FolkData: GOTOXYZ() for 瑾泉 ，景 to 26,237,33,0 - Method:container.sim.GotoMethod2 DIM:0
[21:39:25] [Server thread/INFO] [sim/]: FolkData: GOTOXYZ() for 瑾泉 ，景 to 21,237,33,0 - Method:container.sim.GotoMethod2 DIM:0
[21:39:25] [Server thread/WARN] [sim/]: FolkData:onUpdate() 昀然 訾 还在工作
[21:39:25] [Server thread/INFO] [sim/]: FolkData: GOTOXYZ() for 昀然 訾 to 26,237,33,0 - Method:container.sim.GotoMethod2 DIM:0
[21:39:25] [Server thread/INFO] [sim/]: FolkData: GOTOXYZ() for 昀然 訾 to 21,237,33,0 - Method:container.sim.GotoMethod2 DIM:0
[21:39:25] [Server thread/WARN] [sim/]: FolkData:onUpdate() 瑾泉 ，景 还在工作
[21:39:25] [Server thread/INFO] [sim/]: FolkData: GOTOXYZ() for 瑾泉 ，景 to 26,237,33,0 - Method:container.sim.GotoMethod2 DIM:0
[21:39:25] [Server thread/INFO] [sim/]: FolkData: GOTOXYZ() for 瑾泉 ，景 to 21,237,33,0 - Method:container.sim.GotoMethod2 DIM:0
[21:39:25] [Server thread/WARN] [sim/]: FolkData:onUpdate() 昀然 訾 还在工作
[21:39:25] [Server thread/INFO] [sim/]: FolkData: GOTOXYZ() for 昀然 訾 to 26,237,33,0 - Method:container.sim.GotoMethod2 DIM:0
[21:39:25] [Server thread/INFO] [sim/]: FolkData: GOTOXYZ() for 昀然 訾 to 21,237,33,0 - Method:container.sim.GotoMethod2 DIM:0
[21:39:25] [Server thread/WARN] [sim/]: FolkData:onUpdate() 瑾泉 ，景 还在工作
[21:39:25] [Server thread/INFO] [sim/]: FolkData: GOTOXYZ() for 瑾泉 ，景 to 26,237,33,0 - Method:container.sim.GotoMethod2 DIM:0
[21:39:25] [Server thread/INFO] [sim/]: FolkData: GOTOXYZ() for 瑾泉 ，景 to 21,237,33,0 - Method:container.sim.GotoMethod2 DIM:0
[21:39:25] [Server thread/WARN] [sim/]: FolkData:onUpdate() 昀然 訾 还在工作
[21:39:25] [Server thread/INFO] [sim/]: FolkData: GOTOXYZ() for 昀然 訾 to 26,237,33,0 - Method:container.sim.GotoMethod2 DIM:0
[21:39:25] [Server thread/INFO] [sim/]: FolkData: GOTOXYZ() for 昀然 訾 to 21,237,33,0 - Method:container.sim.GotoMethod2 DIM:0
[21:39:25] [Server thread/WARN] [sim/]: FolkData:onUpdate() 瑾泉 ，景 还在工作
[21:39:25] [Server thread/INFO] [sim/]: FolkData: GOTOXYZ() for 瑾泉 ，景 to 26,237,33,0 - Method:container.sim.GotoMethod2 DIM:0
[21:39:25] [Server thread/INFO] [sim/]: FolkData: GOTOXYZ() for 瑾泉 ，景 to 21,237,33,0 - Method:container.sim.GotoMethod2 DIM:0
[21:39:25] [Server thread/WARN] [sim/]: FolkData:onUpdate() 昀然 訾 还在工作
[21:39:25] [Server thread/INFO] [sim/]: FolkData: GOTOXYZ() for 昀然 訾 to 26,237,33,0 - Method:container.sim.GotoMethod2 DIM:0
[21:39:25] [Server thread/INFO] [sim/]: FolkData: GOTOXYZ() for 昀然 訾 to 21,237,33,0 - Method:container.sim.GotoMethod2 DIM:0
[21:39:25] [Server thread/WARN] [sim/]: FolkData:onUpdate() 瑾泉 ，景 还在工作
[21:39:25] [Server thread/INFO] [sim/]: FolkData: GOTOXYZ() for 瑾泉 ，景 to 26,237,33,0 - Method:container.sim.GotoMethod2 DIM:0
[21:39:25] [Server thread/INFO] [sim/]: FolkData: GOTOXYZ() for 瑾泉 ，景 to 21,237,33,0 - Method:container.sim.GotoMethod2 DIM:0
[21:39:25] [Server thread/WARN] [sim/]: FolkData:onUpdate() 昀然 訾 还在工作
[21:39:25] [Server thread/INFO] [sim/]: FolkData: GOTOXYZ() for 昀然 訾 to 26,237,33,0 - Method:container.sim.GotoMethod2 DIM:0
[21:39:25] [Server thread/INFO] [sim/]: FolkData: GOTOXYZ() for 昀然 訾 to 21,237,33,0 - Method:container.sim.GotoMethod2 DIM:0
[21:39:25] [Server thread/WARN] [sim/]: FolkData:onUpdate() 瑾泉 ，景 还在工作
[21:39:25] [Server thread/INFO] [sim/]: FolkData: GOTOXYZ() for 瑾泉 ，景 to 26,237,33,0 - Method:container.sim.GotoMethod2 DIM:0
[21:39:25] [Server thread/INFO] [sim/]: FolkData: GOTOXYZ() for 瑾泉 ，景 to 21,237,33,0 - Method:container.sim.GotoMethod2 DIM:0
[21:39:25] [Server thread/WARN] [sim/]: FolkData:onUpdate() 昀然 訾 还在工作
[21:39:25] [Server thread/INFO] [sim/]: FolkData: GOTOXYZ() for 昀然 訾 to 26,237,33,0 - Method:container.sim.GotoMethod2 DIM:0
[21:39:25] [Server thread/INFO] [sim/]: FolkData: GOTOXYZ() for 昀然 訾 to 21,237,33,0 - Method:container.sim.GotoMethod2 DIM:0
[21:39:25] [Server thread/WARN] [sim/]: FolkData:onUpdate() 瑾泉 ，景 还在工作
[21:39:25] [Server thread/INFO] [sim/]: FolkData: GOTOXYZ() for 瑾泉 ，景 to 26,237,33,0 - Method:container.sim.GotoMethod2 DIM:0
[21:39:25] [Server thread/INFO] [sim/]: FolkData: GOTOXYZ() for 瑾泉 ，景 to 21,237,33,0 - Method:container.sim.GotoMethod2 DIM:0
[21:39:25] [Server thread/WARN] [sim/]: FolkData:onUpdate() 昀然 訾 还在工作
[21:39:25] [Server thread/INFO] [sim/]: FolkData: GOTOXYZ() for 昀然 訾 to 26,237,33,0 - Method:container.sim.GotoMethod2 DIM:0
[21:39:25] [Server thread/INFO] [sim/]: FolkData: GOTOXYZ() for 昀然 訾 to 21,237,33,0 - Method:container.sim.GotoMethod2 DIM:0
[21:39:25] [Server thread/WARN] [sim/]: FolkData:onUpdate() 瑾泉 ，景 还在工作
[21:39:25] [Server thread/INFO] [sim/]: FolkData: GOTOXYZ() for 瑾泉 ，景 to 26,237,33,0 - Method:container.sim.GotoMethod2 DIM:0
[21:39:25] [Server thread/INFO] [sim/]: FolkData: GOTOXYZ() for 瑾泉 ，景 to 21,237,33,0 - Method:container.sim.GotoMethod2 DIM:0
[21:39:25] [Server thread/WARN] [sim/]: FolkData:onUpdate() 昀然 訾 还在工作
[21:39:25] [Server thread/INFO] [sim/]: FolkData: GOTOXYZ() for 昀然 訾 to 26,237,33,0 - Method:container.sim.GotoMethod2 DIM:0
[21:39:25] [Server thread/INFO] [sim/]: FolkData: GOTOXYZ() for 昀然 訾 to 21,237,33,0 - Method:container.sim.GotoMethod2 DIM:0
[21:39:25] [Server thread/WARN] [sim/]: FolkData:onUpdate() 瑾泉 ，景 还在工作
[21:39:25] [Server thread/INFO] [sim/]: FolkData: GOTOXYZ() for 瑾泉 ，景 to 26,237,33,0 - Method:container.sim.GotoMethod2 DIM:0
[21:39:25] [Server thread/INFO] [sim/]: FolkData: GOTOXYZ() for 瑾泉 ，景 to 21,237,33,0 - Method:container.sim.GotoMethod2 DIM:0
[21:39:25] [Server thread/WARN] [sim/]: FolkData:onUpdate() 昀然 訾 还在工作
[21:39:25] [Server thread/INFO] [sim/]: FolkData: GOTOXYZ() for 昀然 訾 to 26,237,33,0 - Method:container.sim.GotoMethod2 DIM:0
[21:39:25] [Server thread/INFO] [sim/]: FolkData: GOTOXYZ() for 昀然 訾 to 21,237,33,0 - Method:container.sim.GotoMethod2 DIM:0
[21:39:25] [Server thread/WARN] [sim/]: FolkData:onUpdate() 瑾泉 ，景 还在工作
[21:39:25] [Server thread/INFO] [sim/]: FolkData: GOTOXYZ() for 瑾泉 ，景 to 26,237,33,0 - Method:container.sim.GotoMethod2 DIM:0
[21:39:25] [Server thread/INFO] [sim/]: FolkData: GOTOXYZ() for 瑾泉 ，景 to 21,237,33,0 - Method:container.sim.GotoMethod2 DIM:0
[21:39:25] [Server thread/WARN] [sim/]: FolkData:onUpdate() 昀然 訾 还在工作
[21:39:25] [Server thread/INFO] [sim/]: FolkData: GOTOXYZ() for 昀然 訾 to 26,237,33,0 - Method:container.sim.GotoMethod2 DIM:0
[21:39:25] [Server thread/INFO] [sim/]: FolkData: GOTOXYZ() for 昀然 訾 to 21,237,33,0 - Method:container.sim.GotoMethod2 DIM:0
[21:39:25] [Server thread/WARN] [sim/]: FolkData:onUpdate() 瑾泉 ，景 还在工作
[21:39:25] [Server thread/INFO] [sim/]: FolkData: GOTOXYZ() for 瑾泉 ，景 to 26,237,33,0 - Method:container.sim.GotoMethod2 DIM:0
[21:39:25] [Server thread/INFO] [sim/]: FolkData: GOTOXYZ() for 瑾泉 ，景 to 21,237,33,0 - Method:container.sim.GotoMethod2 DIM:0
[21:39:25] [Server thread/WARN] [sim/]: FolkData:onUpdate() 昀然 訾 还在工作
[21:39:25] [Server thread/INFO] [sim/]: FolkData: GOTOXYZ() for 昀然 訾 to 26,237,33,0 - Method:container.sim.GotoMethod2 DIM:0
[21:39:25] [Server thread/INFO] [sim/]: FolkData: GOTOXYZ() for 昀然 訾 to 21,237,33,0 - Method:container.sim.GotoMethod2 DIM:0
[21:39:25] [Server thread/WARN] [sim/]: FolkData:onUpdate() 瑾泉 ，景 还在工作
[21:39:25] [Server thread/INFO] [sim/]: FolkData: GOTOXYZ() for 瑾泉 ，景 to 26,237,33,0 - Method:container.sim.GotoMethod2 DIM:0
[21:39:25] [Server thread/INFO] [sim/]: FolkData: GOTOXYZ() for 瑾泉 ，景 to 21,237,33,0 - Method:container.sim.GotoMethod2 DIM:0
[21:39:25] [Server thread/WARN] [sim/]: FolkData:onUpdate() 昀然 訾 还在工作
[21:39:25] [Server thread/INFO] [sim/]: FolkData: GOTOXYZ() for 昀然 訾 to 26,237,33,0 - Method:container.sim.GotoMethod2 DIM:0
[21:39:25] [Server thread/INFO] [sim/]: FolkData: GOTOXYZ() for 昀然 訾 to 21,237,33,0 - Method:container.sim.GotoMethod2 DIM:0
[21:39:25] [Server thread/WARN] [sim/]: FolkData:onUpdate() 瑾泉 ，景 还在工作
[21:39:25] [Server thread/INFO] [sim/]: FolkData: GOTOXYZ() for 瑾泉 ，景 to 26,237,33,0 - Method:container.sim.GotoMethod2 DIM:0
[21:39:25] [Server thread/INFO] [sim/]: FolkData: GOTOXYZ() for 瑾泉 ，景 to 21,237,33,0 - Method:container.sim.GotoMethod2 DIM:0
[21:39:25] [Server thread/WARN] [sim/]: FolkData:onUpdate() 昀然 訾 还在工作
[21:39:25] [Server thread/INFO] [sim/]: FolkData: GOTOXYZ() for 昀然 訾 to 26,237,33,0 - Method:container.sim.GotoMethod2 DIM:0
[21:39:25] [Server thread/INFO] [sim/]: FolkData: GOTOXYZ() for 昀然 訾 to 21,237,33,0 - Method:container.sim.GotoMethod2 DIM:0
[21:39:25] [Server thread/WARN] [sim/]: FolkData:onUpdate() 瑾泉 ，景 还在工作
[21:39:25] [Server thread/INFO] [sim/]: FolkData: GOTOXYZ() for 瑾泉 ，景 to 26,237,33,0 - Method:container.sim.GotoMethod2 DIM:0
[21:39:25] [Server thread/INFO] [sim/]: FolkData: GOTOXYZ() for 瑾泉 ，景 to 21,237,33,0 - Method:container.sim.GotoMethod2 DIM:0
[21:39:25] [Server thread/WARN] [sim/]: FolkData:onUpdate() 昀然 訾 还在工作
[21:39:25] [Server thread/INFO] [sim/]: FolkData: GOTOXYZ() for 昀然 訾 to 26,237,33,0 - Method:container.sim.GotoMethod2 DIM:0
[21:39:25] [Server thread/INFO] [sim/]: FolkData: GOTOXYZ() for 昀然 訾 to 21,237,33,0 - Method:container.sim.GotoMethod2 DIM:0
[21:39:25] [Server thread/WARN] [sim/]: FolkData:onUpdate() 瑾泉 ，景 还在工作
[21:39:25] [Server thread/INFO] [sim/]: FolkData: GOTOXYZ() for 瑾泉 ，景 to 26,237,33,0 - Method:container.sim.GotoMethod2 DIM:0
[21:39:25] [Server thread/INFO] [sim/]: FolkData: GOTOXYZ() for 瑾泉 ，景 to 21,237,33,0 - Method:container.sim.GotoMethod2 DIM:0
[21:39:25] [Server thread/WARN] [sim/]: FolkData:onUpdate() 昀然 訾 还在工作
[21:39:25] [Server thread/INFO] [sim/]: FolkData: GOTOXYZ() for 昀然 訾 to 26,237,33,0 - Method:container.sim.GotoMethod2 DIM:0
[21:39:25] [Server thread/INFO] [sim/]: FolkData: GOTOXYZ() for 昀然 訾 to 21,237,33,0 - Method:container.sim.GotoMethod2 DIM:0
[21:39:25] [Server thread/WARN] [sim/]: FolkData:onUpdate() 瑾泉 ，景 还在工作
[21:39:25] [Server thread/INFO] [sim/]: FolkData: GOTOXYZ() for 瑾泉 ，景 to 26,237,33,0 - Method:container.sim.GotoMethod2 DIM:0
[21:39:25] [Server thread/INFO] [sim/]: FolkData: GOTOXYZ() for 瑾泉 ，景 to 21,237,33,0 - Method:container.sim.GotoMethod2 DIM:0
[21:39:26] [Server thread/WARN] [sim/]: FolkData:onUpdate() 昀然 訾 还在工作
[21:39:26] [Server thread/INFO] [sim/]: FolkData: GOTOXYZ() for 昀然 訾 to 26,237,33,0 - Method:container.sim.GotoMethod2 DIM:0
[21:39:26] [Server thread/INFO] [sim/]: FolkData: GOTOXYZ() for 昀然 訾 to 21,237,33,0 - Method:container.sim.GotoMethod2 DIM:0
[21:39:26] [Server thread/WARN] [sim/]: FolkData:onUpdate() 瑾泉 ，景 还在工作
[21:39:26] [Server thread/INFO] [sim/]: FolkData: GOTOXYZ() for 瑾泉 ，景 to 26,237,33,0 - Method:container.sim.GotoMethod2 DIM:0
[21:39:26] [Server thread/INFO] [sim/]: FolkData: GOTOXYZ() for 瑾泉 ，景 to 21,237,33,0 - Method:container.sim.GotoMethod2 DIM:0
[21:39:26] [Server thread/WARN] [sim/]: FolkData:onUpdate() 昀然 訾 还在工作
[21:39:26] [Server thread/INFO] [sim/]: FolkData: GOTOXYZ() for 昀然 訾 to 26,237,33,0 - Method:container.sim.GotoMethod2 DIM:0
[21:39:26] [Server thread/INFO] [sim/]: FolkData: GOTOXYZ() for 昀然 訾 to 21,237,33,0 - Method:container.sim.GotoMethod2 DIM:0
[21:39:26] [Server thread/WARN] [sim/]: FolkData:onUpdate() 瑾泉 ，景 还在工作
[21:39:26] [Server thread/INFO] [sim/]: FolkData: GOTOXYZ() for 瑾泉 ，景 to 26,237,33,0 - Method:container.sim.GotoMethod2 DIM:0
[21:39:26] [Server thread/INFO] [sim/]: FolkData: GOTOXYZ() for 瑾泉 ，景 to 21,237,33,0 - Method:container.sim.GotoMethod2 DIM:0
[21:39:26] [Server thread/WARN] [sim/]: FolkData:onUpdate() 昀然 訾 还在工作
[21:39:26] [Server thread/INFO] [sim/]: FolkData: GOTOXYZ() for 昀然 訾 to 26,237,33,0 - Method:container.sim.GotoMethod2 DIM:0
[21:39:26] [Server thread/INFO] [sim/]: FolkData: GOTOXYZ() for 昀然 訾 to 21,237,33,0 - Method:container.sim.GotoMethod2 DIM:0
[21:39:26] [Server thread/WARN] [sim/]: FolkData:onUpdate() 瑾泉 ，景 还在工作
[21:39:26] [Server thread/INFO] [sim/]: FolkData: GOTOXYZ() for 瑾泉 ，景 to 26,237,33,0 - Method:container.sim.GotoMethod2 DIM:0
[21:39:26] [Server thread/INFO] [sim/]: FolkData: GOTOXYZ() for 瑾泉 ，景 to 21,237,33,0 - Method:container.sim.GotoMethod2 DIM:0
[21:39:26] [Server thread/WARN] [sim/]: FolkData:onUpdate() 昀然 訾 还在工作
[21:39:26] [Server thread/INFO] [sim/]: FolkData: GOTOXYZ() for 昀然 訾 to 26,237,33,0 - Method:container.sim.GotoMethod2 DIM:0
[21:39:26] [Server thread/INFO] [sim/]: FolkData: GOTOXYZ() for 昀然 訾 to 21,237,33,0 - Method:container.sim.GotoMethod2 DIM:0
[21:39:26] [Server thread/WARN] [sim/]: FolkData:onUpdate() 瑾泉 ，景 还在工作
[21:39:26] [Server thread/INFO] [sim/]: FolkData: GOTOXYZ() for 瑾泉 ，景 to 26,237,33,0 - Method:container.sim.GotoMethod2 DIM:0
[21:39:26] [Server thread/INFO] [sim/]: FolkData: GOTOXYZ() for 瑾泉 ，景 to 21,237,33,0 - Method:container.sim.GotoMethod2 DIM:0
[21:39:26] [Server thread/WARN] [sim/]: FolkData:onUpdate() 昀然 訾 还在工作
[21:39:26] [Server thread/INFO] [sim/]: FolkData: GOTOXYZ() for 昀然 訾 to 26,237,33,0 - Method:container.sim.GotoMethod2 DIM:0
[21:39:26] [Server thread/INFO] [sim/]: FolkData: GOTOXYZ() for 昀然 訾 to 21,237,33,0 - Method:container.sim.GotoMethod2 DIM:0
[21:39:26] [Server thread/WARN] [sim/]: FolkData:onUpdate() 瑾泉 ，景 还在工作
[21:39:26] [Server thread/INFO] [sim/]: FolkData: GOTOXYZ() for 瑾泉 ，景 to 26,237,33,0 - Method:container.sim.GotoMethod2 DIM:0
[21:39:26] [Server thread/INFO] [sim/]: FolkData: GOTOXYZ() for 瑾泉 ，景 to 21,237,33,0 - Method:container.sim.GotoMethod2 DIM:0
[21:39:26] [Server thread/WARN] [sim/]: FolkData:onUpdate() 昀然 訾 还在工作
[21:39:26] [Server thread/INFO] [sim/]: FolkData: GOTOXYZ() for 昀然 訾 to 26,237,33,0 - Method:container.sim.GotoMethod2 DIM:0
[21:39:26] [Server thread/INFO] [sim/]: FolkData: GOTOXYZ() for 昀然 訾 to 21,237,33,0 - Method:container.sim.GotoMethod2 DIM:0
[21:39:26] [Server thread/WARN] [sim/]: FolkData:onUpdate() 瑾泉 ，景 还在工作
[21:39:26] [Server thread/INFO] [sim/]: FolkData: GOTOXYZ() for 瑾泉 ，景 to 26,237,33,0 - Method:container.sim.GotoMethod2 DIM:0
[21:39:26] [Server thread/INFO] [sim/]: FolkData: GOTOXYZ() for 瑾泉 ，景 to 21,237,33,0 - Method:container.sim.GotoMethod2 DIM:0
[21:39:26] [Server thread/WARN] [sim/]: FolkData:onUpdate() 昀然 訾 还在工作
[21:39:26] [Server thread/INFO] [sim/]: FolkData: GOTOXYZ() for 昀然 訾 to 26,237,33,0 - Method:container.sim.GotoMethod2 DIM:0
[21:39:26] [Server thread/INFO] [sim/]: FolkData: GOTOXYZ() for 昀然 訾 to 21,237,33,0 - Method:container.sim.GotoMethod2 DIM:0
[21:39:26] [Server thread/WARN] [sim/]: FolkData:onUpdate() 瑾泉 ，景 还在工作
[21:39:26] [Server thread/INFO] [sim/]: FolkData: GOTOXYZ() for 瑾泉 ，景 to 26,237,33,0 - Method:container.sim.GotoMethod2 DIM:0
[21:39:26] [Server thread/INFO] [sim/]: FolkData: GOTOXYZ() for 瑾泉 ，景 to 21,237,33,0 - Method:container.sim.GotoMethod2 DIM:0
[21:39:26] [Server thread/WARN] [sim/]: FolkData:onUpdate() 昀然 訾 还在工作
[21:39:26] [Server thread/INFO] [sim/]: FolkData: GOTOXYZ() for 昀然 訾 to 26,237,33,0 - Method:container.sim.GotoMethod2 DIM:0
[21:39:26] [Server thread/INFO] [sim/]: FolkData: GOTOXYZ() for 昀然 訾 to 21,237,33,0 - Method:container.sim.GotoMethod2 DIM:0
[21:39:26] [Server thread/WARN] [sim/]: FolkData:onUpdate() 瑾泉 ，景 还在工作
[21:39:26] [Server thread/INFO] [sim/]: FolkData: GOTOXYZ() for 瑾泉 ，景 to 26,237,33,0 - Method:container.sim.GotoMethod2 DIM:0
[21:39:26] [Server thread/INFO] [sim/]: FolkData: GOTOXYZ() for 瑾泉 ，景 to 21,237,33,0 - Method:container.sim.GotoMethod2 DIM:0
[21:39:26] [Server thread/WARN] [sim/]: FolkData:onUpdate() 昀然 訾 还在工作
[21:39:26] [Server thread/INFO] [sim/]: FolkData: GOTOXYZ() for 昀然 訾 to 26,237,33,0 - Method:container.sim.GotoMethod2 DIM:0
[21:39:26] [Server thread/INFO] [sim/]: FolkData: GOTOXYZ() for 昀然 訾 to 21,237,33,0 - Method:container.sim.GotoMethod2 DIM:0
[21:39:26] [Server thread/WARN] [sim/]: FolkData:onUpdate() 瑾泉 ，景 还在工作
[21:39:26] [Server thread/INFO] [sim/]: FolkData: GOTOXYZ() for 瑾泉 ，景 to 26,237,33,0 - Method:container.sim.GotoMethod2 DIM:0
[21:39:26] [Server thread/INFO] [sim/]: FolkData: GOTOXYZ() for 瑾泉 ，景 to 21,237,33,0 - Method:container.sim.GotoMethod2 DIM:0
[21:39:26] [Server thread/WARN] [sim/]: FolkData:onUpdate() 昀然 訾 还在工作
[21:39:26] [Server thread/INFO] [sim/]: FolkData: GOTOXYZ() for 昀然 訾 to 26,237,33,0 - Method:container.sim.GotoMethod2 DIM:0
[21:39:26] [Server thread/INFO] [sim/]: FolkData: GOTOXYZ() for 昀然 訾 to 21,237,33,0 - Method:container.sim.GotoMethod2 DIM:0
[21:39:26] [Server thread/WARN] [sim/]: FolkData:onUpdate() 瑾泉 ，景 还在工作
[21:39:26] [Server thread/INFO] [sim/]: FolkData: GOTOXYZ() for 瑾泉 ，景 to 26,237,33,0 - Method:container.sim.GotoMethod2 DIM:0
[21:39:26] [Server thread/INFO] [sim/]: FolkData: GOTOXYZ() for 瑾泉 ，景 to 21,237,33,0 - Method:container.sim.GotoMethod2 DIM:0
[21:39:26] [Server thread/WARN] [sim/]: FolkData:onUpdate() 昀然 訾 还在工作
[21:39:26] [Server thread/INFO] [sim/]: FolkData: GOTOXYZ() for 昀然 訾 to 26,237,33,0 - Method:container.sim.GotoMethod2 DIM:0
[21:39:26] [Server thread/INFO] [sim/]: FolkData: GOTOXYZ() for 昀然 訾 to 21,237,33,0 - Method:container.sim.GotoMethod2 DIM:0
[21:39:26] [Server thread/WARN] [sim/]: FolkData:onUpdate() 瑾泉 ，景 还在工作
[21:39:26] [Server thread/INFO] [sim/]: FolkData: GOTOXYZ() for 瑾泉 ，景 to 26,237,33,0 - Method:container.sim.GotoMethod2 DIM:0
[21:39:26] [Server thread/INFO] [sim/]: FolkData: GOTOXYZ() for 瑾泉 ，景 to 21,237,33,0 - Method:container.sim.GotoMethod2 DIM:0
[21:39:26] [Server thread/WARN] [sim/]: FolkData:onUpdate() 昀然 訾 还在工作
[21:39:26] [Server thread/INFO] [sim/]: FolkData: GOTOXYZ() for 昀然 訾 to 26,237,33,0 - Method:container.sim.GotoMethod2 DIM:0
[21:39:26] [Server thread/INFO] [sim/]: FolkData: GOTOXYZ() for 昀然 訾 to 21,237,33,0 - Method:container.sim.GotoMethod2 DIM:0
[21:39:26] [Server thread/WARN] [sim/]: FolkData:onUpdate() 瑾泉 ，景 还在工作
[21:39:26] [Server thread/INFO] [sim/]: FolkData: GOTOXYZ() for 瑾泉 ，景 to 26,237,33,0 - Method:container.sim.GotoMethod2 DIM:0
[21:39:26] [Server thread/INFO] [sim/]: FolkData: GOTOXYZ() for 瑾泉 ，景 to 21,237,33,0 - Method:container.sim.GotoMethod2 DIM:0
[21:39:26] [Server thread/WARN] [sim/]: FolkData:onUpdate() 昀然 訾 还在工作
[21:39:26] [Server thread/INFO] [sim/]: FolkData: GOTOXYZ() for 昀然 訾 to 26,237,33,0 - Method:container.sim.GotoMethod2 DIM:0
[21:39:26] [Server thread/INFO] [sim/]: FolkData: GOTOXYZ() for 昀然 訾 to 21,237,33,0 - Method:container.sim.GotoMethod2 DIM:0
[21:39:26] [Server thread/WARN] [sim/]: FolkData:onUpdate() 瑾泉 ，景 还在工作
[21:39:26] [Server thread/INFO] [sim/]: FolkData: GOTOXYZ() for 瑾泉 ，景 to 26,237,33,0 - Method:container.sim.GotoMethod2 DIM:0
[21:39:26] [Server thread/INFO] [sim/]: FolkData: GOTOXYZ() for 瑾泉 ，景 to 21,237,33,0 - Method:container.sim.GotoMethod2 DIM:0
[21:39:26] [Server thread/WARN] [sim/]: FolkData:onUpdate() 昀然 訾 还在工作
[21:39:26] [Server thread/INFO] [sim/]: FolkData: GOTOXYZ() for 昀然 訾 to 26,237,33,0 - Method:container.sim.GotoMethod2 DIM:0
[21:39:26] [Server thread/INFO] [sim/]: FolkData: GOTOXYZ() for 昀然 訾 to 21,237,33,0 - Method:container.sim.GotoMethod2 DIM:0
[21:39:26] [Server thread/WARN] [sim/]: FolkData:onUpdate() 瑾泉 ，景 还在工作
[21:39:26] [Server thread/INFO] [sim/]: FolkData: GOTOXYZ() for 瑾泉 ，景 to 26,237,33,0 - Method:container.sim.GotoMethod2 DIM:0
[21:39:26] [Server thread/INFO] [sim/]: FolkData: GOTOXYZ() for 瑾泉 ，景 to 21,237,33,0 - Method:container.sim.GotoMethod2 DIM:0
[21:39:26] [Server thread/WARN] [sim/]: FolkData:onUpdate() 昀然 訾 还在工作
[21:39:26] [Server thread/INFO] [sim/]: FolkData: GOTOXYZ() for 昀然 訾 to 26,237,33,0 - Method:container.sim.GotoMethod2 DIM:0
[21:39:26] [Server thread/INFO] [sim/]: FolkData: GOTOXYZ() for 昀然 訾 to 21,237,33,0 - Method:container.sim.GotoMethod2 DIM:0
[21:39:26] [Server thread/WARN] [sim/]: FolkData:onUpdate() 瑾泉 ，景 还在工作
[21:39:26] [Server thread/INFO] [sim/]: FolkData: GOTOXYZ() for 瑾泉 ，景 to 26,237,33,0 - Method:container.sim.GotoMethod2 DIM:0
[21:39:26] [Server thread/INFO] [sim/]: FolkData: GOTOXYZ() for 瑾泉 ，景 to 21,237,33,0 - Method:container.sim.GotoMethod2 DIM:0
[21:39:26] [Server thread/WARN] [sim/]: FolkData:onUpdate() 昀然 訾 还在工作
[21:39:26] [Server thread/INFO] [sim/]: FolkData: GOTOXYZ() for 昀然 訾 to 26,237,33,0 - Method:container.sim.GotoMethod2 DIM:0
[21:39:26] [Server thread/INFO] [sim/]: FolkData: GOTOXYZ() for 昀然 訾 to 21,237,33,0 - Method:container.sim.GotoMethod2 DIM:0
[21:39:26] [Server thread/WARN] [sim/]: FolkData:onUpdate() 瑾泉 ，景 还在工作
[21:39:26] [Server thread/INFO] [sim/]: FolkData: GOTOXYZ() for 瑾泉 ，景 to 26,237,33,0 - Method:container.sim.GotoMethod2 DIM:0
[21:39:26] [Server thread/INFO] [sim/]: FolkData: GOTOXYZ() for 瑾泉 ，景 to 21,237,33,0 - Method:container.sim.GotoMethod2 DIM:0
[21:39:26] [Server thread/WARN] [sim/]: FolkData:onUpdate() 昀然 訾 还在工作
[21:39:26] [Server thread/INFO] [sim/]: FolkData: GOTOXYZ() for 昀然 訾 to 26,237,33,0 - Method:container.sim.GotoMethod2 DIM:0
[21:39:26] [Server thread/INFO] [sim/]: FolkData: GOTOXYZ() for 昀然 訾 to 21,237,33,0 - Method:container.sim.GotoMethod2 DIM:0
[21:39:26] [Server thread/WARN] [sim/]: FolkData:onUpdate() 瑾泉 ，景 还在工作
[21:39:26] [Server thread/INFO] [sim/]: FolkData: GOTOXYZ() for 瑾泉 ，景 to 26,237,33,0 - Method:container.sim.GotoMethod2 DIM:0
[21:39:26] [Server thread/INFO] [sim/]: FolkData: GOTOXYZ() for 瑾泉 ，景 to 21,237,33,0 - Method:container.sim.GotoMethod2 DIM:0
[21:39:26] [Server thread/WARN] [sim/]: FolkData:onUpdate() 昀然 訾 还在工作
[21:39:26] [Server thread/INFO] [sim/]: FolkData: GOTOXYZ() for 昀然 訾 to 26,237,33,0 - Method:container.sim.GotoMethod2 DIM:0
[21:39:26] [Server thread/INFO] [sim/]: FolkData: GOTOXYZ() for 昀然 訾 to 21,237,33,0 - Method:container.sim.GotoMethod2 DIM:0
[21:39:26] [Server thread/WARN] [sim/]: FolkData:onUpdate() 瑾泉 ，景 还在工作
[21:39:26] [Server thread/INFO] [sim/]: FolkData: GOTOXYZ() for 瑾泉 ，景 to 26,237,33,0 - Method:container.sim.GotoMethod2 DIM:0
[21:39:26] [Server thread/INFO] [sim/]: FolkData: GOTOXYZ() for 瑾泉 ，景 to 21,237,33,0 - Method:container.sim.GotoMethod2 DIM:0
[21:39:26] [Server thread/WARN] [sim/]: FolkData:onUpdate() 昀然 訾 还在工作
[21:39:26] [Server thread/INFO] [sim/]: FolkData: GOTOXYZ() for 昀然 訾 to 26,237,33,0 - Method:container.sim.GotoMethod2 DIM:0
[21:39:26] [Server thread/INFO] [sim/]: FolkData: GOTOXYZ() for 昀然 訾 to 21,237,33,0 - Method:container.sim.GotoMethod2 DIM:0
[21:39:26] [Server thread/WARN] [sim/]: FolkData:onUpdate() 瑾泉 ，景 还在工作
[21:39:26] [Server thread/INFO] [sim/]: FolkData: GOTOXYZ() for 瑾泉 ，景 to 26,237,33,0 - Method:container.sim.GotoMethod2 DIM:0
[21:39:26] [Server thread/INFO] [sim/]: FolkData: GOTOXYZ() for 瑾泉 ，景 to 21,237,33,0 - Method:container.sim.GotoMethod2 DIM:0
[21:39:26] [Server thread/WARN] [sim/]: FolkData:onUpdate() 昀然 訾 还在工作
[21:39:26] [Server thread/INFO] [sim/]: FolkData: GOTOXYZ() for 昀然 訾 to 26,237,33,0 - Method:container.sim.GotoMethod2 DIM:0
[21:39:26] [Server thread/INFO] [sim/]: FolkData: GOTOXYZ() for 昀然 訾 to 21,237,33,0 - Method:container.sim.GotoMethod2 DIM:0
[21:39:26] [Server thread/WARN] [sim/]: FolkData:onUpdate() 瑾泉 ，景 还在工作
[21:39:26] [Server thread/INFO] [sim/]: FolkData: GOTOXYZ() for 瑾泉 ，景 to 26,237,33,0 - Method:container.sim.GotoMethod2 DIM:0
[21:39:26] [Server thread/INFO] [sim/]: FolkData: GOTOXYZ() for 瑾泉 ，景 to 21,237,33,0 - Method:container.sim.GotoMethod2 DIM:0
[21:39:26] [Server thread/WARN] [sim/]: FolkData:onUpdate() 昀然 訾 还在工作
[21:39:26] [Server thread/INFO] [sim/]: FolkData: GOTOXYZ() for 昀然 訾 to 26,237,33,0 - Method:container.sim.GotoMethod2 DIM:0
[21:39:26] [Server thread/INFO] [sim/]: FolkData: GOTOXYZ() for 昀然 訾 to 21,237,33,0 - Method:container.sim.GotoMethod2 DIM:0
[21:39:26] [Server thread/WARN] [sim/]: FolkData:onUpdate() 瑾泉 ，景 还在工作
[21:39:26] [Server thread/INFO] [sim/]: FolkData: GOTOXYZ() for 瑾泉 ，景 to 26,237,33,0 - Method:container.sim.GotoMethod2 DIM:0
[21:39:26] [Server thread/INFO] [sim/]: FolkData: GOTOXYZ() for 瑾泉 ，景 to 21,237,33,0 - Method:container.sim.GotoMethod2 DIM:0
[21:39:26] [Server thread/WARN] [sim/]: FolkData:onUpdate() 昀然 訾 还在工作
[21:39:26] [Server thread/INFO] [sim/]: FolkData: GOTOXYZ() for 昀然 訾 to 26,237,33,0 - Method:container.sim.GotoMethod2 DIM:0
[21:39:26] [Server thread/INFO] [sim/]: FolkData: GOTOXYZ() for 昀然 訾 to 21,237,33,0 - Method:container.sim.GotoMethod2 DIM:0
[21:39:26] [Server thread/WARN] [sim/]: FolkData:onUpdate() 瑾泉 ，景 还在工作
[21:39:26] [Server thread/INFO] [sim/]: FolkData: GOTOXYZ() for 瑾泉 ，景 to 26,237,33,0 - Method:container.sim.GotoMethod2 DIM:0
[21:39:26] [Server thread/INFO] [sim/]: FolkData: GOTOXYZ() for 瑾泉 ，景 to 21,237,33,0 - Method:container.sim.GotoMethod2 DIM:0
[21:39:26] [Server thread/WARN] [sim/]: FolkData:onUpdate() 昀然 訾 还在工作
[21:39:26] [Server thread/INFO] [sim/]: FolkData: GOTOXYZ() for 昀然 訾 to 26,237,33,0 - Method:container.sim.GotoMethod2 DIM:0
[21:39:26] [Server thread/INFO] [sim/]: FolkData: GOTOXYZ() for 昀然 訾 to 21,237,33,0 - Method:container.sim.GotoMethod2 DIM:0
[21:39:26] [Server thread/WARN] [sim/]: FolkData:onUpdate() 瑾泉 ，景 还在工作
[21:39:26] [Server thread/INFO] [sim/]: FolkData: GOTOXYZ() for 瑾泉 ，景 to 26,237,33,0 - Method:container.sim.GotoMethod2 DIM:0
[21:39:26] [Server thread/INFO] [sim/]: FolkData: GOTOXYZ() for 瑾泉 ，景 to 21,237,33,0 - Method:container.sim.GotoMethod2 DIM:0
[21:39:26] [Server thread/WARN] [sim/]: FolkData:onUpdate() 昀然 訾 还在工作
[21:39:26] [Server thread/INFO] [sim/]: FolkData: GOTOXYZ() for 昀然 訾 to 26,237,33,0 - Method:container.sim.GotoMethod2 DIM:0
[21:39:26] [Server thread/INFO] [sim/]: FolkData: GOTOXYZ() for 昀然 訾 to 21,237,33,0 - Method:container.sim.GotoMethod2 DIM:0
[21:39:26] [Server thread/WARN] [sim/]: FolkData:onUpdate() 瑾泉 ，景 还在工作
[21:39:26] [Server thread/INFO] [sim/]: FolkData: GOTOXYZ() for 瑾泉 ，景 to 26,237,33,0 - Method:container.sim.GotoMethod2 DIM:0
[21:39:26] [Server thread/INFO] [sim/]: FolkData: GOTOXYZ() for 瑾泉 ，景 to 21,237,33,0 - Method:container.sim.GotoMethod2 DIM:0
[21:39:26] [Server thread/WARN] [sim/]: FolkData:onUpdate() 昀然 訾 还在工作
[21:39:26] [Server thread/INFO] [sim/]: FolkData: GOTOXYZ() for 昀然 訾 to 26,237,33,0 - Method:container.sim.GotoMethod2 DIM:0
[21:39:26] [Server thread/INFO] [sim/]: FolkData: GOTOXYZ() for 昀然 訾 to 21,237,33,0 - Method:container.sim.GotoMethod2 DIM:0
[21:39:26] [Server thread/WARN] [sim/]: FolkData:onUpdate() 瑾泉 ，景 还在工作
[21:39:26] [Server thread/INFO] [sim/]: FolkData: GOTOXYZ() for 瑾泉 ，景 to 26,237,33,0 - Method:container.sim.GotoMethod2 DIM:0
[21:39:26] [Server thread/INFO] [sim/]: FolkData: GOTOXYZ() for 瑾泉 ，景 to 21,237,33,0 - Method:container.sim.GotoMethod2 DIM:0
[21:39:26] [Server thread/WARN] [sim/]: FolkData:onUpdate() 昀然 訾 还在工作
[21:39:26] [Server thread/INFO] [sim/]: FolkData: GOTOXYZ() for 昀然 訾 to 26,237,33,0 - Method:container.sim.GotoMethod2 DIM:0
[21:39:26] [Server thread/INFO] [sim/]: FolkData: GOTOXYZ() for 昀然 訾 to 21,237,33,0 - Method:container.sim.GotoMethod2 DIM:0
[21:39:26] [Server thread/WARN] [sim/]: FolkData:onUpdate() 瑾泉 ，景 还在工作
[21:39:26] [Server thread/INFO] [sim/]: FolkData: GOTOXYZ() for 瑾泉 ，景 to 26,237,33,0 - Method:container.sim.GotoMethod2 DIM:0
[21:39:26] [Server thread/INFO] [sim/]: FolkData: GOTOXYZ() for 瑾泉 ，景 to 21,237,33,0 - Method:container.sim.GotoMethod2 DIM:0
[21:39:26] [Server thread/WARN] [sim/]: FolkData:onUpdate() 昀然 訾 还在工作
[21:39:26] [Server thread/INFO] [sim/]: FolkData: GOTOXYZ() for 昀然 訾 to 26,237,33,0 - Method:container.sim.GotoMethod2 DIM:0
[21:39:26] [Server thread/INFO] [sim/]: FolkData: GOTOXYZ() for 昀然 訾 to 21,237,33,0 - Method:container.sim.GotoMethod2 DIM:0
[21:39:26] [Server thread/WARN] [sim/]: FolkData:onUpdate() 瑾泉 ，景 还在工作
[21:39:26] [Server thread/INFO] [sim/]: FolkData: GOTOXYZ() for 瑾泉 ，景 to 26,237,33,0 - Method:container.sim.GotoMethod2 DIM:0
[21:39:26] [Server thread/INFO] [sim/]: FolkData: GOTOXYZ() for 瑾泉 ，景 to 21,237,33,0 - Method:container.sim.GotoMethod2 DIM:0
[21:39:26] [Server thread/WARN] [sim/]: FolkData:onUpdate() 昀然 訾 还在工作
[21:39:26] [Server thread/INFO] [sim/]: FolkData: GOTOXYZ() for 昀然 訾 to 26,237,33,0 - Method:container.sim.GotoMethod2 DIM:0
[21:39:26] [Server thread/INFO] [sim/]: FolkData: GOTOXYZ() for 昀然 訾 to 21,237,33,0 - Method:container.sim.GotoMethod2 DIM:0
[21:39:26] [Server thread/WARN] [sim/]: FolkData:onUpdate() 瑾泉 ，景 还在工作
[21:39:26] [Server thread/INFO] [sim/]: FolkData: GOTOXYZ() for 瑾泉 ，景 to 26,237,33,0 - Method:container.sim.GotoMethod2 DIM:0
[21:39:26] [Server thread/INFO] [sim/]: FolkData: GOTOXYZ() for 瑾泉 ，景 to 21,237,33,0 - Method:container.sim.GotoMethod2 DIM:0
[21:39:26] [Server thread/WARN] [sim/]: FolkData:onUpdate() 昀然 訾 还在工作
[21:39:26] [Server thread/INFO] [sim/]: FolkData: GOTOXYZ() for 昀然 訾 to 26,237,33,0 - Method:container.sim.GotoMethod2 DIM:0
[21:39:26] [Server thread/INFO] [sim/]: FolkData: GOTOXYZ() for 昀然 訾 to 21,237,33,0 - Method:container.sim.GotoMethod2 DIM:0
[21:39:26] [Server thread/WARN] [sim/]: FolkData:onUpdate() 瑾泉 ，景 还在工作
[21:39:26] [Server thread/INFO] [sim/]: FolkData: GOTOXYZ() for 瑾泉 ，景 to 26,237,33,0 - Method:container.sim.GotoMethod2 DIM:0
[21:39:26] [Server thread/INFO] [sim/]: FolkData: GOTOXYZ() for 瑾泉 ，景 to 21,237,33,0 - Method:container.sim.GotoMethod2 DIM:0
[21:39:26] [Server thread/WARN] [sim/]: FolkData:onUpdate() 昀然 訾 还在工作
[21:39:26] [Server thread/INFO] [sim/]: FolkData: GOTOXYZ() for 昀然 訾 to 26,237,33,0 - Method:container.sim.GotoMethod2 DIM:0
[21:39:26] [Server thread/INFO] [sim/]: FolkData: GOTOXYZ() for 昀然 訾 to 21,237,33,0 - Method:container.sim.GotoMethod2 DIM:0
[21:39:26] [Server thread/WARN] [sim/]: FolkData:onUpdate() 瑾泉 ，景 还在工作
[21:39:26] [Server thread/INFO] [sim/]: FolkData: GOTOXYZ() for 瑾泉 ，景 to 26,237,33,0 - Method:container.sim.GotoMethod2 DIM:0
[21:39:26] [Server thread/INFO] [sim/]: FolkData: GOTOXYZ() for 瑾泉 ，景 to 21,237,33,0 - Method:container.sim.GotoMethod2 DIM:0
[21:39:26] [Server thread/WARN] [sim/]: FolkData:onUpdate() 昀然 訾 还在工作
[21:39:26] [Server thread/INFO] [sim/]: FolkData: GOTOXYZ() for 昀然 訾 to 26,237,33,0 - Method:container.sim.GotoMethod2 DIM:0
[21:39:26] [Server thread/INFO] [sim/]: FolkData: GOTOXYZ() for 昀然 訾 to 21,237,33,0 - Method:container.sim.GotoMethod2 DIM:0
[21:39:26] [Server thread/WARN] [sim/]: FolkData:onUpdate() 瑾泉 ，景 还在工作
[21:39:26] [Server thread/INFO] [sim/]: FolkData: GOTOXYZ() for 瑾泉 ，景 to 26,237,33,0 - Method:container.sim.GotoMethod2 DIM:0
[21:39:26] [Server thread/INFO] [sim/]: FolkData: GOTOXYZ() for 瑾泉 ，景 to 21,237,33,0 - Method:container.sim.GotoMethod2 DIM:0
[21:39:26] [Server thread/WARN] [sim/]: FolkData:onUpdate() 昀然 訾 还在工作
[21:39:26] [Server thread/INFO] [sim/]: FolkData: GOTOXYZ() for 昀然 訾 to 26,237,33,0 - Method:container.sim.GotoMethod2 DIM:0
[21:39:26] [Server thread/INFO] [sim/]: FolkData: GOTOXYZ() for 昀然 訾 to 21,237,33,0 - Method:container.sim.GotoMethod2 DIM:0
[21:39:26] [Server thread/WARN] [sim/]: FolkData:onUpdate() 瑾泉 ，景 还在工作
[21:39:26] [Server thread/INFO] [sim/]: FolkData: GOTOXYZ() for 瑾泉 ，景 to 26,237,33,0 - Method:container.sim.GotoMethod2 DIM:0
[21:39:26] [Server thread/INFO] [sim/]: FolkData: GOTOXYZ() for 瑾泉 ，景 to 21,237,33,0 - Method:container.sim.GotoMethod2 DIM:0
[21:39:26] [Server thread/WARN] [sim/]: FolkData:onUpdate() 昀然 訾 还在工作
[21:39:26] [Server thread/INFO] [sim/]: FolkData: GOTOXYZ() for 昀然 訾 to 26,237,33,0 - Method:container.sim.GotoMethod2 DIM:0
[21:39:26] [Server thread/INFO] [sim/]: FolkData: GOTOXYZ() for 昀然 訾 to 21,237,33,0 - Method:container.sim.GotoMethod2 DIM:0
[21:39:26] [Server thread/WARN] [sim/]: FolkData:onUpdate() 瑾泉 ，景 还在工作
[21:39:26] [Server thread/INFO] [sim/]: FolkData: GOTOXYZ() for 瑾泉 ，景 to 26,237,33,0 - Method:container.sim.GotoMethod2 DIM:0
[21:39:26] [Server thread/INFO] [sim/]: FolkData: GOTOXYZ() for 瑾泉 ，景 to 21,237,33,0 - Method:container.sim.GotoMethod2 DIM:0
[21:39:26] [Server thread/WARN] [sim/]: FolkData:onUpdate() 昀然 訾 还在工作
[21:39:26] [Server thread/INFO] [sim/]: FolkData: GOTOXYZ() for 昀然 訾 to 26,237,33,0 - Method:container.sim.GotoMethod2 DIM:0
[21:39:26] [Server thread/INFO] [sim/]: FolkData: GOTOXYZ() for 昀然 訾 to 21,237,33,0 - Method:container.sim.GotoMethod2 DIM:0
[21:39:26] [Server thread/WARN] [sim/]: FolkData:onUpdate() 瑾泉 ，景 还在工作
[21:39:26] [Server thread/INFO] [sim/]: FolkData: GOTOXYZ() for 瑾泉 ，景 to 26,237,33,0 - Method:container.sim.GotoMethod2 DIM:0
[21:39:26] [Server thread/INFO] [sim/]: FolkData: GOTOXYZ() for 瑾泉 ，景 to 21,237,33,0 - Method:container.sim.GotoMethod2 DIM:0
[21:39:26] [Server thread/WARN] [sim/]: FolkData:onUpdate() 昀然 訾 还在工作
[21:39:26] [Server thread/INFO] [sim/]: FolkData: GOTOXYZ() for 昀然 訾 to 26,237,33,0 - Method:container.sim.GotoMethod2 DIM:0
[21:39:26] [Server thread/INFO] [sim/]: FolkData: GOTOXYZ() for 昀然 訾 to 21,237,33,0 - Method:container.sim.GotoMethod2 DIM:0
[21:39:26] [Server thread/WARN] [sim/]: FolkData:onUpdate() 瑾泉 ，景 还在工作
[21:39:26] [Server thread/INFO] [sim/]: FolkData: GOTOXYZ() for 瑾泉 ，景 to 26,237,33,0 - Method:container.sim.GotoMethod2 DIM:0
[21:39:26] [Server thread/INFO] [sim/]: FolkData: GOTOXYZ() for 瑾泉 ，景 to 21,237,33,0 - Method:container.sim.GotoMethod2 DIM:0
[21:39:26] [Server thread/WARN] [sim/]: FolkData:onUpdate() 昀然 訾 还在工作
[21:39:26] [Server thread/INFO] [sim/]: FolkData: GOTOXYZ() for 昀然 訾 to 26,237,33,0 - Method:container.sim.GotoMethod2 DIM:0
[21:39:26] [Server thread/INFO] [sim/]: FolkData: GOTOXYZ() for 昀然 訾 to 21,237,33,0 - Method:container.sim.GotoMethod2 DIM:0
[21:39:26] [Server thread/WARN] [sim/]: FolkData:onUpdate() 瑾泉 ，景 还在工作
[21:39:26] [Server thread/INFO] [sim/]: FolkData: GOTOXYZ() for 瑾泉 ，景 to 26,237,33,0 - Method:container.sim.GotoMethod2 DIM:0
[21:39:26] [Server thread/INFO] [sim/]: FolkData: GOTOXYZ() for 瑾泉 ，景 to 21,237,33,0 - Method:container.sim.GotoMethod2 DIM:0
[21:39:26] [Server thread/WARN] [sim/]: FolkData:onUpdate() 昀然 訾 还在工作
[21:39:26] [Server thread/INFO] [sim/]: FolkData: GOTOXYZ() for 昀然 訾 to 26,237,33,0 - Method:container.sim.GotoMethod2 DIM:0
[21:39:26] [Server thread/INFO] [sim/]: FolkData: GOTOXYZ() for 昀然 訾 to 21,237,33,0 - Method:container.sim.GotoMethod2 DIM:0
[21:39:26] [Server thread/WARN] [sim/]: FolkData:onUpdate() 瑾泉 ，景 还在工作
[21:39:26] [Server thread/INFO] [sim/]: FolkData: GOTOXYZ() for 瑾泉 ，景 to 26,237,33,0 - Method:container.sim.GotoMethod2 DIM:0
[21:39:26] [Server thread/INFO] [sim/]: FolkData: GOTOXYZ() for 瑾泉 ，景 to 21,237,33,0 - Method:container.sim.GotoMethod2 DIM:0
[21:39:26] [Server thread/WARN] [sim/]: FolkData:onUpdate() 昀然 訾 还在工作
[21:39:26] [Server thread/INFO] [sim/]: FolkData: GOTOXYZ() for 昀然 訾 to 26,237,33,0 - Method:container.sim.GotoMethod2 DIM:0
[21:39:26] [Server thread/INFO] [sim/]: FolkData: GOTOXYZ() for 昀然 訾 to 21,237,33,0 - Method:container.sim.GotoMethod2 DIM:0
[21:39:26] [Server thread/WARN] [sim/]: FolkData:onUpdate() 瑾泉 ，景 还在工作
[21:39:26] [Server thread/INFO] [sim/]: FolkData: GOTOXYZ() for 瑾泉 ，景 to 26,237,33,0 - Method:container.sim.GotoMethod2 DIM:0
[21:39:26] [Server thread/INFO] [sim/]: FolkData: GOTOXYZ() for 瑾泉 ，景 to 21,237,33,0 - Method:container.sim.GotoMethod2 DIM:0
[21:39:26] [Server thread/WARN] [sim/]: FolkData:onUpdate() 昀然 訾 还在工作
[21:39:26] [Server thread/INFO] [sim/]: FolkData: GOTOXYZ() for 昀然 訾 to 26,237,33,0 - Method:container.sim.GotoMethod2 DIM:0
[21:39:26] [Server thread/INFO] [sim/]: FolkData: GOTOXYZ() for 昀然 訾 to 21,237,33,0 - Method:container.sim.GotoMethod2 DIM:0
[21:39:26] [Server thread/WARN] [sim/]: FolkData:onUpdate() 瑾泉 ，景 还在工作
[21:39:26] [Server thread/INFO] [sim/]: FolkData: GOTOXYZ() for 瑾泉 ，景 to 26,237,33,0 - Method:container.sim.GotoMethod2 DIM:0
[21:39:26] [Server thread/INFO] [sim/]: FolkData: GOTOXYZ() for 瑾泉 ，景 to 21,237,33,0 - Method:container.sim.GotoMethod2 DIM:0
[21:39:26] [Server thread/WARN] [sim/]: FolkData:onUpdate() 昀然 訾 还在工作
[21:39:26] [Server thread/INFO] [sim/]: FolkData: GOTOXYZ() for 昀然 訾 to 26,237,33,0 - Method:container.sim.GotoMethod2 DIM:0
[21:39:26] [Server thread/INFO] [sim/]: FolkData: GOTOXYZ() for 昀然 訾 to 21,237,33,0 - Method:container.sim.GotoMethod2 DIM:0
[21:39:26] [Server thread/WARN] [sim/]: FolkData:onUpdate() 瑾泉 ，景 还在工作
[21:39:26] [Server thread/INFO] [sim/]: FolkData: GOTOXYZ() for 瑾泉 ，景 to 26,237,33,0 - Method:container.sim.GotoMethod2 DIM:0
[21:39:26] [Server thread/INFO] [sim/]: FolkData: GOTOXYZ() for 瑾泉 ，景 to 21,237,33,0 - Method:container.sim.GotoMethod2 DIM:0
[21:39:27] [Server thread/WARN] [sim/]: FolkData:onUpdate() 昀然 訾 还在工作
[21:39:27] [Server thread/INFO] [sim/]: FolkData: GOTOXYZ() for 昀然 訾 to 26,237,33,0 - Method:container.sim.GotoMethod2 DIM:0
[21:39:27] [Server thread/INFO] [sim/]: FolkData: GOTOXYZ() for 昀然 訾 to 21,237,33,0 - Method:container.sim.GotoMethod2 DIM:0
[21:39:27] [Server thread/WARN] [sim/]: FolkData:onUpdate() 瑾泉 ，景 还在工作
[21:39:27] [Server thread/INFO] [sim/]: FolkData: GOTOXYZ() for 瑾泉 ，景 to 26,237,33,0 - Method:container.sim.GotoMethod2 DIM:0
[21:39:27] [Server thread/INFO] [sim/]: FolkData: GOTOXYZ() for 瑾泉 ，景 to 21,237,33,0 - Method:container.sim.GotoMethod2 DIM:0
[21:39:27] [Server thread/WARN] [sim/]: FolkData:onUpdate() 昀然 訾 还在工作
[21:39:27] [Server thread/INFO] [sim/]: FolkData: GOTOXYZ() for 昀然 訾 to 26,237,33,0 - Method:container.sim.GotoMethod2 DIM:0
[21:39:27] [Server thread/INFO] [sim/]: FolkData: GOTOXYZ() for 昀然 訾 to 21,237,33,0 - Method:container.sim.GotoMethod2 DIM:0
[21:39:27] [Server thread/WARN] [sim/]: FolkData:onUpdate() 瑾泉 ，景 还在工作
[21:39:27] [Server thread/INFO] [sim/]: FolkData: GOTOXYZ() for 瑾泉 ，景 to 26,237,33,0 - Method:container.sim.GotoMethod2 DIM:0
[21:39:27] [Server thread/INFO] [sim/]: FolkData: GOTOXYZ() for 瑾泉 ，景 to 21,237,33,0 - Method:container.sim.GotoMethod2 DIM:0
[21:39:27] [Server thread/WARN] [sim/]: FolkData:onUpdate() 昀然 訾 还在工作
[21:39:27] [Server thread/INFO] [sim/]: FolkData: GOTOXYZ() for 昀然 訾 to 26,237,33,0 - Method:container.sim.GotoMethod2 DIM:0
[21:39:27] [Server thread/INFO] [sim/]: FolkData: GOTOXYZ() for 昀然 訾 to 21,237,33,0 - Method:container.sim.GotoMethod2 DIM:0
[21:39:27] [Server thread/WARN] [sim/]: FolkData:onUpdate() 瑾泉 ，景 还在工作
[21:39:27] [Server thread/INFO] [sim/]: FolkData: GOTOXYZ() for 瑾泉 ，景 to 26,237,33,0 - Method:container.sim.GotoMethod2 DIM:0
[21:39:27] [Server thread/INFO] [sim/]: FolkData: GOTOXYZ() for 瑾泉 ，景 to 21,237,33,0 - Method:container.sim.GotoMethod2 DIM:0
[21:39:27] [Server thread/WARN] [sim/]: FolkData:onUpdate() 昀然 訾 还在工作
[21:39:27] [Server thread/INFO] [sim/]: FolkData: GOTOXYZ() for 昀然 訾 to 26,237,33,0 - Method:container.sim.GotoMethod2 DIM:0
[21:39:27] [Server thread/INFO] [sim/]: FolkData: GOTOXYZ() for 昀然 訾 to 21,237,33,0 - Method:container.sim.GotoMethod2 DIM:0
[21:39:27] [Server thread/WARN] [sim/]: FolkData:onUpdate() 瑾泉 ，景 还在工作
[21:39:27] [Server thread/INFO] [sim/]: FolkData: GOTOXYZ() for 瑾泉 ，景 to 26,237,33,0 - Method:container.sim.GotoMethod2 DIM:0
[21:39:27] [Server thread/INFO] [sim/]: FolkData: GOTOXYZ() for 瑾泉 ，景 to 21,237,33,0 - Method:container.sim.GotoMethod2 DIM:0
[21:39:27] [Server thread/WARN] [sim/]: FolkData:onUpdate() 昀然 訾 还在工作
[21:39:27] [Server thread/INFO] [sim/]: FolkData: GOTOXYZ() for 昀然 訾 to 26,237,33,0 - Method:container.sim.GotoMethod2 DIM:0
[21:39:27] [Server thread/INFO] [sim/]: FolkData: GOTOXYZ() for 昀然 訾 to 21,237,33,0 - Method:container.sim.GotoMethod2 DIM:0
[21:39:27] [Server thread/WARN] [sim/]: FolkData:onUpdate() 瑾泉 ，景 还在工作
[21:39:27] [Server thread/INFO] [sim/]: FolkData: GOTOXYZ() for 瑾泉 ，景 to 26,237,33,0 - Method:container.sim.GotoMethod2 DIM:0
[21:39:27] [Server thread/INFO] [sim/]: FolkData: GOTOXYZ() for 瑾泉 ，景 to 21,237,33,0 - Method:container.sim.GotoMethod2 DIM:0
[21:39:27] [Server thread/WARN] [sim/]: FolkData:onUpdate() 昀然 訾 还在工作
[21:39:27] [Server thread/INFO] [sim/]: FolkData: GOTOXYZ() for 昀然 訾 to 26,237,33,0 - Method:container.sim.GotoMethod2 DIM:0
[21:39:27] [Server thread/INFO] [sim/]: FolkData: GOTOXYZ() for 昀然 訾 to 21,237,33,0 - Method:container.sim.GotoMethod2 DIM:0
[21:39:27] [Server thread/WARN] [sim/]: FolkData:onUpdate() 瑾泉 ，景 还在工作
[21:39:27] [Server thread/INFO] [sim/]: FolkData: GOTOXYZ() for 瑾泉 ，景 to 26,237,33,0 - Method:container.sim.GotoMethod2 DIM:0
[21:39:27] [Server thread/INFO] [sim/]: FolkData: GOTOXYZ() for 瑾泉 ，景 to 21,237,33,0 - Method:container.sim.GotoMethod2 DIM:0
[21:39:27] [Server thread/WARN] [sim/]: FolkData:onUpdate() 昀然 訾 还在工作
[21:39:27] [Server thread/INFO] [sim/]: FolkData: GOTOXYZ() for 昀然 訾 to 26,237,33,0 - Method:container.sim.GotoMethod2 DIM:0
[21:39:27] [Server thread/INFO] [sim/]: FolkData: GOTOXYZ() for 昀然 訾 to 21,237,33,0 - Method:container.sim.GotoMethod2 DIM:0
[21:39:27] [Server thread/WARN] [sim/]: FolkData:onUpdate() 瑾泉 ，景 还在工作
[21:39:27] [Server thread/INFO] [sim/]: FolkData: GOTOXYZ() for 瑾泉 ，景 to 26,237,33,0 - Method:container.sim.GotoMethod2 DIM:0
[21:39:27] [Server thread/INFO] [sim/]: FolkData: GOTOXYZ() for 瑾泉 ，景 to 21,237,33,0 - Method:container.sim.GotoMethod2 DIM:0
[21:39:27] [Server thread/WARN] [sim/]: FolkData:onUpdate() 昀然 訾 还在工作
[21:39:27] [Server thread/INFO] [sim/]: FolkData: GOTOXYZ() for 昀然 訾 to 26,237,33,0 - Method:container.sim.GotoMethod2 DIM:0
[21:39:27] [Server thread/INFO] [sim/]: FolkData: GOTOXYZ() for 昀然 訾 to 21,237,33,0 - Method:container.sim.GotoMethod2 DIM:0
[21:39:27] [Server thread/WARN] [sim/]: FolkData:onUpdate() 瑾泉 ，景 还在工作
[21:39:27] [Server thread/INFO] [sim/]: FolkData: GOTOXYZ() for 瑾泉 ，景 to 26,237,33,0 - Method:container.sim.GotoMethod2 DIM:0
[21:39:27] [Server thread/INFO] [sim/]: FolkData: GOTOXYZ() for 瑾泉 ，景 to 21,237,33,0 - Method:container.sim.GotoMethod2 DIM:0
[21:39:27] [Server thread/WARN] [sim/]: FolkData:onUpdate() 昀然 訾 还在工作
[21:39:27] [Server thread/INFO] [sim/]: FolkData: GOTOXYZ() for 昀然 訾 to 26,237,33,0 - Method:container.sim.GotoMethod2 DIM:0
[21:39:27] [Server thread/INFO] [sim/]: FolkData: GOTOXYZ() for 昀然 訾 to 21,237,33,0 - Method:container.sim.GotoMethod2 DIM:0
[21:39:27] [Server thread/WARN] [sim/]: FolkData:onUpdate() 瑾泉 ，景 还在工作
[21:39:27] [Server thread/INFO] [sim/]: FolkData: GOTOXYZ() for 瑾泉 ，景 to 26,237,33,0 - Method:container.sim.GotoMethod2 DIM:0
[21:39:27] [Server thread/INFO] [sim/]: FolkData: GOTOXYZ() for 瑾泉 ，景 to 21,237,33,0 - Method:container.sim.GotoMethod2 DIM:0
[21:39:27] [Server thread/WARN] [sim/]: FolkData:onUpdate() 昀然 訾 还在工作
[21:39:27] [Server thread/INFO] [sim/]: FolkData: GOTOXYZ() for 昀然 訾 to 26,237,33,0 - Method:container.sim.GotoMethod2 DIM:0
[21:39:27] [Server thread/INFO] [sim/]: FolkData: GOTOXYZ() for 昀然 訾 to 21,237,33,0 - Method:container.sim.GotoMethod2 DIM:0
[21:39:27] [Server thread/WARN] [sim/]: FolkData:onUpdate() 瑾泉 ，景 还在工作
[21:39:27] [Server thread/INFO] [sim/]: FolkData: GOTOXYZ() for 瑾泉 ，景 to 26,237,33,0 - Method:container.sim.GotoMethod2 DIM:0
[21:39:27] [Server thread/INFO] [sim/]: FolkData: GOTOXYZ() for 瑾泉 ，景 to 21,237,33,0 - Method:container.sim.GotoMethod2 DIM:0
[21:39:27] [Server thread/WARN] [sim/]: FolkData:onUpdate() 昀然 訾 还在工作
[21:39:27] [Server thread/INFO] [sim/]: FolkData: GOTOXYZ() for 昀然 訾 to 26,237,33,0 - Method:container.sim.GotoMethod2 DIM:0
[21:39:27] [Server thread/INFO] [sim/]: FolkData: GOTOXYZ() for 昀然 訾 to 21,237,33,0 - Method:container.sim.GotoMethod2 DIM:0
[21:39:27] [Server thread/WARN] [sim/]: FolkData:onUpdate() 瑾泉 ，景 还在工作
[21:39:27] [Server thread/INFO] [sim/]: FolkData: GOTOXYZ() for 瑾泉 ，景 to 26,237,33,0 - Method:container.sim.GotoMethod2 DIM:0
[21:39:27] [Server thread/INFO] [sim/]: FolkData: GOTOXYZ() for 瑾泉 ，景 to 21,237,33,0 - Method:container.sim.GotoMethod2 DIM:0
[21:39:27] [Server thread/WARN] [sim/]: FolkData:onUpdate() 昀然 訾 还在工作
[21:39:27] [Server thread/INFO] [sim/]: FolkData: GOTOXYZ() for 昀然 訾 to 26,237,33,0 - Method:container.sim.GotoMethod2 DIM:0
[21:39:27] [Server thread/INFO] [sim/]: FolkData: GOTOXYZ() for 昀然 訾 to 21,237,33,0 - Method:container.sim.GotoMethod2 DIM:0
[21:39:27] [Server thread/WARN] [sim/]: FolkData:onUpdate() 瑾泉 ，景 还在工作
[21:39:27] [Server thread/INFO] [sim/]: FolkData: GOTOXYZ() for 瑾泉 ，景 to 26,237,33,0 - Method:container.sim.GotoMethod2 DIM:0
[21:39:27] [Server thread/INFO] [sim/]: FolkData: GOTOXYZ() for 瑾泉 ，景 to 21,237,33,0 - Method:container.sim.GotoMethod2 DIM:0
[21:39:27] [Server thread/WARN] [sim/]: FolkData:onUpdate() 昀然 訾 还在工作
[21:39:27] [Server thread/INFO] [sim/]: FolkData: GOTOXYZ() for 昀然 訾 to 26,237,33,0 - Method:container.sim.GotoMethod2 DIM:0
[21:39:27] [Server thread/INFO] [sim/]: FolkData: GOTOXYZ() for 昀然 訾 to 21,237,33,0 - Method:container.sim.GotoMethod2 DIM:0
[21:39:27] [Server thread/WARN] [sim/]: FolkData:onUpdate() 瑾泉 ，景 还在工作
[21:39:27] [Server thread/INFO] [sim/]: FolkData: GOTOXYZ() for 瑾泉 ，景 to 26,237,33,0 - Method:container.sim.GotoMethod2 DIM:0
[21:39:27] [Server thread/INFO] [sim/]: FolkData: GOTOXYZ() for 瑾泉 ，景 to 21,237,33,0 - Method:container.sim.GotoMethod2 DIM:0
[21:39:27] [Server thread/WARN] [sim/]: FolkData:onUpdate() 昀然 訾 还在工作
[21:39:27] [Server thread/INFO] [sim/]: FolkData: GOTOXYZ() for 昀然 訾 to 26,237,33,0 - Method:container.sim.GotoMethod2 DIM:0
[21:39:27] [Server thread/INFO] [sim/]: FolkData: GOTOXYZ() for 昀然 訾 to 21,237,33,0 - Method:container.sim.GotoMethod2 DIM:0
[21:39:27] [Server thread/WARN] [sim/]: FolkData:onUpdate() 瑾泉 ，景 还在工作
[21:39:27] [Server thread/INFO] [sim/]: FolkData: GOTOXYZ() for 瑾泉 ，景 to 26,237,33,0 - Method:container.sim.GotoMethod2 DIM:0
[21:39:27] [Server thread/INFO] [sim/]: FolkData: GOTOXYZ() for 瑾泉 ，景 to 21,237,33,0 - Method:container.sim.GotoMethod2 DIM:0
[21:39:27] [Server thread/WARN] [sim/]: FolkData:onUpdate() 昀然 訾 还在工作
[21:39:27] [Server thread/INFO] [sim/]: FolkData: GOTOXYZ() for 昀然 訾 to 26,237,33,0 - Method:container.sim.GotoMethod2 DIM:0
[21:39:27] [Server thread/INFO] [sim/]: FolkData: GOTOXYZ() for 昀然 訾 to 21,237,33,0 - Method:container.sim.GotoMethod2 DIM:0
[21:39:27] [Server thread/WARN] [sim/]: FolkData:onUpdate() 瑾泉 ，景 还在工作
[21:39:27] [Server thread/INFO] [sim/]: FolkData: GOTOXYZ() for 瑾泉 ，景 to 26,237,33,0 - Method:container.sim.GotoMethod2 DIM:0
[21:39:27] [Server thread/INFO] [sim/]: FolkData: GOTOXYZ() for 瑾泉 ，景 to 21,237,33,0 - Method:container.sim.GotoMethod2 DIM:0
[21:39:27] [Server thread/WARN] [sim/]: FolkData:onUpdate() 昀然 訾 还在工作
[21:39:27] [Server thread/INFO] [sim/]: FolkData: GOTOXYZ() for 昀然 訾 to 26,237,33,0 - Method:container.sim.GotoMethod2 DIM:0
[21:39:27] [Server thread/INFO] [sim/]: FolkData: GOTOXYZ() for 昀然 訾 to 21,237,33,0 - Method:container.sim.GotoMethod2 DIM:0
[21:39:27] [Server thread/WARN] [sim/]: FolkData:onUpdate() 瑾泉 ，景 还在工作
[21:39:27] [Server thread/INFO] [sim/]: FolkData: GOTOXYZ() for 瑾泉 ，景 to 26,237,33,0 - Method:container.sim.GotoMethod2 DIM:0
[21:39:27] [Server thread/INFO] [sim/]: FolkData: GOTOXYZ() for 瑾泉 ，景 to 21,237,33,0 - Method:container.sim.GotoMethod2 DIM:0
[21:39:27] [Server thread/WARN] [sim/]: FolkData:onUpdate() 昀然 訾 还在工作
[21:39:27] [Server thread/INFO] [sim/]: FolkData: GOTOXYZ() for 昀然 訾 to 26,237,33,0 - Method:container.sim.GotoMethod2 DIM:0
[21:39:27] [Server thread/INFO] [sim/]: FolkData: GOTOXYZ() for 昀然 訾 to 21,237,33,0 - Method:container.sim.GotoMethod2 DIM:0
[21:39:27] [Server thread/WARN] [sim/]: FolkData:onUpdate() 瑾泉 ，景 还在工作
[21:39:27] [Server thread/INFO] [sim/]: FolkData: GOTOXYZ() for 瑾泉 ，景 to 26,237,33,0 - Method:container.sim.GotoMethod2 DIM:0
[21:39:27] [Server thread/INFO] [sim/]: FolkData: GOTOXYZ() for 瑾泉 ，景 to 21,237,33,0 - Method:container.sim.GotoMethod2 DIM:0
[21:39:27] [Server thread/WARN] [sim/]: FolkData:onUpdate() 昀然 訾 还在工作
[21:39:27] [Server thread/INFO] [sim/]: FolkData: GOTOXYZ() for 昀然 訾 to 26,237,33,0 - Method:container.sim.GotoMethod2 DIM:0
[21:39:27] [Server thread/INFO] [sim/]: FolkData: GOTOXYZ() for 昀然 訾 to 21,237,33,0 - Method:container.sim.GotoMethod2 DIM:0
[21:39:27] [Server thread/WARN] [sim/]: FolkData:onUpdate() 瑾泉 ，景 还在工作
[21:39:27] [Server thread/INFO] [sim/]: FolkData: GOTOXYZ() for 瑾泉 ，景 to 26,237,33,0 - Method:container.sim.GotoMethod2 DIM:0
[21:39:27] [Server thread/INFO] [sim/]: FolkData: GOTOXYZ() for 瑾泉 ，景 to 21,237,33,0 - Method:container.sim.GotoMethod2 DIM:0
[21:39:27] [Server thread/WARN] [sim/]: FolkData:onUpdate() 昀然 訾 还在工作
[21:39:27] [Server thread/INFO] [sim/]: FolkData: GOTOXYZ() for 昀然 訾 to 26,237,33,0 - Method:container.sim.GotoMethod2 DIM:0
[21:39:27] [Server thread/INFO] [sim/]: FolkData: GOTOXYZ() for 昀然 訾 to 21,237,33,0 - Method:container.sim.GotoMethod2 DIM:0
[21:39:27] [Server thread/WARN] [sim/]: FolkData:onUpdate() 瑾泉 ，景 还在工作
[21:39:27] [Server thread/INFO] [sim/]: FolkData: GOTOXYZ() for 瑾泉 ，景 to 26,237,33,0 - Method:container.sim.GotoMethod2 DIM:0
[21:39:27] [Server thread/INFO] [sim/]: FolkData: GOTOXYZ() for 瑾泉 ，景 to 21,237,33,0 - Method:container.sim.GotoMethod2 DIM:0
[21:39:27] [Server thread/WARN] [sim/]: FolkData:onUpdate() 昀然 訾 还在工作
[21:39:27] [Server thread/INFO] [sim/]: FolkData: GOTOXYZ() for 昀然 訾 to 26,237,33,0 - Method:container.sim.GotoMethod2 DIM:0
[21:39:27] [Server thread/INFO] [sim/]: FolkData: GOTOXYZ() for 昀然 訾 to 21,237,33,0 - Method:container.sim.GotoMethod2 DIM:0
[21:39:27] [Server thread/WARN] [sim/]: FolkData:onUpdate() 瑾泉 ，景 还在工作
[21:39:27] [Server thread/INFO] [sim/]: FolkData: GOTOXYZ() for 瑾泉 ，景 to 26,237,33,0 - Method:container.sim.GotoMethod2 DIM:0
[21:39:27] [Server thread/INFO] [sim/]: FolkData: GOTOXYZ() for 瑾泉 ，景 to 21,237,33,0 - Method:container.sim.GotoMethod2 DIM:0
[21:39:27] [Server thread/WARN] [sim/]: FolkData:onUpdate() 昀然 訾 还在工作
[21:39:27] [Server thread/INFO] [sim/]: FolkData: GOTOXYZ() for 昀然 訾 to 26,237,33,0 - Method:container.sim.GotoMethod2 DIM:0
[21:39:27] [Server thread/INFO] [sim/]: FolkData: GOTOXYZ() for 昀然 訾 to 21,237,33,0 - Method:container.sim.GotoMethod2 DIM:0
[21:39:27] [Server thread/WARN] [sim/]: FolkData:onUpdate() 瑾泉 ，景 还在工作
[21:39:27] [Server thread/INFO] [sim/]: FolkData: GOTOXYZ() for 瑾泉 ，景 to 26,237,33,0 - Method:container.sim.GotoMethod2 DIM:0
[21:39:27] [Server thread/INFO] [sim/]: FolkData: GOTOXYZ() for 瑾泉 ，景 to 21,237,33,0 - Method:container.sim.GotoMethod2 DIM:0
[21:39:27] [Server thread/WARN] [sim/]: FolkData:onUpdate() 昀然 訾 还在工作
[21:39:27] [Server thread/INFO] [sim/]: FolkData: GOTOXYZ() for 昀然 訾 to 26,237,33,0 - Method:container.sim.GotoMethod2 DIM:0
[21:39:27] [Server thread/INFO] [sim/]: FolkData: GOTOXYZ() for 昀然 訾 to 21,237,33,0 - Method:container.sim.GotoMethod2 DIM:0
[21:39:27] [Server thread/WARN] [sim/]: FolkData:onUpdate() 瑾泉 ，景 还在工作
[21:39:27] [Server thread/INFO] [sim/]: FolkData: GOTOXYZ() for 瑾泉 ，景 to 26,237,33,0 - Method:container.sim.GotoMethod2 DIM:0
[21:39:27] [Server thread/INFO] [sim/]: FolkData: GOTOXYZ() for 瑾泉 ，景 to 21,237,33,0 - Method:container.sim.GotoMethod2 DIM:0
[21:39:27] [Server thread/WARN] [sim/]: FolkData:onUpdate() 昀然 訾 还在工作
[21:39:27] [Server thread/INFO] [sim/]: FolkData: GOTOXYZ() for 昀然 訾 to 26,237,33,0 - Method:container.sim.GotoMethod2 DIM:0
[21:39:27] [Server thread/INFO] [sim/]: FolkData: GOTOXYZ() for 昀然 訾 to 21,237,33,0 - Method:container.sim.GotoMethod2 DIM:0
[21:39:27] [Server thread/WARN] [sim/]: FolkData:onUpdate() 瑾泉 ，景 还在工作
[21:39:27] [Server thread/INFO] [sim/]: FolkData: GOTOXYZ() for 瑾泉 ，景 to 26,237,33,0 - Method:container.sim.GotoMethod2 DIM:0
[21:39:27] [Server thread/INFO] [sim/]: FolkData: GOTOXYZ() for 瑾泉 ，景 to 21,237,33,0 - Method:container.sim.GotoMethod2 DIM:0
[21:39:27] [Server thread/WARN] [sim/]: FolkData:onUpdate() 昀然 訾 还在工作
[21:39:27] [Server thread/INFO] [sim/]: FolkData: GOTOXYZ() for 昀然 訾 to 26,237,33,0 - Method:container.sim.GotoMethod2 DIM:0
[21:39:27] [Server thread/INFO] [sim/]: FolkData: GOTOXYZ() for 昀然 訾 to 21,237,33,0 - Method:container.sim.GotoMethod2 DIM:0
[21:39:27] [Server thread/WARN] [sim/]: FolkData:onUpdate() 瑾泉 ，景 还在工作
[21:39:27] [Server thread/INFO] [sim/]: FolkData: GOTOXYZ() for 瑾泉 ，景 to 26,237,33,0 - Method:container.sim.GotoMethod2 DIM:0
[21:39:27] [Server thread/INFO] [sim/]: FolkData: GOTOXYZ() for 瑾泉 ，景 to 21,237,33,0 - Method:container.sim.GotoMethod2 DIM:0
[21:39:27] [Server thread/WARN] [sim/]: FolkData:onUpdate() 昀然 訾 还在工作
[21:39:27] [Server thread/INFO] [sim/]: FolkData: GOTOXYZ() for 昀然 訾 to 26,237,33,0 - Method:container.sim.GotoMethod2 DIM:0
[21:39:27] [Server thread/INFO] [sim/]: FolkData: GOTOXYZ() for 昀然 訾 to 21,237,33,0 - Method:container.sim.GotoMethod2 DIM:0
[21:39:27] [Server thread/WARN] [sim/]: FolkData:onUpdate() 瑾泉 ，景 还在工作
[21:39:27] [Server thread/INFO] [sim/]: FolkData: GOTOXYZ() for 瑾泉 ，景 to 26,237,33,0 - Method:container.sim.GotoMethod2 DIM:0
[21:39:27] [Server thread/INFO] [sim/]: FolkData: GOTOXYZ() for 瑾泉 ，景 to 21,237,33,0 - Method:container.sim.GotoMethod2 DIM:0
[21:39:27] [Server thread/WARN] [sim/]: FolkData:onUpdate() 昀然 訾 还在工作
[21:39:27] [Server thread/INFO] [sim/]: FolkData: GOTOXYZ() for 昀然 訾 to 26,237,33,0 - Method:container.sim.GotoMethod2 DIM:0
[21:39:27] [Server thread/INFO] [sim/]: FolkData: GOTOXYZ() for 昀然 訾 to 21,237,33,0 - Method:container.sim.GotoMethod2 DIM:0
[21:39:27] [Server thread/WARN] [sim/]: FolkData:onUpdate() 瑾泉 ，景 还在工作
[21:39:27] [Server thread/INFO] [sim/]: FolkData: GOTOXYZ() for 瑾泉 ，景 to 26,237,33,0 - Method:container.sim.GotoMethod2 DIM:0
[21:39:27] [Server thread/INFO] [sim/]: FolkData: GOTOXYZ() for 瑾泉 ，景 to 21,237,33,0 - Method:container.sim.GotoMethod2 DIM:0
[21:39:27] [Server thread/WARN] [sim/]: FolkData:onUpdate() 昀然 訾 还在工作
[21:39:27] [Server thread/INFO] [sim/]: FolkData: GOTOXYZ() for 昀然 訾 to 26,237,33,0 - Method:container.sim.GotoMethod2 DIM:0
[21:39:27] [Server thread/INFO] [sim/]: FolkData: GOTOXYZ() for 昀然 訾 to 21,237,33,0 - Method:container.sim.GotoMethod2 DIM:0
[21:39:27] [Server thread/WARN] [sim/]: FolkData:onUpdate() 瑾泉 ，景 还在工作
[21:39:27] [Server thread/INFO] [sim/]: FolkData: GOTOXYZ() for 瑾泉 ，景 to 26,237,33,0 - Method:container.sim.GotoMethod2 DIM:0
[21:39:27] [Server thread/INFO] [sim/]: FolkData: GOTOXYZ() for 瑾泉 ，景 to 21,237,33,0 - Method:container.sim.GotoMethod2 DIM:0
[21:39:27] [Server thread/WARN] [sim/]: FolkData:onUpdate() 昀然 訾 还在工作
[21:39:27] [Server thread/INFO] [sim/]: FolkData: GOTOXYZ() for 昀然 訾 to 26,237,33,0 - Method:container.sim.GotoMethod2 DIM:0
[21:39:27] [Server thread/INFO] [sim/]: FolkData: GOTOXYZ() for 昀然 訾 to 21,237,33,0 - Method:container.sim.GotoMethod2 DIM:0
[21:39:27] [Server thread/WARN] [sim/]: FolkData:onUpdate() 瑾泉 ，景 还在工作
[21:39:27] [Server thread/INFO] [sim/]: FolkData: GOTOXYZ() for 瑾泉 ，景 to 26,237,33,0 - Method:container.sim.GotoMethod2 DIM:0
[21:39:27] [Server thread/INFO] [sim/]: FolkData: GOTOXYZ() for 瑾泉 ，景 to 21,237,33,0 - Method:container.sim.GotoMethod2 DIM:0
[21:39:27] [Server thread/WARN] [sim/]: FolkData:onUpdate() 昀然 訾 还在工作
[21:39:27] [Server thread/INFO] [sim/]: FolkData: GOTOXYZ() for 昀然 訾 to 26,237,33,0 - Method:container.sim.GotoMethod2 DIM:0
[21:39:27] [Server thread/INFO] [sim/]: FolkData: GOTOXYZ() for 昀然 訾 to 21,237,33,0 - Method:container.sim.GotoMethod2 DIM:0
[21:39:27] [Server thread/WARN] [sim/]: FolkData:onUpdate() 瑾泉 ，景 还在工作
[21:39:27] [Server thread/INFO] [sim/]: FolkData: GOTOXYZ() for 瑾泉 ，景 to 26,237,33,0 - Method:container.sim.GotoMethod2 DIM:0
[21:39:27] [Server thread/INFO] [sim/]: FolkData: GOTOXYZ() for 瑾泉 ，景 to 21,237,33,0 - Method:container.sim.GotoMethod2 DIM:0
[21:39:27] [Server thread/WARN] [sim/]: FolkData:onUpdate() 昀然 訾 还在工作
[21:39:27] [Server thread/INFO] [sim/]: FolkData: GOTOXYZ() for 昀然 訾 to 26,237,33,0 - Method:container.sim.GotoMethod2 DIM:0
[21:39:27] [Server thread/INFO] [sim/]: FolkData: GOTOXYZ() for 昀然 訾 to 21,237,33,0 - Method:container.sim.GotoMethod2 DIM:0
[21:39:27] [Server thread/WARN] [sim/]: FolkData:onUpdate() 瑾泉 ，景 还在工作
[21:39:27] [Server thread/INFO] [sim/]: FolkData: GOTOXYZ() for 瑾泉 ，景 to 26,237,33,0 - Method:container.sim.GotoMethod2 DIM:0
[21:39:27] [Server thread/INFO] [sim/]: FolkData: GOTOXYZ() for 瑾泉 ，景 to 21,237,33,0 - Method:container.sim.GotoMethod2 DIM:0
[21:39:27] [Server thread/WARN] [sim/]: FolkData:onUpdate() 昀然 訾 还在工作
[21:39:27] [Server thread/INFO] [sim/]: FolkData: GOTOXYZ() for 昀然 訾 to 26,237,33,0 - Method:container.sim.GotoMethod2 DIM:0
[21:39:27] [Server thread/INFO] [sim/]: FolkData: GOTOXYZ() for 昀然 訾 to 21,237,33,0 - Method:container.sim.GotoMethod2 DIM:0
[21:39:27] [Server thread/WARN] [sim/]: FolkData:onUpdate() 瑾泉 ，景 还在工作
[21:39:27] [Server thread/INFO] [sim/]: FolkData: GOTOXYZ() for 瑾泉 ，景 to 26,237,33,0 - Method:container.sim.GotoMethod2 DIM:0
[21:39:27] [Server thread/INFO] [sim/]: FolkData: GOTOXYZ() for 瑾泉 ，景 to 21,237,33,0 - Method:container.sim.GotoMethod2 DIM:0
[21:39:27] [Server thread/WARN] [sim/]: FolkData:onUpdate() 昀然 訾 还在工作
[21:39:27] [Server thread/INFO] [sim/]: FolkData: GOTOXYZ() for 昀然 訾 to 26,237,33,0 - Method:container.sim.GotoMethod2 DIM:0
[21:39:27] [Server thread/INFO] [sim/]: FolkData: GOTOXYZ() for 昀然 訾 to 21,237,33,0 - Method:container.sim.GotoMethod2 DIM:0
[21:39:27] [Server thread/WARN] [sim/]: FolkData:onUpdate() 瑾泉 ，景 还在工作
[21:39:27] [Server thread/INFO] [sim/]: FolkData: GOTOXYZ() for 瑾泉 ，景 to 26,237,33,0 - Method:container.sim.GotoMethod2 DIM:0
[21:39:27] [Server thread/INFO] [sim/]: FolkData: GOTOXYZ() for 瑾泉 ，景 to 21,237,33,0 - Method:container.sim.GotoMethod2 DIM:0
[21:39:27] [Server thread/WARN] [sim/]: FolkData:onUpdate() 昀然 訾 还在工作
[21:39:27] [Server thread/INFO] [sim/]: FolkData: GOTOXYZ() for 昀然 訾 to 26,237,33,0 - Method:container.sim.GotoMethod2 DIM:0
[21:39:27] [Server thread/INFO] [sim/]: FolkData: GOTOXYZ() for 昀然 訾 to 21,237,33,0 - Method:container.sim.GotoMethod2 DIM:0
[21:39:27] [Server thread/WARN] [sim/]: FolkData:onUpdate() 瑾泉 ，景 还在工作
[21:39:27] [Server thread/INFO] [sim/]: FolkData: GOTOXYZ() for 瑾泉 ，景 to 26,237,33,0 - Method:container.sim.GotoMethod2 DIM:0
[21:39:27] [Server thread/INFO] [sim/]: FolkData: GOTOXYZ() for 瑾泉 ，景 to 21,237,33,0 - Method:container.sim.GotoMethod2 DIM:0
[21:39:27] [Server thread/WARN] [sim/]: FolkData:onUpdate() 昀然 訾 还在工作
[21:39:27] [Server thread/INFO] [sim/]: FolkData: GOTOXYZ() for 昀然 訾 to 26,237,33,0 - Method:container.sim.GotoMethod2 DIM:0
[21:39:27] [Server thread/INFO] [sim/]: FolkData: GOTOXYZ() for 昀然 訾 to 21,237,33,0 - Method:container.sim.GotoMethod2 DIM:0
[21:39:27] [Server thread/WARN] [sim/]: FolkData:onUpdate() 瑾泉 ，景 还在工作
[21:39:27] [Server thread/INFO] [sim/]: FolkData: GOTOXYZ() for 瑾泉 ，景 to 26,237,33,0 - Method:container.sim.GotoMethod2 DIM:0
[21:39:27] [Server thread/INFO] [sim/]: FolkData: GOTOXYZ() for 瑾泉 ，景 to 21,237,33,0 - Method:container.sim.GotoMethod2 DIM:0
[21:39:27] [Server thread/WARN] [sim/]: FolkData:onUpdate() 昀然 訾 还在工作
[21:39:27] [Server thread/INFO] [sim/]: FolkData: GOTOXYZ() for 昀然 訾 to 26,237,33,0 - Method:container.sim.GotoMethod2 DIM:0
[21:39:27] [Server thread/INFO] [sim/]: FolkData: GOTOXYZ() for 昀然 訾 to 21,237,33,0 - Method:container.sim.GotoMethod2 DIM:0
[21:39:27] [Server thread/WARN] [sim/]: FolkData:onUpdate() 瑾泉 ，景 还在工作
[21:39:27] [Server thread/INFO] [sim/]: FolkData: GOTOXYZ() for 瑾泉 ，景 to 26,237,33,0 - Method:container.sim.GotoMethod2 DIM:0
[21:39:27] [Server thread/INFO] [sim/]: FolkData: GOTOXYZ() for 瑾泉 ，景 to 21,237,33,0 - Method:container.sim.GotoMethod2 DIM:0
[21:39:27] [Server thread/WARN] [sim/]: FolkData:onUpdate() 昀然 訾 还在工作
[21:39:27] [Server thread/INFO] [sim/]: FolkData: GOTOXYZ() for 昀然 訾 to 26,237,33,0 - Method:container.sim.GotoMethod2 DIM:0
[21:39:27] [Server thread/INFO] [sim/]: FolkData: GOTOXYZ() for 昀然 訾 to 21,237,33,0 - Method:container.sim.GotoMethod2 DIM:0
[21:39:27] [Server thread/WARN] [sim/]: FolkData:onUpdate() 瑾泉 ，景 还在工作
[21:39:27] [Server thread/INFO] [sim/]: FolkData: GOTOXYZ() for 瑾泉 ，景 to 26,237,33,0 - Method:container.sim.GotoMethod2 DIM:0
[21:39:27] [Server thread/INFO] [sim/]: FolkData: GOTOXYZ() for 瑾泉 ，景 to 21,237,33,0 - Method:container.sim.GotoMethod2 DIM:0
[21:39:27] [Server thread/WARN] [sim/]: FolkData:onUpdate() 昀然 訾 还在工作
[21:39:27] [Server thread/INFO] [sim/]: FolkData: GOTOXYZ() for 昀然 訾 to 26,237,33,0 - Method:container.sim.GotoMethod2 DIM:0
[21:39:27] [Server thread/INFO] [sim/]: FolkData: GOTOXYZ() for 昀然 訾 to 21,237,33,0 - Method:container.sim.GotoMethod2 DIM:0
[21:39:27] [Server thread/WARN] [sim/]: FolkData:onUpdate() 瑾泉 ，景 还在工作
[21:39:27] [Server thread/INFO] [sim/]: FolkData: GOTOXYZ() for 瑾泉 ，景 to 26,237,33,0 - Method:container.sim.GotoMethod2 DIM:0
[21:39:27] [Server thread/INFO] [sim/]: FolkData: GOTOXYZ() for 瑾泉 ，景 to 21,237,33,0 - Method:container.sim.GotoMethod2 DIM:0
[21:39:27] [Server thread/WARN] [sim/]: FolkData:onUpdate() 昀然 訾 还在工作
[21:39:27] [Server thread/INFO] [sim/]: FolkData: GOTOXYZ() for 昀然 訾 to 26,237,33,0 - Method:container.sim.GotoMethod2 DIM:0
[21:39:27] [Server thread/INFO] [sim/]: FolkData: GOTOXYZ() for 昀然 訾 to 21,237,33,0 - Method:container.sim.GotoMethod2 DIM:0
[21:39:27] [Server thread/WARN] [sim/]: FolkData:onUpdate() 瑾泉 ，景 还在工作
[21:39:27] [Server thread/INFO] [sim/]: FolkData: GOTOXYZ() for 瑾泉 ，景 to 26,237,33,0 - Method:container.sim.GotoMethod2 DIM:0
[21:39:27] [Server thread/INFO] [sim/]: FolkData: GOTOXYZ() for 瑾泉 ，景 to 21,237,33,0 - Method:container.sim.GotoMethod2 DIM:0
[21:39:27] [Server thread/WARN] [sim/]: FolkData:onUpdate() 昀然 訾 还在工作
[21:39:27] [Server thread/INFO] [sim/]: FolkData: GOTOXYZ() for 昀然 訾 to 26,237,33,0 - Method:container.sim.GotoMethod2 DIM:0
[21:39:27] [Server thread/INFO] [sim/]: FolkData: GOTOXYZ() for 昀然 訾 to 21,237,33,0 - Method:container.sim.GotoMethod2 DIM:0
[21:39:27] [Server thread/WARN] [sim/]: FolkData:onUpdate() 瑾泉 ，景 还在工作
[21:39:27] [Server thread/INFO] [sim/]: FolkData: GOTOXYZ() for 瑾泉 ，景 to 26,237,33,0 - Method:container.sim.GotoMethod2 DIM:0
[21:39:27] [Server thread/INFO] [sim/]: FolkData: GOTOXYZ() for 瑾泉 ，景 to 21,237,33,0 - Method:container.sim.GotoMethod2 DIM:0
[21:39:27] [Server thread/WARN] [sim/]: FolkData:onUpdate() 昀然 訾 还在工作
[21:39:27] [Server thread/INFO] [sim/]: FolkData: GOTOXYZ() for 昀然 訾 to 26,237,33,0 - Method:container.sim.GotoMethod2 DIM:0
[21:39:27] [Server thread/INFO] [sim/]: FolkData: GOTOXYZ() for 昀然 訾 to 21,237,33,0 - Method:container.sim.GotoMethod2 DIM:0
[21:39:27] [Server thread/WARN] [sim/]: FolkData:onUpdate() 瑾泉 ，景 还在工作
[21:39:27] [Server thread/INFO] [sim/]: FolkData: GOTOXYZ() for 瑾泉 ，景 to 26,237,33,0 - Method:container.sim.GotoMethod2 DIM:0
[21:39:27] [Server thread/INFO] [sim/]: FolkData: GOTOXYZ() for 瑾泉 ，景 to 21,237,33,0 - Method:container.sim.GotoMethod2 DIM:0
[21:39:28] [Server thread/WARN] [sim/]: FolkData:onUpdate() 昀然 訾 还在工作
[21:39:28] [Server thread/INFO] [sim/]: FolkData: GOTOXYZ() for 昀然 訾 to 26,237,33,0 - Method:container.sim.GotoMethod2 DIM:0
[21:39:28] [Server thread/INFO] [sim/]: FolkData: GOTOXYZ() for 昀然 訾 to 21,237,33,0 - Method:container.sim.GotoMethod2 DIM:0
[21:39:28] [Server thread/WARN] [sim/]: FolkData:onUpdate() 瑾泉 ，景 还在工作
[21:39:28] [Server thread/INFO] [sim/]: FolkData: GOTOXYZ() for 瑾泉 ，景 to 26,237,33,0 - Method:container.sim.GotoMethod2 DIM:0
[21:39:28] [Server thread/INFO] [sim/]: FolkData: GOTOXYZ() for 瑾泉 ，景 to 21,237,33,0 - Method:container.sim.GotoMethod2 DIM:0
[21:39:28] [Server thread/WARN] [sim/]: FolkData:onUpdate() 昀然 訾 还在工作
[21:39:28] [Server thread/INFO] [sim/]: FolkData: GOTOXYZ() for 昀然 訾 to 26,237,33,0 - Method:container.sim.GotoMethod2 DIM:0
[21:39:28] [Server thread/INFO] [sim/]: FolkData: GOTOXYZ() for 昀然 訾 to 21,237,33,0 - Method:container.sim.GotoMethod2 DIM:0
[21:39:28] [Server thread/WARN] [sim/]: FolkData:onUpdate() 瑾泉 ，景 还在工作
[21:39:28] [Server thread/INFO] [sim/]: FolkData: GOTOXYZ() for 瑾泉 ，景 to 26,237,33,0 - Method:container.sim.GotoMethod2 DIM:0
[21:39:28] [Server thread/INFO] [sim/]: FolkData: GOTOXYZ() for 瑾泉 ，景 to 21,237,33,0 - Method:container.sim.GotoMethod2 DIM:0
[21:39:28] [Server thread/WARN] [sim/]: FolkData:onUpdate() 昀然 訾 还在工作
[21:39:28] [Server thread/INFO] [sim/]: FolkData: GOTOXYZ() for 昀然 訾 to 26,237,33,0 - Method:container.sim.GotoMethod2 DIM:0
[21:39:28] [Server thread/INFO] [sim/]: FolkData: GOTOXYZ() for 昀然 訾 to 21,237,33,0 - Method:container.sim.GotoMethod2 DIM:0
[21:39:28] [Server thread/WARN] [sim/]: FolkData:onUpdate() 瑾泉 ，景 还在工作
[21:39:28] [Server thread/INFO] [sim/]: FolkData: GOTOXYZ() for 瑾泉 ，景 to 26,237,33,0 - Method:container.sim.GotoMethod2 DIM:0
[21:39:28] [Server thread/INFO] [sim/]: FolkData: GOTOXYZ() for 瑾泉 ，景 to 21,237,33,0 - Method:container.sim.GotoMethod2 DIM:0
[21:39:28] [Server thread/WARN] [sim/]: FolkData:onUpdate() 昀然 訾 还在工作
[21:39:28] [Server thread/INFO] [sim/]: FolkData: GOTOXYZ() for 昀然 訾 to 26,237,33,0 - Method:container.sim.GotoMethod2 DIM:0
[21:39:28] [Server thread/INFO] [sim/]: FolkData: GOTOXYZ() for 昀然 訾 to 21,237,33,0 - Method:container.sim.GotoMethod2 DIM:0
[21:39:28] [Server thread/WARN] [sim/]: FolkData:onUpdate() 瑾泉 ，景 还在工作
[21:39:28] [Server thread/INFO] [sim/]: FolkData: GOTOXYZ() for 瑾泉 ，景 to 26,237,33,0 - Method:container.sim.GotoMethod2 DIM:0
[21:39:28] [Server thread/INFO] [sim/]: FolkData: GOTOXYZ() for 瑾泉 ，景 to 21,237,33,0 - Method:container.sim.GotoMethod2 DIM:0
[21:39:28] [Server thread/WARN] [sim/]: FolkData:onUpdate() 昀然 訾 还在工作
[21:39:28] [Server thread/INFO] [sim/]: FolkData: GOTOXYZ() for 昀然 訾 to 26,237,33,0 - Method:container.sim.GotoMethod2 DIM:0
[21:39:28] [Server thread/INFO] [sim/]: FolkData: GOTOXYZ() for 昀然 訾 to 21,237,33,0 - Method:container.sim.GotoMethod2 DIM:0
[21:39:28] [Server thread/WARN] [sim/]: FolkData:onUpdate() 瑾泉 ，景 还在工作
[21:39:28] [Server thread/INFO] [sim/]: FolkData: GOTOXYZ() for 瑾泉 ，景 to 26,237,33,0 - Method:container.sim.GotoMethod2 DIM:0
[21:39:28] [Server thread/INFO] [sim/]: FolkData: GOTOXYZ() for 瑾泉 ，景 to 21,237,33,0 - Method:container.sim.GotoMethod2 DIM:0
[21:39:28] [Server thread/WARN] [sim/]: FolkData:onUpdate() 昀然 訾 还在工作
[21:39:28] [Server thread/INFO] [sim/]: FolkData: GOTOXYZ() for 昀然 訾 to 26,237,33,0 - Method:container.sim.GotoMethod2 DIM:0
[21:39:28] [Server thread/INFO] [sim/]: FolkData: GOTOXYZ() for 昀然 訾 to 21,237,33,0 - Method:container.sim.GotoMethod2 DIM:0
[21:39:28] [Server thread/WARN] [sim/]: FolkData:onUpdate() 瑾泉 ，景 还在工作
[21:39:28] [Server thread/INFO] [sim/]: FolkData: GOTOXYZ() for 瑾泉 ，景 to 26,237,33,0 - Method:container.sim.GotoMethod2 DIM:0
[21:39:28] [Server thread/INFO] [sim/]: FolkData: GOTOXYZ() for 瑾泉 ，景 to 21,237,33,0 - Method:container.sim.GotoMethod2 DIM:0
[21:39:28] [Server thread/WARN] [sim/]: FolkData:onUpdate() 昀然 訾 还在工作
[21:39:28] [Server thread/INFO] [sim/]: FolkData: GOTOXYZ() for 昀然 訾 to 26,237,33,0 - Method:container.sim.GotoMethod2 DIM:0
[21:39:28] [Server thread/INFO] [sim/]: FolkData: GOTOXYZ() for 昀然 訾 to 21,237,33,0 - Method:container.sim.GotoMethod2 DIM:0
[21:39:28] [Server thread/WARN] [sim/]: FolkData:onUpdate() 瑾泉 ，景 还在工作
[21:39:28] [Server thread/INFO] [sim/]: FolkData: GOTOXYZ() for 瑾泉 ，景 to 26,237,33,0 - Method:container.sim.GotoMethod2 DIM:0
[21:39:28] [Server thread/INFO] [sim/]: FolkData: GOTOXYZ() for 瑾泉 ，景 to 21,237,33,0 - Method:container.sim.GotoMethod2 DIM:0
[21:39:28] [Server thread/WARN] [sim/]: FolkData:onUpdate() 昀然 訾 还在工作
[21:39:28] [Server thread/INFO] [sim/]: FolkData: GOTOXYZ() for 昀然 訾 to 26,237,33,0 - Method:container.sim.GotoMethod2 DIM:0
[21:39:28] [Server thread/INFO] [sim/]: FolkData: GOTOXYZ() for 昀然 訾 to 21,237,33,0 - Method:container.sim.GotoMethod2 DIM:0
[21:39:28] [Server thread/WARN] [sim/]: FolkData:onUpdate() 瑾泉 ，景 还在工作
[21:39:28] [Server thread/INFO] [sim/]: FolkData: GOTOXYZ() for 瑾泉 ，景 to 26,237,33,0 - Method:container.sim.GotoMethod2 DIM:0
[21:39:28] [Server thread/INFO] [sim/]: FolkData: GOTOXYZ() for 瑾泉 ，景 to 21,237,33,0 - Method:container.sim.GotoMethod2 DIM:0
[21:39:28] [Server thread/WARN] [sim/]: FolkData:onUpdate() 昀然 訾 还在工作
[21:39:28] [Server thread/INFO] [sim/]: FolkData: GOTOXYZ() for 昀然 訾 to 26,237,33,0 - Method:container.sim.GotoMethod2 DIM:0
[21:39:28] [Server thread/INFO] [sim/]: FolkData: GOTOXYZ() for 昀然 訾 to 21,237,33,0 - Method:container.sim.GotoMethod2 DIM:0
[21:39:28] [Server thread/WARN] [sim/]: FolkData:onUpdate() 瑾泉 ，景 还在工作
[21:39:28] [Server thread/INFO] [sim/]: FolkData: GOTOXYZ() for 瑾泉 ，景 to 26,237,33,0 - Method:container.sim.GotoMethod2 DIM:0
[21:39:28] [Server thread/INFO] [sim/]: FolkData: GOTOXYZ() for 瑾泉 ，景 to 21,237,33,0 - Method:container.sim.GotoMethod2 DIM:0
[21:39:28] [Server thread/WARN] [sim/]: FolkData:onUpdate() 昀然 訾 还在工作
[21:39:28] [Server thread/INFO] [sim/]: FolkData: GOTOXYZ() for 昀然 訾 to 26,237,33,0 - Method:container.sim.GotoMethod2 DIM:0
[21:39:28] [Server thread/INFO] [sim/]: FolkData: GOTOXYZ() for 昀然 訾 to 21,237,33,0 - Method:container.sim.GotoMethod2 DIM:0
[21:39:28] [Server thread/WARN] [sim/]: FolkData:onUpdate() 瑾泉 ，景 还在工作
[21:39:28] [Server thread/INFO] [sim/]: FolkData: GOTOXYZ() for 瑾泉 ，景 to 26,237,33,0 - Method:container.sim.GotoMethod2 DIM:0
[21:39:28] [Server thread/INFO] [sim/]: FolkData: GOTOXYZ() for 瑾泉 ，景 to 21,237,33,0 - Method:container.sim.GotoMethod2 DIM:0
[21:39:28] [Server thread/WARN] [sim/]: FolkData:onUpdate() 昀然 訾 还在工作
[21:39:28] [Server thread/INFO] [sim/]: FolkData: GOTOXYZ() for 昀然 訾 to 26,237,33,0 - Method:container.sim.GotoMethod2 DIM:0
[21:39:28] [Server thread/INFO] [sim/]: FolkData: GOTOXYZ() for 昀然 訾 to 21,237,33,0 - Method:container.sim.GotoMethod2 DIM:0
[21:39:28] [Server thread/WARN] [sim/]: FolkData:onUpdate() 瑾泉 ，景 还在工作
[21:39:28] [Server thread/INFO] [sim/]: FolkData: GOTOXYZ() for 瑾泉 ，景 to 26,237,33,0 - Method:container.sim.GotoMethod2 DIM:0
[21:39:28] [Server thread/INFO] [sim/]: FolkData: GOTOXYZ() for 瑾泉 ，景 to 21,237,33,0 - Method:container.sim.GotoMethod2 DIM:0
[21:39:28] [Server thread/WARN] [sim/]: FolkData:onUpdate() 昀然 訾 还在工作
[21:39:28] [Server thread/INFO] [sim/]: FolkData: GOTOXYZ() for 昀然 訾 to 26,237,33,0 - Method:container.sim.GotoMethod2 DIM:0
[21:39:28] [Server thread/INFO] [sim/]: FolkData: GOTOXYZ() for 昀然 訾 to 21,237,33,0 - Method:container.sim.GotoMethod2 DIM:0
[21:39:28] [Server thread/WARN] [sim/]: FolkData:onUpdate() 瑾泉 ，景 还在工作
[21:39:28] [Server thread/INFO] [sim/]: FolkData: GOTOXYZ() for 瑾泉 ，景 to 26,237,33,0 - Method:container.sim.GotoMethod2 DIM:0
[21:39:28] [Server thread/INFO] [sim/]: FolkData: GOTOXYZ() for 瑾泉 ，景 to 21,237,33,0 - Method:container.sim.GotoMethod2 DIM:0
[21:39:28] [Server thread/WARN] [sim/]: FolkData:onUpdate() 昀然 訾 还在工作
[21:39:28] [Server thread/INFO] [sim/]: FolkData: GOTOXYZ() for 昀然 訾 to 26,237,33,0 - Method:container.sim.GotoMethod2 DIM:0
[21:39:28] [Server thread/INFO] [sim/]: FolkData: GOTOXYZ() for 昀然 訾 to 21,237,33,0 - Method:container.sim.GotoMethod2 DIM:0
[21:39:28] [Server thread/WARN] [sim/]: FolkData:onUpdate() 瑾泉 ，景 还在工作
[21:39:28] [Server thread/INFO] [sim/]: FolkData: GOTOXYZ() for 瑾泉 ，景 to 26,237,33,0 - Method:container.sim.GotoMethod2 DIM:0
[21:39:28] [Server thread/INFO] [sim/]: FolkData: GOTOXYZ() for 瑾泉 ，景 to 21,237,33,0 - Method:container.sim.GotoMethod2 DIM:0
[21:39:28] [Server thread/WARN] [sim/]: FolkData:onUpdate() 昀然 訾 还在工作
[21:39:28] [Server thread/INFO] [sim/]: FolkData: GOTOXYZ() for 昀然 訾 to 26,237,33,0 - Method:container.sim.GotoMethod2 DIM:0
[21:39:28] [Server thread/INFO] [sim/]: FolkData: GOTOXYZ() for 昀然 訾 to 21,237,33,0 - Method:container.sim.GotoMethod2 DIM:0
[21:39:28] [Server thread/WARN] [sim/]: FolkData:onUpdate() 瑾泉 ，景 还在工作
[21:39:28] [Server thread/INFO] [sim/]: FolkData: GOTOXYZ() for 瑾泉 ，景 to 26,237,33,0 - Method:container.sim.GotoMethod2 DIM:0
[21:39:28] [Server thread/INFO] [sim/]: FolkData: GOTOXYZ() for 瑾泉 ，景 to 21,237,33,0 - Method:container.sim.GotoMethod2 DIM:0
[21:39:28] [Server thread/WARN] [sim/]: FolkData:onUpdate() 昀然 訾 还在工作
[21:39:28] [Server thread/INFO] [sim/]: FolkData: GOTOXYZ() for 昀然 訾 to 26,237,33,0 - Method:container.sim.GotoMethod2 DIM:0
[21:39:28] [Server thread/INFO] [sim/]: FolkData: GOTOXYZ() for 昀然 訾 to 21,237,33,0 - Method:container.sim.GotoMethod2 DIM:0
[21:39:28] [Server thread/WARN] [sim/]: FolkData:onUpdate() 瑾泉 ，景 还在工作
[21:39:28] [Server thread/INFO] [sim/]: FolkData: GOTOXYZ() for 瑾泉 ，景 to 26,237,33,0 - Method:container.sim.GotoMethod2 DIM:0
[21:39:28] [Server thread/INFO] [sim/]: FolkData: GOTOXYZ() for 瑾泉 ，景 to 21,237,33,0 - Method:container.sim.GotoMethod2 DIM:0
[21:39:28] [Server thread/WARN] [sim/]: FolkData:onUpdate() 昀然 訾 还在工作
[21:39:28] [Server thread/INFO] [sim/]: FolkData: GOTOXYZ() for 昀然 訾 to 26,237,33,0 - Method:container.sim.GotoMethod2 DIM:0
[21:39:28] [Server thread/INFO] [sim/]: FolkData: GOTOXYZ() for 昀然 訾 to 21,237,33,0 - Method:container.sim.GotoMethod2 DIM:0
[21:39:28] [Server thread/WARN] [sim/]: FolkData:onUpdate() 瑾泉 ，景 还在工作
[21:39:28] [Server thread/INFO] [sim/]: FolkData: GOTOXYZ() for 瑾泉 ，景 to 26,237,33,0 - Method:container.sim.GotoMethod2 DIM:0
[21:39:28] [Server thread/INFO] [sim/]: FolkData: GOTOXYZ() for 瑾泉 ，景 to 21,237,33,0 - Method:container.sim.GotoMethod2 DIM:0
[21:39:28] [Server thread/WARN] [sim/]: FolkData:onUpdate() 昀然 訾 还在工作
[21:39:28] [Server thread/INFO] [sim/]: FolkData: GOTOXYZ() for 昀然 訾 to 26,237,33,0 - Method:container.sim.GotoMethod2 DIM:0
[21:39:28] [Server thread/INFO] [sim/]: FolkData: GOTOXYZ() for 昀然 訾 to 21,237,33,0 - Method:container.sim.GotoMethod2 DIM:0
[21:39:28] [Server thread/WARN] [sim/]: FolkData:onUpdate() 瑾泉 ，景 还在工作
[21:39:28] [Server thread/INFO] [sim/]: FolkData: GOTOXYZ() for 瑾泉 ，景 to 26,237,33,0 - Method:container.sim.GotoMethod2 DIM:0
[21:39:28] [Server thread/INFO] [sim/]: FolkData: GOTOXYZ() for 瑾泉 ，景 to 21,237,33,0 - Method:container.sim.GotoMethod2 DIM:0
[21:39:28] [Server thread/WARN] [sim/]: FolkData:onUpdate() 昀然 訾 还在工作
[21:39:28] [Server thread/INFO] [sim/]: FolkData: GOTOXYZ() for 昀然 訾 to 26,237,33,0 - Method:container.sim.GotoMethod2 DIM:0
[21:39:28] [Server thread/INFO] [sim/]: FolkData: GOTOXYZ() for 昀然 訾 to 21,237,33,0 - Method:container.sim.GotoMethod2 DIM:0
[21:39:28] [Server thread/WARN] [sim/]: FolkData:onUpdate() 瑾泉 ，景 还在工作
[21:39:28] [Server thread/INFO] [sim/]: FolkData: GOTOXYZ() for 瑾泉 ，景 to 26,237,33,0 - Method:container.sim.GotoMethod2 DIM:0
[21:39:28] [Server thread/INFO] [sim/]: FolkData: GOTOXYZ() for 瑾泉 ，景 to 21,237,33,0 - Method:container.sim.GotoMethod2 DIM:0
[21:39:28] [Server thread/WARN] [sim/]: FolkData:onUpdate() 昀然 訾 还在工作
[21:39:28] [Server thread/INFO] [sim/]: FolkData: GOTOXYZ() for 昀然 訾 to 26,237,33,0 - Method:container.sim.GotoMethod2 DIM:0
[21:39:28] [Server thread/INFO] [sim/]: FolkData: GOTOXYZ() for 昀然 訾 to 21,237,33,0 - Method:container.sim.GotoMethod2 DIM:0
[21:39:28] [Server thread/WARN] [sim/]: FolkData:onUpdate() 瑾泉 ，景 还在工作
[21:39:28] [Server thread/INFO] [sim/]: FolkData: GOTOXYZ() for 瑾泉 ，景 to 26,237,33,0 - Method:container.sim.GotoMethod2 DIM:0
[21:39:28] [Server thread/INFO] [sim/]: FolkData: GOTOXYZ() for 瑾泉 ，景 to 21,237,33,0 - Method:container.sim.GotoMethod2 DIM:0
[21:39:28] [Server thread/WARN] [sim/]: FolkData:onUpdate() 昀然 訾 还在工作
[21:39:28] [Server thread/INFO] [sim/]: FolkData: GOTOXYZ() for 昀然 訾 to 26,237,33,0 - Method:container.sim.GotoMethod2 DIM:0
[21:39:28] [Server thread/INFO] [sim/]: FolkData: GOTOXYZ() for 昀然 訾 to 21,237,33,0 - Method:container.sim.GotoMethod2 DIM:0
[21:39:28] [Server thread/WARN] [sim/]: FolkData:onUpdate() 瑾泉 ，景 还在工作
[21:39:28] [Server thread/INFO] [sim/]: FolkData: GOTOXYZ() for 瑾泉 ，景 to 26,237,33,0 - Method:container.sim.GotoMethod2 DIM:0
[21:39:28] [Server thread/INFO] [sim/]: FolkData: GOTOXYZ() for 瑾泉 ，景 to 21,237,33,0 - Method:container.sim.GotoMethod2 DIM:0
[21:39:28] [Server thread/WARN] [sim/]: FolkData:onUpdate() 昀然 訾 还在工作
[21:39:28] [Server thread/INFO] [sim/]: FolkData: GOTOXYZ() for 昀然 訾 to 26,237,33,0 - Method:container.sim.GotoMethod2 DIM:0
[21:39:28] [Server thread/INFO] [sim/]: FolkData: GOTOXYZ() for 昀然 訾 to 21,237,33,0 - Method:container.sim.GotoMethod2 DIM:0
[21:39:28] [Server thread/WARN] [sim/]: FolkData:onUpdate() 瑾泉 ，景 还在工作
[21:39:28] [Server thread/INFO] [sim/]: FolkData: GOTOXYZ() for 瑾泉 ，景 to 26,237,33,0 - Method:container.sim.GotoMethod2 DIM:0
[21:39:28] [Server thread/INFO] [sim/]: FolkData: GOTOXYZ() for 瑾泉 ，景 to 21,237,33,0 - Method:container.sim.GotoMethod2 DIM:0
[21:39:28] [Server thread/WARN] [sim/]: FolkData:onUpdate() 昀然 訾 还在工作
[21:39:28] [Server thread/INFO] [sim/]: FolkData: GOTOXYZ() for 昀然 訾 to 26,237,33,0 - Method:container.sim.GotoMethod2 DIM:0
[21:39:28] [Server thread/INFO] [sim/]: FolkData: GOTOXYZ() for 昀然 訾 to 21,237,33,0 - Method:container.sim.GotoMethod2 DIM:0
[21:39:28] [Server thread/WARN] [sim/]: FolkData:onUpdate() 瑾泉 ，景 还在工作
[21:39:28] [Server thread/INFO] [sim/]: FolkData: GOTOXYZ() for 瑾泉 ，景 to 26,237,33,0 - Method:container.sim.GotoMethod2 DIM:0
[21:39:28] [Server thread/INFO] [sim/]: FolkData: GOTOXYZ() for 瑾泉 ，景 to 21,237,33,0 - Method:container.sim.GotoMethod2 DIM:0
[21:39:28] [Server thread/WARN] [sim/]: FolkData:onUpdate() 昀然 訾 还在工作
[21:39:28] [Server thread/INFO] [sim/]: FolkData: GOTOXYZ() for 昀然 訾 to 26,237,33,0 - Method:container.sim.GotoMethod2 DIM:0
[21:39:28] [Server thread/INFO] [sim/]: FolkData: GOTOXYZ() for 昀然 訾 to 21,237,33,0 - Method:container.sim.GotoMethod2 DIM:0
[21:39:28] [Server thread/WARN] [sim/]: FolkData:onUpdate() 瑾泉 ，景 还在工作
[21:39:28] [Server thread/INFO] [sim/]: FolkData: GOTOXYZ() for 瑾泉 ，景 to 26,237,33,0 - Method:container.sim.GotoMethod2 DIM:0
[21:39:28] [Server thread/INFO] [sim/]: FolkData: GOTOXYZ() for 瑾泉 ，景 to 21,237,33,0 - Method:container.sim.GotoMethod2 DIM:0
[21:39:28] [Server thread/WARN] [sim/]: FolkData:onUpdate() 昀然 訾 还在工作
[21:39:28] [Server thread/INFO] [sim/]: FolkData: GOTOXYZ() for 昀然 訾 to 26,237,33,0 - Method:container.sim.GotoMethod2 DIM:0
[21:39:28] [Server thread/INFO] [sim/]: FolkData: GOTOXYZ() for 昀然 訾 to 21,237,33,0 - Method:container.sim.GotoMethod2 DIM:0
[21:39:28] [Server thread/WARN] [sim/]: FolkData:onUpdate() 瑾泉 ，景 还在工作
[21:39:28] [Server thread/INFO] [sim/]: FolkData: GOTOXYZ() for 瑾泉 ，景 to 26,237,33,0 - Method:container.sim.GotoMethod2 DIM:0
[21:39:28] [Server thread/INFO] [sim/]: FolkData: GOTOXYZ() for 瑾泉 ，景 to 21,237,33,0 - Method:container.sim.GotoMethod2 DIM:0
[21:39:28] [Server thread/WARN] [sim/]: FolkData:onUpdate() 昀然 訾 还在工作
[21:39:28] [Server thread/INFO] [sim/]: FolkData: GOTOXYZ() for 昀然 訾 to 26,237,33,0 - Method:container.sim.GotoMethod2 DIM:0
[21:39:28] [Server thread/INFO] [sim/]: FolkData: GOTOXYZ() for 昀然 訾 to 21,237,33,0 - Method:container.sim.GotoMethod2 DIM:0
[21:39:28] [Server thread/WARN] [sim/]: FolkData:onUpdate() 瑾泉 ，景 还在工作
[21:39:28] [Server thread/INFO] [sim/]: FolkData: GOTOXYZ() for 瑾泉 ，景 to 26,237,33,0 - Method:container.sim.GotoMethod2 DIM:0
[21:39:28] [Server thread/INFO] [sim/]: FolkData: GOTOXYZ() for 瑾泉 ，景 to 21,237,33,0 - Method:container.sim.GotoMethod2 DIM:0
[21:39:28] [Server thread/WARN] [sim/]: FolkData:onUpdate() 昀然 訾 还在工作
[21:39:28] [Server thread/INFO] [sim/]: FolkData: GOTOXYZ() for 昀然 訾 to 26,237,33,0 - Method:container.sim.GotoMethod2 DIM:0
[21:39:28] [Server thread/INFO] [sim/]: FolkData: GOTOXYZ() for 昀然 訾 to 21,237,33,0 - Method:container.sim.GotoMethod2 DIM:0
[21:39:28] [Server thread/WARN] [sim/]: FolkData:onUpdate() 瑾泉 ，景 还在工作
[21:39:28] [Server thread/INFO] [sim/]: FolkData: GOTOXYZ() for 瑾泉 ，景 to 26,237,33,0 - Method:container.sim.GotoMethod2 DIM:0
[21:39:28] [Server thread/INFO] [sim/]: FolkData: GOTOXYZ() for 瑾泉 ，景 to 21,237,33,0 - Method:container.sim.GotoMethod2 DIM:0
[21:39:28] [Server thread/WARN] [sim/]: FolkData:onUpdate() 昀然 訾 还在工作
[21:39:28] [Server thread/INFO] [sim/]: FolkData: GOTOXYZ() for 昀然 訾 to 26,237,33,0 - Method:container.sim.GotoMethod2 DIM:0
[21:39:28] [Server thread/INFO] [sim/]: FolkData: GOTOXYZ() for 昀然 訾 to 21,237,33,0 - Method:container.sim.GotoMethod2 DIM:0
[21:39:28] [Server thread/WARN] [sim/]: FolkData:onUpdate() 瑾泉 ，景 还在工作
[21:39:28] [Server thread/INFO] [sim/]: FolkData: GOTOXYZ() for 瑾泉 ，景 to 26,237,33,0 - Method:container.sim.GotoMethod2 DIM:0
[21:39:28] [Server thread/INFO] [sim/]: FolkData: GOTOXYZ() for 瑾泉 ，景 to 21,237,33,0 - Method:container.sim.GotoMethod2 DIM:0
[21:39:28] [Server thread/WARN] [sim/]: FolkData:onUpdate() 昀然 訾 还在工作
[21:39:28] [Server thread/INFO] [sim/]: FolkData: GOTOXYZ() for 昀然 訾 to 26,237,33,0 - Method:container.sim.GotoMethod2 DIM:0
[21:39:28] [Server thread/INFO] [sim/]: FolkData: GOTOXYZ() for 昀然 訾 to 21,237,33,0 - Method:container.sim.GotoMethod2 DIM:0
[21:39:28] [Server thread/WARN] [sim/]: FolkData:onUpdate() 瑾泉 ，景 还在工作
[21:39:28] [Server thread/INFO] [sim/]: FolkData: GOTOXYZ() for 瑾泉 ，景 to 26,237,33,0 - Method:container.sim.GotoMethod2 DIM:0
[21:39:28] [Server thread/INFO] [sim/]: FolkData: GOTOXYZ() for 瑾泉 ，景 to 21,237,33,0 - Method:container.sim.GotoMethod2 DIM:0
[21:39:28] [Server thread/WARN] [sim/]: FolkData:onUpdate() 昀然 訾 还在工作
[21:39:28] [Server thread/INFO] [sim/]: FolkData: GOTOXYZ() for 昀然 訾 to 26,237,33,0 - Method:container.sim.GotoMethod2 DIM:0
[21:39:28] [Server thread/INFO] [sim/]: FolkData: GOTOXYZ() for 昀然 訾 to 21,237,33,0 - Method:container.sim.GotoMethod2 DIM:0
[21:39:28] [Server thread/WARN] [sim/]: FolkData:onUpdate() 瑾泉 ，景 还在工作
[21:39:28] [Server thread/INFO] [sim/]: FolkData: GOTOXYZ() for 瑾泉 ，景 to 26,237,33,0 - Method:container.sim.GotoMethod2 DIM:0
[21:39:28] [Server thread/INFO] [sim/]: FolkData: GOTOXYZ() for 瑾泉 ，景 to 21,237,33,0 - Method:container.sim.GotoMethod2 DIM:0
[21:39:28] [Server thread/WARN] [sim/]: FolkData:onUpdate() 昀然 訾 还在工作
[21:39:28] [Server thread/INFO] [sim/]: FolkData: GOTOXYZ() for 昀然 訾 to 26,237,33,0 - Method:container.sim.GotoMethod2 DIM:0
[21:39:28] [Server thread/INFO] [sim/]: FolkData: GOTOXYZ() for 昀然 訾 to 21,237,33,0 - Method:container.sim.GotoMethod2 DIM:0
[21:39:28] [Server thread/WARN] [sim/]: FolkData:onUpdate() 瑾泉 ，景 还在工作
[21:39:28] [Server thread/INFO] [sim/]: FolkData: GOTOXYZ() for 瑾泉 ，景 to 26,237,33,0 - Method:container.sim.GotoMethod2 DIM:0
[21:39:28] [Server thread/INFO] [sim/]: FolkData: GOTOXYZ() for 瑾泉 ，景 to 21,237,33,0 - Method:container.sim.GotoMethod2 DIM:0
[21:39:28] [Server thread/WARN] [sim/]: FolkData:onUpdate() 昀然 訾 还在工作
[21:39:28] [Server thread/INFO] [sim/]: FolkData: GOTOXYZ() for 昀然 訾 to 26,237,33,0 - Method:container.sim.GotoMethod2 DIM:0
[21:39:28] [Server thread/INFO] [sim/]: FolkData: GOTOXYZ() for 昀然 訾 to 21,237,33,0 - Method:container.sim.GotoMethod2 DIM:0
[21:39:28] [Server thread/WARN] [sim/]: FolkData:onUpdate() 瑾泉 ，景 还在工作
[21:39:28] [Server thread/INFO] [sim/]: FolkData: GOTOXYZ() for 瑾泉 ，景 to 26,237,33,0 - Method:container.sim.GotoMethod2 DIM:0
[21:39:28] [Server thread/INFO] [sim/]: FolkData: GOTOXYZ() for 瑾泉 ，景 to 21,237,33,0 - Method:container.sim.GotoMethod2 DIM:0
[21:39:28] [Server thread/WARN] [sim/]: FolkData:onUpdate() 昀然 訾 还在工作
[21:39:28] [Server thread/INFO] [sim/]: FolkData: GOTOXYZ() for 昀然 訾 to 26,237,33,0 - Method:container.sim.GotoMethod2 DIM:0
[21:39:28] [Server thread/INFO] [sim/]: FolkData: GOTOXYZ() for 昀然 訾 to 21,237,33,0 - Method:container.sim.GotoMethod2 DIM:0
[21:39:28] [Server thread/WARN] [sim/]: FolkData:onUpdate() 瑾泉 ，景 还在工作
[21:39:28] [Server thread/INFO] [sim/]: FolkData: GOTOXYZ() for 瑾泉 ，景 to 26,237,33,0 - Method:container.sim.GotoMethod2 DIM:0
[21:39:28] [Server thread/INFO] [sim/]: FolkData: GOTOXYZ() for 瑾泉 ，景 to 21,237,33,0 - Method:container.sim.GotoMethod2 DIM:0
[21:39:28] [Server thread/WARN] [sim/]: FolkData:onUpdate() 昀然 訾 还在工作
[21:39:28] [Server thread/INFO] [sim/]: FolkData: GOTOXYZ() for 昀然 訾 to 26,237,33,0 - Method:container.sim.GotoMethod2 DIM:0
[21:39:28] [Server thread/INFO] [sim/]: FolkData: GOTOXYZ() for 昀然 訾 to 21,237,33,0 - Method:container.sim.GotoMethod2 DIM:0
[21:39:28] [Server thread/WARN] [sim/]: FolkData:onUpdate() 瑾泉 ，景 还在工作
[21:39:28] [Server thread/INFO] [sim/]: FolkData: GOTOXYZ() for 瑾泉 ，景 to 26,237,33,0 - Method:container.sim.GotoMethod2 DIM:0
[21:39:28] [Server thread/INFO] [sim/]: FolkData: GOTOXYZ() for 瑾泉 ，景 to 21,237,33,0 - Method:container.sim.GotoMethod2 DIM:0
[21:39:28] [Server thread/WARN] [sim/]: FolkData:onUpdate() 昀然 訾 还在工作
[21:39:28] [Server thread/INFO] [sim/]: FolkData: GOTOXYZ() for 昀然 訾 to 26,237,33,0 - Method:container.sim.GotoMethod2 DIM:0
[21:39:28] [Server thread/INFO] [sim/]: FolkData: GOTOXYZ() for 昀然 訾 to 21,237,33,0 - Method:container.sim.GotoMethod2 DIM:0
[21:39:28] [Server thread/WARN] [sim/]: FolkData:onUpdate() 瑾泉 ，景 还在工作
[21:39:28] [Server thread/INFO] [sim/]: FolkData: GOTOXYZ() for 瑾泉 ，景 to 26,237,33,0 - Method:container.sim.GotoMethod2 DIM:0
[21:39:28] [Server thread/INFO] [sim/]: FolkData: GOTOXYZ() for 瑾泉 ，景 to 21,237,33,0 - Method:container.sim.GotoMethod2 DIM:0
[21:39:28] [Server thread/WARN] [sim/]: FolkData:onUpdate() 昀然 訾 还在工作
[21:39:28] [Server thread/INFO] [sim/]: FolkData: GOTOXYZ() for 昀然 訾 to 26,237,33,0 - Method:container.sim.GotoMethod2 DIM:0
[21:39:28] [Server thread/INFO] [sim/]: FolkData: GOTOXYZ() for 昀然 訾 to 21,237,33,0 - Method:container.sim.GotoMethod2 DIM:0
[21:39:28] [Server thread/WARN] [sim/]: FolkData:onUpdate() 瑾泉 ，景 还在工作
[21:39:28] [Server thread/INFO] [sim/]: FolkData: GOTOXYZ() for 瑾泉 ，景 to 26,237,33,0 - Method:container.sim.GotoMethod2 DIM:0
[21:39:28] [Server thread/INFO] [sim/]: FolkData: GOTOXYZ() for 瑾泉 ，景 to 21,237,33,0 - Method:container.sim.GotoMethod2 DIM:0
[21:39:28] [Server thread/WARN] [sim/]: FolkData:onUpdate() 昀然 訾 还在工作
[21:39:28] [Server thread/INFO] [sim/]: FolkData: GOTOXYZ() for 昀然 訾 to 26,237,33,0 - Method:container.sim.GotoMethod2 DIM:0
[21:39:28] [Server thread/INFO] [sim/]: FolkData: GOTOXYZ() for 昀然 訾 to 21,237,33,0 - Method:container.sim.GotoMethod2 DIM:0
[21:39:28] [Server thread/WARN] [sim/]: FolkData:onUpdate() 瑾泉 ，景 还在工作
[21:39:28] [Server thread/INFO] [sim/]: FolkData: GOTOXYZ() for 瑾泉 ，景 to 26,237,33,0 - Method:container.sim.GotoMethod2 DIM:0
[21:39:28] [Server thread/INFO] [sim/]: FolkData: GOTOXYZ() for 瑾泉 ，景 to 21,237,33,0 - Method:container.sim.GotoMethod2 DIM:0
[21:39:28] [Server thread/WARN] [sim/]: FolkData:onUpdate() 昀然 訾 还在工作
[21:39:28] [Server thread/INFO] [sim/]: FolkData: GOTOXYZ() for 昀然 訾 to 26,237,33,0 - Method:container.sim.GotoMethod2 DIM:0
[21:39:28] [Server thread/INFO] [sim/]: FolkData: GOTOXYZ() for 昀然 訾 to 21,237,33,0 - Method:container.sim.GotoMethod2 DIM:0
[21:39:28] [Server thread/WARN] [sim/]: FolkData:onUpdate() 瑾泉 ，景 还在工作
[21:39:28] [Server thread/INFO] [sim/]: FolkData: GOTOXYZ() for 瑾泉 ，景 to 26,237,33,0 - Method:container.sim.GotoMethod2 DIM:0
[21:39:28] [Server thread/INFO] [sim/]: FolkData: GOTOXYZ() for 瑾泉 ，景 to 21,237,33,0 - Method:container.sim.GotoMethod2 DIM:0
[21:39:28] [Server thread/WARN] [sim/]: FolkData:onUpdate() 昀然 訾 还在工作
[21:39:28] [Server thread/INFO] [sim/]: FolkData: GOTOXYZ() for 昀然 訾 to 26,237,33,0 - Method:container.sim.GotoMethod2 DIM:0
[21:39:28] [Server thread/INFO] [sim/]: FolkData: GOTOXYZ() for 昀然 訾 to 21,237,33,0 - Method:container.sim.GotoMethod2 DIM:0
[21:39:28] [Server thread/WARN] [sim/]: FolkData:onUpdate() 瑾泉 ，景 还在工作
[21:39:28] [Server thread/INFO] [sim/]: FolkData: GOTOXYZ() for 瑾泉 ，景 to 26,237,33,0 - Method:container.sim.GotoMethod2 DIM:0
[21:39:28] [Server thread/INFO] [sim/]: FolkData: GOTOXYZ() for 瑾泉 ，景 to 21,237,33,0 - Method:container.sim.GotoMethod2 DIM:0
[21:39:28] [Server thread/WARN] [sim/]: FolkData:onUpdate() 昀然 訾 还在工作
[21:39:28] [Server thread/INFO] [sim/]: FolkData: GOTOXYZ() for 昀然 訾 to 26,237,33,0 - Method:container.sim.GotoMethod2 DIM:0
[21:39:28] [Server thread/INFO] [sim/]: FolkData: GOTOXYZ() for 昀然 訾 to 21,237,33,0 - Method:container.sim.GotoMethod2 DIM:0
[21:39:28] [Server thread/WARN] [sim/]: FolkData:onUpdate() 瑾泉 ，景 还在工作
[21:39:28] [Server thread/INFO] [sim/]: FolkData: GOTOXYZ() for 瑾泉 ，景 to 26,237,33,0 - Method:container.sim.GotoMethod2 DIM:0
[21:39:28] [Server thread/INFO] [sim/]: FolkData: GOTOXYZ() for 瑾泉 ，景 to 21,237,33,0 - Method:container.sim.GotoMethod2 DIM:0
[21:39:28] [Server thread/WARN] [sim/]: FolkData:onUpdate() 昀然 訾 还在工作
[21:39:28] [Server thread/INFO] [sim/]: FolkData: GOTOXYZ() for 昀然 訾 to 26,237,33,0 - Method:container.sim.GotoMethod2 DIM:0
[21:39:28] [Server thread/INFO] [sim/]: FolkData: GOTOXYZ() for 昀然 訾 to 21,237,33,0 - Method:container.sim.GotoMethod2 DIM:0
[21:39:28] [Server thread/WARN] [sim/]: FolkData:onUpdate() 瑾泉 ，景 还在工作
[21:39:28] [Server thread/INFO] [sim/]: FolkData: GOTOXYZ() for 瑾泉 ，景 to 26,237,33,0 - Method:container.sim.GotoMethod2 DIM:0
[21:39:28] [Server thread/INFO] [sim/]: FolkData: GOTOXYZ() for 瑾泉 ，景 to 21,237,33,0 - Method:container.sim.GotoMethod2 DIM:0
[21:39:29] [Server thread/WARN] [sim/]: FolkData:onUpdate() 昀然 訾 还在工作
[21:39:29] [Server thread/INFO] [sim/]: FolkData: GOTOXYZ() for 昀然 訾 to 26,237,33,0 - Method:container.sim.GotoMethod2 DIM:0
[21:39:29] [Server thread/INFO] [sim/]: FolkData: GOTOXYZ() for 昀然 訾 to 21,237,33,0 - Method:container.sim.GotoMethod2 DIM:0
[21:39:29] [Server thread/WARN] [sim/]: FolkData:onUpdate() 瑾泉 ，景 还在工作
[21:39:29] [Server thread/INFO] [sim/]: FolkData: GOTOXYZ() for 瑾泉 ，景 to 26,237,33,0 - Method:container.sim.GotoMethod2 DIM:0
[21:39:29] [Server thread/INFO] [sim/]: FolkData: GOTOXYZ() for 瑾泉 ，景 to 21,237,33,0 - Method:container.sim.GotoMethod2 DIM:0
[21:39:29] [Server thread/WARN] [sim/]: FolkData:onUpdate() 昀然 訾 还在工作
[21:39:29] [Server thread/INFO] [sim/]: FolkData: GOTOXYZ() for 昀然 訾 to 26,237,33,0 - Method:container.sim.GotoMethod2 DIM:0
[21:39:29] [Server thread/INFO] [sim/]: FolkData: GOTOXYZ() for 昀然 訾 to 21,237,33,0 - Method:container.sim.GotoMethod2 DIM:0
[21:39:29] [Server thread/WARN] [sim/]: FolkData:onUpdate() 瑾泉 ，景 还在工作
[21:39:29] [Server thread/INFO] [sim/]: FolkData: GOTOXYZ() for 瑾泉 ，景 to 26,237,33,0 - Method:container.sim.GotoMethod2 DIM:0
[21:39:29] [Server thread/INFO] [sim/]: FolkData: GOTOXYZ() for 瑾泉 ，景 to 21,237,33,0 - Method:container.sim.GotoMethod2 DIM:0
[21:39:29] [Server thread/WARN] [sim/]: FolkData:onUpdate() 昀然 訾 还在工作
[21:39:29] [Server thread/INFO] [sim/]: FolkData: GOTOXYZ() for 昀然 訾 to 26,237,33,0 - Method:container.sim.GotoMethod2 DIM:0
[21:39:29] [Server thread/INFO] [sim/]: FolkData: GOTOXYZ() for 昀然 訾 to 21,237,33,0 - Method:container.sim.GotoMethod2 DIM:0
[21:39:29] [Server thread/WARN] [sim/]: FolkData:onUpdate() 瑾泉 ，景 还在工作
[21:39:29] [Server thread/INFO] [sim/]: FolkData: GOTOXYZ() for 瑾泉 ，景 to 26,237,33,0 - Method:container.sim.GotoMethod2 DIM:0
[21:39:29] [Server thread/INFO] [sim/]: FolkData: GOTOXYZ() for 瑾泉 ，景 to 21,237,33,0 - Method:container.sim.GotoMethod2 DIM:0
[21:39:29] [Server thread/WARN] [sim/]: FolkData:onUpdate() 昀然 訾 还在工作
[21:39:29] [Server thread/INFO] [sim/]: FolkData: GOTOXYZ() for 昀然 訾 to 26,237,33,0 - Method:container.sim.GotoMethod2 DIM:0
[21:39:29] [Server thread/INFO] [sim/]: FolkData: GOTOXYZ() for 昀然 訾 to 21,237,33,0 - Method:container.sim.GotoMethod2 DIM:0
[21:39:29] [Server thread/WARN] [sim/]: FolkData:onUpdate() 瑾泉 ，景 还在工作
[21:39:29] [Server thread/INFO] [sim/]: FolkData: GOTOXYZ() for 瑾泉 ，景 to 26,237,33,0 - Method:container.sim.GotoMethod2 DIM:0
[21:39:29] [Server thread/INFO] [sim/]: FolkData: GOTOXYZ() for 瑾泉 ，景 to 21,237,33,0 - Method:container.sim.GotoMethod2 DIM:0
[21:39:29] [Server thread/WARN] [sim/]: FolkData:onUpdate() 昀然 訾 还在工作
[21:39:29] [Server thread/INFO] [sim/]: FolkData: GOTOXYZ() for 昀然 訾 to 26,237,33,0 - Method:container.sim.GotoMethod2 DIM:0
[21:39:29] [Server thread/INFO] [sim/]: FolkData: GOTOXYZ() for 昀然 訾 to 21,237,33,0 - Method:container.sim.GotoMethod2 DIM:0
[21:39:29] [Server thread/WARN] [sim/]: FolkData:onUpdate() 瑾泉 ，景 还在工作
[21:39:29] [Server thread/INFO] [sim/]: FolkData: GOTOXYZ() for 瑾泉 ，景 to 26,237,33,0 - Method:container.sim.GotoMethod2 DIM:0
[21:39:29] [Server thread/INFO] [sim/]: FolkData: GOTOXYZ() for 瑾泉 ，景 to 21,237,33,0 - Method:container.sim.GotoMethod2 DIM:0
[21:39:29] [Server thread/WARN] [sim/]: FolkData:onUpdate() 昀然 訾 还在工作
[21:39:29] [Server thread/INFO] [sim/]: FolkData: GOTOXYZ() for 昀然 訾 to 26,237,33,0 - Method:container.sim.GotoMethod2 DIM:0
[21:39:29] [Server thread/INFO] [sim/]: FolkData: GOTOXYZ() for 昀然 訾 to 21,237,33,0 - Method:container.sim.GotoMethod2 DIM:0
[21:39:29] [Server thread/WARN] [sim/]: FolkData:onUpdate() 瑾泉 ，景 还在工作
[21:39:29] [Server thread/INFO] [sim/]: FolkData: GOTOXYZ() for 瑾泉 ，景 to 26,237,33,0 - Method:container.sim.GotoMethod2 DIM:0
[21:39:29] [Server thread/INFO] [sim/]: FolkData: GOTOXYZ() for 瑾泉 ，景 to 21,237,33,0 - Method:container.sim.GotoMethod2 DIM:0
[21:39:29] [Server thread/WARN] [sim/]: FolkData:onUpdate() 昀然 訾 还在工作
[21:39:29] [Server thread/INFO] [sim/]: FolkData: GOTOXYZ() for 昀然 訾 to 26,237,33,0 - Method:container.sim.GotoMethod2 DIM:0
[21:39:29] [Server thread/INFO] [sim/]: FolkData: GOTOXYZ() for 昀然 訾 to 21,237,33,0 - Method:container.sim.GotoMethod2 DIM:0
[21:39:29] [Server thread/WARN] [sim/]: FolkData:onUpdate() 瑾泉 ，景 还在工作
[21:39:29] [Server thread/INFO] [sim/]: FolkData: GOTOXYZ() for 瑾泉 ，景 to 26,237,33,0 - Method:container.sim.GotoMethod2 DIM:0
[21:39:29] [Server thread/INFO] [sim/]: FolkData: GOTOXYZ() for 瑾泉 ，景 to 21,237,33,0 - Method:container.sim.GotoMethod2 DIM:0
[21:39:29] [Server thread/WARN] [sim/]: FolkData:onUpdate() 昀然 訾 还在工作
[21:39:29] [Server thread/INFO] [sim/]: FolkData: GOTOXYZ() for 昀然 訾 to 26,237,33,0 - Method:container.sim.GotoMethod2 DIM:0
[21:39:29] [Server thread/INFO] [sim/]: FolkData: GOTOXYZ() for 昀然 訾 to 21,237,33,0 - Method:container.sim.GotoMethod2 DIM:0
[21:39:29] [Server thread/WARN] [sim/]: FolkData:onUpdate() 瑾泉 ，景 还在工作
[21:39:29] [Server thread/INFO] [sim/]: FolkData: GOTOXYZ() for 瑾泉 ，景 to 26,237,33,0 - Method:container.sim.GotoMethod2 DIM:0
[21:39:29] [Server thread/INFO] [sim/]: FolkData: GOTOXYZ() for 瑾泉 ，景 to 21,237,33,0 - Method:container.sim.GotoMethod2 DIM:0
[21:39:29] [Server thread/WARN] [sim/]: FolkData:onUpdate() 昀然 訾 还在工作
[21:39:29] [Server thread/INFO] [sim/]: FolkData: GOTOXYZ() for 昀然 訾 to 26,237,33,0 - Method:container.sim.GotoMethod2 DIM:0
[21:39:29] [Server thread/INFO] [sim/]: FolkData: GOTOXYZ() for 昀然 訾 to 21,237,33,0 - Method:container.sim.GotoMethod2 DIM:0
[21:39:29] [Server thread/WARN] [sim/]: FolkData:onUpdate() 瑾泉 ，景 还在工作
[21:39:29] [Server thread/INFO] [sim/]: FolkData: GOTOXYZ() for 瑾泉 ，景 to 26,237,33,0 - Method:container.sim.GotoMethod2 DIM:0
[21:39:29] [Server thread/INFO] [sim/]: FolkData: GOTOXYZ() for 瑾泉 ，景 to 21,237,33,0 - Method:container.sim.GotoMethod2 DIM:0
[21:39:29] [Server thread/INFO] [sim/]: FolkData: GOTOXYZ() for 展鹏 赖 to 9,237,-37,0 - Method:container.sim.GotoMethod1 DIM:0
[21:39:29] [Server thread/INFO] [sim/]: FolkData: BeamMeTo() for 展鹏 赖 to 9,238,-36,0 Dim:0
[21:39:29] [Server thread/WARN] [sim/]: FolkData:onUpdate() 昀然 訾 还在工作
[21:39:29] [Server thread/INFO] [sim/]: FolkData: GOTOXYZ() for 昀然 訾 to 26,237,33,0 - Method:container.sim.GotoMethod2 DIM:0
[21:39:29] [Server thread/INFO] [sim/]: FolkData: GOTOXYZ() for 昀然 訾 to 21,237,33,0 - Method:container.sim.GotoMethod2 DIM:0
[21:39:29] [Server thread/WARN] [sim/]: FolkData:onUpdate() 瑾泉 ，景 还在工作
[21:39:29] [Server thread/INFO] [sim/]: FolkData: GOTOXYZ() for 瑾泉 ，景 to 26,237,33,0 - Method:container.sim.GotoMethod2 DIM:0
[21:39:29] [Server thread/INFO] [sim/]: FolkData: GOTOXYZ() for 瑾泉 ，景 to 21,237,33,0 - Method:container.sim.GotoMethod2 DIM:0
[21:39:29] [Server thread/WARN] [sim/]: FolkData:onUpdate() 昀然 訾 还在工作
[21:39:29] [Server thread/INFO] [sim/]: FolkData: GOTOXYZ() for 昀然 訾 to 26,237,33,0 - Method:container.sim.GotoMethod2 DIM:0
[21:39:29] [Server thread/INFO] [sim/]: FolkData: GOTOXYZ() for 昀然 訾 to 21,237,33,0 - Method:container.sim.GotoMethod2 DIM:0
[21:39:29] [Server thread/WARN] [sim/]: FolkData:onUpdate() 瑾泉 ，景 还在工作
[21:39:29] [Server thread/INFO] [sim/]: FolkData: GOTOXYZ() for 瑾泉 ，景 to 26,237,33,0 - Method:container.sim.GotoMethod2 DIM:0
[21:39:29] [Server thread/INFO] [sim/]: FolkData: GOTOXYZ() for 瑾泉 ，景 to 21,237,33,0 - Method:container.sim.GotoMethod2 DIM:0
[21:39:29] [Server thread/INFO] [sim/]: FolkData: doBeaming() 完成 靖宇 鬱 to 21,238,3,0 (dim 0)
[21:39:29] [Server thread/WARN] [sim/]: FolkData:onUpdate() 昀然 訾 还在工作
[21:39:29] [Server thread/INFO] [sim/]: FolkData: GOTOXYZ() for 昀然 訾 to 26,237,33,0 - Method:container.sim.GotoMethod2 DIM:0
[21:39:29] [Server thread/INFO] [sim/]: FolkData: GOTOXYZ() for 昀然 訾 to 21,237,33,0 - Method:container.sim.GotoMethod2 DIM:0
[21:39:29] [Server thread/WARN] [sim/]: FolkData:onUpdate() 瑾泉 ，景 还在工作
[21:39:29] [Server thread/INFO] [sim/]: FolkData: GOTOXYZ() for 瑾泉 ，景 to 26,237,33,0 - Method:container.sim.GotoMethod2 DIM:0
[21:39:29] [Server thread/INFO] [sim/]: FolkData: GOTOXYZ() for 瑾泉 ，景 to 21,237,33,0 - Method:container.sim.GotoMethod2 DIM:0
[21:39:29] [Server thread/WARN] [sim/]: FolkData:onUpdate() 昀然 訾 还在工作
[21:39:29] [Server thread/INFO] [sim/]: FolkData: GOTOXYZ() for 昀然 訾 to 26,237,33,0 - Method:container.sim.GotoMethod2 DIM:0
[21:39:29] [Server thread/INFO] [sim/]: FolkData: GOTOXYZ() for 昀然 訾 to 21,237,33,0 - Method:container.sim.GotoMethod2 DIM:0
[21:39:29] [Server thread/WARN] [sim/]: FolkData:onUpdate() 瑾泉 ，景 还在工作
[21:39:29] [Server thread/INFO] [sim/]: FolkData: GOTOXYZ() for 瑾泉 ，景 to 26,237,33,0 - Method:container.sim.GotoMethod2 DIM:0
[21:39:29] [Server thread/INFO] [sim/]: FolkData: GOTOXYZ() for 瑾泉 ，景 to 21,237,33,0 - Method:container.sim.GotoMethod2 DIM:0
[21:39:29] [Server thread/WARN] [sim/]: FolkData:onUpdate() 昀然 訾 还在工作
[21:39:29] [Server thread/INFO] [sim/]: FolkData: GOTOXYZ() for 昀然 訾 to 26,237,33,0 - Method:container.sim.GotoMethod2 DIM:0
[21:39:29] [Server thread/INFO] [sim/]: FolkData: GOTOXYZ() for 昀然 訾 to 21,237,33,0 - Method:container.sim.GotoMethod2 DIM:0
[21:39:29] [Server thread/WARN] [sim/]: FolkData:onUpdate() 瑾泉 ，景 还在工作
[21:39:29] [Server thread/INFO] [sim/]: FolkData: GOTOXYZ() for 瑾泉 ，景 to 26,237,33,0 - Method:container.sim.GotoMethod2 DIM:0
[21:39:29] [Server thread/INFO] [sim/]: FolkData: GOTOXYZ() for 瑾泉 ，景 to 21,237,33,0 - Method:container.sim.GotoMethod2 DIM:0
[21:39:29] [Server thread/WARN] [sim/]: FolkData:onUpdate() 昀然 訾 还在工作
[21:39:29] [Server thread/INFO] [sim/]: FolkData: GOTOXYZ() for 昀然 訾 to 26,237,33,0 - Method:container.sim.GotoMethod2 DIM:0
[21:39:29] [Server thread/INFO] [sim/]: FolkData: GOTOXYZ() for 昀然 訾 to 21,237,33,0 - Method:container.sim.GotoMethod2 DIM:0
[21:39:29] [Server thread/WARN] [sim/]: FolkData:onUpdate() 瑾泉 ，景 还在工作
[21:39:29] [Server thread/INFO] [sim/]: FolkData: GOTOXYZ() for 瑾泉 ，景 to 26,237,33,0 - Method:container.sim.GotoMethod2 DIM:0
[21:39:29] [Server thread/INFO] [sim/]: FolkData: GOTOXYZ() for 瑾泉 ，景 to 21,237,33,0 - Method:container.sim.GotoMethod2 DIM:0
[21:39:29] [Server thread/WARN] [sim/]: FolkData:onUpdate() 昀然 訾 还在工作
[21:39:29] [Server thread/INFO] [sim/]: FolkData: GOTOXYZ() for 昀然 訾 to 26,237,33,0 - Method:container.sim.GotoMethod2 DIM:0
[21:39:29] [Server thread/INFO] [sim/]: FolkData: GOTOXYZ() for 昀然 訾 to 21,237,33,0 - Method:container.sim.GotoMethod2 DIM:0
[21:39:29] [Server thread/WARN] [sim/]: FolkData:onUpdate() 瑾泉 ，景 还在工作
[21:39:29] [Server thread/INFO] [sim/]: FolkData: GOTOXYZ() for 瑾泉 ，景 to 26,237,33,0 - Method:container.sim.GotoMethod2 DIM:0
[21:39:29] [Server thread/INFO] [sim/]: FolkData: GOTOXYZ() for 瑾泉 ，景 to 21,237,33,0 - Method:container.sim.GotoMethod2 DIM:0
[21:39:29] [Server thread/WARN] [sim/]: FolkData:onUpdate() 昀然 訾 还在工作
[21:39:29] [Server thread/INFO] [sim/]: FolkData: GOTOXYZ() for 昀然 訾 to 26,237,33,0 - Method:container.sim.GotoMethod2 DIM:0
[21:39:29] [Server thread/INFO] [sim/]: FolkData: GOTOXYZ() for 昀然 訾 to 21,237,33,0 - Method:container.sim.GotoMethod2 DIM:0
[21:39:29] [Server thread/WARN] [sim/]: FolkData:onUpdate() 瑾泉 ，景 还在工作
[21:39:29] [Server thread/INFO] [sim/]: FolkData: GOTOXYZ() for 瑾泉 ，景 to 26,237,33,0 - Method:container.sim.GotoMethod2 DIM:0
[21:39:29] [Server thread/INFO] [sim/]: FolkData: GOTOXYZ() for 瑾泉 ，景 to 21,237,33,0 - Method:container.sim.GotoMethod2 DIM:0
[21:39:29] [Server thread/WARN] [sim/]: FolkData:onUpdate() 昀然 訾 还在工作
[21:39:29] [Server thread/INFO] [sim/]: FolkData: GOTOXYZ() for 昀然 訾 to 26,237,33,0 - Method:container.sim.GotoMethod2 DIM:0
[21:39:29] [Server thread/INFO] [sim/]: FolkData: GOTOXYZ() for 昀然 訾 to 21,237,33,0 - Method:container.sim.GotoMethod2 DIM:0
[21:39:29] [Server thread/WARN] [sim/]: FolkData:onUpdate() 瑾泉 ，景 还在工作
[21:39:29] [Server thread/INFO] [sim/]: FolkData: GOTOXYZ() for 瑾泉 ，景 to 26,237,33,0 - Method:container.sim.GotoMethod2 DIM:0
[21:39:29] [Server thread/INFO] [sim/]: FolkData: GOTOXYZ() for 瑾泉 ，景 to 21,237,33,0 - Method:container.sim.GotoMethod2 DIM:0
[21:39:29] [Server thread/WARN] [sim/]: FolkData:onUpdate() 昀然 訾 还在工作
[21:39:29] [Server thread/INFO] [sim/]: FolkData: GOTOXYZ() for 昀然 訾 to 26,237,33,0 - Method:container.sim.GotoMethod2 DIM:0
[21:39:29] [Server thread/INFO] [sim/]: FolkData: GOTOXYZ() for 昀然 訾 to 21,237,33,0 - Method:container.sim.GotoMethod2 DIM:0
[21:39:29] [Server thread/WARN] [sim/]: FolkData:onUpdate() 瑾泉 ，景 还在工作
[21:39:29] [Server thread/INFO] [sim/]: FolkData: GOTOXYZ() for 瑾泉 ，景 to 26,237,33,0 - Method:container.sim.GotoMethod2 DIM:0
[21:39:29] [Server thread/INFO] [sim/]: FolkData: GOTOXYZ() for 瑾泉 ，景 to 21,237,33,0 - Method:container.sim.GotoMethod2 DIM:0
[21:39:29] [Server thread/WARN] [sim/]: FolkData:onUpdate() 昀然 訾 还在工作
[21:39:29] [Server thread/INFO] [sim/]: FolkData: GOTOXYZ() for 昀然 訾 to 26,237,33,0 - Method:container.sim.GotoMethod2 DIM:0
[21:39:29] [Server thread/INFO] [sim/]: FolkData: GOTOXYZ() for 昀然 訾 to 21,237,33,0 - Method:container.sim.GotoMethod2 DIM:0
[21:39:29] [Server thread/WARN] [sim/]: FolkData:onUpdate() 瑾泉 ，景 还在工作
[21:39:29] [Server thread/INFO] [sim/]: FolkData: GOTOXYZ() for 瑾泉 ，景 to 26,237,33,0 - Method:container.sim.GotoMethod2 DIM:0
[21:39:29] [Server thread/INFO] [sim/]: FolkData: GOTOXYZ() for 瑾泉 ，景 to 21,237,33,0 - Method:container.sim.GotoMethod2 DIM:0
[21:39:29] [Server thread/WARN] [sim/]: FolkData:onUpdate() 昀然 訾 还在工作
[21:39:29] [Server thread/INFO] [sim/]: FolkData: GOTOXYZ() for 昀然 訾 to 26,237,33,0 - Method:container.sim.GotoMethod2 DIM:0
[21:39:29] [Server thread/INFO] [sim/]: FolkData: GOTOXYZ() for 昀然 訾 to 21,237,33,0 - Method:container.sim.GotoMethod2 DIM:0
[21:39:29] [Server thread/WARN] [sim/]: FolkData:onUpdate() 瑾泉 ，景 还在工作
[21:39:29] [Server thread/INFO] [sim/]: FolkData: GOTOXYZ() for 瑾泉 ，景 to 26,237,33,0 - Method:container.sim.GotoMethod2 DIM:0
[21:39:29] [Server thread/INFO] [sim/]: FolkData: GOTOXYZ() for 瑾泉 ，景 to 21,237,33,0 - Method:container.sim.GotoMethod2 DIM:0
[21:39:29] [Server thread/WARN] [sim/]: FolkData:onUpdate() 昀然 訾 还在工作
[21:39:29] [Server thread/INFO] [sim/]: FolkData: GOTOXYZ() for 昀然 訾 to 26,237,33,0 - Method:container.sim.GotoMethod2 DIM:0
[21:39:29] [Server thread/INFO] [sim/]: FolkData: GOTOXYZ() for 昀然 訾 to 21,237,33,0 - Method:container.sim.GotoMethod2 DIM:0
[21:39:29] [Server thread/WARN] [sim/]: FolkData:onUpdate() 瑾泉 ，景 还在工作
[21:39:29] [Server thread/INFO] [sim/]: FolkData: GOTOXYZ() for 瑾泉 ，景 to 26,237,33,0 - Method:container.sim.GotoMethod2 DIM:0
[21:39:29] [Server thread/INFO] [sim/]: FolkData: GOTOXYZ() for 瑾泉 ，景 to 21,237,33,0 - Method:container.sim.GotoMethod2 DIM:0
[21:39:29] [Server thread/WARN] [sim/]: FolkData:onUpdate() 昀然 訾 还在工作
[21:39:29] [Server thread/INFO] [sim/]: FolkData: GOTOXYZ() for 昀然 訾 to 26,237,33,0 - Method:container.sim.GotoMethod2 DIM:0
[21:39:29] [Server thread/INFO] [sim/]: FolkData: GOTOXYZ() for 昀然 訾 to 21,237,33,0 - Method:container.sim.GotoMethod2 DIM:0
[21:39:29] [Server thread/WARN] [sim/]: FolkData:onUpdate() 瑾泉 ，景 还在工作
[21:39:29] [Server thread/INFO] [sim/]: FolkData: GOTOXYZ() for 瑾泉 ，景 to 26,237,33,0 - Method:container.sim.GotoMethod2 DIM:0
[21:39:29] [Server thread/INFO] [sim/]: FolkData: GOTOXYZ() for 瑾泉 ，景 to 21,237,33,0 - Method:container.sim.GotoMethod2 DIM:0
[21:39:29] [Server thread/WARN] [sim/]: FolkData:onUpdate() 昀然 訾 还在工作
[21:39:29] [Server thread/INFO] [sim/]: FolkData: GOTOXYZ() for 昀然 訾 to 26,237,33,0 - Method:container.sim.GotoMethod2 DIM:0
[21:39:29] [Server thread/INFO] [sim/]: FolkData: GOTOXYZ() for 昀然 訾 to 21,237,33,0 - Method:container.sim.GotoMethod2 DIM:0
[21:39:29] [Server thread/WARN] [sim/]: FolkData:onUpdate() 瑾泉 ，景 还在工作
[21:39:29] [Server thread/INFO] [sim/]: FolkData: GOTOXYZ() for 瑾泉 ，景 to 26,237,33,0 - Method:container.sim.GotoMethod2 DIM:0
[21:39:29] [Server thread/INFO] [sim/]: FolkData: GOTOXYZ() for 瑾泉 ，景 to 21,237,33,0 - Method:container.sim.GotoMethod2 DIM:0
[21:39:29] [Server thread/WARN] [sim/]: FolkData:onUpdate() 昀然 訾 还在工作
[21:39:29] [Server thread/INFO] [sim/]: FolkData: GOTOXYZ() for 昀然 訾 to 26,237,33,0 - Method:container.sim.GotoMethod2 DIM:0
[21:39:29] [Server thread/INFO] [sim/]: FolkData: GOTOXYZ() for 昀然 訾 to 21,237,33,0 - Method:container.sim.GotoMethod2 DIM:0
[21:39:29] [Server thread/WARN] [sim/]: FolkData:onUpdate() 瑾泉 ，景 还在工作
[21:39:29] [Server thread/INFO] [sim/]: FolkData: GOTOXYZ() for 瑾泉 ，景 to 26,237,33,0 - Method:container.sim.GotoMethod2 DIM:0
[21:39:29] [Server thread/INFO] [sim/]: FolkData: GOTOXYZ() for 瑾泉 ，景 to 21,237,33,0 - Method:container.sim.GotoMethod2 DIM:0
[21:39:29] [Server thread/WARN] [sim/]: FolkData:onUpdate() 昀然 訾 还在工作
[21:39:29] [Server thread/INFO] [sim/]: FolkData: GOTOXYZ() for 昀然 訾 to 26,237,33,0 - Method:container.sim.GotoMethod2 DIM:0
[21:39:29] [Server thread/INFO] [sim/]: FolkData: GOTOXYZ() for 昀然 訾 to 21,237,33,0 - Method:container.sim.GotoMethod2 DIM:0
[21:39:29] [Server thread/WARN] [sim/]: FolkData:onUpdate() 瑾泉 ，景 还在工作
[21:39:29] [Server thread/INFO] [sim/]: FolkData: GOTOXYZ() for 瑾泉 ，景 to 26,237,33,0 - Method:container.sim.GotoMethod2 DIM:0
[21:39:29] [Server thread/INFO] [sim/]: FolkData: GOTOXYZ() for 瑾泉 ，景 to 21,237,33,0 - Method:container.sim.GotoMethod2 DIM:0
[21:39:29] [Server thread/WARN] [sim/]: FolkData:onUpdate() 昀然 訾 还在工作
[21:39:29] [Server thread/INFO] [sim/]: FolkData: GOTOXYZ() for 昀然 訾 to 26,237,33,0 - Method:container.sim.GotoMethod2 DIM:0
[21:39:29] [Server thread/INFO] [sim/]: FolkData: GOTOXYZ() for 昀然 訾 to 21,237,33,0 - Method:container.sim.GotoMethod2 DIM:0
[21:39:29] [Server thread/WARN] [sim/]: FolkData:onUpdate() 瑾泉 ，景 还在工作
[21:39:29] [Server thread/INFO] [sim/]: FolkData: GOTOXYZ() for 瑾泉 ，景 to 26,237,33,0 - Method:container.sim.GotoMethod2 DIM:0
[21:39:29] [Server thread/INFO] [sim/]: FolkData: GOTOXYZ() for 瑾泉 ，景 to 21,237,33,0 - Method:container.sim.GotoMethod2 DIM:0
[21:39:29] [Server thread/WARN] [sim/]: FolkData:onUpdate() 昀然 訾 还在工作
[21:39:29] [Server thread/INFO] [sim/]: FolkData: GOTOXYZ() for 昀然 訾 to 26,237,33,0 - Method:container.sim.GotoMethod2 DIM:0
[21:39:29] [Server thread/INFO] [sim/]: FolkData: GOTOXYZ() for 昀然 訾 to 21,237,33,0 - Method:container.sim.GotoMethod2 DIM:0
[21:39:29] [Server thread/WARN] [sim/]: FolkData:onUpdate() 瑾泉 ，景 还在工作
[21:39:29] [Server thread/INFO] [sim/]: FolkData: GOTOXYZ() for 瑾泉 ，景 to 26,237,33,0 - Method:container.sim.GotoMethod2 DIM:0
[21:39:29] [Server thread/INFO] [sim/]: FolkData: GOTOXYZ() for 瑾泉 ，景 to 21,237,33,0 - Method:container.sim.GotoMethod2 DIM:0
[21:39:29] [Server thread/WARN] [sim/]: FolkData:onUpdate() 昀然 訾 还在工作
[21:39:29] [Server thread/INFO] [sim/]: FolkData: GOTOXYZ() for 昀然 訾 to 26,237,33,0 - Method:container.sim.GotoMethod2 DIM:0
[21:39:29] [Server thread/INFO] [sim/]: FolkData: GOTOXYZ() for 昀然 訾 to 21,237,33,0 - Method:container.sim.GotoMethod2 DIM:0
[21:39:29] [Server thread/WARN] [sim/]: FolkData:onUpdate() 瑾泉 ，景 还在工作
[21:39:29] [Server thread/INFO] [sim/]: FolkData: GOTOXYZ() for 瑾泉 ，景 to 26,237,33,0 - Method:container.sim.GotoMethod2 DIM:0
[21:39:29] [Server thread/INFO] [sim/]: FolkData: GOTOXYZ() for 瑾泉 ，景 to 21,237,33,0 - Method:container.sim.GotoMethod2 DIM:0
[21:39:29] [Server thread/WARN] [sim/]: FolkData:onUpdate() 昀然 訾 还在工作
[21:39:29] [Server thread/INFO] [sim/]: FolkData: GOTOXYZ() for 昀然 訾 to 26,237,33,0 - Method:container.sim.GotoMethod2 DIM:0
[21:39:29] [Server thread/INFO] [sim/]: FolkData: GOTOXYZ() for 昀然 訾 to 21,237,33,0 - Method:container.sim.GotoMethod2 DIM:0
[21:39:29] [Server thread/WARN] [sim/]: FolkData:onUpdate() 瑾泉 ，景 还在工作
[21:39:29] [Server thread/INFO] [sim/]: FolkData: GOTOXYZ() for 瑾泉 ，景 to 26,237,33,0 - Method:container.sim.GotoMethod2 DIM:0
[21:39:29] [Server thread/INFO] [sim/]: FolkData: GOTOXYZ() for 瑾泉 ，景 to 21,237,33,0 - Method:container.sim.GotoMethod2 DIM:0
[21:39:29] [Server thread/WARN] [sim/]: FolkData:onUpdate() 昀然 訾 还在工作
[21:39:29] [Server thread/INFO] [sim/]: FolkData: GOTOXYZ() for 昀然 訾 to 26,237,33,0 - Method:container.sim.GotoMethod2 DIM:0
[21:39:29] [Server thread/INFO] [sim/]: FolkData: GOTOXYZ() for 昀然 訾 to 21,237,33,0 - Method:container.sim.GotoMethod2 DIM:0
[21:39:29] [Server thread/WARN] [sim/]: FolkData:onUpdate() 瑾泉 ，景 还在工作
[21:39:29] [Server thread/INFO] [sim/]: FolkData: GOTOXYZ() for 瑾泉 ，景 to 26,237,33,0 - Method:container.sim.GotoMethod2 DIM:0
[21:39:29] [Server thread/INFO] [sim/]: FolkData: GOTOXYZ() for 瑾泉 ，景 to 21,237,33,0 - Method:container.sim.GotoMethod2 DIM:0
[21:39:29] [Server thread/WARN] [sim/]: FolkData:onUpdate() 昀然 訾 还在工作
[21:39:29] [Server thread/INFO] [sim/]: FolkData: GOTOXYZ() for 昀然 訾 to 26,237,33,0 - Method:container.sim.GotoMethod2 DIM:0
[21:39:29] [Server thread/INFO] [sim/]: FolkData: GOTOXYZ() for 昀然 訾 to 21,237,33,0 - Method:container.sim.GotoMethod2 DIM:0
[21:39:29] [Server thread/WARN] [sim/]: FolkData:onUpdate() 瑾泉 ，景 还在工作
[21:39:29] [Server thread/INFO] [sim/]: FolkData: GOTOXYZ() for 瑾泉 ，景 to 26,237,33,0 - Method:container.sim.GotoMethod2 DIM:0
[21:39:29] [Server thread/INFO] [sim/]: FolkData: GOTOXYZ() for 瑾泉 ，景 to 21,237,33,0 - Method:container.sim.GotoMethod2 DIM:0
[21:39:29] [Server thread/WARN] [sim/]: FolkData:onUpdate() 昀然 訾 还在工作
[21:39:29] [Server thread/INFO] [sim/]: FolkData: GOTOXYZ() for 昀然 訾 to 26,237,33,0 - Method:container.sim.GotoMethod2 DIM:0
[21:39:29] [Server thread/INFO] [sim/]: FolkData: GOTOXYZ() for 昀然 訾 to 21,237,33,0 - Method:container.sim.GotoMethod2 DIM:0
[21:39:29] [Server thread/WARN] [sim/]: FolkData:onUpdate() 瑾泉 ，景 还在工作
[21:39:29] [Server thread/INFO] [sim/]: FolkData: GOTOXYZ() for 瑾泉 ，景 to 26,237,33,0 - Method:container.sim.GotoMethod2 DIM:0
[21:39:29] [Server thread/INFO] [sim/]: FolkData: GOTOXYZ() for 瑾泉 ，景 to 21,237,33,0 - Method:container.sim.GotoMethod2 DIM:0
[21:39:29] [Server thread/WARN] [sim/]: FolkData:onUpdate() 昀然 訾 还在工作
[21:39:29] [Server thread/INFO] [sim/]: FolkData: GOTOXYZ() for 昀然 訾 to 26,237,33,0 - Method:container.sim.GotoMethod2 DIM:0
[21:39:29] [Server thread/INFO] [sim/]: FolkData: GOTOXYZ() for 昀然 訾 to 21,237,33,0 - Method:container.sim.GotoMethod2 DIM:0
[21:39:29] [Server thread/WARN] [sim/]: FolkData:onUpdate() 瑾泉 ，景 还在工作
[21:39:29] [Server thread/INFO] [sim/]: FolkData: GOTOXYZ() for 瑾泉 ，景 to 26,237,33,0 - Method:container.sim.GotoMethod2 DIM:0
[21:39:29] [Server thread/INFO] [sim/]: FolkData: GOTOXYZ() for 瑾泉 ，景 to 21,237,33,0 - Method:container.sim.GotoMethod2 DIM:0
[21:39:29] [Server thread/WARN] [sim/]: FolkData:onUpdate() 昀然 訾 还在工作
[21:39:29] [Server thread/INFO] [sim/]: FolkData: GOTOXYZ() for 昀然 訾 to 26,237,33,0 - Method:container.sim.GotoMethod2 DIM:0
[21:39:29] [Server thread/INFO] [sim/]: FolkData: GOTOXYZ() for 昀然 訾 to 21,237,33,0 - Method:container.sim.GotoMethod2 DIM:0
[21:39:29] [Server thread/WARN] [sim/]: FolkData:onUpdate() 瑾泉 ，景 还在工作
[21:39:29] [Server thread/INFO] [sim/]: FolkData: GOTOXYZ() for 瑾泉 ，景 to 26,237,33,0 - Method:container.sim.GotoMethod2 DIM:0
[21:39:29] [Server thread/INFO] [sim/]: FolkData: GOTOXYZ() for 瑾泉 ，景 to 21,237,33,0 - Method:container.sim.GotoMethod2 DIM:0
[21:39:29] [Server thread/WARN] [sim/]: FolkData:onUpdate() 昀然 訾 还在工作
[21:39:29] [Server thread/INFO] [sim/]: FolkData: GOTOXYZ() for 昀然 訾 to 26,237,33,0 - Method:container.sim.GotoMethod2 DIM:0
[21:39:29] [Server thread/INFO] [sim/]: FolkData: GOTOXYZ() for 昀然 訾 to 21,237,33,0 - Method:container.sim.GotoMethod2 DIM:0
[21:39:29] [Server thread/WARN] [sim/]: FolkData:onUpdate() 瑾泉 ，景 还在工作
[21:39:29] [Server thread/INFO] [sim/]: FolkData: GOTOXYZ() for 瑾泉 ，景 to 26,237,33,0 - Method:container.sim.GotoMethod2 DIM:0
[21:39:29] [Server thread/INFO] [sim/]: FolkData: GOTOXYZ() for 瑾泉 ，景 to 21,237,33,0 - Method:container.sim.GotoMethod2 DIM:0
[21:39:29] [Server thread/WARN] [sim/]: FolkData:onUpdate() 昀然 訾 还在工作
[21:39:29] [Server thread/INFO] [sim/]: FolkData: GOTOXYZ() for 昀然 訾 to 26,237,33,0 - Method:container.sim.GotoMethod2 DIM:0
[21:39:29] [Server thread/INFO] [sim/]: FolkData: GOTOXYZ() for 昀然 訾 to 21,237,33,0 - Method:container.sim.GotoMethod2 DIM:0
[21:39:29] [Server thread/WARN] [sim/]: FolkData:onUpdate() 瑾泉 ，景 还在工作
[21:39:29] [Server thread/INFO] [sim/]: FolkData: GOTOXYZ() for 瑾泉 ，景 to 26,237,33,0 - Method:container.sim.GotoMethod2 DIM:0
[21:39:29] [Server thread/INFO] [sim/]: FolkData: GOTOXYZ() for 瑾泉 ，景 to 21,237,33,0 - Method:container.sim.GotoMethod2 DIM:0
[21:39:29] [Server thread/WARN] [sim/]: FolkData:onUpdate() 昀然 訾 还在工作
[21:39:29] [Server thread/INFO] [sim/]: FolkData: GOTOXYZ() for 昀然 訾 to 26,237,33,0 - Method:container.sim.GotoMethod2 DIM:0
[21:39:29] [Server thread/INFO] [sim/]: FolkData: GOTOXYZ() for 昀然 訾 to 21,237,33,0 - Method:container.sim.GotoMethod2 DIM:0
[21:39:29] [Server thread/WARN] [sim/]: FolkData:onUpdate() 瑾泉 ，景 还在工作
[21:39:29] [Server thread/INFO] [sim/]: FolkData: GOTOXYZ() for 瑾泉 ，景 to 26,237,33,0 - Method:container.sim.GotoMethod2 DIM:0
[21:39:29] [Server thread/INFO] [sim/]: FolkData: GOTOXYZ() for 瑾泉 ，景 to 21,237,33,0 - Method:container.sim.GotoMethod2 DIM:0
[21:39:29] [Server thread/WARN] [sim/]: FolkData:onUpdate() 昀然 訾 还在工作
[21:39:29] [Server thread/INFO] [sim/]: FolkData: GOTOXYZ() for 昀然 訾 to 26,237,33,0 - Method:container.sim.GotoMethod2 DIM:0
[21:39:29] [Server thread/INFO] [sim/]: FolkData: GOTOXYZ() for 昀然 訾 to 21,237,33,0 - Method:container.sim.GotoMethod2 DIM:0
[21:39:29] [Server thread/WARN] [sim/]: FolkData:onUpdate() 瑾泉 ，景 还在工作
[21:39:29] [Server thread/INFO] [sim/]: FolkData: GOTOXYZ() for 瑾泉 ，景 to 26,237,33,0 - Method:container.sim.GotoMethod2 DIM:0
[21:39:29] [Server thread/INFO] [sim/]: FolkData: GOTOXYZ() for 瑾泉 ，景 to 21,237,33,0 - Method:container.sim.GotoMethod2 DIM:0
[21:39:29] [Server thread/WARN] [sim/]: FolkData:onUpdate() 昀然 訾 还在工作
[21:39:29] [Server thread/INFO] [sim/]: FolkData: GOTOXYZ() for 昀然 訾 to 26,237,33,0 - Method:container.sim.GotoMethod2 DIM:0
[21:39:29] [Server thread/INFO] [sim/]: FolkData: GOTOXYZ() for 昀然 訾 to 21,237,33,0 - Method:container.sim.GotoMethod2 DIM:0
[21:39:29] [Server thread/WARN] [sim/]: FolkData:onUpdate() 瑾泉 ，景 还在工作
[21:39:29] [Server thread/INFO] [sim/]: FolkData: GOTOXYZ() for 瑾泉 ，景 to 26,237,33,0 - Method:container.sim.GotoMethod2 DIM:0
[21:39:29] [Server thread/INFO] [sim/]: FolkData: GOTOXYZ() for 瑾泉 ，景 to 21,237,33,0 - Method:container.sim.GotoMethod2 DIM:0
[21:39:30] [Server thread/WARN] [sim/]: FolkData:onUpdate() 昀然 訾 还在工作
[21:39:30] [Server thread/INFO] [sim/]: FolkData: GOTOXYZ() for 昀然 訾 to 26,237,33,0 - Method:container.sim.GotoMethod2 DIM:0
[21:39:30] [Server thread/INFO] [sim/]: FolkData: GOTOXYZ() for 昀然 訾 to 21,237,33,0 - Method:container.sim.GotoMethod2 DIM:0
[21:39:30] [Server thread/WARN] [sim/]: FolkData:onUpdate() 瑾泉 ，景 还在工作
[21:39:30] [Server thread/INFO] [sim/]: FolkData: GOTOXYZ() for 瑾泉 ，景 to 26,237,33,0 - Method:container.sim.GotoMethod2 DIM:0
[21:39:30] [Server thread/INFO] [sim/]: FolkData: GOTOXYZ() for 瑾泉 ，景 to 21,237,33,0 - Method:container.sim.GotoMethod2 DIM:0
[21:39:30] [Server thread/WARN] [sim/]: FolkData:onUpdate() 昀然 訾 还在工作
[21:39:30] [Server thread/INFO] [sim/]: FolkData: GOTOXYZ() for 昀然 訾 to 26,237,33,0 - Method:container.sim.GotoMethod2 DIM:0
[21:39:30] [Server thread/INFO] [sim/]: FolkData: GOTOXYZ() for 昀然 訾 to 21,237,33,0 - Method:container.sim.GotoMethod2 DIM:0
[21:39:30] [Server thread/WARN] [sim/]: FolkData:onUpdate() 瑾泉 ，景 还在工作
[21:39:30] [Server thread/INFO] [sim/]: FolkData: GOTOXYZ() for 瑾泉 ，景 to 26,237,33,0 - Method:container.sim.GotoMethod2 DIM:0
[21:39:30] [Server thread/INFO] [sim/]: FolkData: GOTOXYZ() for 瑾泉 ，景 to 21,237,33,0 - Method:container.sim.GotoMethod2 DIM:0
[21:39:30] [Server thread/WARN] [sim/]: FolkData:onUpdate() 昀然 訾 还在工作
[21:39:30] [Server thread/INFO] [sim/]: FolkData: GOTOXYZ() for 昀然 訾 to 26,237,33,0 - Method:container.sim.GotoMethod2 DIM:0
[21:39:30] [Server thread/INFO] [sim/]: FolkData: GOTOXYZ() for 昀然 訾 to 21,237,33,0 - Method:container.sim.GotoMethod2 DIM:0
[21:39:30] [Server thread/WARN] [sim/]: FolkData:onUpdate() 瑾泉 ，景 还在工作
[21:39:30] [Server thread/INFO] [sim/]: FolkData: GOTOXYZ() for 瑾泉 ，景 to 26,237,33,0 - Method:container.sim.GotoMethod2 DIM:0
[21:39:30] [Server thread/INFO] [sim/]: FolkData: GOTOXYZ() for 瑾泉 ，景 to 21,237,33,0 - Method:container.sim.GotoMethod2 DIM:0
[21:39:30] [Server thread/WARN] [sim/]: FolkData:onUpdate() 昀然 訾 还在工作
[21:39:30] [Server thread/INFO] [sim/]: FolkData: GOTOXYZ() for 昀然 訾 to 26,237,33,0 - Method:container.sim.GotoMethod2 DIM:0
[21:39:30] [Server thread/INFO] [sim/]: FolkData: GOTOXYZ() for 昀然 訾 to 21,237,33,0 - Method:container.sim.GotoMethod2 DIM:0
[21:39:30] [Server thread/WARN] [sim/]: FolkData:onUpdate() 瑾泉 ，景 还在工作
[21:39:30] [Server thread/INFO] [sim/]: FolkData: GOTOXYZ() for 瑾泉 ，景 to 26,237,33,0 - Method:container.sim.GotoMethod2 DIM:0
[21:39:30] [Server thread/INFO] [sim/]: FolkData: GOTOXYZ() for 瑾泉 ，景 to 21,237,33,0 - Method:container.sim.GotoMethod2 DIM:0
[21:39:30] [Server thread/WARN] [sim/]: FolkData:onUpdate() 昀然 訾 还在工作
[21:39:30] [Server thread/INFO] [sim/]: FolkData: GOTOXYZ() for 昀然 訾 to 26,237,33,0 - Method:container.sim.GotoMethod2 DIM:0
[21:39:30] [Server thread/INFO] [sim/]: FolkData: GOTOXYZ() for 昀然 訾 to 21,237,33,0 - Method:container.sim.GotoMethod2 DIM:0
[21:39:30] [Server thread/WARN] [sim/]: FolkData:onUpdate() 瑾泉 ，景 还在工作
[21:39:30] [Server thread/INFO] [sim/]: FolkData: GOTOXYZ() for 瑾泉 ，景 to 26,237,33,0 - Method:container.sim.GotoMethod2 DIM:0
[21:39:30] [Server thread/INFO] [sim/]: FolkData: GOTOXYZ() for 瑾泉 ，景 to 21,237,33,0 - Method:container.sim.GotoMethod2 DIM:0
[21:39:30] [Server thread/WARN] [sim/]: FolkData:onUpdate() 昀然 訾 还在工作
[21:39:30] [Server thread/INFO] [sim/]: FolkData: GOTOXYZ() for 昀然 訾 to 26,237,33,0 - Method:container.sim.GotoMethod2 DIM:0
[21:39:30] [Server thread/INFO] [sim/]: FolkData: GOTOXYZ() for 昀然 訾 to 21,237,33,0 - Method:container.sim.GotoMethod2 DIM:0
[21:39:30] [Server thread/WARN] [sim/]: FolkData:onUpdate() 瑾泉 ，景 还在工作
[21:39:30] [Server thread/INFO] [sim/]: FolkData: GOTOXYZ() for 瑾泉 ，景 to 26,237,33,0 - Method:container.sim.GotoMethod2 DIM:0
[21:39:30] [Server thread/INFO] [sim/]: FolkData: GOTOXYZ() for 瑾泉 ，景 to 21,237,33,0 - Method:container.sim.GotoMethod2 DIM:0
[21:39:30] [Server thread/WARN] [sim/]: FolkData:onUpdate() 昀然 訾 还在工作
[21:39:30] [Server thread/INFO] [sim/]: FolkData: GOTOXYZ() for 昀然 訾 to 26,237,33,0 - Method:container.sim.GotoMethod2 DIM:0
[21:39:30] [Server thread/INFO] [sim/]: FolkData: GOTOXYZ() for 昀然 訾 to 21,237,33,0 - Method:container.sim.GotoMethod2 DIM:0
[21:39:30] [Server thread/WARN] [sim/]: FolkData:onUpdate() 瑾泉 ，景 还在工作
[21:39:30] [Server thread/INFO] [sim/]: FolkData: GOTOXYZ() for 瑾泉 ，景 to 26,237,33,0 - Method:container.sim.GotoMethod2 DIM:0
[21:39:30] [Server thread/INFO] [sim/]: FolkData: GOTOXYZ() for 瑾泉 ，景 to 21,237,33,0 - Method:container.sim.GotoMethod2 DIM:0
[21:39:30] [Server thread/WARN] [sim/]: FolkData:onUpdate() 昀然 訾 还在工作
[21:39:30] [Server thread/INFO] [sim/]: FolkData: GOTOXYZ() for 昀然 訾 to 26,237,33,0 - Method:container.sim.GotoMethod2 DIM:0
[21:39:30] [Server thread/INFO] [sim/]: FolkData: GOTOXYZ() for 昀然 訾 to 21,237,33,0 - Method:container.sim.GotoMethod2 DIM:0
[21:39:30] [Server thread/WARN] [sim/]: FolkData:onUpdate() 瑾泉 ，景 还在工作
[21:39:30] [Server thread/INFO] [sim/]: FolkData: GOTOXYZ() for 瑾泉 ，景 to 26,237,33,0 - Method:container.sim.GotoMethod2 DIM:0
[21:39:30] [Server thread/INFO] [sim/]: FolkData: GOTOXYZ() for 瑾泉 ，景 to 21,237,33,0 - Method:container.sim.GotoMethod2 DIM:0
[21:39:30] [Server thread/WARN] [sim/]: FolkData:onUpdate() 昀然 訾 还在工作
[21:39:30] [Server thread/INFO] [sim/]: FolkData: GOTOXYZ() for 昀然 訾 to 26,237,33,0 - Method:container.sim.GotoMethod2 DIM:0
[21:39:30] [Server thread/INFO] [sim/]: FolkData: GOTOXYZ() for 昀然 訾 to 21,237,33,0 - Method:container.sim.GotoMethod2 DIM:0
[21:39:30] [Server thread/WARN] [sim/]: FolkData:onUpdate() 瑾泉 ，景 还在工作
[21:39:30] [Server thread/INFO] [sim/]: FolkData: GOTOXYZ() for 瑾泉 ，景 to 26,237,33,0 - Method:container.sim.GotoMethod2 DIM:0
[21:39:30] [Server thread/INFO] [sim/]: FolkData: GOTOXYZ() for 瑾泉 ，景 to 21,237,33,0 - Method:container.sim.GotoMethod2 DIM:0
[21:39:30] [Server thread/WARN] [sim/]: FolkData:onUpdate() 昀然 訾 还在工作
[21:39:30] [Server thread/INFO] [sim/]: FolkData: GOTOXYZ() for 昀然 訾 to 26,237,33,0 - Method:container.sim.GotoMethod2 DIM:0
[21:39:30] [Server thread/INFO] [sim/]: FolkData: GOTOXYZ() for 昀然 訾 to 21,237,33,0 - Method:container.sim.GotoMethod2 DIM:0
[21:39:30] [Server thread/WARN] [sim/]: FolkData:onUpdate() 瑾泉 ，景 还在工作
[21:39:30] [Server thread/INFO] [sim/]: FolkData: GOTOXYZ() for 瑾泉 ，景 to 26,237,33,0 - Method:container.sim.GotoMethod2 DIM:0
[21:39:30] [Server thread/INFO] [sim/]: FolkData: GOTOXYZ() for 瑾泉 ，景 to 21,237,33,0 - Method:container.sim.GotoMethod2 DIM:0
[21:39:30] [Server thread/WARN] [sim/]: FolkData:onUpdate() 昀然 訾 还在工作
[21:39:30] [Server thread/INFO] [sim/]: FolkData: GOTOXYZ() for 昀然 訾 to 26,237,33,0 - Method:container.sim.GotoMethod2 DIM:0
[21:39:30] [Server thread/INFO] [sim/]: FolkData: GOTOXYZ() for 昀然 訾 to 21,237,33,0 - Method:container.sim.GotoMethod2 DIM:0
[21:39:30] [Server thread/WARN] [sim/]: FolkData:onUpdate() 瑾泉 ，景 还在工作
[21:39:30] [Server thread/INFO] [sim/]: FolkData: GOTOXYZ() for 瑾泉 ，景 to 26,237,33,0 - Method:container.sim.GotoMethod2 DIM:0
[21:39:30] [Server thread/INFO] [sim/]: FolkData: GOTOXYZ() for 瑾泉 ，景 to 21,237,33,0 - Method:container.sim.GotoMethod2 DIM:0
[21:39:30] [Server thread/WARN] [sim/]: FolkData:onUpdate() 昀然 訾 还在工作
[21:39:30] [Server thread/INFO] [sim/]: FolkData: GOTOXYZ() for 昀然 訾 to 26,237,33,0 - Method:container.sim.GotoMethod2 DIM:0
[21:39:30] [Server thread/INFO] [sim/]: FolkData: GOTOXYZ() for 昀然 訾 to 21,237,33,0 - Method:container.sim.GotoMethod2 DIM:0
[21:39:30] [Server thread/WARN] [sim/]: FolkData:onUpdate() 瑾泉 ，景 还在工作
[21:39:30] [Server thread/INFO] [sim/]: FolkData: GOTOXYZ() for 瑾泉 ，景 to 26,237,33,0 - Method:container.sim.GotoMethod2 DIM:0
[21:39:30] [Server thread/INFO] [sim/]: FolkData: GOTOXYZ() for 瑾泉 ，景 to 21,237,33,0 - Method:container.sim.GotoMethod2 DIM:0
[21:39:30] [Server thread/WARN] [sim/]: FolkData:onUpdate() 昀然 訾 还在工作
[21:39:30] [Server thread/INFO] [sim/]: FolkData: GOTOXYZ() for 昀然 訾 to 26,237,33,0 - Method:container.sim.GotoMethod2 DIM:0
[21:39:30] [Server thread/INFO] [sim/]: FolkData: GOTOXYZ() for 昀然 訾 to 21,237,33,0 - Method:container.sim.GotoMethod2 DIM:0
[21:39:30] [Server thread/WARN] [sim/]: FolkData:onUpdate() 瑾泉 ，景 还在工作
[21:39:30] [Server thread/INFO] [sim/]: FolkData: GOTOXYZ() for 瑾泉 ，景 to 26,237,33,0 - Method:container.sim.GotoMethod2 DIM:0
[21:39:30] [Server thread/INFO] [sim/]: FolkData: GOTOXYZ() for 瑾泉 ，景 to 21,237,33,0 - Method:container.sim.GotoMethod2 DIM:0
[21:39:30] [Server thread/WARN] [sim/]: FolkData:onUpdate() 昀然 訾 还在工作
[21:39:30] [Server thread/INFO] [sim/]: FolkData: GOTOXYZ() for 昀然 訾 to 26,237,33,0 - Method:container.sim.GotoMethod2 DIM:0
[21:39:30] [Server thread/INFO] [sim/]: FolkData: GOTOXYZ() for 昀然 訾 to 21,237,33,0 - Method:container.sim.GotoMethod2 DIM:0
[21:39:30] [Server thread/WARN] [sim/]: FolkData:onUpdate() 瑾泉 ，景 还在工作
[21:39:30] [Server thread/INFO] [sim/]: FolkData: GOTOXYZ() for 瑾泉 ，景 to 26,237,33,0 - Method:container.sim.GotoMethod2 DIM:0
[21:39:30] [Server thread/INFO] [sim/]: FolkData: GOTOXYZ() for 瑾泉 ，景 to 21,237,33,0 - Method:container.sim.GotoMethod2 DIM:0
[21:39:30] [Server thread/WARN] [sim/]: FolkData:onUpdate() 昀然 訾 还在工作
[21:39:30] [Server thread/INFO] [sim/]: FolkData: GOTOXYZ() for 昀然 訾 to 26,237,33,0 - Method:container.sim.GotoMethod2 DIM:0
[21:39:30] [Server thread/INFO] [sim/]: FolkData: GOTOXYZ() for 昀然 訾 to 21,237,33,0 - Method:container.sim.GotoMethod2 DIM:0
[21:39:30] [Server thread/WARN] [sim/]: FolkData:onUpdate() 瑾泉 ，景 还在工作
[21:39:30] [Server thread/INFO] [sim/]: FolkData: GOTOXYZ() for 瑾泉 ，景 to 26,237,33,0 - Method:container.sim.GotoMethod2 DIM:0
[21:39:30] [Server thread/INFO] [sim/]: FolkData: GOTOXYZ() for 瑾泉 ，景 to 21,237,33,0 - Method:container.sim.GotoMethod2 DIM:0
[21:39:30] [Server thread/WARN] [sim/]: FolkData:onUpdate() 昀然 訾 还在工作
[21:39:30] [Server thread/INFO] [sim/]: FolkData: GOTOXYZ() for 昀然 訾 to 26,237,33,0 - Method:container.sim.GotoMethod2 DIM:0
[21:39:30] [Server thread/INFO] [sim/]: FolkData: GOTOXYZ() for 昀然 訾 to 21,237,33,0 - Method:container.sim.GotoMethod2 DIM:0
[21:39:30] [Server thread/WARN] [sim/]: FolkData:onUpdate() 瑾泉 ，景 还在工作
[21:39:30] [Server thread/INFO] [sim/]: FolkData: GOTOXYZ() for 瑾泉 ，景 to 26,237,33,0 - Method:container.sim.GotoMethod2 DIM:0
[21:39:30] [Server thread/INFO] [sim/]: FolkData: GOTOXYZ() for 瑾泉 ，景 to 21,237,33,0 - Method:container.sim.GotoMethod2 DIM:0
[21:39:30] [Server thread/WARN] [sim/]: FolkData:onUpdate() 昀然 訾 还在工作
[21:39:30] [Server thread/INFO] [sim/]: FolkData: GOTOXYZ() for 昀然 訾 to 26,237,33,0 - Method:container.sim.GotoMethod2 DIM:0
[21:39:30] [Server thread/INFO] [sim/]: FolkData: GOTOXYZ() for 昀然 訾 to 21,237,33,0 - Method:container.sim.GotoMethod2 DIM:0
[21:39:30] [Server thread/WARN] [sim/]: FolkData:onUpdate() 瑾泉 ，景 还在工作
[21:39:30] [Server thread/INFO] [sim/]: FolkData: GOTOXYZ() for 瑾泉 ，景 to 26,237,33,0 - Method:container.sim.GotoMethod2 DIM:0
[21:39:30] [Server thread/INFO] [sim/]: FolkData: GOTOXYZ() for 瑾泉 ，景 to 21,237,33,0 - Method:container.sim.GotoMethod2 DIM:0
[21:39:30] [Server thread/WARN] [sim/]: FolkData:onUpdate() 昀然 訾 还在工作
[21:39:30] [Server thread/INFO] [sim/]: FolkData: GOTOXYZ() for 昀然 訾 to 26,237,33,0 - Method:container.sim.GotoMethod2 DIM:0
[21:39:30] [Server thread/INFO] [sim/]: FolkData: GOTOXYZ() for 昀然 訾 to 21,237,33,0 - Method:container.sim.GotoMethod2 DIM:0
[21:39:30] [Server thread/WARN] [sim/]: FolkData:onUpdate() 瑾泉 ，景 还在工作
[21:39:30] [Server thread/INFO] [sim/]: FolkData: GOTOXYZ() for 瑾泉 ，景 to 26,237,33,0 - Method:container.sim.GotoMethod2 DIM:0
[21:39:30] [Server thread/INFO] [sim/]: FolkData: GOTOXYZ() for 瑾泉 ，景 to 21,237,33,0 - Method:container.sim.GotoMethod2 DIM:0
[21:39:30] [Server thread/WARN] [sim/]: FolkData:onUpdate() 昀然 訾 还在工作
[21:39:30] [Server thread/INFO] [sim/]: FolkData: GOTOXYZ() for 昀然 訾 to 26,237,33,0 - Method:container.sim.GotoMethod2 DIM:0
[21:39:30] [Server thread/INFO] [sim/]: FolkData: GOTOXYZ() for 昀然 訾 to 21,237,33,0 - Method:container.sim.GotoMethod2 DIM:0
[21:39:30] [Server thread/WARN] [sim/]: FolkData:onUpdate() 瑾泉 ，景 还在工作
[21:39:30] [Server thread/INFO] [sim/]: FolkData: GOTOXYZ() for 瑾泉 ，景 to 26,237,33,0 - Method:container.sim.GotoMethod2 DIM:0
[21:39:30] [Server thread/INFO] [sim/]: FolkData: GOTOXYZ() for 瑾泉 ，景 to 21,237,33,0 - Method:container.sim.GotoMethod2 DIM:0
[21:39:30] [Server thread/WARN] [sim/]: FolkData:onUpdate() 昀然 訾 还在工作
[21:39:30] [Server thread/INFO] [sim/]: FolkData: GOTOXYZ() for 昀然 訾 to 26,237,33,0 - Method:container.sim.GotoMethod2 DIM:0
[21:39:30] [Server thread/INFO] [sim/]: FolkData: GOTOXYZ() for 昀然 訾 to 21,237,33,0 - Method:container.sim.GotoMethod2 DIM:0
[21:39:30] [Server thread/WARN] [sim/]: FolkData:onUpdate() 瑾泉 ，景 还在工作
[21:39:30] [Server thread/INFO] [sim/]: FolkData: GOTOXYZ() for 瑾泉 ，景 to 26,237,33,0 - Method:container.sim.GotoMethod2 DIM:0
[21:39:30] [Server thread/INFO] [sim/]: FolkData: GOTOXYZ() for 瑾泉 ，景 to 21,237,33,0 - Method:container.sim.GotoMethod2 DIM:0
[21:39:30] [Server thread/WARN] [sim/]: FolkData:onUpdate() 昀然 訾 还在工作
[21:39:30] [Server thread/INFO] [sim/]: FolkData: GOTOXYZ() for 昀然 訾 to 26,237,33,0 - Method:container.sim.GotoMethod2 DIM:0
[21:39:30] [Server thread/INFO] [sim/]: FolkData: GOTOXYZ() for 昀然 訾 to 21,237,33,0 - Method:container.sim.GotoMethod2 DIM:0
[21:39:30] [Server thread/WARN] [sim/]: FolkData:onUpdate() 瑾泉 ，景 还在工作
[21:39:30] [Server thread/INFO] [sim/]: FolkData: GOTOXYZ() for 瑾泉 ，景 to 26,237,33,0 - Method:container.sim.GotoMethod2 DIM:0
[21:39:30] [Server thread/INFO] [sim/]: FolkData: GOTOXYZ() for 瑾泉 ，景 to 21,237,33,0 - Method:container.sim.GotoMethod2 DIM:0
[21:39:30] [Server thread/WARN] [sim/]: FolkData:onUpdate() 昀然 訾 还在工作
[21:39:30] [Server thread/INFO] [sim/]: FolkData: GOTOXYZ() for 昀然 訾 to 26,237,33,0 - Method:container.sim.GotoMethod2 DIM:0
[21:39:30] [Server thread/INFO] [sim/]: FolkData: GOTOXYZ() for 昀然 訾 to 21,237,33,0 - Method:container.sim.GotoMethod2 DIM:0
[21:39:30] [Server thread/WARN] [sim/]: FolkData:onUpdate() 瑾泉 ，景 还在工作
[21:39:30] [Server thread/INFO] [sim/]: FolkData: GOTOXYZ() for 瑾泉 ，景 to 26,237,33,0 - Method:container.sim.GotoMethod2 DIM:0
[21:39:30] [Server thread/INFO] [sim/]: FolkData: GOTOXYZ() for 瑾泉 ，景 to 21,237,33,0 - Method:container.sim.GotoMethod2 DIM:0
[21:39:30] [Server thread/WARN] [sim/]: FolkData:onUpdate() 昀然 訾 还在工作
[21:39:30] [Server thread/INFO] [sim/]: FolkData: GOTOXYZ() for 昀然 訾 to 26,237,33,0 - Method:container.sim.GotoMethod2 DIM:0
[21:39:30] [Server thread/INFO] [sim/]: FolkData: GOTOXYZ() for 昀然 訾 to 21,237,33,0 - Method:container.sim.GotoMethod2 DIM:0
[21:39:30] [Server thread/WARN] [sim/]: FolkData:onUpdate() 瑾泉 ，景 还在工作
[21:39:30] [Server thread/INFO] [sim/]: FolkData: GOTOXYZ() for 瑾泉 ，景 to 26,237,33,0 - Method:container.sim.GotoMethod2 DIM:0
[21:39:30] [Server thread/INFO] [sim/]: FolkData: GOTOXYZ() for 瑾泉 ，景 to 21,237,33,0 - Method:container.sim.GotoMethod2 DIM:0
[21:39:30] [Server thread/WARN] [sim/]: FolkData:onUpdate() 昀然 訾 还在工作
[21:39:30] [Server thread/INFO] [sim/]: FolkData: GOTOXYZ() for 昀然 訾 to 26,237,33,0 - Method:container.sim.GotoMethod2 DIM:0
[21:39:30] [Server thread/INFO] [sim/]: FolkData: GOTOXYZ() for 昀然 訾 to 21,237,33,0 - Method:container.sim.GotoMethod2 DIM:0
[21:39:30] [Server thread/WARN] [sim/]: FolkData:onUpdate() 瑾泉 ，景 还在工作
[21:39:30] [Server thread/INFO] [sim/]: FolkData: GOTOXYZ() for 瑾泉 ，景 to 26,237,33,0 - Method:container.sim.GotoMethod2 DIM:0
[21:39:30] [Server thread/INFO] [sim/]: FolkData: GOTOXYZ() for 瑾泉 ，景 to 21,237,33,0 - Method:container.sim.GotoMethod2 DIM:0
[21:39:30] [Server thread/WARN] [sim/]: FolkData:onUpdate() 昀然 訾 还在工作
[21:39:30] [Server thread/INFO] [sim/]: FolkData: GOTOXYZ() for 昀然 訾 to 26,237,33,0 - Method:container.sim.GotoMethod2 DIM:0
[21:39:30] [Server thread/INFO] [sim/]: FolkData: GOTOXYZ() for 昀然 訾 to 21,237,33,0 - Method:container.sim.GotoMethod2 DIM:0
[21:39:30] [Server thread/WARN] [sim/]: FolkData:onUpdate() 瑾泉 ，景 还在工作
[21:39:30] [Server thread/INFO] [sim/]: FolkData: GOTOXYZ() for 瑾泉 ，景 to 26,237,33,0 - Method:container.sim.GotoMethod2 DIM:0
[21:39:30] [Server thread/INFO] [sim/]: FolkData: GOTOXYZ() for 瑾泉 ，景 to 21,237,33,0 - Method:container.sim.GotoMethod2 DIM:0
[21:39:30] [Server thread/WARN] [sim/]: FolkData:onUpdate() 昀然 訾 还在工作
[21:39:30] [Server thread/INFO] [sim/]: FolkData: GOTOXYZ() for 昀然 訾 to 26,237,33,0 - Method:container.sim.GotoMethod2 DIM:0
[21:39:30] [Server thread/INFO] [sim/]: FolkData: GOTOXYZ() for 昀然 訾 to 21,237,33,0 - Method:container.sim.GotoMethod2 DIM:0
[21:39:30] [Server thread/WARN] [sim/]: FolkData:onUpdate() 瑾泉 ，景 还在工作
[21:39:30] [Server thread/INFO] [sim/]: FolkData: GOTOXYZ() for 瑾泉 ，景 to 26,237,33,0 - Method:container.sim.GotoMethod2 DIM:0
[21:39:30] [Server thread/INFO] [sim/]: FolkData: GOTOXYZ() for 瑾泉 ，景 to 21,237,33,0 - Method:container.sim.GotoMethod2 DIM:0
[21:39:30] [Server thread/WARN] [sim/]: FolkData:onUpdate() 昀然 訾 还在工作
[21:39:30] [Server thread/INFO] [sim/]: FolkData: GOTOXYZ() for 昀然 訾 to 26,237,33,0 - Method:container.sim.GotoMethod2 DIM:0
[21:39:30] [Server thread/INFO] [sim/]: FolkData: GOTOXYZ() for 昀然 訾 to 21,237,33,0 - Method:container.sim.GotoMethod2 DIM:0
[21:39:30] [Server thread/WARN] [sim/]: FolkData:onUpdate() 瑾泉 ，景 还在工作
[21:39:30] [Server thread/INFO] [sim/]: FolkData: GOTOXYZ() for 瑾泉 ，景 to 26,237,33,0 - Method:container.sim.GotoMethod2 DIM:0
[21:39:30] [Server thread/INFO] [sim/]: FolkData: GOTOXYZ() for 瑾泉 ，景 to 21,237,33,0 - Method:container.sim.GotoMethod2 DIM:0
[21:39:30] [Server thread/WARN] [sim/]: FolkData:onUpdate() 昀然 訾 还在工作
[21:39:30] [Server thread/INFO] [sim/]: FolkData: GOTOXYZ() for 昀然 訾 to 26,237,33,0 - Method:container.sim.GotoMethod2 DIM:0
[21:39:30] [Server thread/INFO] [sim/]: FolkData: GOTOXYZ() for 昀然 訾 to 21,237,33,0 - Method:container.sim.GotoMethod2 DIM:0
[21:39:30] [Server thread/WARN] [sim/]: FolkData:onUpdate() 瑾泉 ，景 还在工作
[21:39:30] [Server thread/INFO] [sim/]: FolkData: GOTOXYZ() for 瑾泉 ，景 to 26,237,33,0 - Method:container.sim.GotoMethod2 DIM:0
[21:39:30] [Server thread/INFO] [sim/]: FolkData: GOTOXYZ() for 瑾泉 ，景 to 21,237,33,0 - Method:container.sim.GotoMethod2 DIM:0
[21:39:30] [Server thread/WARN] [sim/]: FolkData:onUpdate() 昀然 訾 还在工作
[21:39:30] [Server thread/INFO] [sim/]: FolkData: GOTOXYZ() for 昀然 訾 to 26,237,33,0 - Method:container.sim.GotoMethod2 DIM:0
[21:39:30] [Server thread/INFO] [sim/]: FolkData: GOTOXYZ() for 昀然 訾 to 21,237,33,0 - Method:container.sim.GotoMethod2 DIM:0
[21:39:30] [Server thread/WARN] [sim/]: FolkData:onUpdate() 瑾泉 ，景 还在工作
[21:39:30] [Server thread/INFO] [sim/]: FolkData: GOTOXYZ() for 瑾泉 ，景 to 26,237,33,0 - Method:container.sim.GotoMethod2 DIM:0
[21:39:30] [Server thread/INFO] [sim/]: FolkData: GOTOXYZ() for 瑾泉 ，景 to 21,237,33,0 - Method:container.sim.GotoMethod2 DIM:0
[21:39:30] [Server thread/WARN] [sim/]: FolkData:onUpdate() 昀然 訾 还在工作
[21:39:30] [Server thread/INFO] [sim/]: FolkData: GOTOXYZ() for 昀然 訾 to 26,237,33,0 - Method:container.sim.GotoMethod2 DIM:0
[21:39:30] [Server thread/INFO] [sim/]: FolkData: GOTOXYZ() for 昀然 訾 to 21,237,33,0 - Method:container.sim.GotoMethod2 DIM:0
[21:39:30] [Server thread/WARN] [sim/]: FolkData:onUpdate() 瑾泉 ，景 还在工作
[21:39:30] [Server thread/INFO] [sim/]: FolkData: GOTOXYZ() for 瑾泉 ，景 to 26,237,33,0 - Method:container.sim.GotoMethod2 DIM:0
[21:39:30] [Server thread/INFO] [sim/]: FolkData: GOTOXYZ() for 瑾泉 ，景 to 21,237,33,0 - Method:container.sim.GotoMethod2 DIM:0
[21:39:30] [Server thread/WARN] [sim/]: FolkData:onUpdate() 昀然 訾 还在工作
[21:39:30] [Server thread/INFO] [sim/]: FolkData: GOTOXYZ() for 昀然 訾 to 26,237,33,0 - Method:container.sim.GotoMethod2 DIM:0
[21:39:30] [Server thread/INFO] [sim/]: FolkData: GOTOXYZ() for 昀然 訾 to 21,237,33,0 - Method:container.sim.GotoMethod2 DIM:0
[21:39:30] [Server thread/WARN] [sim/]: FolkData:onUpdate() 瑾泉 ，景 还在工作
[21:39:30] [Server thread/INFO] [sim/]: FolkData: GOTOXYZ() for 瑾泉 ，景 to 26,237,33,0 - Method:container.sim.GotoMethod2 DIM:0
[21:39:30] [Server thread/INFO] [sim/]: FolkData: GOTOXYZ() for 瑾泉 ，景 to 21,237,33,0 - Method:container.sim.GotoMethod2 DIM:0
[21:39:30] [Server thread/WARN] [sim/]: FolkData:onUpdate() 昀然 訾 还在工作
[21:39:30] [Server thread/INFO] [sim/]: FolkData: GOTOXYZ() for 昀然 訾 to 26,237,33,0 - Method:container.sim.GotoMethod2 DIM:0
[21:39:30] [Server thread/INFO] [sim/]: FolkData: GOTOXYZ() for 昀然 訾 to 21,237,33,0 - Method:container.sim.GotoMethod2 DIM:0
[21:39:30] [Server thread/WARN] [sim/]: FolkData:onUpdate() 瑾泉 ，景 还在工作
[21:39:30] [Server thread/INFO] [sim/]: FolkData: GOTOXYZ() for 瑾泉 ，景 to 26,237,33,0 - Method:container.sim.GotoMethod2 DIM:0
[21:39:30] [Server thread/INFO] [sim/]: FolkData: GOTOXYZ() for 瑾泉 ，景 to 21,237,33,0 - Method:container.sim.GotoMethod2 DIM:0
[21:39:30] [Server thread/WARN] [sim/]: FolkData:onUpdate() 昀然 訾 还在工作
[21:39:30] [Server thread/INFO] [sim/]: FolkData: GOTOXYZ() for 昀然 訾 to 26,237,33,0 - Method:container.sim.GotoMethod2 DIM:0
[21:39:30] [Server thread/INFO] [sim/]: FolkData: GOTOXYZ() for 昀然 訾 to 21,237,33,0 - Method:container.sim.GotoMethod2 DIM:0
[21:39:30] [Server thread/WARN] [sim/]: FolkData:onUpdate() 瑾泉 ，景 还在工作
[21:39:30] [Server thread/INFO] [sim/]: FolkData: GOTOXYZ() for 瑾泉 ，景 to 26,237,33,0 - Method:container.sim.GotoMethod2 DIM:0
[21:39:30] [Server thread/INFO] [sim/]: FolkData: GOTOXYZ() for 瑾泉 ，景 to 21,237,33,0 - Method:container.sim.GotoMethod2 DIM:0
[21:39:30] [Server thread/WARN] [sim/]: FolkData:onUpdate() 昀然 訾 还在工作
[21:39:30] [Server thread/INFO] [sim/]: FolkData: GOTOXYZ() for 昀然 訾 to 26,237,33,0 - Method:container.sim.GotoMethod2 DIM:0
[21:39:30] [Server thread/INFO] [sim/]: FolkData: GOTOXYZ() for 昀然 訾 to 21,237,33,0 - Method:container.sim.GotoMethod2 DIM:0
[21:39:30] [Server thread/WARN] [sim/]: FolkData:onUpdate() 瑾泉 ，景 还在工作
[21:39:30] [Server thread/INFO] [sim/]: FolkData: GOTOXYZ() for 瑾泉 ，景 to 26,237,33,0 - Method:container.sim.GotoMethod2 DIM:0
[21:39:30] [Server thread/INFO] [sim/]: FolkData: GOTOXYZ() for 瑾泉 ，景 to 21,237,33,0 - Method:container.sim.GotoMethod2 DIM:0
[21:39:30] [Server thread/WARN] [sim/]: FolkData:onUpdate() 昀然 訾 还在工作
[21:39:30] [Server thread/INFO] [sim/]: FolkData: GOTOXYZ() for 昀然 訾 to 26,237,33,0 - Method:container.sim.GotoMethod2 DIM:0
[21:39:30] [Server thread/INFO] [sim/]: FolkData: GOTOXYZ() for 昀然 訾 to 21,237,33,0 - Method:container.sim.GotoMethod2 DIM:0
[21:39:30] [Server thread/WARN] [sim/]: FolkData:onUpdate() 瑾泉 ，景 还在工作
[21:39:30] [Server thread/INFO] [sim/]: FolkData: GOTOXYZ() for 瑾泉 ，景 to 26,237,33,0 - Method:container.sim.GotoMethod2 DIM:0
[21:39:30] [Server thread/INFO] [sim/]: FolkData: GOTOXYZ() for 瑾泉 ，景 to 21,237,33,0 - Method:container.sim.GotoMethod2 DIM:0
[21:39:30] [Server thread/WARN] [sim/]: FolkData:onUpdate() 昀然 訾 还在工作
[21:39:30] [Server thread/INFO] [sim/]: FolkData: GOTOXYZ() for 昀然 訾 to 26,237,33,0 - Method:container.sim.GotoMethod2 DIM:0
[21:39:30] [Server thread/INFO] [sim/]: FolkData: GOTOXYZ() for 昀然 訾 to 21,237,33,0 - Method:container.sim.GotoMethod2 DIM:0
[21:39:30] [Server thread/WARN] [sim/]: FolkData:onUpdate() 瑾泉 ，景 还在工作
[21:39:30] [Server thread/INFO] [sim/]: FolkData: GOTOXYZ() for 瑾泉 ，景 to 26,237,33,0 - Method:container.sim.GotoMethod2 DIM:0
[21:39:30] [Server thread/INFO] [sim/]: FolkData: GOTOXYZ() for 瑾泉 ，景 to 21,237,33,0 - Method:container.sim.GotoMethod2 DIM:0
[21:39:30] [Server thread/WARN] [sim/]: FolkData:onUpdate() 昀然 訾 还在工作
[21:39:30] [Server thread/INFO] [sim/]: FolkData: GOTOXYZ() for 昀然 訾 to 26,237,33,0 - Method:container.sim.GotoMethod2 DIM:0
[21:39:30] [Server thread/INFO] [sim/]: FolkData: GOTOXYZ() for 昀然 訾 to 21,237,33,0 - Method:container.sim.GotoMethod2 DIM:0
[21:39:30] [Server thread/WARN] [sim/]: FolkData:onUpdate() 瑾泉 ，景 还在工作
[21:39:30] [Server thread/INFO] [sim/]: FolkData: GOTOXYZ() for 瑾泉 ，景 to 26,237,33,0 - Method:container.sim.GotoMethod2 DIM:0
[21:39:30] [Server thread/INFO] [sim/]: FolkData: GOTOXYZ() for 瑾泉 ，景 to 21,237,33,0 - Method:container.sim.GotoMethod2 DIM:0
[21:39:30] [Server thread/WARN] [sim/]: FolkData:onUpdate() 昀然 訾 还在工作
[21:39:30] [Server thread/INFO] [sim/]: FolkData: GOTOXYZ() for 昀然 訾 to 26,237,33,0 - Method:container.sim.GotoMethod2 DIM:0
[21:39:30] [Server thread/INFO] [sim/]: FolkData: GOTOXYZ() for 昀然 訾 to 21,237,33,0 - Method:container.sim.GotoMethod2 DIM:0
[21:39:30] [Server thread/WARN] [sim/]: FolkData:onUpdate() 瑾泉 ，景 还在工作
[21:39:30] [Server thread/INFO] [sim/]: FolkData: GOTOXYZ() for 瑾泉 ，景 to 26,237,33,0 - Method:container.sim.GotoMethod2 DIM:0
[21:39:30] [Server thread/INFO] [sim/]: FolkData: GOTOXYZ() for 瑾泉 ，景 to 21,237,33,0 - Method:container.sim.GotoMethod2 DIM:0
[21:39:30] [Server thread/WARN] [sim/]: FolkData:onUpdate() 昀然 訾 还在工作
[21:39:30] [Server thread/INFO] [sim/]: FolkData: GOTOXYZ() for 昀然 訾 to 26,237,33,0 - Method:container.sim.GotoMethod2 DIM:0
[21:39:30] [Server thread/INFO] [sim/]: FolkData: GOTOXYZ() for 昀然 訾 to 21,237,33,0 - Method:container.sim.GotoMethod2 DIM:0
[21:39:30] [Server thread/WARN] [sim/]: FolkData:onUpdate() 瑾泉 ，景 还在工作
[21:39:30] [Server thread/INFO] [sim/]: FolkData: GOTOXYZ() for 瑾泉 ，景 to 26,237,33,0 - Method:container.sim.GotoMethod2 DIM:0
[21:39:30] [Server thread/INFO] [sim/]: FolkData: GOTOXYZ() for 瑾泉 ，景 to 21,237,33,0 - Method:container.sim.GotoMethod2 DIM:0
[21:39:30] [Server thread/WARN] [sim/]: FolkData:onUpdate() 昀然 訾 还在工作
[21:39:30] [Server thread/INFO] [sim/]: FolkData: GOTOXYZ() for 昀然 訾 to 26,237,33,0 - Method:container.sim.GotoMethod2 DIM:0
[21:39:30] [Server thread/INFO] [sim/]: FolkData: GOTOXYZ() for 昀然 訾 to 21,237,33,0 - Method:container.sim.GotoMethod2 DIM:0
[21:39:30] [Server thread/WARN] [sim/]: FolkData:onUpdate() 瑾泉 ，景 还在工作
[21:39:30] [Server thread/INFO] [sim/]: FolkData: GOTOXYZ() for 瑾泉 ，景 to 26,237,33,0 - Method:container.sim.GotoMethod2 DIM:0
[21:39:30] [Server thread/INFO] [sim/]: FolkData: GOTOXYZ() for 瑾泉 ，景 to 21,237,33,0 - Method:container.sim.GotoMethod2 DIM:0
[21:39:31] [Server thread/WARN] [sim/]: FolkData:onUpdate() 昀然 訾 还在工作
[21:39:31] [Server thread/INFO] [sim/]: FolkData: GOTOXYZ() for 昀然 訾 to 26,237,33,0 - Method:container.sim.GotoMethod2 DIM:0
[21:39:31] [Server thread/INFO] [sim/]: FolkData: GOTOXYZ() for 昀然 訾 to 21,237,33,0 - Method:container.sim.GotoMethod2 DIM:0
[21:39:31] [Server thread/WARN] [sim/]: FolkData:onUpdate() 瑾泉 ，景 还在工作
[21:39:31] [Server thread/INFO] [sim/]: FolkData: GOTOXYZ() for 瑾泉 ，景 to 26,237,33,0 - Method:container.sim.GotoMethod2 DIM:0
[21:39:31] [Server thread/INFO] [sim/]: FolkData: GOTOXYZ() for 瑾泉 ，景 to 21,237,33,0 - Method:container.sim.GotoMethod2 DIM:0
[21:39:31] [Server thread/WARN] [sim/]: FolkData:onUpdate() 昀然 訾 还在工作
[21:39:31] [Server thread/INFO] [sim/]: FolkData: GOTOXYZ() for 昀然 訾 to 26,237,33,0 - Method:container.sim.GotoMethod2 DIM:0
[21:39:31] [Server thread/INFO] [sim/]: FolkData: GOTOXYZ() for 昀然 訾 to 21,237,33,0 - Method:container.sim.GotoMethod2 DIM:0
[21:39:31] [Server thread/WARN] [sim/]: FolkData:onUpdate() 瑾泉 ，景 还在工作
[21:39:31] [Server thread/INFO] [sim/]: FolkData: GOTOXYZ() for 瑾泉 ，景 to 26,237,33,0 - Method:container.sim.GotoMethod2 DIM:0
[21:39:31] [Server thread/INFO] [sim/]: FolkData: GOTOXYZ() for 瑾泉 ，景 to 21,237,33,0 - Method:container.sim.GotoMethod2 DIM:0
[21:39:31] [Server thread/WARN] [sim/]: FolkData:onUpdate() 昀然 訾 还在工作
[21:39:31] [Server thread/INFO] [sim/]: FolkData: GOTOXYZ() for 昀然 訾 to 26,237,33,0 - Method:container.sim.GotoMethod2 DIM:0
[21:39:31] [Server thread/INFO] [sim/]: FolkData: GOTOXYZ() for 昀然 訾 to 21,237,33,0 - Method:container.sim.GotoMethod2 DIM:0
[21:39:31] [Server thread/WARN] [sim/]: FolkData:onUpdate() 瑾泉 ，景 还在工作
[21:39:31] [Server thread/INFO] [sim/]: FolkData: GOTOXYZ() for 瑾泉 ，景 to 26,237,33,0 - Method:container.sim.GotoMethod2 DIM:0
[21:39:31] [Server thread/INFO] [sim/]: FolkData: GOTOXYZ() for 瑾泉 ，景 to 21,237,33,0 - Method:container.sim.GotoMethod2 DIM:0
[21:39:31] [Server thread/WARN] [sim/]: FolkData:onUpdate() 昀然 訾 还在工作
[21:39:31] [Server thread/INFO] [sim/]: FolkData: GOTOXYZ() for 昀然 訾 to 26,237,33,0 - Method:container.sim.GotoMethod2 DIM:0
[21:39:31] [Server thread/INFO] [sim/]: FolkData: GOTOXYZ() for 昀然 訾 to 21,237,33,0 - Method:container.sim.GotoMethod2 DIM:0
[21:39:31] [Server thread/WARN] [sim/]: FolkData:onUpdate() 瑾泉 ，景 还在工作
[21:39:31] [Server thread/INFO] [sim/]: FolkData: GOTOXYZ() for 瑾泉 ，景 to 26,237,33,0 - Method:container.sim.GotoMethod2 DIM:0
[21:39:31] [Server thread/INFO] [sim/]: FolkData: GOTOXYZ() for 瑾泉 ，景 to 21,237,33,0 - Method:container.sim.GotoMethod2 DIM:0
[21:39:31] [Server thread/WARN] [sim/]: FolkData:onUpdate() 昀然 訾 还在工作
[21:39:31] [Server thread/INFO] [sim/]: FolkData: GOTOXYZ() for 昀然 訾 to 26,237,33,0 - Method:container.sim.GotoMethod2 DIM:0
[21:39:31] [Server thread/INFO] [sim/]: FolkData: GOTOXYZ() for 昀然 訾 to 21,237,33,0 - Method:container.sim.GotoMethod2 DIM:0
[21:39:31] [Server thread/WARN] [sim/]: FolkData:onUpdate() 瑾泉 ，景 还在工作
[21:39:31] [Server thread/INFO] [sim/]: FolkData: GOTOXYZ() for 瑾泉 ，景 to 26,237,33,0 - Method:container.sim.GotoMethod2 DIM:0
[21:39:31] [Server thread/INFO] [sim/]: FolkData: GOTOXYZ() for 瑾泉 ，景 to 21,237,33,0 - Method:container.sim.GotoMethod2 DIM:0
[21:39:31] [Server thread/WARN] [sim/]: FolkData:onUpdate() 昀然 訾 还在工作
[21:39:31] [Server thread/INFO] [sim/]: FolkData: GOTOXYZ() for 昀然 訾 to 26,237,33,0 - Method:container.sim.GotoMethod2 DIM:0
[21:39:31] [Server thread/INFO] [sim/]: FolkData: GOTOXYZ() for 昀然 訾 to 21,237,33,0 - Method:container.sim.GotoMethod2 DIM:0
[21:39:31] [Server thread/WARN] [sim/]: FolkData:onUpdate() 瑾泉 ，景 还在工作
[21:39:31] [Server thread/INFO] [sim/]: FolkData: GOTOXYZ() for 瑾泉 ，景 to 26,237,33,0 - Method:container.sim.GotoMethod2 DIM:0
[21:39:31] [Server thread/INFO] [sim/]: FolkData: GOTOXYZ() for 瑾泉 ，景 to 21,237,33,0 - Method:container.sim.GotoMethod2 DIM:0
[21:39:31] [Server thread/WARN] [sim/]: FolkData:onUpdate() 昀然 訾 还在工作
[21:39:31] [Server thread/INFO] [sim/]: FolkData: GOTOXYZ() for 昀然 訾 to 26,237,33,0 - Method:container.sim.GotoMethod2 DIM:0
[21:39:31] [Server thread/INFO] [sim/]: FolkData: GOTOXYZ() for 昀然 訾 to 21,237,33,0 - Method:container.sim.GotoMethod2 DIM:0
[21:39:31] [Server thread/WARN] [sim/]: FolkData:onUpdate() 瑾泉 ，景 还在工作
[21:39:31] [Server thread/INFO] [sim/]: FolkData: GOTOXYZ() for 瑾泉 ，景 to 26,237,33,0 - Method:container.sim.GotoMethod2 DIM:0
[21:39:31] [Server thread/INFO] [sim/]: FolkData: GOTOXYZ() for 瑾泉 ，景 to 21,237,33,0 - Method:container.sim.GotoMethod2 DIM:0
[21:39:31] [Server thread/WARN] [sim/]: FolkData:onUpdate() 昀然 訾 还在工作
[21:39:31] [Server thread/INFO] [sim/]: FolkData: GOTOXYZ() for 昀然 訾 to 26,237,33,0 - Method:container.sim.GotoMethod2 DIM:0
[21:39:31] [Server thread/INFO] [sim/]: FolkData: GOTOXYZ() for 昀然 訾 to 21,237,33,0 - Method:container.sim.GotoMethod2 DIM:0
[21:39:31] [Server thread/WARN] [sim/]: FolkData:onUpdate() 瑾泉 ，景 还在工作
[21:39:31] [Server thread/INFO] [sim/]: FolkData: GOTOXYZ() for 瑾泉 ，景 to 26,237,33,0 - Method:container.sim.GotoMethod2 DIM:0
[21:39:31] [Server thread/INFO] [sim/]: FolkData: GOTOXYZ() for 瑾泉 ，景 to 21,237,33,0 - Method:container.sim.GotoMethod2 DIM:0
[21:39:31] [Server thread/WARN] [sim/]: FolkData:onUpdate() 昀然 訾 还在工作
[21:39:31] [Server thread/INFO] [sim/]: FolkData: GOTOXYZ() for 昀然 訾 to 26,237,33,0 - Method:container.sim.GotoMethod2 DIM:0
[21:39:31] [Server thread/INFO] [sim/]: FolkData: GOTOXYZ() for 昀然 訾 to 21,237,33,0 - Method:container.sim.GotoMethod2 DIM:0
[21:39:31] [Server thread/WARN] [sim/]: FolkData:onUpdate() 瑾泉 ，景 还在工作
[21:39:31] [Server thread/INFO] [sim/]: FolkData: GOTOXYZ() for 瑾泉 ，景 to 26,237,33,0 - Method:container.sim.GotoMethod2 DIM:0
[21:39:31] [Server thread/INFO] [sim/]: FolkData: GOTOXYZ() for 瑾泉 ，景 to 21,237,33,0 - Method:container.sim.GotoMethod2 DIM:0
[21:39:31] [Server thread/WARN] [sim/]: FolkData:onUpdate() 昀然 訾 还在工作
[21:39:31] [Server thread/INFO] [sim/]: FolkData: GOTOXYZ() for 昀然 訾 to 26,237,33,0 - Method:container.sim.GotoMethod2 DIM:0
[21:39:31] [Server thread/INFO] [sim/]: FolkData: GOTOXYZ() for 昀然 訾 to 21,237,33,0 - Method:container.sim.GotoMethod2 DIM:0
[21:39:31] [Server thread/WARN] [sim/]: FolkData:onUpdate() 瑾泉 ，景 还在工作
[21:39:31] [Server thread/INFO] [sim/]: FolkData: GOTOXYZ() for 瑾泉 ，景 to 26,237,33,0 - Method:container.sim.GotoMethod2 DIM:0
[21:39:31] [Server thread/INFO] [sim/]: FolkData: GOTOXYZ() for 瑾泉 ，景 to 21,237,33,0 - Method:container.sim.GotoMethod2 DIM:0
[21:39:31] [Server thread/WARN] [sim/]: FolkData:onUpdate() 昀然 訾 还在工作
[21:39:31] [Server thread/INFO] [sim/]: FolkData: GOTOXYZ() for 昀然 訾 to 26,237,33,0 - Method:container.sim.GotoMethod2 DIM:0
[21:39:31] [Server thread/INFO] [sim/]: FolkData: GOTOXYZ() for 昀然 訾 to 21,237,33,0 - Method:container.sim.GotoMethod2 DIM:0
[21:39:31] [Server thread/WARN] [sim/]: FolkData:onUpdate() 瑾泉 ，景 还在工作
[21:39:31] [Server thread/INFO] [sim/]: FolkData: GOTOXYZ() for 瑾泉 ，景 to 26,237,33,0 - Method:container.sim.GotoMethod2 DIM:0
[21:39:31] [Server thread/INFO] [sim/]: FolkData: GOTOXYZ() for 瑾泉 ，景 to 21,237,33,0 - Method:container.sim.GotoMethod2 DIM:0
[21:39:31] [Server thread/WARN] [sim/]: FolkData:onUpdate() 昀然 訾 还在工作
[21:39:31] [Server thread/INFO] [sim/]: FolkData: GOTOXYZ() for 昀然 訾 to 26,237,33,0 - Method:container.sim.GotoMethod2 DIM:0
[21:39:31] [Server thread/INFO] [sim/]: FolkData: GOTOXYZ() for 昀然 訾 to 21,237,33,0 - Method:container.sim.GotoMethod2 DIM:0
[21:39:31] [Server thread/WARN] [sim/]: FolkData:onUpdate() 瑾泉 ，景 还在工作
[21:39:31] [Server thread/INFO] [sim/]: FolkData: GOTOXYZ() for 瑾泉 ，景 to 26,237,33,0 - Method:container.sim.GotoMethod2 DIM:0
[21:39:31] [Server thread/INFO] [sim/]: FolkData: GOTOXYZ() for 瑾泉 ，景 to 21,237,33,0 - Method:container.sim.GotoMethod2 DIM:0
[21:39:31] [Server thread/WARN] [sim/]: FolkData:onUpdate() 昀然 訾 还在工作
[21:39:31] [Server thread/INFO] [sim/]: FolkData: GOTOXYZ() for 昀然 訾 to 26,237,33,0 - Method:container.sim.GotoMethod2 DIM:0
[21:39:31] [Server thread/INFO] [sim/]: FolkData: GOTOXYZ() for 昀然 訾 to 21,237,33,0 - Method:container.sim.GotoMethod2 DIM:0
[21:39:31] [Server thread/WARN] [sim/]: FolkData:onUpdate() 瑾泉 ，景 还在工作
[21:39:31] [Server thread/INFO] [sim/]: FolkData: GOTOXYZ() for 瑾泉 ，景 to 26,237,33,0 - Method:container.sim.GotoMethod2 DIM:0
[21:39:31] [Server thread/INFO] [sim/]: FolkData: GOTOXYZ() for 瑾泉 ，景 to 21,237,33,0 - Method:container.sim.GotoMethod2 DIM:0
[21:39:31] [Server thread/WARN] [sim/]: FolkData:onUpdate() 昀然 訾 还在工作
[21:39:31] [Server thread/INFO] [sim/]: FolkData: GOTOXYZ() for 昀然 訾 to 26,237,33,0 - Method:container.sim.GotoMethod2 DIM:0
[21:39:31] [Server thread/INFO] [sim/]: FolkData: GOTOXYZ() for 昀然 訾 to 21,237,33,0 - Method:container.sim.GotoMethod2 DIM:0
[21:39:31] [Server thread/WARN] [sim/]: FolkData:onUpdate() 瑾泉 ，景 还在工作
[21:39:31] [Server thread/INFO] [sim/]: FolkData: GOTOXYZ() for 瑾泉 ，景 to 26,237,33,0 - Method:container.sim.GotoMethod2 DIM:0
[21:39:31] [Server thread/INFO] [sim/]: FolkData: GOTOXYZ() for 瑾泉 ，景 to 21,237,33,0 - Method:container.sim.GotoMethod2 DIM:0
[21:39:31] [Server thread/WARN] [sim/]: FolkData:onUpdate() 昀然 訾 还在工作
[21:39:31] [Server thread/INFO] [sim/]: FolkData: GOTOXYZ() for 昀然 訾 to 26,237,33,0 - Method:container.sim.GotoMethod2 DIM:0
[21:39:31] [Server thread/INFO] [sim/]: FolkData: GOTOXYZ() for 昀然 訾 to 21,237,33,0 - Method:container.sim.GotoMethod2 DIM:0
[21:39:31] [Server thread/WARN] [sim/]: FolkData:onUpdate() 瑾泉 ，景 还在工作
[21:39:31] [Server thread/INFO] [sim/]: FolkData: GOTOXYZ() for 瑾泉 ，景 to 26,237,33,0 - Method:container.sim.GotoMethod2 DIM:0
[21:39:31] [Server thread/INFO] [sim/]: FolkData: GOTOXYZ() for 瑾泉 ，景 to 21,237,33,0 - Method:container.sim.GotoMethod2 DIM:0
[21:39:31] [Server thread/WARN] [sim/]: FolkData:onUpdate() 昀然 訾 还在工作
[21:39:31] [Server thread/INFO] [sim/]: FolkData: GOTOXYZ() for 昀然 訾 to 26,237,33,0 - Method:container.sim.GotoMethod2 DIM:0
[21:39:31] [Server thread/INFO] [sim/]: FolkData: GOTOXYZ() for 昀然 訾 to 21,237,33,0 - Method:container.sim.GotoMethod2 DIM:0
[21:39:31] [Server thread/WARN] [sim/]: FolkData:onUpdate() 瑾泉 ，景 还在工作
[21:39:31] [Server thread/INFO] [sim/]: FolkData: GOTOXYZ() for 瑾泉 ，景 to 26,237,33,0 - Method:container.sim.GotoMethod2 DIM:0
[21:39:31] [Server thread/INFO] [sim/]: FolkData: GOTOXYZ() for 瑾泉 ，景 to 21,237,33,0 - Method:container.sim.GotoMethod2 DIM:0
[21:39:31] [Server thread/WARN] [sim/]: FolkData:onUpdate() 昀然 訾 还在工作
[21:39:31] [Server thread/INFO] [sim/]: FolkData: GOTOXYZ() for 昀然 訾 to 26,237,33,0 - Method:container.sim.GotoMethod2 DIM:0
[21:39:31] [Server thread/INFO] [sim/]: FolkData: GOTOXYZ() for 昀然 訾 to 21,237,33,0 - Method:container.sim.GotoMethod2 DIM:0
[21:39:31] [Server thread/WARN] [sim/]: FolkData:onUpdate() 瑾泉 ，景 还在工作
[21:39:31] [Server thread/INFO] [sim/]: FolkData: GOTOXYZ() for 瑾泉 ，景 to 26,237,33,0 - Method:container.sim.GotoMethod2 DIM:0
[21:39:31] [Server thread/INFO] [sim/]: FolkData: GOTOXYZ() for 瑾泉 ，景 to 21,237,33,0 - Method:container.sim.GotoMethod2 DIM:0
[21:39:31] [Server thread/WARN] [sim/]: FolkData:onUpdate() 昀然 訾 还在工作
[21:39:31] [Server thread/INFO] [sim/]: FolkData: GOTOXYZ() for 昀然 訾 to 26,237,33,0 - Method:container.sim.GotoMethod2 DIM:0
[21:39:31] [Server thread/INFO] [sim/]: FolkData: GOTOXYZ() for 昀然 訾 to 21,237,33,0 - Method:container.sim.GotoMethod2 DIM:0
[21:39:31] [Server thread/WARN] [sim/]: FolkData:onUpdate() 瑾泉 ，景 还在工作
[21:39:31] [Server thread/INFO] [sim/]: FolkData: GOTOXYZ() for 瑾泉 ，景 to 26,237,33,0 - Method:container.sim.GotoMethod2 DIM:0
[21:39:31] [Server thread/INFO] [sim/]: FolkData: GOTOXYZ() for 瑾泉 ，景 to 21,237,33,0 - Method:container.sim.GotoMethod2 DIM:0
[21:39:31] [Server thread/WARN] [sim/]: FolkData:onUpdate() 昀然 訾 还在工作
[21:39:31] [Server thread/INFO] [sim/]: FolkData: GOTOXYZ() for 昀然 訾 to 26,237,33,0 - Method:container.sim.GotoMethod2 DIM:0
[21:39:31] [Server thread/INFO] [sim/]: FolkData: GOTOXYZ() for 昀然 訾 to 21,237,33,0 - Method:container.sim.GotoMethod2 DIM:0
[21:39:31] [Server thread/WARN] [sim/]: FolkData:onUpdate() 瑾泉 ，景 还在工作
[21:39:31] [Server thread/INFO] [sim/]: FolkData: GOTOXYZ() for 瑾泉 ，景 to 26,237,33,0 - Method:container.sim.GotoMethod2 DIM:0
[21:39:31] [Server thread/INFO] [sim/]: FolkData: GOTOXYZ() for 瑾泉 ，景 to 21,237,33,0 - Method:container.sim.GotoMethod2 DIM:0
[21:39:31] [Server thread/WARN] [sim/]: FolkData:onUpdate() 昀然 訾 还在工作
[21:39:31] [Server thread/INFO] [sim/]: FolkData: GOTOXYZ() for 昀然 訾 to 26,237,33,0 - Method:container.sim.GotoMethod2 DIM:0
[21:39:31] [Server thread/INFO] [sim/]: FolkData: GOTOXYZ() for 昀然 訾 to 21,237,33,0 - Method:container.sim.GotoMethod2 DIM:0
[21:39:31] [Server thread/WARN] [sim/]: FolkData:onUpdate() 瑾泉 ，景 还在工作
[21:39:31] [Server thread/INFO] [sim/]: FolkData: GOTOXYZ() for 瑾泉 ，景 to 26,237,33,0 - Method:container.sim.GotoMethod2 DIM:0
[21:39:31] [Server thread/INFO] [sim/]: FolkData: GOTOXYZ() for 瑾泉 ，景 to 21,237,33,0 - Method:container.sim.GotoMethod2 DIM:0
[21:39:31] [Server thread/WARN] [sim/]: FolkData:onUpdate() 昀然 訾 还在工作
[21:39:31] [Server thread/INFO] [sim/]: FolkData: GOTOXYZ() for 昀然 訾 to 26,237,33,0 - Method:container.sim.GotoMethod2 DIM:0
[21:39:31] [Server thread/INFO] [sim/]: FolkData: GOTOXYZ() for 昀然 訾 to 21,237,33,0 - Method:container.sim.GotoMethod2 DIM:0
[21:39:31] [Server thread/WARN] [sim/]: FolkData:onUpdate() 瑾泉 ，景 还在工作
[21:39:31] [Server thread/INFO] [sim/]: FolkData: GOTOXYZ() for 瑾泉 ，景 to 26,237,33,0 - Method:container.sim.GotoMethod2 DIM:0
[21:39:31] [Server thread/INFO] [sim/]: FolkData: GOTOXYZ() for 瑾泉 ，景 to 21,237,33,0 - Method:container.sim.GotoMethod2 DIM:0
[21:39:31] [Server thread/WARN] [sim/]: FolkData:onUpdate() 昀然 訾 还在工作
[21:39:31] [Server thread/INFO] [sim/]: FolkData: GOTOXYZ() for 昀然 訾 to 26,237,33,0 - Method:container.sim.GotoMethod2 DIM:0
[21:39:31] [Server thread/INFO] [sim/]: FolkData: GOTOXYZ() for 昀然 訾 to 21,237,33,0 - Method:container.sim.GotoMethod2 DIM:0
[21:39:31] [Server thread/WARN] [sim/]: FolkData:onUpdate() 瑾泉 ，景 还在工作
[21:39:31] [Server thread/INFO] [sim/]: FolkData: GOTOXYZ() for 瑾泉 ，景 to 26,237,33,0 - Method:container.sim.GotoMethod2 DIM:0
[21:39:31] [Server thread/INFO] [sim/]: FolkData: GOTOXYZ() for 瑾泉 ，景 to 21,237,33,0 - Method:container.sim.GotoMethod2 DIM:0
[21:39:31] [Server thread/WARN] [sim/]: FolkData:onUpdate() 昀然 訾 还在工作
[21:39:31] [Server thread/INFO] [sim/]: FolkData: GOTOXYZ() for 昀然 訾 to 26,237,33,0 - Method:container.sim.GotoMethod2 DIM:0
[21:39:31] [Server thread/INFO] [sim/]: FolkData: GOTOXYZ() for 昀然 訾 to 21,237,33,0 - Method:container.sim.GotoMethod2 DIM:0
[21:39:31] [Server thread/WARN] [sim/]: FolkData:onUpdate() 瑾泉 ，景 还在工作
[21:39:31] [Server thread/INFO] [sim/]: FolkData: GOTOXYZ() for 瑾泉 ，景 to 26,237,33,0 - Method:container.sim.GotoMethod2 DIM:0
[21:39:31] [Server thread/INFO] [sim/]: FolkData: GOTOXYZ() for 瑾泉 ，景 to 21,237,33,0 - Method:container.sim.GotoMethod2 DIM:0
[21:39:31] [Server thread/WARN] [sim/]: FolkData:onUpdate() 昀然 訾 还在工作
[21:39:31] [Server thread/INFO] [sim/]: FolkData: GOTOXYZ() for 昀然 訾 to 26,237,33,0 - Method:container.sim.GotoMethod2 DIM:0
[21:39:31] [Server thread/INFO] [sim/]: FolkData: GOTOXYZ() for 昀然 訾 to 21,237,33,0 - Method:container.sim.GotoMethod2 DIM:0
[21:39:31] [Server thread/WARN] [sim/]: FolkData:onUpdate() 瑾泉 ，景 还在工作
[21:39:31] [Server thread/INFO] [sim/]: FolkData: GOTOXYZ() for 瑾泉 ，景 to 26,237,33,0 - Method:container.sim.GotoMethod2 DIM:0
[21:39:31] [Server thread/INFO] [sim/]: FolkData: GOTOXYZ() for 瑾泉 ，景 to 21,237,33,0 - Method:container.sim.GotoMethod2 DIM:0
[21:39:31] [Server thread/WARN] [sim/]: FolkData:onUpdate() 昀然 訾 还在工作
[21:39:31] [Server thread/INFO] [sim/]: FolkData: GOTOXYZ() for 昀然 訾 to 26,237,33,0 - Method:container.sim.GotoMethod2 DIM:0
[21:39:31] [Server thread/INFO] [sim/]: FolkData: GOTOXYZ() for 昀然 訾 to 21,237,33,0 - Method:container.sim.GotoMethod2 DIM:0
[21:39:31] [Server thread/WARN] [sim/]: FolkData:onUpdate() 瑾泉 ，景 还在工作
[21:39:31] [Server thread/INFO] [sim/]: FolkData: GOTOXYZ() for 瑾泉 ，景 to 26,237,33,0 - Method:container.sim.GotoMethod2 DIM:0
[21:39:31] [Server thread/INFO] [sim/]: FolkData: GOTOXYZ() for 瑾泉 ，景 to 21,237,33,0 - Method:container.sim.GotoMethod2 DIM:0
[21:39:31] [Server thread/WARN] [sim/]: FolkData:onUpdate() 昀然 訾 还在工作
[21:39:31] [Server thread/INFO] [sim/]: FolkData: GOTOXYZ() for 昀然 訾 to 26,237,33,0 - Method:container.sim.GotoMethod2 DIM:0
[21:39:31] [Server thread/INFO] [sim/]: FolkData: GOTOXYZ() for 昀然 訾 to 21,237,33,0 - Method:container.sim.GotoMethod2 DIM:0
[21:39:31] [Server thread/WARN] [sim/]: FolkData:onUpdate() 瑾泉 ，景 还在工作
[21:39:31] [Server thread/INFO] [sim/]: FolkData: GOTOXYZ() for 瑾泉 ，景 to 26,237,33,0 - Method:container.sim.GotoMethod2 DIM:0
[21:39:31] [Server thread/INFO] [sim/]: FolkData: GOTOXYZ() for 瑾泉 ，景 to 21,237,33,0 - Method:container.sim.GotoMethod2 DIM:0
[21:39:31] [Server thread/WARN] [sim/]: FolkData:onUpdate() 昀然 訾 还在工作
[21:39:31] [Server thread/INFO] [sim/]: FolkData: GOTOXYZ() for 昀然 訾 to 26,237,33,0 - Method:container.sim.GotoMethod2 DIM:0
[21:39:31] [Server thread/INFO] [sim/]: FolkData: GOTOXYZ() for 昀然 訾 to 21,237,33,0 - Method:container.sim.GotoMethod2 DIM:0
[21:39:31] [Server thread/WARN] [sim/]: FolkData:onUpdate() 瑾泉 ，景 还在工作
[21:39:31] [Server thread/INFO] [sim/]: FolkData: GOTOXYZ() for 瑾泉 ，景 to 26,237,33,0 - Method:container.sim.GotoMethod2 DIM:0
[21:39:31] [Server thread/INFO] [sim/]: FolkData: GOTOXYZ() for 瑾泉 ，景 to 21,237,33,0 - Method:container.sim.GotoMethod2 DIM:0
[21:39:31] [Server thread/WARN] [sim/]: FolkData:onUpdate() 昀然 訾 还在工作
[21:39:31] [Server thread/INFO] [sim/]: FolkData: GOTOXYZ() for 昀然 訾 to 26,237,33,0 - Method:container.sim.GotoMethod2 DIM:0
[21:39:31] [Server thread/INFO] [sim/]: FolkData: GOTOXYZ() for 昀然 訾 to 21,237,33,0 - Method:container.sim.GotoMethod2 DIM:0
[21:39:31] [Server thread/WARN] [sim/]: FolkData:onUpdate() 瑾泉 ，景 还在工作
[21:39:31] [Server thread/INFO] [sim/]: FolkData: GOTOXYZ() for 瑾泉 ，景 to 26,237,33,0 - Method:container.sim.GotoMethod2 DIM:0
[21:39:31] [Server thread/INFO] [sim/]: FolkData: GOTOXYZ() for 瑾泉 ，景 to 21,237,33,0 - Method:container.sim.GotoMethod2 DIM:0
[21:39:31] [Server thread/WARN] [sim/]: FolkData:onUpdate() 昀然 訾 还在工作
[21:39:31] [Server thread/INFO] [sim/]: FolkData: GOTOXYZ() for 昀然 訾 to 26,237,33,0 - Method:container.sim.GotoMethod2 DIM:0
[21:39:31] [Server thread/INFO] [sim/]: FolkData: GOTOXYZ() for 昀然 訾 to 21,237,33,0 - Method:container.sim.GotoMethod2 DIM:0
[21:39:31] [Server thread/WARN] [sim/]: FolkData:onUpdate() 瑾泉 ，景 还在工作
[21:39:31] [Server thread/INFO] [sim/]: FolkData: GOTOXYZ() for 瑾泉 ，景 to 26,237,33,0 - Method:container.sim.GotoMethod2 DIM:0
[21:39:31] [Server thread/INFO] [sim/]: FolkData: GOTOXYZ() for 瑾泉 ，景 to 21,237,33,0 - Method:container.sim.GotoMethod2 DIM:0
[21:39:31] [Server thread/WARN] [sim/]: FolkData:onUpdate() 昀然 訾 还在工作
[21:39:31] [Server thread/INFO] [sim/]: FolkData: GOTOXYZ() for 昀然 訾 to 26,237,33,0 - Method:container.sim.GotoMethod2 DIM:0
[21:39:31] [Server thread/INFO] [sim/]: FolkData: GOTOXYZ() for 昀然 訾 to 21,237,33,0 - Method:container.sim.GotoMethod2 DIM:0
[21:39:31] [Server thread/WARN] [sim/]: FolkData:onUpdate() 瑾泉 ，景 还在工作
[21:39:31] [Server thread/INFO] [sim/]: FolkData: GOTOXYZ() for 瑾泉 ，景 to 26,237,33,0 - Method:container.sim.GotoMethod2 DIM:0
[21:39:31] [Server thread/INFO] [sim/]: FolkData: GOTOXYZ() for 瑾泉 ，景 to 21,237,33,0 - Method:container.sim.GotoMethod2 DIM:0
[21:39:31] [Server thread/WARN] [sim/]: FolkData:onUpdate() 昀然 訾 还在工作
[21:39:31] [Server thread/INFO] [sim/]: FolkData: GOTOXYZ() for 昀然 訾 to 26,237,33,0 - Method:container.sim.GotoMethod2 DIM:0
[21:39:31] [Server thread/INFO] [sim/]: FolkData: GOTOXYZ() for 昀然 訾 to 21,237,33,0 - Method:container.sim.GotoMethod2 DIM:0
[21:39:31] [Server thread/WARN] [sim/]: FolkData:onUpdate() 瑾泉 ，景 还在工作
[21:39:31] [Server thread/INFO] [sim/]: FolkData: GOTOXYZ() for 瑾泉 ，景 to 26,237,33,0 - Method:container.sim.GotoMethod2 DIM:0
[21:39:31] [Server thread/INFO] [sim/]: FolkData: GOTOXYZ() for 瑾泉 ，景 to 21,237,33,0 - Method:container.sim.GotoMethod2 DIM:0
[21:39:31] [Server thread/WARN] [sim/]: FolkData:onUpdate() 昀然 訾 还在工作
[21:39:31] [Server thread/INFO] [sim/]: FolkData: GOTOXYZ() for 昀然 訾 to 26,237,33,0 - Method:container.sim.GotoMethod2 DIM:0
[21:39:31] [Server thread/INFO] [sim/]: FolkData: GOTOXYZ() for 昀然 訾 to 21,237,33,0 - Method:container.sim.GotoMethod2 DIM:0
[21:39:31] [Server thread/WARN] [sim/]: FolkData:onUpdate() 瑾泉 ，景 还在工作
[21:39:31] [Server thread/INFO] [sim/]: FolkData: GOTOXYZ() for 瑾泉 ，景 to 26,237,33,0 - Method:container.sim.GotoMethod2 DIM:0
[21:39:31] [Server thread/INFO] [sim/]: FolkData: GOTOXYZ() for 瑾泉 ，景 to 21,237,33,0 - Method:container.sim.GotoMethod2 DIM:0
[21:39:31] [Server thread/WARN] [sim/]: FolkData:onUpdate() 昀然 訾 还在工作
[21:39:31] [Server thread/INFO] [sim/]: FolkData: GOTOXYZ() for 昀然 訾 to 26,237,33,0 - Method:container.sim.GotoMethod2 DIM:0
[21:39:31] [Server thread/INFO] [sim/]: FolkData: GOTOXYZ() for 昀然 訾 to 21,237,33,0 - Method:container.sim.GotoMethod2 DIM:0
[21:39:31] [Server thread/WARN] [sim/]: FolkData:onUpdate() 瑾泉 ，景 还在工作
[21:39:31] [Server thread/INFO] [sim/]: FolkData: GOTOXYZ() for 瑾泉 ，景 to 26,237,33,0 - Method:container.sim.GotoMethod2 DIM:0
[21:39:31] [Server thread/INFO] [sim/]: FolkData: GOTOXYZ() for 瑾泉 ，景 to 21,237,33,0 - Method:container.sim.GotoMethod2 DIM:0
[21:39:31] [Server thread/WARN] [sim/]: FolkData:onUpdate() 昀然 訾 还在工作
[21:39:31] [Server thread/INFO] [sim/]: FolkData: GOTOXYZ() for 昀然 訾 to 26,237,33,0 - Method:container.sim.GotoMethod2 DIM:0
[21:39:31] [Server thread/INFO] [sim/]: FolkData: GOTOXYZ() for 昀然 訾 to 21,237,33,0 - Method:container.sim.GotoMethod2 DIM:0
[21:39:31] [Server thread/WARN] [sim/]: FolkData:onUpdate() 瑾泉 ，景 还在工作
[21:39:31] [Server thread/INFO] [sim/]: FolkData: GOTOXYZ() for 瑾泉 ，景 to 26,237,33,0 - Method:container.sim.GotoMethod2 DIM:0
[21:39:31] [Server thread/INFO] [sim/]: FolkData: GOTOXYZ() for 瑾泉 ，景 to 21,237,33,0 - Method:container.sim.GotoMethod2 DIM:0
[21:39:31] [Server thread/WARN] [sim/]: FolkData:onUpdate() 昀然 訾 还在工作
[21:39:31] [Server thread/INFO] [sim/]: FolkData: GOTOXYZ() for 昀然 訾 to 26,237,33,0 - Method:container.sim.GotoMethod2 DIM:0
[21:39:31] [Server thread/INFO] [sim/]: FolkData: GOTOXYZ() for 昀然 訾 to 21,237,33,0 - Method:container.sim.GotoMethod2 DIM:0
[21:39:31] [Server thread/WARN] [sim/]: FolkData:onUpdate() 瑾泉 ，景 还在工作
[21:39:31] [Server thread/INFO] [sim/]: FolkData: GOTOXYZ() for 瑾泉 ，景 to 26,237,33,0 - Method:container.sim.GotoMethod2 DIM:0
[21:39:31] [Server thread/INFO] [sim/]: FolkData: GOTOXYZ() for 瑾泉 ，景 to 21,237,33,0 - Method:container.sim.GotoMethod2 DIM:0
[21:39:31] [Server thread/WARN] [sim/]: FolkData:onUpdate() 昀然 訾 还在工作
[21:39:31] [Server thread/INFO] [sim/]: FolkData: GOTOXYZ() for 昀然 訾 to 26,237,33,0 - Method:container.sim.GotoMethod2 DIM:0
[21:39:31] [Server thread/INFO] [sim/]: FolkData: GOTOXYZ() for 昀然 訾 to 21,237,33,0 - Method:container.sim.GotoMethod2 DIM:0
[21:39:31] [Server thread/WARN] [sim/]: FolkData:onUpdate() 瑾泉 ，景 还在工作
[21:39:31] [Server thread/INFO] [sim/]: FolkData: GOTOXYZ() for 瑾泉 ，景 to 26,237,33,0 - Method:container.sim.GotoMethod2 DIM:0
[21:39:31] [Server thread/INFO] [sim/]: FolkData: GOTOXYZ() for 瑾泉 ，景 to 21,237,33,0 - Method:container.sim.GotoMethod2 DIM:0
[21:39:31] [Server thread/WARN] [sim/]: FolkData:onUpdate() 昀然 訾 还在工作
[21:39:31] [Server thread/INFO] [sim/]: FolkData: GOTOXYZ() for 昀然 訾 to 26,237,33,0 - Method:container.sim.GotoMethod2 DIM:0
[21:39:31] [Server thread/INFO] [sim/]: FolkData: GOTOXYZ() for 昀然 訾 to 21,237,33,0 - Method:container.sim.GotoMethod2 DIM:0
[21:39:31] [Server thread/WARN] [sim/]: FolkData:onUpdate() 瑾泉 ，景 还在工作
[21:39:31] [Server thread/INFO] [sim/]: FolkData: GOTOXYZ() for 瑾泉 ，景 to 26,237,33,0 - Method:container.sim.GotoMethod2 DIM:0
[21:39:31] [Server thread/INFO] [sim/]: FolkData: GOTOXYZ() for 瑾泉 ，景 to 21,237,33,0 - Method:container.sim.GotoMethod2 DIM:0
[21:39:31] [Server thread/WARN] [sim/]: FolkData:onUpdate() 昀然 訾 还在工作
[21:39:31] [Server thread/INFO] [sim/]: FolkData: GOTOXYZ() for 昀然 訾 to 26,237,33,0 - Method:container.sim.GotoMethod2 DIM:0
[21:39:31] [Server thread/INFO] [sim/]: FolkData: GOTOXYZ() for 昀然 訾 to 21,237,33,0 - Method:container.sim.GotoMethod2 DIM:0
[21:39:31] [Server thread/WARN] [sim/]: FolkData:onUpdate() 瑾泉 ，景 还在工作
[21:39:31] [Server thread/INFO] [sim/]: FolkData: GOTOXYZ() for 瑾泉 ，景 to 26,237,33,0 - Method:container.sim.GotoMethod2 DIM:0
[21:39:31] [Server thread/INFO] [sim/]: FolkData: GOTOXYZ() for 瑾泉 ，景 to 21,237,33,0 - Method:container.sim.GotoMethod2 DIM:0
[21:39:31] [Server thread/WARN] [sim/]: FolkData:onUpdate() 昀然 訾 还在工作
[21:39:31] [Server thread/INFO] [sim/]: FolkData: GOTOXYZ() for 昀然 訾 to 26,237,33,0 - Method:container.sim.GotoMethod2 DIM:0
[21:39:31] [Server thread/INFO] [sim/]: FolkData: GOTOXYZ() for 昀然 訾 to 21,237,33,0 - Method:container.sim.GotoMethod2 DIM:0
[21:39:31] [Server thread/WARN] [sim/]: FolkData:onUpdate() 瑾泉 ，景 还在工作
[21:39:31] [Server thread/INFO] [sim/]: FolkData: GOTOXYZ() for 瑾泉 ，景 to 26,237,33,0 - Method:container.sim.GotoMethod2 DIM:0
[21:39:31] [Server thread/INFO] [sim/]: FolkData: GOTOXYZ() for 瑾泉 ，景 to 21,237,33,0 - Method:container.sim.GotoMethod2 DIM:0
[21:39:31] [Server thread/WARN] [sim/]: FolkData:onUpdate() 昀然 訾 还在工作
[21:39:31] [Server thread/INFO] [sim/]: FolkData: GOTOXYZ() for 昀然 訾 to 26,237,33,0 - Method:container.sim.GotoMethod2 DIM:0
[21:39:31] [Server thread/INFO] [sim/]: FolkData: GOTOXYZ() for 昀然 訾 to 21,237,33,0 - Method:container.sim.GotoMethod2 DIM:0
[21:39:31] [Server thread/WARN] [sim/]: FolkData:onUpdate() 瑾泉 ，景 还在工作
[21:39:31] [Server thread/INFO] [sim/]: FolkData: GOTOXYZ() for 瑾泉 ，景 to 26,237,33,0 - Method:container.sim.GotoMethod2 DIM:0
[21:39:31] [Server thread/INFO] [sim/]: FolkData: GOTOXYZ() for 瑾泉 ，景 to 21,237,33,0 - Method:container.sim.GotoMethod2 DIM:0
[21:39:32] [Server thread/WARN] [sim/]: FolkData:onUpdate() 昀然 訾 还在工作
[21:39:32] [Server thread/INFO] [sim/]: FolkData: GOTOXYZ() for 昀然 訾 to 26,237,33,0 - Method:container.sim.GotoMethod2 DIM:0
[21:39:32] [Server thread/INFO] [sim/]: FolkData: GOTOXYZ() for 昀然 訾 to 21,237,33,0 - Method:container.sim.GotoMethod2 DIM:0
[21:39:32] [Server thread/WARN] [sim/]: FolkData:onUpdate() 瑾泉 ，景 还在工作
[21:39:32] [Server thread/INFO] [sim/]: FolkData: GOTOXYZ() for 瑾泉 ，景 to 26,237,33,0 - Method:container.sim.GotoMethod2 DIM:0
[21:39:32] [Server thread/INFO] [sim/]: FolkData: GOTOXYZ() for 瑾泉 ，景 to 21,237,33,0 - Method:container.sim.GotoMethod2 DIM:0
[21:39:32] [Server thread/WARN] [sim/]: FolkData:onUpdate() 昀然 訾 还在工作
[21:39:32] [Server thread/INFO] [sim/]: FolkData: GOTOXYZ() for 昀然 訾 to 26,237,33,0 - Method:container.sim.GotoMethod2 DIM:0
[21:39:32] [Server thread/INFO] [sim/]: FolkData: GOTOXYZ() for 昀然 訾 to 21,237,33,0 - Method:container.sim.GotoMethod2 DIM:0
[21:39:32] [Server thread/WARN] [sim/]: FolkData:onUpdate() 瑾泉 ，景 还在工作
[21:39:32] [Server thread/INFO] [sim/]: FolkData: GOTOXYZ() for 瑾泉 ，景 to 26,237,33,0 - Method:container.sim.GotoMethod2 DIM:0
[21:39:32] [Server thread/INFO] [sim/]: FolkData: GOTOXYZ() for 瑾泉 ，景 to 21,237,33,0 - Method:container.sim.GotoMethod2 DIM:0
[21:39:32] [Server thread/WARN] [sim/]: FolkData:onUpdate() 昀然 訾 还在工作
[21:39:32] [Server thread/INFO] [sim/]: FolkData: GOTOXYZ() for 昀然 訾 to 26,237,33,0 - Method:container.sim.GotoMethod2 DIM:0
[21:39:32] [Server thread/INFO] [sim/]: FolkData: GOTOXYZ() for 昀然 訾 to 21,237,33,0 - Method:container.sim.GotoMethod2 DIM:0
[21:39:32] [Server thread/WARN] [sim/]: FolkData:onUpdate() 瑾泉 ，景 还在工作
[21:39:32] [Server thread/INFO] [sim/]: FolkData: GOTOXYZ() for 瑾泉 ，景 to 26,237,33,0 - Method:container.sim.GotoMethod2 DIM:0
[21:39:32] [Server thread/INFO] [sim/]: FolkData: GOTOXYZ() for 瑾泉 ，景 to 21,237,33,0 - Method:container.sim.GotoMethod2 DIM:0
[21:39:32] [Server thread/WARN] [sim/]: FolkData:onUpdate() 昀然 訾 还在工作
[21:39:32] [Server thread/INFO] [sim/]: FolkData: GOTOXYZ() for 昀然 訾 to 26,237,33,0 - Method:container.sim.GotoMethod2 DIM:0
[21:39:32] [Server thread/INFO] [sim/]: FolkData: GOTOXYZ() for 昀然 訾 to 21,237,33,0 - Method:container.sim.GotoMethod2 DIM:0
[21:39:32] [Server thread/WARN] [sim/]: FolkData:onUpdate() 瑾泉 ，景 还在工作
[21:39:32] [Server thread/INFO] [sim/]: FolkData: GOTOXYZ() for 瑾泉 ，景 to 26,237,33,0 - Method:container.sim.GotoMethod2 DIM:0
[21:39:32] [Server thread/INFO] [sim/]: FolkData: GOTOXYZ() for 瑾泉 ，景 to 21,237,33,0 - Method:container.sim.GotoMethod2 DIM:0
[21:39:32] [Server thread/WARN] [sim/]: FolkData:onUpdate() 昀然 訾 还在工作
[21:39:32] [Server thread/INFO] [sim/]: FolkData: GOTOXYZ() for 昀然 訾 to 26,237,33,0 - Method:container.sim.GotoMethod2 DIM:0
[21:39:32] [Server thread/INFO] [sim/]: FolkData: GOTOXYZ() for 昀然 訾 to 21,237,33,0 - Method:container.sim.GotoMethod2 DIM:0
[21:39:32] [Server thread/WARN] [sim/]: FolkData:onUpdate() 瑾泉 ，景 还在工作
[21:39:32] [Server thread/INFO] [sim/]: FolkData: GOTOXYZ() for 瑾泉 ，景 to 26,237,33,0 - Method:container.sim.GotoMethod2 DIM:0
[21:39:32] [Server thread/INFO] [sim/]: FolkData: GOTOXYZ() for 瑾泉 ，景 to 21,237,33,0 - Method:container.sim.GotoMethod2 DIM:0
[21:39:32] [Server thread/WARN] [sim/]: FolkData:onUpdate() 昀然 訾 还在工作
[21:39:32] [Server thread/INFO] [sim/]: FolkData: GOTOXYZ() for 昀然 訾 to 26,237,33,0 - Method:container.sim.GotoMethod2 DIM:0
[21:39:32] [Server thread/INFO] [sim/]: FolkData: GOTOXYZ() for 昀然 訾 to 21,237,33,0 - Method:container.sim.GotoMethod2 DIM:0
[21:39:32] [Server thread/WARN] [sim/]: FolkData:onUpdate() 瑾泉 ，景 还在工作
[21:39:32] [Server thread/INFO] [sim/]: FolkData: GOTOXYZ() for 瑾泉 ，景 to 26,237,33,0 - Method:container.sim.GotoMethod2 DIM:0
[21:39:32] [Server thread/INFO] [sim/]: FolkData: GOTOXYZ() for 瑾泉 ，景 to 21,237,33,0 - Method:container.sim.GotoMethod2 DIM:0
[21:39:32] [Server thread/WARN] [sim/]: FolkData:onUpdate() 昀然 訾 还在工作
[21:39:32] [Server thread/INFO] [sim/]: FolkData: GOTOXYZ() for 昀然 訾 to 26,237,33,0 - Method:container.sim.GotoMethod2 DIM:0
[21:39:32] [Server thread/INFO] [sim/]: FolkData: GOTOXYZ() for 昀然 訾 to 21,237,33,0 - Method:container.sim.GotoMethod2 DIM:0
[21:39:32] [Server thread/WARN] [sim/]: FolkData:onUpdate() 瑾泉 ，景 还在工作
[21:39:32] [Server thread/INFO] [sim/]: FolkData: GOTOXYZ() for 瑾泉 ，景 to 26,237,33,0 - Method:container.sim.GotoMethod2 DIM:0
[21:39:32] [Server thread/INFO] [sim/]: FolkData: GOTOXYZ() for 瑾泉 ，景 to 21,237,33,0 - Method:container.sim.GotoMethod2 DIM:0
[21:39:32] [Server thread/WARN] [sim/]: FolkData:onUpdate() 昀然 訾 还在工作
[21:39:32] [Server thread/INFO] [sim/]: FolkData: GOTOXYZ() for 昀然 訾 to 26,237,33,0 - Method:container.sim.GotoMethod2 DIM:0
[21:39:32] [Server thread/INFO] [sim/]: FolkData: GOTOXYZ() for 昀然 訾 to 21,237,33,0 - Method:container.sim.GotoMethod2 DIM:0
[21:39:32] [Server thread/WARN] [sim/]: FolkData:onUpdate() 瑾泉 ，景 还在工作
[21:39:32] [Server thread/INFO] [sim/]: FolkData: GOTOXYZ() for 瑾泉 ，景 to 26,237,33,0 - Method:container.sim.GotoMethod2 DIM:0
[21:39:32] [Server thread/INFO] [sim/]: FolkData: GOTOXYZ() for 瑾泉 ，景 to 21,237,33,0 - Method:container.sim.GotoMethod2 DIM:0
[21:39:32] [Server thread/WARN] [sim/]: FolkData:onUpdate() 昀然 訾 还在工作
[21:39:32] [Server thread/INFO] [sim/]: FolkData: GOTOXYZ() for 昀然 訾 to 26,237,33,0 - Method:container.sim.GotoMethod2 DIM:0
[21:39:32] [Server thread/INFO] [sim/]: FolkData: GOTOXYZ() for 昀然 訾 to 21,237,33,0 - Method:container.sim.GotoMethod2 DIM:0
[21:39:32] [Server thread/WARN] [sim/]: FolkData:onUpdate() 瑾泉 ，景 还在工作
[21:39:32] [Server thread/INFO] [sim/]: FolkData: GOTOXYZ() for 瑾泉 ，景 to 26,237,33,0 - Method:container.sim.GotoMethod2 DIM:0
[21:39:32] [Server thread/INFO] [sim/]: FolkData: GOTOXYZ() for 瑾泉 ，景 to 21,237,33,0 - Method:container.sim.GotoMethod2 DIM:0
[21:39:32] [Server thread/WARN] [sim/]: FolkData:onUpdate() 昀然 訾 还在工作
[21:39:32] [Server thread/INFO] [sim/]: FolkData: GOTOXYZ() for 昀然 訾 to 26,237,33,0 - Method:container.sim.GotoMethod2 DIM:0
[21:39:32] [Server thread/INFO] [sim/]: FolkData: GOTOXYZ() for 昀然 訾 to 21,237,33,0 - Method:container.sim.GotoMethod2 DIM:0
[21:39:32] [Server thread/WARN] [sim/]: FolkData:onUpdate() 瑾泉 ，景 还在工作
[21:39:32] [Server thread/INFO] [sim/]: FolkData: GOTOXYZ() for 瑾泉 ，景 to 26,237,33,0 - Method:container.sim.GotoMethod2 DIM:0
[21:39:32] [Server thread/INFO] [sim/]: FolkData: GOTOXYZ() for 瑾泉 ，景 to 21,237,33,0 - Method:container.sim.GotoMethod2 DIM:0
[21:39:32] [Server thread/WARN] [sim/]: FolkData:onUpdate() 昀然 訾 还在工作
[21:39:32] [Server thread/INFO] [sim/]: FolkData: GOTOXYZ() for 昀然 訾 to 26,237,33,0 - Method:container.sim.GotoMethod2 DIM:0
[21:39:32] [Server thread/INFO] [sim/]: FolkData: GOTOXYZ() for 昀然 訾 to 21,237,33,0 - Method:container.sim.GotoMethod2 DIM:0
[21:39:32] [Server thread/WARN] [sim/]: FolkData:onUpdate() 瑾泉 ，景 还在工作
[21:39:32] [Server thread/INFO] [sim/]: FolkData: GOTOXYZ() for 瑾泉 ，景 to 26,237,33,0 - Method:container.sim.GotoMethod2 DIM:0
[21:39:32] [Server thread/INFO] [sim/]: FolkData: GOTOXYZ() for 瑾泉 ，景 to 21,237,33,0 - Method:container.sim.GotoMethod2 DIM:0
[21:39:32] [Server thread/WARN] [sim/]: FolkData:onUpdate() 昀然 訾 还在工作
[21:39:32] [Server thread/INFO] [sim/]: FolkData: GOTOXYZ() for 昀然 訾 to 26,237,33,0 - Method:container.sim.GotoMethod2 DIM:0
[21:39:32] [Server thread/INFO] [sim/]: FolkData: GOTOXYZ() for 昀然 訾 to 21,237,33,0 - Method:container.sim.GotoMethod2 DIM:0
[21:39:32] [Server thread/WARN] [sim/]: FolkData:onUpdate() 瑾泉 ，景 还在工作
[21:39:32] [Server thread/INFO] [sim/]: FolkData: GOTOXYZ() for 瑾泉 ，景 to 26,237,33,0 - Method:container.sim.GotoMethod2 DIM:0
[21:39:32] [Server thread/INFO] [sim/]: FolkData: GOTOXYZ() for 瑾泉 ，景 to 21,237,33,0 - Method:container.sim.GotoMethod2 DIM:0
[21:39:32] [Server thread/WARN] [sim/]: FolkData:onUpdate() 昀然 訾 还在工作
[21:39:32] [Server thread/INFO] [sim/]: FolkData: GOTOXYZ() for 昀然 訾 to 26,237,33,0 - Method:container.sim.GotoMethod2 DIM:0
[21:39:32] [Server thread/INFO] [sim/]: FolkData: GOTOXYZ() for 昀然 訾 to 21,237,33,0 - Method:container.sim.GotoMethod2 DIM:0
[21:39:32] [Server thread/WARN] [sim/]: FolkData:onUpdate() 瑾泉 ，景 还在工作
[21:39:32] [Server thread/INFO] [sim/]: FolkData: GOTOXYZ() for 瑾泉 ，景 to 26,237,33,0 - Method:container.sim.GotoMethod2 DIM:0
[21:39:32] [Server thread/INFO] [sim/]: FolkData: GOTOXYZ() for 瑾泉 ，景 to 21,237,33,0 - Method:container.sim.GotoMethod2 DIM:0
[21:39:32] [Server thread/WARN] [sim/]: FolkData:onUpdate() 昀然 訾 还在工作
[21:39:32] [Server thread/INFO] [sim/]: FolkData: GOTOXYZ() for 昀然 訾 to 26,237,33,0 - Method:container.sim.GotoMethod2 DIM:0
[21:39:32] [Server thread/INFO] [sim/]: FolkData: GOTOXYZ() for 昀然 訾 to 21,237,33,0 - Method:container.sim.GotoMethod2 DIM:0
[21:39:32] [Server thread/WARN] [sim/]: FolkData:onUpdate() 瑾泉 ，景 还在工作
[21:39:32] [Server thread/INFO] [sim/]: FolkData: GOTOXYZ() for 瑾泉 ，景 to 26,237,33,0 - Method:container.sim.GotoMethod2 DIM:0
[21:39:32] [Server thread/INFO] [sim/]: FolkData: GOTOXYZ() for 瑾泉 ，景 to 21,237,33,0 - Method:container.sim.GotoMethod2 DIM:0
[21:39:32] [Server thread/WARN] [sim/]: FolkData:onUpdate() 昀然 訾 还在工作
[21:39:32] [Server thread/INFO] [sim/]: FolkData: GOTOXYZ() for 昀然 訾 to 26,237,33,0 - Method:container.sim.GotoMethod2 DIM:0
[21:39:32] [Server thread/INFO] [sim/]: FolkData: GOTOXYZ() for 昀然 訾 to 21,237,33,0 - Method:container.sim.GotoMethod2 DIM:0
[21:39:32] [Server thread/WARN] [sim/]: FolkData:onUpdate() 瑾泉 ，景 还在工作
[21:39:32] [Server thread/INFO] [sim/]: FolkData: GOTOXYZ() for 瑾泉 ，景 to 26,237,33,0 - Method:container.sim.GotoMethod2 DIM:0
[21:39:32] [Server thread/INFO] [sim/]: FolkData: GOTOXYZ() for 瑾泉 ，景 to 21,237,33,0 - Method:container.sim.GotoMethod2 DIM:0
[21:39:32] [Server thread/WARN] [sim/]: FolkData:onUpdate() 昀然 訾 还在工作
[21:39:32] [Server thread/INFO] [sim/]: FolkData: GOTOXYZ() for 昀然 訾 to 26,237,33,0 - Method:container.sim.GotoMethod2 DIM:0
[21:39:32] [Server thread/INFO] [sim/]: FolkData: GOTOXYZ() for 昀然 訾 to 21,237,33,0 - Method:container.sim.GotoMethod2 DIM:0
[21:39:32] [Server thread/WARN] [sim/]: FolkData:onUpdate() 瑾泉 ，景 还在工作
[21:39:32] [Server thread/INFO] [sim/]: FolkData: GOTOXYZ() for 瑾泉 ，景 to 26,237,33,0 - Method:container.sim.GotoMethod2 DIM:0
[21:39:32] [Server thread/INFO] [sim/]: FolkData: GOTOXYZ() for 瑾泉 ，景 to 21,237,33,0 - Method:container.sim.GotoMethod2 DIM:0
[21:39:32] [Server thread/WARN] [sim/]: FolkData:onUpdate() 昀然 訾 还在工作
[21:39:32] [Server thread/INFO] [sim/]: FolkData: GOTOXYZ() for 昀然 訾 to 26,237,33,0 - Method:container.sim.GotoMethod2 DIM:0
[21:39:32] [Server thread/INFO] [sim/]: FolkData: GOTOXYZ() for 昀然 訾 to 21,237,33,0 - Method:container.sim.GotoMethod2 DIM:0
[21:39:32] [Server thread/WARN] [sim/]: FolkData:onUpdate() 瑾泉 ，景 还在工作
[21:39:32] [Server thread/INFO] [sim/]: FolkData: GOTOXYZ() for 瑾泉 ，景 to 26,237,33,0 - Method:container.sim.GotoMethod2 DIM:0
[21:39:32] [Server thread/INFO] [sim/]: FolkData: GOTOXYZ() for 瑾泉 ，景 to 21,237,33,0 - Method:container.sim.GotoMethod2 DIM:0
[21:39:32] [Server thread/WARN] [sim/]: FolkData:onUpdate() 昀然 訾 还在工作
[21:39:32] [Server thread/INFO] [sim/]: FolkData: GOTOXYZ() for 昀然 訾 to 26,237,33,0 - Method:container.sim.GotoMethod2 DIM:0
[21:39:32] [Server thread/INFO] [sim/]: FolkData: GOTOXYZ() for 昀然 訾 to 21,237,33,0 - Method:container.sim.GotoMethod2 DIM:0
[21:39:32] [Server thread/WARN] [sim/]: FolkData:onUpdate() 瑾泉 ，景 还在工作
[21:39:32] [Server thread/INFO] [sim/]: FolkData: GOTOXYZ() for 瑾泉 ，景 to 26,237,33,0 - Method:container.sim.GotoMethod2 DIM:0
[21:39:32] [Server thread/INFO] [sim/]: FolkData: GOTOXYZ() for 瑾泉 ，景 to 21,237,33,0 - Method:container.sim.GotoMethod2 DIM:0
[21:39:32] [Server thread/WARN] [sim/]: FolkData:onUpdate() 昀然 訾 还在工作
[21:39:32] [Server thread/INFO] [sim/]: FolkData: GOTOXYZ() for 昀然 訾 to 26,237,33,0 - Method:container.sim.GotoMethod2 DIM:0
[21:39:32] [Server thread/INFO] [sim/]: FolkData: GOTOXYZ() for 昀然 訾 to 21,237,33,0 - Method:container.sim.GotoMethod2 DIM:0
[21:39:32] [Server thread/WARN] [sim/]: FolkData:onUpdate() 瑾泉 ，景 还在工作
[21:39:32] [Server thread/INFO] [sim/]: FolkData: GOTOXYZ() for 瑾泉 ，景 to 26,237,33,0 - Method:container.sim.GotoMethod2 DIM:0
[21:39:32] [Server thread/INFO] [sim/]: FolkData: GOTOXYZ() for 瑾泉 ，景 to 21,237,33,0 - Method:container.sim.GotoMethod2 DIM:0
[21:39:32] [Server thread/WARN] [sim/]: FolkData:onUpdate() 昀然 訾 还在工作
[21:39:32] [Server thread/INFO] [sim/]: FolkData: GOTOXYZ() for 昀然 訾 to 26,237,33,0 - Method:container.sim.GotoMethod2 DIM:0
[21:39:32] [Server thread/INFO] [sim/]: FolkData: GOTOXYZ() for 昀然 訾 to 21,237,33,0 - Method:container.sim.GotoMethod2 DIM:0
[21:39:32] [Server thread/WARN] [sim/]: FolkData:onUpdate() 瑾泉 ，景 还在工作
[21:39:32] [Server thread/INFO] [sim/]: FolkData: GOTOXYZ() for 瑾泉 ，景 to 26,237,33,0 - Method:container.sim.GotoMethod2 DIM:0
[21:39:32] [Server thread/INFO] [sim/]: FolkData: GOTOXYZ() for 瑾泉 ，景 to 21,237,33,0 - Method:container.sim.GotoMethod2 DIM:0
[21:39:32] [Server thread/WARN] [sim/]: FolkData:onUpdate() 昀然 訾 还在工作
[21:39:32] [Server thread/INFO] [sim/]: FolkData: GOTOXYZ() for 昀然 訾 to 26,237,33,0 - Method:container.sim.GotoMethod2 DIM:0
[21:39:32] [Server thread/INFO] [sim/]: FolkData: GOTOXYZ() for 昀然 訾 to 21,237,33,0 - Method:container.sim.GotoMethod2 DIM:0
[21:39:32] [Server thread/WARN] [sim/]: FolkData:onUpdate() 瑾泉 ，景 还在工作
[21:39:32] [Server thread/INFO] [sim/]: FolkData: GOTOXYZ() for 瑾泉 ，景 to 26,237,33,0 - Method:container.sim.GotoMethod2 DIM:0
[21:39:32] [Server thread/INFO] [sim/]: FolkData: GOTOXYZ() for 瑾泉 ，景 to 21,237,33,0 - Method:container.sim.GotoMethod2 DIM:0
[21:39:32] [Server thread/WARN] [sim/]: FolkData:onUpdate() 昀然 訾 还在工作
[21:39:32] [Server thread/INFO] [sim/]: FolkData: GOTOXYZ() for 昀然 訾 to 26,237,33,0 - Method:container.sim.GotoMethod2 DIM:0
[21:39:32] [Server thread/INFO] [sim/]: FolkData: GOTOXYZ() for 昀然 訾 to 21,237,33,0 - Method:container.sim.GotoMethod2 DIM:0
[21:39:32] [Server thread/WARN] [sim/]: FolkData:onUpdate() 瑾泉 ，景 还在工作
[21:39:32] [Server thread/INFO] [sim/]: FolkData: GOTOXYZ() for 瑾泉 ，景 to 26,237,33,0 - Method:container.sim.GotoMethod2 DIM:0
[21:39:32] [Server thread/INFO] [sim/]: FolkData: GOTOXYZ() for 瑾泉 ，景 to 21,237,33,0 - Method:container.sim.GotoMethod2 DIM:0
[21:39:32] [Server thread/WARN] [sim/]: FolkData:onUpdate() 昀然 訾 还在工作
[21:39:32] [Server thread/INFO] [sim/]: FolkData: GOTOXYZ() for 昀然 訾 to 26,237,33,0 - Method:container.sim.GotoMethod2 DIM:0
[21:39:32] [Server thread/INFO] [sim/]: FolkData: GOTOXYZ() for 昀然 訾 to 21,237,33,0 - Method:container.sim.GotoMethod2 DIM:0
[21:39:32] [Server thread/WARN] [sim/]: FolkData:onUpdate() 瑾泉 ，景 还在工作
[21:39:32] [Server thread/INFO] [sim/]: FolkData: GOTOXYZ() for 瑾泉 ，景 to 26,237,33,0 - Method:container.sim.GotoMethod2 DIM:0
[21:39:32] [Server thread/INFO] [sim/]: FolkData: GOTOXYZ() for 瑾泉 ，景 to 21,237,33,0 - Method:container.sim.GotoMethod2 DIM:0
[21:39:32] [Server thread/WARN] [sim/]: FolkData:onUpdate() 昀然 訾 还在工作
[21:39:32] [Server thread/INFO] [sim/]: FolkData: GOTOXYZ() for 昀然 訾 to 26,237,33,0 - Method:container.sim.GotoMethod2 DIM:0
[21:39:32] [Server thread/INFO] [sim/]: FolkData: GOTOXYZ() for 昀然 訾 to 21,237,33,0 - Method:container.sim.GotoMethod2 DIM:0
[21:39:32] [Server thread/WARN] [sim/]: FolkData:onUpdate() 瑾泉 ，景 还在工作
[21:39:32] [Server thread/INFO] [sim/]: FolkData: GOTOXYZ() for 瑾泉 ，景 to 26,237,33,0 - Method:container.sim.GotoMethod2 DIM:0
[21:39:32] [Server thread/INFO] [sim/]: FolkData: GOTOXYZ() for 瑾泉 ，景 to 21,237,33,0 - Method:container.sim.GotoMethod2 DIM:0
[21:39:32] [Server thread/WARN] [sim/]: FolkData:onUpdate() 昀然 訾 还在工作
[21:39:32] [Server thread/INFO] [sim/]: FolkData: GOTOXYZ() for 昀然 訾 to 26,237,33,0 - Method:container.sim.GotoMethod2 DIM:0
[21:39:32] [Server thread/INFO] [sim/]: FolkData: GOTOXYZ() for 昀然 訾 to 21,237,33,0 - Method:container.sim.GotoMethod2 DIM:0
[21:39:32] [Server thread/WARN] [sim/]: FolkData:onUpdate() 瑾泉 ，景 还在工作
[21:39:32] [Server thread/INFO] [sim/]: FolkData: GOTOXYZ() for 瑾泉 ，景 to 26,237,33,0 - Method:container.sim.GotoMethod2 DIM:0
[21:39:32] [Server thread/INFO] [sim/]: FolkData: GOTOXYZ() for 瑾泉 ，景 to 21,237,33,0 - Method:container.sim.GotoMethod2 DIM:0
[21:39:32] [Server thread/WARN] [sim/]: FolkData:onUpdate() 昀然 訾 还在工作
[21:39:32] [Server thread/INFO] [sim/]: FolkData: GOTOXYZ() for 昀然 訾 to 26,237,33,0 - Method:container.sim.GotoMethod2 DIM:0
[21:39:32] [Server thread/INFO] [sim/]: FolkData: GOTOXYZ() for 昀然 訾 to 21,237,33,0 - Method:container.sim.GotoMethod2 DIM:0
[21:39:32] [Server thread/WARN] [sim/]: FolkData:onUpdate() 瑾泉 ，景 还在工作
[21:39:32] [Server thread/INFO] [sim/]: FolkData: GOTOXYZ() for 瑾泉 ，景 to 26,237,33,0 - Method:container.sim.GotoMethod2 DIM:0
[21:39:32] [Server thread/INFO] [sim/]: FolkData: GOTOXYZ() for 瑾泉 ，景 to 21,237,33,0 - Method:container.sim.GotoMethod2 DIM:0
[21:39:32] [Server thread/WARN] [sim/]: FolkData:onUpdate() 昀然 訾 还在工作
[21:39:32] [Server thread/INFO] [sim/]: FolkData: GOTOXYZ() for 昀然 訾 to 26,237,33,0 - Method:container.sim.GotoMethod2 DIM:0
[21:39:32] [Server thread/INFO] [sim/]: FolkData: GOTOXYZ() for 昀然 訾 to 21,237,33,0 - Method:container.sim.GotoMethod2 DIM:0
[21:39:32] [Server thread/WARN] [sim/]: FolkData:onUpdate() 瑾泉 ，景 还在工作
[21:39:32] [Server thread/INFO] [sim/]: FolkData: GOTOXYZ() for 瑾泉 ，景 to 26,237,33,0 - Method:container.sim.GotoMethod2 DIM:0
[21:39:32] [Server thread/INFO] [sim/]: FolkData: GOTOXYZ() for 瑾泉 ，景 to 21,237,33,0 - Method:container.sim.GotoMethod2 DIM:0
[21:39:32] [Server thread/WARN] [sim/]: FolkData:onUpdate() 昀然 訾 还在工作
[21:39:32] [Server thread/INFO] [sim/]: FolkData: GOTOXYZ() for 昀然 訾 to 26,237,33,0 - Method:container.sim.GotoMethod2 DIM:0
[21:39:32] [Server thread/INFO] [sim/]: FolkData: GOTOXYZ() for 昀然 訾 to 21,237,33,0 - Method:container.sim.GotoMethod2 DIM:0
[21:39:32] [Server thread/WARN] [sim/]: FolkData:onUpdate() 瑾泉 ，景 还在工作
[21:39:32] [Server thread/INFO] [sim/]: FolkData: GOTOXYZ() for 瑾泉 ，景 to 26,237,33,0 - Method:container.sim.GotoMethod2 DIM:0
[21:39:32] [Server thread/INFO] [sim/]: FolkData: GOTOXYZ() for 瑾泉 ，景 to 21,237,33,0 - Method:container.sim.GotoMethod2 DIM:0
[21:39:32] [Server thread/WARN] [sim/]: FolkData:onUpdate() 昀然 訾 还在工作
[21:39:32] [Server thread/INFO] [sim/]: FolkData: GOTOXYZ() for 昀然 訾 to 26,237,33,0 - Method:container.sim.GotoMethod2 DIM:0
[21:39:32] [Server thread/INFO] [sim/]: FolkData: GOTOXYZ() for 昀然 訾 to 21,237,33,0 - Method:container.sim.GotoMethod2 DIM:0
[21:39:32] [Server thread/WARN] [sim/]: FolkData:onUpdate() 瑾泉 ，景 还在工作
[21:39:32] [Server thread/INFO] [sim/]: FolkData: GOTOXYZ() for 瑾泉 ，景 to 26,237,33,0 - Method:container.sim.GotoMethod2 DIM:0
[21:39:32] [Server thread/INFO] [sim/]: FolkData: GOTOXYZ() for 瑾泉 ，景 to 21,237,33,0 - Method:container.sim.GotoMethod2 DIM:0
[21:39:32] [Server thread/WARN] [sim/]: FolkData:onUpdate() 昀然 訾 还在工作
[21:39:32] [Server thread/INFO] [sim/]: FolkData: GOTOXYZ() for 昀然 訾 to 26,237,33,0 - Method:container.sim.GotoMethod2 DIM:0
[21:39:32] [Server thread/INFO] [sim/]: FolkData: GOTOXYZ() for 昀然 訾 to 21,237,33,0 - Method:container.sim.GotoMethod2 DIM:0
[21:39:32] [Server thread/WARN] [sim/]: FolkData:onUpdate() 瑾泉 ，景 还在工作
[21:39:32] [Server thread/INFO] [sim/]: FolkData: GOTOXYZ() for 瑾泉 ，景 to 26,237,33,0 - Method:container.sim.GotoMethod2 DIM:0
[21:39:32] [Server thread/INFO] [sim/]: FolkData: GOTOXYZ() for 瑾泉 ，景 to 21,237,33,0 - Method:container.sim.GotoMethod2 DIM:0
[21:39:32] [Server thread/WARN] [sim/]: FolkData:onUpdate() 昀然 訾 还在工作
[21:39:32] [Server thread/INFO] [sim/]: FolkData: GOTOXYZ() for 昀然 訾 to 26,237,33,0 - Method:container.sim.GotoMethod2 DIM:0
[21:39:32] [Server thread/INFO] [sim/]: FolkData: GOTOXYZ() for 昀然 訾 to 21,237,33,0 - Method:container.sim.GotoMethod2 DIM:0
[21:39:32] [Server thread/WARN] [sim/]: FolkData:onUpdate() 瑾泉 ，景 还在工作
[21:39:32] [Server thread/INFO] [sim/]: FolkData: GOTOXYZ() for 瑾泉 ，景 to 26,237,33,0 - Method:container.sim.GotoMethod2 DIM:0
[21:39:32] [Server thread/INFO] [sim/]: FolkData: GOTOXYZ() for 瑾泉 ，景 to 21,237,33,0 - Method:container.sim.GotoMethod2 DIM:0
[21:39:32] [Server thread/WARN] [sim/]: FolkData:onUpdate() 昀然 訾 还在工作
[21:39:32] [Server thread/INFO] [sim/]: FolkData: GOTOXYZ() for 昀然 訾 to 26,237,33,0 - Method:container.sim.GotoMethod2 DIM:0
[21:39:32] [Server thread/INFO] [sim/]: FolkData: GOTOXYZ() for 昀然 訾 to 21,237,33,0 - Method:container.sim.GotoMethod2 DIM:0
[21:39:32] [Server thread/WARN] [sim/]: FolkData:onUpdate() 瑾泉 ，景 还在工作
[21:39:32] [Server thread/INFO] [sim/]: FolkData: GOTOXYZ() for 瑾泉 ，景 to 26,237,33,0 - Method:container.sim.GotoMethod2 DIM:0
[21:39:32] [Server thread/INFO] [sim/]: FolkData: GOTOXYZ() for 瑾泉 ，景 to 21,237,33,0 - Method:container.sim.GotoMethod2 DIM:0
[21:39:32] [Server thread/WARN] [sim/]: FolkData:onUpdate() 昀然 訾 还在工作
[21:39:32] [Server thread/INFO] [sim/]: FolkData: GOTOXYZ() for 昀然 訾 to 26,237,33,0 - Method:container.sim.GotoMethod2 DIM:0
[21:39:32] [Server thread/INFO] [sim/]: FolkData: GOTOXYZ() for 昀然 訾 to 21,237,33,0 - Method:container.sim.GotoMethod2 DIM:0
[21:39:32] [Server thread/WARN] [sim/]: FolkData:onUpdate() 瑾泉 ，景 还在工作
[21:39:32] [Server thread/INFO] [sim/]: FolkData: GOTOXYZ() for 瑾泉 ，景 to 26,237,33,0 - Method:container.sim.GotoMethod2 DIM:0
[21:39:32] [Server thread/INFO] [sim/]: FolkData: GOTOXYZ() for 瑾泉 ，景 to 21,237,33,0 - Method:container.sim.GotoMethod2 DIM:0
[21:39:32] [Server thread/WARN] [sim/]: FolkData:onUpdate() 昀然 訾 还在工作
[21:39:32] [Server thread/INFO] [sim/]: FolkData: GOTOXYZ() for 昀然 訾 to 26,237,33,0 - Method:container.sim.GotoMethod2 DIM:0
[21:39:32] [Server thread/INFO] [sim/]: FolkData: GOTOXYZ() for 昀然 訾 to 21,237,33,0 - Method:container.sim.GotoMethod2 DIM:0
[21:39:32] [Server thread/WARN] [sim/]: FolkData:onUpdate() 瑾泉 ，景 还在工作
[21:39:32] [Server thread/INFO] [sim/]: FolkData: GOTOXYZ() for 瑾泉 ，景 to 26,237,33,0 - Method:container.sim.GotoMethod2 DIM:0
[21:39:32] [Server thread/INFO] [sim/]: FolkData: GOTOXYZ() for 瑾泉 ，景 to 21,237,33,0 - Method:container.sim.GotoMethod2 DIM:0
[21:39:32] [Server thread/WARN] [sim/]: FolkData:onUpdate() 昀然 訾 还在工作
[21:39:32] [Server thread/INFO] [sim/]: FolkData: GOTOXYZ() for 昀然 訾 to 26,237,33,0 - Method:container.sim.GotoMethod2 DIM:0
[21:39:32] [Server thread/INFO] [sim/]: FolkData: GOTOXYZ() for 昀然 訾 to 21,237,33,0 - Method:container.sim.GotoMethod2 DIM:0
[21:39:32] [Server thread/WARN] [sim/]: FolkData:onUpdate() 瑾泉 ，景 还在工作
[21:39:32] [Server thread/INFO] [sim/]: FolkData: GOTOXYZ() for 瑾泉 ，景 to 26,237,33,0 - Method:container.sim.GotoMethod2 DIM:0
[21:39:32] [Server thread/INFO] [sim/]: FolkData: GOTOXYZ() for 瑾泉 ，景 to 21,237,33,0 - Method:container.sim.GotoMethod2 DIM:0
[21:39:32] [Server thread/WARN] [sim/]: FolkData:onUpdate() 昀然 訾 还在工作
[21:39:32] [Server thread/INFO] [sim/]: FolkData: GOTOXYZ() for 昀然 訾 to 26,237,33,0 - Method:container.sim.GotoMethod2 DIM:0
[21:39:32] [Server thread/INFO] [sim/]: FolkData: GOTOXYZ() for 昀然 訾 to 21,237,33,0 - Method:container.sim.GotoMethod2 DIM:0
[21:39:32] [Server thread/WARN] [sim/]: FolkData:onUpdate() 瑾泉 ，景 还在工作
[21:39:32] [Server thread/INFO] [sim/]: FolkData: GOTOXYZ() for 瑾泉 ，景 to 26,237,33,0 - Method:container.sim.GotoMethod2 DIM:0
[21:39:32] [Server thread/INFO] [sim/]: FolkData: GOTOXYZ() for 瑾泉 ，景 to 21,237,33,0 - Method:container.sim.GotoMethod2 DIM:0
[21:39:32] [Server thread/WARN] [sim/]: FolkData:onUpdate() 昀然 訾 还在工作
[21:39:32] [Server thread/INFO] [sim/]: FolkData: GOTOXYZ() for 昀然 訾 to 26,237,33,0 - Method:container.sim.GotoMethod2 DIM:0
[21:39:32] [Server thread/INFO] [sim/]: FolkData: GOTOXYZ() for 昀然 訾 to 21,237,33,0 - Method:container.sim.GotoMethod2 DIM:0
[21:39:32] [Server thread/WARN] [sim/]: FolkData:onUpdate() 瑾泉 ，景 还在工作
[21:39:32] [Server thread/INFO] [sim/]: FolkData: GOTOXYZ() for 瑾泉 ，景 to 26,237,33,0 - Method:container.sim.GotoMethod2 DIM:0
[21:39:32] [Server thread/INFO] [sim/]: FolkData: GOTOXYZ() for 瑾泉 ，景 to 21,237,33,0 - Method:container.sim.GotoMethod2 DIM:0
[21:39:32] [Server thread/WARN] [sim/]: FolkData:onUpdate() 昀然 訾 还在工作
[21:39:32] [Server thread/INFO] [sim/]: FolkData: GOTOXYZ() for 昀然 訾 to 26,237,33,0 - Method:container.sim.GotoMethod2 DIM:0
[21:39:32] [Server thread/INFO] [sim/]: FolkData: GOTOXYZ() for 昀然 訾 to 21,237,33,0 - Method:container.sim.GotoMethod2 DIM:0
[21:39:32] [Server thread/WARN] [sim/]: FolkData:onUpdate() 瑾泉 ，景 还在工作
[21:39:32] [Server thread/INFO] [sim/]: FolkData: GOTOXYZ() for 瑾泉 ，景 to 26,237,33,0 - Method:container.sim.GotoMethod2 DIM:0
[21:39:32] [Server thread/INFO] [sim/]: FolkData: GOTOXYZ() for 瑾泉 ，景 to 21,237,33,0 - Method:container.sim.GotoMethod2 DIM:0
[21:39:32] [Server thread/WARN] [sim/]: FolkData:onUpdate() 昀然 訾 还在工作
[21:39:32] [Server thread/INFO] [sim/]: FolkData: GOTOXYZ() for 昀然 訾 to 26,237,33,0 - Method:container.sim.GotoMethod2 DIM:0
[21:39:32] [Server thread/INFO] [sim/]: FolkData: GOTOXYZ() for 昀然 訾 to 21,237,33,0 - Method:container.sim.GotoMethod2 DIM:0
[21:39:32] [Server thread/WARN] [sim/]: FolkData:onUpdate() 瑾泉 ，景 还在工作
[21:39:32] [Server thread/INFO] [sim/]: FolkData: GOTOXYZ() for 瑾泉 ，景 to 26,237,33,0 - Method:container.sim.GotoMethod2 DIM:0
[21:39:32] [Server thread/INFO] [sim/]: FolkData: GOTOXYZ() for 瑾泉 ，景 to 21,237,33,0 - Method:container.sim.GotoMethod2 DIM:0
[21:39:32] [Server thread/WARN] [sim/]: FolkData:onUpdate() 昀然 訾 还在工作
[21:39:32] [Server thread/INFO] [sim/]: FolkData: GOTOXYZ() for 昀然 訾 to 26,237,33,0 - Method:container.sim.GotoMethod2 DIM:0
[21:39:32] [Server thread/INFO] [sim/]: FolkData: GOTOXYZ() for 昀然 訾 to 21,237,33,0 - Method:container.sim.GotoMethod2 DIM:0
[21:39:32] [Server thread/WARN] [sim/]: FolkData:onUpdate() 瑾泉 ，景 还在工作
[21:39:32] [Server thread/INFO] [sim/]: FolkData: GOTOXYZ() for 瑾泉 ，景 to 26,237,33,0 - Method:container.sim.GotoMethod2 DIM:0
[21:39:32] [Server thread/INFO] [sim/]: FolkData: GOTOXYZ() for 瑾泉 ，景 to 21,237,33,0 - Method:container.sim.GotoMethod2 DIM:0
[21:39:33] [Server thread/WARN] [sim/]: FolkData:onUpdate() 昀然 訾 还在工作
[21:39:33] [Server thread/INFO] [sim/]: FolkData: GOTOXYZ() for 昀然 訾 to 26,237,33,0 - Method:container.sim.GotoMethod2 DIM:0
[21:39:33] [Server thread/INFO] [sim/]: FolkData: GOTOXYZ() for 昀然 訾 to 21,237,33,0 - Method:container.sim.GotoMethod2 DIM:0
[21:39:33] [Server thread/WARN] [sim/]: FolkData:onUpdate() 瑾泉 ，景 还在工作
[21:39:33] [Server thread/INFO] [sim/]: FolkData: GOTOXYZ() for 瑾泉 ，景 to 26,237,33,0 - Method:container.sim.GotoMethod2 DIM:0
[21:39:33] [Server thread/INFO] [sim/]: FolkData: GOTOXYZ() for 瑾泉 ，景 to 21,237,33,0 - Method:container.sim.GotoMethod2 DIM:0
[21:39:33] [Server thread/WARN] [sim/]: FolkData:onUpdate() 昀然 訾 还在工作
[21:39:33] [Server thread/INFO] [sim/]: FolkData: GOTOXYZ() for 昀然 訾 to 26,237,33,0 - Method:container.sim.GotoMethod2 DIM:0
[21:39:33] [Server thread/INFO] [sim/]: FolkData: GOTOXYZ() for 昀然 訾 to 21,237,33,0 - Method:container.sim.GotoMethod2 DIM:0
[21:39:33] [Server thread/WARN] [sim/]: FolkData:onUpdate() 瑾泉 ，景 还在工作
[21:39:33] [Server thread/INFO] [sim/]: FolkData: GOTOXYZ() for 瑾泉 ，景 to 26,237,33,0 - Method:container.sim.GotoMethod2 DIM:0
[21:39:33] [Server thread/INFO] [sim/]: FolkData: GOTOXYZ() for 瑾泉 ，景 to 21,237,33,0 - Method:container.sim.GotoMethod2 DIM:0
[21:39:33] [Server thread/WARN] [sim/]: FolkData:onUpdate() 昀然 訾 还在工作
[21:39:33] [Server thread/INFO] [sim/]: FolkData: GOTOXYZ() for 昀然 訾 to 26,237,33,0 - Method:container.sim.GotoMethod2 DIM:0
[21:39:33] [Server thread/INFO] [sim/]: FolkData: GOTOXYZ() for 昀然 訾 to 21,237,33,0 - Method:container.sim.GotoMethod2 DIM:0
[21:39:33] [Server thread/WARN] [sim/]: FolkData:onUpdate() 瑾泉 ，景 还在工作
[21:39:33] [Server thread/INFO] [sim/]: FolkData: GOTOXYZ() for 瑾泉 ，景 to 26,237,33,0 - Method:container.sim.GotoMethod2 DIM:0
[21:39:33] [Server thread/INFO] [sim/]: FolkData: GOTOXYZ() for 瑾泉 ，景 to 21,237,33,0 - Method:container.sim.GotoMethod2 DIM:0
[21:39:33] [Server thread/WARN] [sim/]: FolkData:onUpdate() 昀然 訾 还在工作
[21:39:33] [Server thread/INFO] [sim/]: FolkData: GOTOXYZ() for 昀然 訾 to 26,237,33,0 - Method:container.sim.GotoMethod2 DIM:0
[21:39:33] [Server thread/INFO] [sim/]: FolkData: GOTOXYZ() for 昀然 訾 to 21,237,33,0 - Method:container.sim.GotoMethod2 DIM:0
[21:39:33] [Server thread/WARN] [sim/]: FolkData:onUpdate() 瑾泉 ，景 还在工作
[21:39:33] [Server thread/INFO] [sim/]: FolkData: GOTOXYZ() for 瑾泉 ，景 to 26,237,33,0 - Method:container.sim.GotoMethod2 DIM:0
[21:39:33] [Server thread/INFO] [sim/]: FolkData: GOTOXYZ() for 瑾泉 ，景 to 21,237,33,0 - Method:container.sim.GotoMethod2 DIM:0
[21:39:33] [Server thread/WARN] [sim/]: FolkData:onUpdate() 昀然 訾 还在工作
[21:39:33] [Server thread/INFO] [sim/]: FolkData: GOTOXYZ() for 昀然 訾 to 26,237,33,0 - Method:container.sim.GotoMethod2 DIM:0
[21:39:33] [Server thread/INFO] [sim/]: FolkData: GOTOXYZ() for 昀然 訾 to 21,237,33,0 - Method:container.sim.GotoMethod2 DIM:0
[21:39:33] [Server thread/WARN] [sim/]: FolkData:onUpdate() 瑾泉 ，景 还在工作
[21:39:33] [Server thread/INFO] [sim/]: FolkData: GOTOXYZ() for 瑾泉 ，景 to 26,237,33,0 - Method:container.sim.GotoMethod2 DIM:0
[21:39:33] [Server thread/INFO] [sim/]: FolkData: GOTOXYZ() for 瑾泉 ，景 to 21,237,33,0 - Method:container.sim.GotoMethod2 DIM:0
[21:39:33] [Server thread/WARN] [sim/]: FolkData:onUpdate() 昀然 訾 还在工作
[21:39:33] [Server thread/INFO] [sim/]: FolkData: GOTOXYZ() for 昀然 訾 to 26,237,33,0 - Method:container.sim.GotoMethod2 DIM:0
[21:39:33] [Server thread/INFO] [sim/]: FolkData: GOTOXYZ() for 昀然 訾 to 21,237,33,0 - Method:container.sim.GotoMethod2 DIM:0
[21:39:33] [Server thread/WARN] [sim/]: FolkData:onUpdate() 瑾泉 ，景 还在工作
[21:39:33] [Server thread/INFO] [sim/]: FolkData: GOTOXYZ() for 瑾泉 ，景 to 26,237,33,0 - Method:container.sim.GotoMethod2 DIM:0
[21:39:33] [Server thread/INFO] [sim/]: FolkData: GOTOXYZ() for 瑾泉 ，景 to 21,237,33,0 - Method:container.sim.GotoMethod2 DIM:0
[21:39:33] [Server thread/WARN] [sim/]: FolkData:onUpdate() 昀然 訾 还在工作
[21:39:33] [Server thread/INFO] [sim/]: FolkData: GOTOXYZ() for 昀然 訾 to 26,237,33,0 - Method:container.sim.GotoMethod2 DIM:0
[21:39:33] [Server thread/INFO] [sim/]: FolkData: GOTOXYZ() for 昀然 訾 to 21,237,33,0 - Method:container.sim.GotoMethod2 DIM:0
[21:39:33] [Server thread/WARN] [sim/]: FolkData:onUpdate() 瑾泉 ，景 还在工作
[21:39:33] [Server thread/INFO] [sim/]: FolkData: GOTOXYZ() for 瑾泉 ，景 to 26,237,33,0 - Method:container.sim.GotoMethod2 DIM:0
[21:39:33] [Server thread/INFO] [sim/]: FolkData: GOTOXYZ() for 瑾泉 ，景 to 21,237,33,0 - Method:container.sim.GotoMethod2 DIM:0
[21:39:33] [Server thread/WARN] [sim/]: FolkData:onUpdate() 昀然 訾 还在工作
[21:39:33] [Server thread/INFO] [sim/]: FolkData: GOTOXYZ() for 昀然 訾 to 26,237,33,0 - Method:container.sim.GotoMethod2 DIM:0
[21:39:33] [Server thread/INFO] [sim/]: FolkData: GOTOXYZ() for 昀然 訾 to 21,237,33,0 - Method:container.sim.GotoMethod2 DIM:0
[21:39:33] [Server thread/WARN] [sim/]: FolkData:onUpdate() 瑾泉 ，景 还在工作
[21:39:33] [Server thread/INFO] [sim/]: FolkData: GOTOXYZ() for 瑾泉 ，景 to 26,237,33,0 - Method:container.sim.GotoMethod2 DIM:0
[21:39:33] [Server thread/INFO] [sim/]: FolkData: GOTOXYZ() for 瑾泉 ，景 to 21,237,33,0 - Method:container.sim.GotoMethod2 DIM:0
[21:39:33] [Server thread/WARN] [sim/]: FolkData:onUpdate() 昀然 訾 还在工作
[21:39:33] [Server thread/INFO] [sim/]: FolkData: GOTOXYZ() for 昀然 訾 to 26,237,33,0 - Method:container.sim.GotoMethod2 DIM:0
[21:39:33] [Server thread/INFO] [sim/]: FolkData: GOTOXYZ() for 昀然 訾 to 21,237,33,0 - Method:container.sim.GotoMethod2 DIM:0
[21:39:33] [Server thread/WARN] [sim/]: FolkData:onUpdate() 瑾泉 ，景 还在工作
[21:39:33] [Server thread/INFO] [sim/]: FolkData: GOTOXYZ() for 瑾泉 ，景 to 26,237,33,0 - Method:container.sim.GotoMethod2 DIM:0
[21:39:33] [Server thread/INFO] [sim/]: FolkData: GOTOXYZ() for 瑾泉 ，景 to 21,237,33,0 - Method:container.sim.GotoMethod2 DIM:0
[21:39:33] [Server thread/WARN] [sim/]: FolkData:onUpdate() 昀然 訾 还在工作
[21:39:33] [Server thread/INFO] [sim/]: FolkData: GOTOXYZ() for 昀然 訾 to 26,237,33,0 - Method:container.sim.GotoMethod2 DIM:0
[21:39:33] [Server thread/INFO] [sim/]: FolkData: GOTOXYZ() for 昀然 訾 to 21,237,33,0 - Method:container.sim.GotoMethod2 DIM:0
[21:39:33] [Server thread/WARN] [sim/]: FolkData:onUpdate() 瑾泉 ，景 还在工作
[21:39:33] [Server thread/INFO] [sim/]: FolkData: GOTOXYZ() for 瑾泉 ，景 to 26,237,33,0 - Method:container.sim.GotoMethod2 DIM:0
[21:39:33] [Server thread/INFO] [sim/]: FolkData: GOTOXYZ() for 瑾泉 ，景 to 21,237,33,0 - Method:container.sim.GotoMethod2 DIM:0
[21:39:33] [Server thread/INFO] [sim/]: FolkData: doBeaming() 完成 展鹏 赖 to 9,238,-36,0 (dim 0)
[21:39:33] [Server thread/WARN] [sim/]: FolkData:onUpdate() 昀然 訾 还在工作
[21:39:33] [Server thread/INFO] [sim/]: FolkData: GOTOXYZ() for 昀然 訾 to 26,237,33,0 - Method:container.sim.GotoMethod2 DIM:0
[21:39:33] [Server thread/INFO] [sim/]: FolkData: GOTOXYZ() for 昀然 訾 to 21,237,33,0 - Method:container.sim.GotoMethod2 DIM:0
[21:39:33] [Server thread/WARN] [sim/]: FolkData:onUpdate() 瑾泉 ，景 还在工作
[21:39:33] [Server thread/INFO] [sim/]: FolkData: GOTOXYZ() for 瑾泉 ，景 to 26,237,33,0 - Method:container.sim.GotoMethod2 DIM:0
[21:39:33] [Server thread/INFO] [sim/]: FolkData: GOTOXYZ() for 瑾泉 ，景 to 21,237,33,0 - Method:container.sim.GotoMethod2 DIM:0
[21:39:33] [Server thread/WARN] [sim/]: FolkData:onUpdate() 昀然 訾 还在工作
[21:39:33] [Server thread/INFO] [sim/]: FolkData: GOTOXYZ() for 昀然 訾 to 26,237,33,0 - Method:container.sim.GotoMethod2 DIM:0
[21:39:33] [Server thread/INFO] [sim/]: FolkData: GOTOXYZ() for 昀然 訾 to 21,237,33,0 - Method:container.sim.GotoMethod2 DIM:0
[21:39:33] [Server thread/WARN] [sim/]: FolkData:onUpdate() 瑾泉 ，景 还在工作
[21:39:33] [Server thread/INFO] [sim/]: FolkData: GOTOXYZ() for 瑾泉 ，景 to 26,237,33,0 - Method:container.sim.GotoMethod2 DIM:0
[21:39:33] [Server thread/INFO] [sim/]: FolkData: GOTOXYZ() for 瑾泉 ，景 to 21,237,33,0 - Method:container.sim.GotoMethod2 DIM:0
[21:39:33] [Server thread/WARN] [sim/]: FolkData:onUpdate() 昀然 訾 还在工作
[21:39:33] [Server thread/INFO] [sim/]: FolkData: GOTOXYZ() for 昀然 訾 to 26,237,33,0 - Method:container.sim.GotoMethod2 DIM:0
[21:39:33] [Server thread/INFO] [sim/]: FolkData: GOTOXYZ() for 昀然 訾 to 21,237,33,0 - Method:container.sim.GotoMethod2 DIM:0
[21:39:33] [Server thread/WARN] [sim/]: FolkData:onUpdate() 瑾泉 ，景 还在工作
[21:39:33] [Server thread/INFO] [sim/]: FolkData: GOTOXYZ() for 瑾泉 ，景 to 26,237,33,0 - Method:container.sim.GotoMethod2 DIM:0
[21:39:33] [Server thread/INFO] [sim/]: FolkData: GOTOXYZ() for 瑾泉 ，景 to 21,237,33,0 - Method:container.sim.GotoMethod2 DIM:0
[21:39:33] [Server thread/WARN] [sim/]: FolkData:onUpdate() 昀然 訾 还在工作
[21:39:33] [Server thread/INFO] [sim/]: FolkData: GOTOXYZ() for 昀然 訾 to 26,237,33,0 - Method:container.sim.GotoMethod2 DIM:0
[21:39:33] [Server thread/INFO] [sim/]: FolkData: GOTOXYZ() for 昀然 訾 to 21,237,33,0 - Method:container.sim.GotoMethod2 DIM:0
[21:39:33] [Server thread/WARN] [sim/]: FolkData:onUpdate() 瑾泉 ，景 还在工作
[21:39:33] [Server thread/INFO] [sim/]: FolkData: GOTOXYZ() for 瑾泉 ，景 to 26,237,33,0 - Method:container.sim.GotoMethod2 DIM:0
[21:39:33] [Server thread/INFO] [sim/]: FolkData: GOTOXYZ() for 瑾泉 ，景 to 21,237,33,0 - Method:container.sim.GotoMethod2 DIM:0
[21:39:33] [Server thread/WARN] [sim/]: FolkData:onUpdate() 昀然 訾 还在工作
[21:39:33] [Server thread/INFO] [sim/]: FolkData: GOTOXYZ() for 昀然 訾 to 26,237,33,0 - Method:container.sim.GotoMethod2 DIM:0
[21:39:33] [Server thread/INFO] [sim/]: FolkData: GOTOXYZ() for 昀然 訾 to 21,237,33,0 - Method:container.sim.GotoMethod2 DIM:0
[21:39:33] [Server thread/WARN] [sim/]: FolkData:onUpdate() 瑾泉 ，景 还在工作
[21:39:33] [Server thread/INFO] [sim/]: FolkData: GOTOXYZ() for 瑾泉 ，景 to 26,237,33,0 - Method:container.sim.GotoMethod2 DIM:0
[21:39:33] [Server thread/INFO] [sim/]: FolkData: GOTOXYZ() for 瑾泉 ，景 to 21,237,33,0 - Method:container.sim.GotoMethod2 DIM:0
[21:39:33] [Server thread/WARN] [sim/]: FolkData:onUpdate() 昀然 訾 还在工作
[21:39:33] [Server thread/INFO] [sim/]: FolkData: GOTOXYZ() for 昀然 訾 to 26,237,33,0 - Method:container.sim.GotoMethod2 DIM:0
[21:39:33] [Server thread/INFO] [sim/]: FolkData: GOTOXYZ() for 昀然 訾 to 21,237,33,0 - Method:container.sim.GotoMethod2 DIM:0
[21:39:33] [Server thread/WARN] [sim/]: FolkData:onUpdate() 瑾泉 ，景 还在工作
[21:39:33] [Server thread/INFO] [sim/]: FolkData: GOTOXYZ() for 瑾泉 ，景 to 26,237,33,0 - Method:container.sim.GotoMethod2 DIM:0
[21:39:33] [Server thread/INFO] [sim/]: FolkData: GOTOXYZ() for 瑾泉 ，景 to 21,237,33,0 - Method:container.sim.GotoMethod2 DIM:0
[21:39:33] [Server thread/WARN] [sim/]: FolkData:onUpdate() 昀然 訾 还在工作
[21:39:33] [Server thread/INFO] [sim/]: FolkData: GOTOXYZ() for 昀然 訾 to 26,237,33,0 - Method:container.sim.GotoMethod2 DIM:0
[21:39:33] [Server thread/INFO] [sim/]: FolkData: GOTOXYZ() for 昀然 訾 to 21,237,33,0 - Method:container.sim.GotoMethod2 DIM:0
[21:39:33] [Server thread/WARN] [sim/]: FolkData:onUpdate() 瑾泉 ，景 还在工作
[21:39:33] [Server thread/INFO] [sim/]: FolkData: GOTOXYZ() for 瑾泉 ，景 to 26,237,33,0 - Method:container.sim.GotoMethod2 DIM:0
[21:39:33] [Server thread/INFO] [sim/]: FolkData: GOTOXYZ() for 瑾泉 ，景 to 21,237,33,0 - Method:container.sim.GotoMethod2 DIM:0
[21:39:33] [Server thread/WARN] [sim/]: FolkData:onUpdate() 昀然 訾 还在工作
[21:39:33] [Server thread/INFO] [sim/]: FolkData: GOTOXYZ() for 昀然 訾 to 26,237,33,0 - Method:container.sim.GotoMethod2 DIM:0
[21:39:33] [Server thread/INFO] [sim/]: FolkData: GOTOXYZ() for 昀然 訾 to 21,237,33,0 - Method:container.sim.GotoMethod2 DIM:0
[21:39:33] [Server thread/WARN] [sim/]: FolkData:onUpdate() 瑾泉 ，景 还在工作
[21:39:33] [Server thread/INFO] [sim/]: FolkData: GOTOXYZ() for 瑾泉 ，景 to 26,237,33,0 - Method:container.sim.GotoMethod2 DIM:0
[21:39:33] [Server thread/INFO] [sim/]: FolkData: GOTOXYZ() for 瑾泉 ，景 to 21,237,33,0 - Method:container.sim.GotoMethod2 DIM:0
[21:39:33] [Server thread/WARN] [sim/]: FolkData:onUpdate() 昀然 訾 还在工作
[21:39:33] [Server thread/INFO] [sim/]: FolkData: GOTOXYZ() for 昀然 訾 to 26,237,33,0 - Method:container.sim.GotoMethod2 DIM:0
[21:39:33] [Server thread/INFO] [sim/]: FolkData: GOTOXYZ() for 昀然 訾 to 21,237,33,0 - Method:container.sim.GotoMethod2 DIM:0
[21:39:33] [Server thread/WARN] [sim/]: FolkData:onUpdate() 瑾泉 ，景 还在工作
[21:39:33] [Server thread/INFO] [sim/]: FolkData: GOTOXYZ() for 瑾泉 ，景 to 26,237,33,0 - Method:container.sim.GotoMethod2 DIM:0
[21:39:33] [Server thread/INFO] [sim/]: FolkData: GOTOXYZ() for 瑾泉 ，景 to 21,237,33,0 - Method:container.sim.GotoMethod2 DIM:0
[21:39:33] [Server thread/WARN] [sim/]: FolkData:onUpdate() 昀然 訾 还在工作
[21:39:33] [Server thread/INFO] [sim/]: FolkData: GOTOXYZ() for 昀然 訾 to 26,237,33,0 - Method:container.sim.GotoMethod2 DIM:0
[21:39:33] [Server thread/INFO] [sim/]: FolkData: GOTOXYZ() for 昀然 訾 to 21,237,33,0 - Method:container.sim.GotoMethod2 DIM:0
[21:39:33] [Server thread/WARN] [sim/]: FolkData:onUpdate() 瑾泉 ，景 还在工作
[21:39:33] [Server thread/INFO] [sim/]: FolkData: GOTOXYZ() for 瑾泉 ，景 to 26,237,33,0 - Method:container.sim.GotoMethod2 DIM:0
[21:39:33] [Server thread/INFO] [sim/]: FolkData: GOTOXYZ() for 瑾泉 ，景 to 21,237,33,0 - Method:container.sim.GotoMethod2 DIM:0
[21:39:33] [Server thread/WARN] [sim/]: FolkData:onUpdate() 昀然 訾 还在工作
[21:39:33] [Server thread/INFO] [sim/]: FolkData: GOTOXYZ() for 昀然 訾 to 26,237,33,0 - Method:container.sim.GotoMethod2 DIM:0
[21:39:33] [Server thread/INFO] [sim/]: FolkData: GOTOXYZ() for 昀然 訾 to 21,237,33,0 - Method:container.sim.GotoMethod2 DIM:0
[21:39:33] [Server thread/WARN] [sim/]: FolkData:onUpdate() 瑾泉 ，景 还在工作
[21:39:33] [Server thread/INFO] [sim/]: FolkData: GOTOXYZ() for 瑾泉 ，景 to 26,237,33,0 - Method:container.sim.GotoMethod2 DIM:0
[21:39:33] [Server thread/INFO] [sim/]: FolkData: GOTOXYZ() for 瑾泉 ，景 to 21,237,33,0 - Method:container.sim.GotoMethod2 DIM:0
[21:39:33] [Server thread/WARN] [sim/]: FolkData:onUpdate() 昀然 訾 还在工作
[21:39:33] [Server thread/INFO] [sim/]: FolkData: GOTOXYZ() for 昀然 訾 to 26,237,33,0 - Method:container.sim.GotoMethod2 DIM:0
[21:39:33] [Server thread/INFO] [sim/]: FolkData: GOTOXYZ() for 昀然 訾 to 21,237,33,0 - Method:container.sim.GotoMethod2 DIM:0
[21:39:33] [Server thread/WARN] [sim/]: FolkData:onUpdate() 瑾泉 ，景 还在工作
[21:39:33] [Server thread/INFO] [sim/]: FolkData: GOTOXYZ() for 瑾泉 ，景 to 26,237,33,0 - Method:container.sim.GotoMethod2 DIM:0
[21:39:33] [Server thread/INFO] [sim/]: FolkData: GOTOXYZ() for 瑾泉 ，景 to 21,237,33,0 - Method:container.sim.GotoMethod2 DIM:0
[21:39:33] [Server thread/WARN] [sim/]: FolkData:onUpdate() 昀然 訾 还在工作
[21:39:33] [Server thread/INFO] [sim/]: FolkData: GOTOXYZ() for 昀然 訾 to 26,237,33,0 - Method:container.sim.GotoMethod2 DIM:0
[21:39:33] [Server thread/INFO] [sim/]: FolkData: GOTOXYZ() for 昀然 訾 to 21,237,33,0 - Method:container.sim.GotoMethod2 DIM:0
[21:39:33] [Server thread/WARN] [sim/]: FolkData:onUpdate() 瑾泉 ，景 还在工作
[21:39:33] [Server thread/INFO] [sim/]: FolkData: GOTOXYZ() for 瑾泉 ，景 to 26,237,33,0 - Method:container.sim.GotoMethod2 DIM:0
[21:39:33] [Server thread/INFO] [sim/]: FolkData: GOTOXYZ() for 瑾泉 ，景 to 21,237,33,0 - Method:container.sim.GotoMethod2 DIM:0
[21:39:33] [Server thread/WARN] [sim/]: FolkData:onUpdate() 昀然 訾 还在工作
[21:39:33] [Server thread/INFO] [sim/]: FolkData: GOTOXYZ() for 昀然 訾 to 26,237,33,0 - Method:container.sim.GotoMethod2 DIM:0
[21:39:33] [Server thread/INFO] [sim/]: FolkData: GOTOXYZ() for 昀然 訾 to 21,237,33,0 - Method:container.sim.GotoMethod2 DIM:0
[21:39:33] [Server thread/WARN] [sim/]: FolkData:onUpdate() 瑾泉 ，景 还在工作
[21:39:33] [Server thread/INFO] [sim/]: FolkData: GOTOXYZ() for 瑾泉 ，景 to 26,237,33,0 - Method:container.sim.GotoMethod2 DIM:0
[21:39:33] [Server thread/INFO] [sim/]: FolkData: GOTOXYZ() for 瑾泉 ，景 to 21,237,33,0 - Method:container.sim.GotoMethod2 DIM:0
[21:39:33] [Server thread/WARN] [sim/]: FolkData:onUpdate() 昀然 訾 还在工作
[21:39:33] [Server thread/INFO] [sim/]: FolkData: GOTOXYZ() for 昀然 訾 to 26,237,33,0 - Method:container.sim.GotoMethod2 DIM:0
[21:39:33] [Server thread/INFO] [sim/]: FolkData: GOTOXYZ() for 昀然 訾 to 21,237,33,0 - Method:container.sim.GotoMethod2 DIM:0
[21:39:33] [Server thread/WARN] [sim/]: FolkData:onUpdate() 瑾泉 ，景 还在工作
[21:39:33] [Server thread/INFO] [sim/]: FolkData: GOTOXYZ() for 瑾泉 ，景 to 26,237,33,0 - Method:container.sim.GotoMethod2 DIM:0
[21:39:33] [Server thread/INFO] [sim/]: FolkData: GOTOXYZ() for 瑾泉 ，景 to 21,237,33,0 - Method:container.sim.GotoMethod2 DIM:0
[21:39:33] [Server thread/WARN] [sim/]: FolkData:onUpdate() 昀然 訾 还在工作
[21:39:33] [Server thread/INFO] [sim/]: FolkData: GOTOXYZ() for 昀然 訾 to 26,237,33,0 - Method:container.sim.GotoMethod2 DIM:0
[21:39:33] [Server thread/INFO] [sim/]: FolkData: GOTOXYZ() for 昀然 訾 to 21,237,33,0 - Method:container.sim.GotoMethod2 DIM:0
[21:39:33] [Server thread/WARN] [sim/]: FolkData:onUpdate() 瑾泉 ，景 还在工作
[21:39:33] [Server thread/INFO] [sim/]: FolkData: GOTOXYZ() for 瑾泉 ，景 to 26,237,33,0 - Method:container.sim.GotoMethod2 DIM:0
[21:39:33] [Server thread/INFO] [sim/]: FolkData: GOTOXYZ() for 瑾泉 ，景 to 21,237,33,0 - Method:container.sim.GotoMethod2 DIM:0
[21:39:33] [Server thread/WARN] [sim/]: FolkData:onUpdate() 昀然 訾 还在工作
[21:39:33] [Server thread/INFO] [sim/]: FolkData: GOTOXYZ() for 昀然 訾 to 26,237,33,0 - Method:container.sim.GotoMethod2 DIM:0
[21:39:33] [Server thread/INFO] [sim/]: FolkData: GOTOXYZ() for 昀然 訾 to 21,237,33,0 - Method:container.sim.GotoMethod2 DIM:0
[21:39:33] [Server thread/WARN] [sim/]: FolkData:onUpdate() 瑾泉 ，景 还在工作
[21:39:33] [Server thread/INFO] [sim/]: FolkData: GOTOXYZ() for 瑾泉 ，景 to 26,237,33,0 - Method:container.sim.GotoMethod2 DIM:0
[21:39:33] [Server thread/INFO] [sim/]: FolkData: GOTOXYZ() for 瑾泉 ，景 to 21,237,33,0 - Method:container.sim.GotoMethod2 DIM:0
[21:39:33] [Server thread/WARN] [sim/]: FolkData:onUpdate() 昀然 訾 还在工作
[21:39:33] [Server thread/INFO] [sim/]: FolkData: GOTOXYZ() for 昀然 訾 to 26,237,33,0 - Method:container.sim.GotoMethod2 DIM:0
[21:39:33] [Server thread/INFO] [sim/]: FolkData: GOTOXYZ() for 昀然 訾 to 21,237,33,0 - Method:container.sim.GotoMethod2 DIM:0
[21:39:33] [Server thread/WARN] [sim/]: FolkData:onUpdate() 瑾泉 ，景 还在工作
[21:39:33] [Server thread/INFO] [sim/]: FolkData: GOTOXYZ() for 瑾泉 ，景 to 26,237,33,0 - Method:container.sim.GotoMethod2 DIM:0
[21:39:33] [Server thread/INFO] [sim/]: FolkData: GOTOXYZ() for 瑾泉 ，景 to 21,237,33,0 - Method:container.sim.GotoMethod2 DIM:0
[21:39:33] [Server thread/WARN] [sim/]: FolkData:onUpdate() 昀然 訾 还在工作
[21:39:33] [Server thread/INFO] [sim/]: FolkData: GOTOXYZ() for 昀然 訾 to 26,237,33,0 - Method:container.sim.GotoMethod2 DIM:0
[21:39:33] [Server thread/INFO] [sim/]: FolkData: GOTOXYZ() for 昀然 訾 to 21,237,33,0 - Method:container.sim.GotoMethod2 DIM:0
[21:39:33] [Server thread/WARN] [sim/]: FolkData:onUpdate() 瑾泉 ，景 还在工作
[21:39:33] [Server thread/INFO] [sim/]: FolkData: GOTOXYZ() for 瑾泉 ，景 to 26,237,33,0 - Method:container.sim.GotoMethod2 DIM:0
[21:39:33] [Server thread/INFO] [sim/]: FolkData: GOTOXYZ() for 瑾泉 ，景 to 21,237,33,0 - Method:container.sim.GotoMethod2 DIM:0
[21:39:33] [Server thread/WARN] [sim/]: FolkData:onUpdate() 昀然 訾 还在工作
[21:39:33] [Server thread/INFO] [sim/]: FolkData: GOTOXYZ() for 昀然 訾 to 26,237,33,0 - Method:container.sim.GotoMethod2 DIM:0
[21:39:33] [Server thread/INFO] [sim/]: FolkData: GOTOXYZ() for 昀然 訾 to 21,237,33,0 - Method:container.sim.GotoMethod2 DIM:0
[21:39:33] [Server thread/WARN] [sim/]: FolkData:onUpdate() 瑾泉 ，景 还在工作
[21:39:33] [Server thread/INFO] [sim/]: FolkData: GOTOXYZ() for 瑾泉 ，景 to 26,237,33,0 - Method:container.sim.GotoMethod2 DIM:0
[21:39:33] [Server thread/INFO] [sim/]: FolkData: GOTOXYZ() for 瑾泉 ，景 to 21,237,33,0 - Method:container.sim.GotoMethod2 DIM:0
[21:39:33] [Server thread/WARN] [sim/]: FolkData:onUpdate() 昀然 訾 还在工作
[21:39:33] [Server thread/INFO] [sim/]: FolkData: GOTOXYZ() for 昀然 訾 to 26,237,33,0 - Method:container.sim.GotoMethod2 DIM:0
[21:39:33] [Server thread/INFO] [sim/]: FolkData: GOTOXYZ() for 昀然 訾 to 21,237,33,0 - Method:container.sim.GotoMethod2 DIM:0
[21:39:33] [Server thread/WARN] [sim/]: FolkData:onUpdate() 瑾泉 ，景 还在工作
[21:39:33] [Server thread/INFO] [sim/]: FolkData: GOTOXYZ() for 瑾泉 ，景 to 26,237,33,0 - Method:container.sim.GotoMethod2 DIM:0
[21:39:33] [Server thread/INFO] [sim/]: FolkData: GOTOXYZ() for 瑾泉 ，景 to 21,237,33,0 - Method:container.sim.GotoMethod2 DIM:0
[21:39:33] [Server thread/WARN] [sim/]: FolkData:onUpdate() 昀然 訾 还在工作
[21:39:33] [Server thread/INFO] [sim/]: FolkData: GOTOXYZ() for 昀然 訾 to 26,237,33,0 - Method:container.sim.GotoMethod2 DIM:0
[21:39:33] [Server thread/INFO] [sim/]: FolkData: GOTOXYZ() for 昀然 訾 to 21,237,33,0 - Method:container.sim.GotoMethod2 DIM:0
[21:39:33] [Server thread/WARN] [sim/]: FolkData:onUpdate() 瑾泉 ，景 还在工作
[21:39:33] [Server thread/INFO] [sim/]: FolkData: GOTOXYZ() for 瑾泉 ，景 to 26,237,33,0 - Method:container.sim.GotoMethod2 DIM:0
[21:39:33] [Server thread/INFO] [sim/]: FolkData: GOTOXYZ() for 瑾泉 ，景 to 21,237,33,0 - Method:container.sim.GotoMethod2 DIM:0
[21:39:33] [Server thread/WARN] [sim/]: FolkData:onUpdate() 昀然 訾 还在工作
[21:39:33] [Server thread/INFO] [sim/]: FolkData: GOTOXYZ() for 昀然 訾 to 26,237,33,0 - Method:container.sim.GotoMethod2 DIM:0
[21:39:33] [Server thread/INFO] [sim/]: FolkData: GOTOXYZ() for 昀然 訾 to 21,237,33,0 - Method:container.sim.GotoMethod2 DIM:0
[21:39:33] [Server thread/WARN] [sim/]: FolkData:onUpdate() 瑾泉 ，景 还在工作
[21:39:33] [Server thread/INFO] [sim/]: FolkData: GOTOXYZ() for 瑾泉 ，景 to 26,237,33,0 - Method:container.sim.GotoMethod2 DIM:0
[21:39:33] [Server thread/INFO] [sim/]: FolkData: GOTOXYZ() for 瑾泉 ，景 to 21,237,33,0 - Method:container.sim.GotoMethod2 DIM:0
[21:39:33] [Server thread/WARN] [sim/]: FolkData:onUpdate() 昀然 訾 还在工作
[21:39:33] [Server thread/INFO] [sim/]: FolkData: GOTOXYZ() for 昀然 訾 to 26,237,33,0 - Method:container.sim.GotoMethod2 DIM:0
[21:39:33] [Server thread/INFO] [sim/]: FolkData: GOTOXYZ() for 昀然 訾 to 21,237,33,0 - Method:container.sim.GotoMethod2 DIM:0
[21:39:33] [Server thread/WARN] [sim/]: FolkData:onUpdate() 瑾泉 ，景 还在工作
[21:39:33] [Server thread/INFO] [sim/]: FolkData: GOTOXYZ() for 瑾泉 ，景 to 26,237,33,0 - Method:container.sim.GotoMethod2 DIM:0
[21:39:33] [Server thread/INFO] [sim/]: FolkData: GOTOXYZ() for 瑾泉 ，景 to 21,237,33,0 - Method:container.sim.GotoMethod2 DIM:0
[21:39:33] [Server thread/WARN] [sim/]: FolkData:onUpdate() 昀然 訾 还在工作
[21:39:33] [Server thread/INFO] [sim/]: FolkData: GOTOXYZ() for 昀然 訾 to 26,237,33,0 - Method:container.sim.GotoMethod2 DIM:0
[21:39:33] [Server thread/INFO] [sim/]: FolkData: GOTOXYZ() for 昀然 訾 to 21,237,33,0 - Method:container.sim.GotoMethod2 DIM:0
[21:39:33] [Server thread/WARN] [sim/]: FolkData:onUpdate() 瑾泉 ，景 还在工作
[21:39:33] [Server thread/INFO] [sim/]: FolkData: GOTOXYZ() for 瑾泉 ，景 to 26,237,33,0 - Method:container.sim.GotoMethod2 DIM:0
[21:39:33] [Server thread/INFO] [sim/]: FolkData: GOTOXYZ() for 瑾泉 ，景 to 21,237,33,0 - Method:container.sim.GotoMethod2 DIM:0
[21:39:33] [Server thread/WARN] [sim/]: FolkData:onUpdate() 昀然 訾 还在工作
[21:39:33] [Server thread/INFO] [sim/]: FolkData: GOTOXYZ() for 昀然 訾 to 26,237,33,0 - Method:container.sim.GotoMethod2 DIM:0
[21:39:33] [Server thread/INFO] [sim/]: FolkData: GOTOXYZ() for 昀然 訾 to 21,237,33,0 - Method:container.sim.GotoMethod2 DIM:0
[21:39:33] [Server thread/WARN] [sim/]: FolkData:onUpdate() 瑾泉 ，景 还在工作
[21:39:33] [Server thread/INFO] [sim/]: FolkData: GOTOXYZ() for 瑾泉 ，景 to 26,237,33,0 - Method:container.sim.GotoMethod2 DIM:0
[21:39:33] [Server thread/INFO] [sim/]: FolkData: GOTOXYZ() for 瑾泉 ，景 to 21,237,33,0 - Method:container.sim.GotoMethod2 DIM:0
[21:39:33] [Server thread/WARN] [sim/]: FolkData:onUpdate() 昀然 訾 还在工作
[21:39:33] [Server thread/INFO] [sim/]: FolkData: GOTOXYZ() for 昀然 訾 to 26,237,33,0 - Method:container.sim.GotoMethod2 DIM:0
[21:39:33] [Server thread/INFO] [sim/]: FolkData: GOTOXYZ() for 昀然 訾 to 21,237,33,0 - Method:container.sim.GotoMethod2 DIM:0
[21:39:33] [Server thread/WARN] [sim/]: FolkData:onUpdate() 瑾泉 ，景 还在工作
[21:39:33] [Server thread/INFO] [sim/]: FolkData: GOTOXYZ() for 瑾泉 ，景 to 26,237,33,0 - Method:container.sim.GotoMethod2 DIM:0
[21:39:33] [Server thread/INFO] [sim/]: FolkData: GOTOXYZ() for 瑾泉 ，景 to 21,237,33,0 - Method:container.sim.GotoMethod2 DIM:0
[21:39:33] [Server thread/WARN] [sim/]: FolkData:onUpdate() 昀然 訾 还在工作
[21:39:33] [Server thread/INFO] [sim/]: FolkData: GOTOXYZ() for 昀然 訾 to 26,237,33,0 - Method:container.sim.GotoMethod2 DIM:0
[21:39:33] [Server thread/INFO] [sim/]: FolkData: GOTOXYZ() for 昀然 訾 to 21,237,33,0 - Method:container.sim.GotoMethod2 DIM:0
[21:39:33] [Server thread/WARN] [sim/]: FolkData:onUpdate() 瑾泉 ，景 还在工作
[21:39:33] [Server thread/INFO] [sim/]: FolkData: GOTOXYZ() for 瑾泉 ，景 to 26,237,33,0 - Method:container.sim.GotoMethod2 DIM:0
[21:39:33] [Server thread/INFO] [sim/]: FolkData: GOTOXYZ() for 瑾泉 ，景 to 21,237,33,0 - Method:container.sim.GotoMethod2 DIM:0
[21:39:33] [Server thread/WARN] [sim/]: FolkData:onUpdate() 昀然 訾 还在工作
[21:39:33] [Server thread/INFO] [sim/]: FolkData: GOTOXYZ() for 昀然 訾 to 26,237,33,0 - Method:container.sim.GotoMethod2 DIM:0
[21:39:33] [Server thread/INFO] [sim/]: FolkData: GOTOXYZ() for 昀然 訾 to 21,237,33,0 - Method:container.sim.GotoMethod2 DIM:0
[21:39:33] [Server thread/WARN] [sim/]: FolkData:onUpdate() 瑾泉 ，景 还在工作
[21:39:33] [Server thread/INFO] [sim/]: FolkData: GOTOXYZ() for 瑾泉 ，景 to 26,237,33,0 - Method:container.sim.GotoMethod2 DIM:0
[21:39:33] [Server thread/INFO] [sim/]: FolkData: GOTOXYZ() for 瑾泉 ，景 to 21,237,33,0 - Method:container.sim.GotoMethod2 DIM:0
[21:39:33] [Server thread/WARN] [sim/]: FolkData:onUpdate() 昀然 訾 还在工作
[21:39:33] [Server thread/INFO] [sim/]: FolkData: GOTOXYZ() for 昀然 訾 to 26,237,33,0 - Method:container.sim.GotoMethod2 DIM:0
[21:39:33] [Server thread/INFO] [sim/]: FolkData: GOTOXYZ() for 昀然 訾 to 21,237,33,0 - Method:container.sim.GotoMethod2 DIM:0
[21:39:33] [Server thread/WARN] [sim/]: FolkData:onUpdate() 瑾泉 ，景 还在工作
[21:39:33] [Server thread/INFO] [sim/]: FolkData: GOTOXYZ() for 瑾泉 ，景 to 26,237,33,0 - Method:container.sim.GotoMethod2 DIM:0
[21:39:33] [Server thread/INFO] [sim/]: FolkData: GOTOXYZ() for 瑾泉 ，景 to 21,237,33,0 - Method:container.sim.GotoMethod2 DIM:0
[21:39:34] [Server thread/WARN] [sim/]: FolkData:onUpdate() 昀然 訾 还在工作
[21:39:34] [Server thread/INFO] [sim/]: FolkData: GOTOXYZ() for 昀然 訾 to 26,237,33,0 - Method:container.sim.GotoMethod2 DIM:0
[21:39:34] [Server thread/INFO] [sim/]: FolkData: GOTOXYZ() for 昀然 訾 to 21,237,33,0 - Method:container.sim.GotoMethod2 DIM:0
[21:39:34] [Server thread/WARN] [sim/]: FolkData:onUpdate() 瑾泉 ，景 还在工作
[21:39:34] [Server thread/INFO] [sim/]: FolkData: GOTOXYZ() for 瑾泉 ，景 to 26,237,33,0 - Method:container.sim.GotoMethod2 DIM:0
[21:39:34] [Server thread/INFO] [sim/]: FolkData: GOTOXYZ() for 瑾泉 ，景 to 21,237,33,0 - Method:container.sim.GotoMethod2 DIM:0
[21:39:34] [Server thread/WARN] [sim/]: FolkData:onUpdate() 昀然 訾 还在工作
[21:39:34] [Server thread/INFO] [sim/]: FolkData: GOTOXYZ() for 昀然 訾 to 26,237,33,0 - Method:container.sim.GotoMethod2 DIM:0
[21:39:34] [Server thread/INFO] [sim/]: FolkData: GOTOXYZ() for 昀然 訾 to 21,237,33,0 - Method:container.sim.GotoMethod2 DIM:0
[21:39:34] [Server thread/WARN] [sim/]: FolkData:onUpdate() 瑾泉 ，景 还在工作
[21:39:34] [Server thread/INFO] [sim/]: FolkData: GOTOXYZ() for 瑾泉 ，景 to 26,237,33,0 - Method:container.sim.GotoMethod2 DIM:0
[21:39:34] [Server thread/INFO] [sim/]: FolkData: GOTOXYZ() for 瑾泉 ，景 to 21,237,33,0 - Method:container.sim.GotoMethod2 DIM:0
[21:39:34] [Server thread/WARN] [sim/]: FolkData:onUpdate() 昀然 訾 还在工作
[21:39:34] [Server thread/INFO] [sim/]: FolkData: GOTOXYZ() for 昀然 訾 to 26,237,33,0 - Method:container.sim.GotoMethod2 DIM:0
[21:39:34] [Server thread/INFO] [sim/]: FolkData: GOTOXYZ() for 昀然 訾 to 21,237,33,0 - Method:container.sim.GotoMethod2 DIM:0
[21:39:34] [Server thread/WARN] [sim/]: FolkData:onUpdate() 瑾泉 ，景 还在工作
[21:39:34] [Server thread/INFO] [sim/]: FolkData: GOTOXYZ() for 瑾泉 ，景 to 26,237,33,0 - Method:container.sim.GotoMethod2 DIM:0
[21:39:34] [Server thread/INFO] [sim/]: FolkData: GOTOXYZ() for 瑾泉 ，景 to 21,237,33,0 - Method:container.sim.GotoMethod2 DIM:0
[21:39:34] [Server thread/WARN] [sim/]: FolkData:onUpdate() 昀然 訾 还在工作
[21:39:34] [Server thread/INFO] [sim/]: FolkData: GOTOXYZ() for 昀然 訾 to 26,237,33,0 - Method:container.sim.GotoMethod2 DIM:0
[21:39:34] [Server thread/INFO] [sim/]: FolkData: GOTOXYZ() for 昀然 訾 to 21,237,33,0 - Method:container.sim.GotoMethod2 DIM:0
[21:39:34] [Server thread/WARN] [sim/]: FolkData:onUpdate() 瑾泉 ，景 还在工作
[21:39:34] [Server thread/INFO] [sim/]: FolkData: GOTOXYZ() for 瑾泉 ，景 to 26,237,33,0 - Method:container.sim.GotoMethod2 DIM:0
[21:39:34] [Server thread/INFO] [sim/]: FolkData: GOTOXYZ() for 瑾泉 ，景 to 21,237,33,0 - Method:container.sim.GotoMethod2 DIM:0
[21:39:34] [Server thread/WARN] [sim/]: FolkData:onUpdate() 昀然 訾 还在工作
[21:39:34] [Server thread/INFO] [sim/]: FolkData: GOTOXYZ() for 昀然 訾 to 26,237,33,0 - Method:container.sim.GotoMethod2 DIM:0
[21:39:34] [Server thread/INFO] [sim/]: FolkData: GOTOXYZ() for 昀然 訾 to 21,237,33,0 - Method:container.sim.GotoMethod2 DIM:0
[21:39:34] [Server thread/WARN] [sim/]: FolkData:onUpdate() 瑾泉 ，景 还在工作
[21:39:34] [Server thread/INFO] [sim/]: FolkData: GOTOXYZ() for 瑾泉 ，景 to 26,237,33,0 - Method:container.sim.GotoMethod2 DIM:0
[21:39:34] [Server thread/INFO] [sim/]: FolkData: GOTOXYZ() for 瑾泉 ，景 to 21,237,33,0 - Method:container.sim.GotoMethod2 DIM:0
[21:39:34] [Server thread/WARN] [sim/]: FolkData:onUpdate() 昀然 訾 还在工作
[21:39:34] [Server thread/INFO] [sim/]: FolkData: GOTOXYZ() for 昀然 訾 to 26,237,33,0 - Method:container.sim.GotoMethod2 DIM:0
[21:39:34] [Server thread/INFO] [sim/]: FolkData: GOTOXYZ() for 昀然 訾 to 21,237,33,0 - Method:container.sim.GotoMethod2 DIM:0
[21:39:34] [Server thread/WARN] [sim/]: FolkData:onUpdate() 瑾泉 ，景 还在工作
[21:39:34] [Server thread/INFO] [sim/]: FolkData: GOTOXYZ() for 瑾泉 ，景 to 26,237,33,0 - Method:container.sim.GotoMethod2 DIM:0
[21:39:34] [Server thread/INFO] [sim/]: FolkData: GOTOXYZ() for 瑾泉 ，景 to 21,237,33,0 - Method:container.sim.GotoMethod2 DIM:0
[21:39:34] [Server thread/WARN] [sim/]: FolkData:onUpdate() 昀然 訾 还在工作
[21:39:34] [Server thread/INFO] [sim/]: FolkData: GOTOXYZ() for 昀然 訾 to 26,237,33,0 - Method:container.sim.GotoMethod2 DIM:0
[21:39:34] [Server thread/INFO] [sim/]: FolkData: GOTOXYZ() for 昀然 訾 to 21,237,33,0 - Method:container.sim.GotoMethod2 DIM:0
[21:39:34] [Server thread/WARN] [sim/]: FolkData:onUpdate() 瑾泉 ，景 还在工作
[21:39:34] [Server thread/INFO] [sim/]: FolkData: GOTOXYZ() for 瑾泉 ，景 to 26,237,33,0 - Method:container.sim.GotoMethod2 DIM:0
[21:39:34] [Server thread/INFO] [sim/]: FolkData: GOTOXYZ() for 瑾泉 ，景 to 21,237,33,0 - Method:container.sim.GotoMethod2 DIM:0
[21:39:34] [Server thread/WARN] [sim/]: FolkData:onUpdate() 昀然 訾 还在工作
[21:39:34] [Server thread/INFO] [sim/]: FolkData: GOTOXYZ() for 昀然 訾 to 26,237,33,0 - Method:container.sim.GotoMethod2 DIM:0
[21:39:34] [Server thread/INFO] [sim/]: FolkData: GOTOXYZ() for 昀然 訾 to 21,237,33,0 - Method:container.sim.GotoMethod2 DIM:0
[21:39:34] [Server thread/WARN] [sim/]: FolkData:onUpdate() 瑾泉 ，景 还在工作
[21:39:34] [Server thread/INFO] [sim/]: FolkData: GOTOXYZ() for 瑾泉 ，景 to 26,237,33,0 - Method:container.sim.GotoMethod2 DIM:0
[21:39:34] [Server thread/INFO] [sim/]: FolkData: GOTOXYZ() for 瑾泉 ，景 to 21,237,33,0 - Method:container.sim.GotoMethod2 DIM:0
[21:39:34] [Server thread/WARN] [sim/]: FolkData:onUpdate() 昀然 訾 还在工作
[21:39:34] [Server thread/INFO] [sim/]: FolkData: GOTOXYZ() for 昀然 訾 to 26,237,33,0 - Method:container.sim.GotoMethod2 DIM:0
[21:39:34] [Server thread/INFO] [sim/]: FolkData: GOTOXYZ() for 昀然 訾 to 21,237,33,0 - Method:container.sim.GotoMethod2 DIM:0
[21:39:34] [Server thread/WARN] [sim/]: FolkData:onUpdate() 瑾泉 ，景 还在工作
[21:39:34] [Server thread/INFO] [sim/]: FolkData: GOTOXYZ() for 瑾泉 ，景 to 26,237,33,0 - Method:container.sim.GotoMethod2 DIM:0
[21:39:34] [Server thread/INFO] [sim/]: FolkData: GOTOXYZ() for 瑾泉 ，景 to 21,237,33,0 - Method:container.sim.GotoMethod2 DIM:0
[21:39:34] [Server thread/WARN] [sim/]: FolkData:onUpdate() 昀然 訾 还在工作
[21:39:34] [Server thread/INFO] [sim/]: FolkData: GOTOXYZ() for 昀然 訾 to 26,237,33,0 - Method:container.sim.GotoMethod2 DIM:0
[21:39:34] [Server thread/INFO] [sim/]: FolkData: GOTOXYZ() for 昀然 訾 to 21,237,33,0 - Method:container.sim.GotoMethod2 DIM:0
[21:39:34] [Server thread/WARN] [sim/]: FolkData:onUpdate() 瑾泉 ，景 还在工作
[21:39:34] [Server thread/INFO] [sim/]: FolkData: GOTOXYZ() for 瑾泉 ，景 to 26,237,33,0 - Method:container.sim.GotoMethod2 DIM:0
[21:39:34] [Server thread/INFO] [sim/]: FolkData: GOTOXYZ() for 瑾泉 ，景 to 21,237,33,0 - Method:container.sim.GotoMethod2 DIM:0
[21:39:34] [Server thread/WARN] [sim/]: FolkData:onUpdate() 昀然 訾 还在工作
[21:39:34] [Server thread/INFO] [sim/]: FolkData: GOTOXYZ() for 昀然 訾 to 26,237,33,0 - Method:container.sim.GotoMethod2 DIM:0
[21:39:34] [Server thread/INFO] [sim/]: FolkData: GOTOXYZ() for 昀然 訾 to 21,237,33,0 - Method:container.sim.GotoMethod2 DIM:0
[21:39:34] [Server thread/WARN] [sim/]: FolkData:onUpdate() 瑾泉 ，景 还在工作
[21:39:34] [Server thread/INFO] [sim/]: FolkData: GOTOXYZ() for 瑾泉 ，景 to 26,237,33,0 - Method:container.sim.GotoMethod2 DIM:0
[21:39:34] [Server thread/INFO] [sim/]: FolkData: GOTOXYZ() for 瑾泉 ，景 to 21,237,33,0 - Method:container.sim.GotoMethod2 DIM:0
[21:39:34] [Server thread/WARN] [sim/]: FolkData:onUpdate() 昀然 訾 还在工作
[21:39:34] [Server thread/INFO] [sim/]: FolkData: GOTOXYZ() for 昀然 訾 to 26,237,33,0 - Method:container.sim.GotoMethod2 DIM:0
[21:39:34] [Server thread/INFO] [sim/]: FolkData: GOTOXYZ() for 昀然 訾 to 21,237,33,0 - Method:container.sim.GotoMethod2 DIM:0
[21:39:34] [Server thread/WARN] [sim/]: FolkData:onUpdate() 瑾泉 ，景 还在工作
[21:39:34] [Server thread/INFO] [sim/]: FolkData: GOTOXYZ() for 瑾泉 ，景 to 26,237,33,0 - Method:container.sim.GotoMethod2 DIM:0
[21:39:34] [Server thread/INFO] [sim/]: FolkData: GOTOXYZ() for 瑾泉 ，景 to 21,237,33,0 - Method:container.sim.GotoMethod2 DIM:0
[21:39:34] [Server thread/WARN] [sim/]: FolkData:onUpdate() 昀然 訾 还在工作
[21:39:34] [Server thread/INFO] [sim/]: FolkData: GOTOXYZ() for 昀然 訾 to 26,237,33,0 - Method:container.sim.GotoMethod2 DIM:0
[21:39:34] [Server thread/INFO] [sim/]: FolkData: GOTOXYZ() for 昀然 訾 to 21,237,33,0 - Method:container.sim.GotoMethod2 DIM:0
[21:39:34] [Server thread/WARN] [sim/]: FolkData:onUpdate() 瑾泉 ，景 还在工作
[21:39:34] [Server thread/INFO] [sim/]: FolkData: GOTOXYZ() for 瑾泉 ，景 to 26,237,33,0 - Method:container.sim.GotoMethod2 DIM:0
[21:39:34] [Server thread/INFO] [sim/]: FolkData: GOTOXYZ() for 瑾泉 ，景 to 21,237,33,0 - Method:container.sim.GotoMethod2 DIM:0
[21:39:34] [Server thread/WARN] [sim/]: FolkData:onUpdate() 昀然 訾 还在工作
[21:39:34] [Server thread/INFO] [sim/]: FolkData: GOTOXYZ() for 昀然 訾 to 26,237,33,0 - Method:container.sim.GotoMethod2 DIM:0
[21:39:34] [Server thread/INFO] [sim/]: FolkData: GOTOXYZ() for 昀然 訾 to 21,237,33,0 - Method:container.sim.GotoMethod2 DIM:0
[21:39:34] [Server thread/WARN] [sim/]: FolkData:onUpdate() 瑾泉 ，景 还在工作
[21:39:34] [Server thread/INFO] [sim/]: FolkData: GOTOXYZ() for 瑾泉 ，景 to 26,237,33,0 - Method:container.sim.GotoMethod2 DIM:0
[21:39:34] [Server thread/INFO] [sim/]: FolkData: GOTOXYZ() for 瑾泉 ，景 to 21,237,33,0 - Method:container.sim.GotoMethod2 DIM:0
[21:39:34] [Server thread/WARN] [sim/]: FolkData:onUpdate() 昀然 訾 还在工作
[21:39:34] [Server thread/INFO] [sim/]: FolkData: GOTOXYZ() for 昀然 訾 to 26,237,33,0 - Method:container.sim.GotoMethod2 DIM:0
[21:39:34] [Server thread/INFO] [sim/]: FolkData: GOTOXYZ() for 昀然 訾 to 21,237,33,0 - Method:container.sim.GotoMethod2 DIM:0
[21:39:34] [Server thread/WARN] [sim/]: FolkData:onUpdate() 瑾泉 ，景 还在工作
[21:39:34] [Server thread/INFO] [sim/]: FolkData: GOTOXYZ() for 瑾泉 ，景 to 26,237,33,0 - Method:container.sim.GotoMethod2 DIM:0
[21:39:34] [Server thread/INFO] [sim/]: FolkData: GOTOXYZ() for 瑾泉 ，景 to 21,237,33,0 - Method:container.sim.GotoMethod2 DIM:0
[21:39:34] [Server thread/WARN] [sim/]: FolkData:onUpdate() 昀然 訾 还在工作
[21:39:34] [Server thread/INFO] [sim/]: FolkData: GOTOXYZ() for 昀然 訾 to 26,237,33,0 - Method:container.sim.GotoMethod2 DIM:0
[21:39:34] [Server thread/INFO] [sim/]: FolkData: GOTOXYZ() for 昀然 訾 to 21,237,33,0 - Method:container.sim.GotoMethod2 DIM:0
[21:39:34] [Server thread/WARN] [sim/]: FolkData:onUpdate() 瑾泉 ，景 还在工作
[21:39:34] [Server thread/INFO] [sim/]: FolkData: GOTOXYZ() for 瑾泉 ，景 to 26,237,33,0 - Method:container.sim.GotoMethod2 DIM:0
[21:39:34] [Server thread/INFO] [sim/]: FolkData: GOTOXYZ() for 瑾泉 ，景 to 21,237,33,0 - Method:container.sim.GotoMethod2 DIM:0
[21:39:34] [Server thread/WARN] [sim/]: FolkData:onUpdate() 昀然 訾 还在工作
[21:39:34] [Server thread/INFO] [sim/]: FolkData: GOTOXYZ() for 昀然 訾 to 26,237,33,0 - Method:container.sim.GotoMethod2 DIM:0
[21:39:34] [Server thread/INFO] [sim/]: FolkData: GOTOXYZ() for 昀然 訾 to 21,237,33,0 - Method:container.sim.GotoMethod2 DIM:0
[21:39:34] [Server thread/WARN] [sim/]: FolkData:onUpdate() 瑾泉 ，景 还在工作
[21:39:34] [Server thread/INFO] [sim/]: FolkData: GOTOXYZ() for 瑾泉 ，景 to 26,237,33,0 - Method:container.sim.GotoMethod2 DIM:0
[21:39:34] [Server thread/INFO] [sim/]: FolkData: GOTOXYZ() for 瑾泉 ，景 to 21,237,33,0 - Method:container.sim.GotoMethod2 DIM:0
[21:39:34] [Server thread/WARN] [sim/]: FolkData:onUpdate() 昀然 訾 还在工作
[21:39:34] [Server thread/INFO] [sim/]: FolkData: GOTOXYZ() for 昀然 訾 to 26,237,33,0 - Method:container.sim.GotoMethod2 DIM:0
[21:39:34] [Server thread/INFO] [sim/]: FolkData: GOTOXYZ() for 昀然 訾 to 21,237,33,0 - Method:container.sim.GotoMethod2 DIM:0
[21:39:34] [Server thread/WARN] [sim/]: FolkData:onUpdate() 瑾泉 ，景 还在工作
[21:39:34] [Server thread/INFO] [sim/]: FolkData: GOTOXYZ() for 瑾泉 ，景 to 26,237,33,0 - Method:container.sim.GotoMethod2 DIM:0
[21:39:34] [Server thread/INFO] [sim/]: FolkData: GOTOXYZ() for 瑾泉 ，景 to 21,237,33,0 - Method:container.sim.GotoMethod2 DIM:0
[21:39:34] [Server thread/WARN] [sim/]: FolkData:onUpdate() 昀然 訾 还在工作
[21:39:34] [Server thread/INFO] [sim/]: FolkData: GOTOXYZ() for 昀然 訾 to 26,237,33,0 - Method:container.sim.GotoMethod2 DIM:0
[21:39:34] [Server thread/INFO] [sim/]: FolkData: GOTOXYZ() for 昀然 訾 to 21,237,33,0 - Method:container.sim.GotoMethod2 DIM:0
[21:39:34] [Server thread/WARN] [sim/]: FolkData:onUpdate() 瑾泉 ，景 还在工作
[21:39:34] [Server thread/INFO] [sim/]: FolkData: GOTOXYZ() for 瑾泉 ，景 to 26,237,33,0 - Method:container.sim.GotoMethod2 DIM:0
[21:39:34] [Server thread/INFO] [sim/]: FolkData: GOTOXYZ() for 瑾泉 ，景 to 21,237,33,0 - Method:container.sim.GotoMethod2 DIM:0
[21:39:34] [Server thread/WARN] [sim/]: FolkData:onUpdate() 昀然 訾 还在工作
[21:39:34] [Server thread/INFO] [sim/]: FolkData: GOTOXYZ() for 昀然 訾 to 26,237,33,0 - Method:container.sim.GotoMethod2 DIM:0
[21:39:34] [Server thread/INFO] [sim/]: FolkData: GOTOXYZ() for 昀然 訾 to 21,237,33,0 - Method:container.sim.GotoMethod2 DIM:0
[21:39:34] [Server thread/WARN] [sim/]: FolkData:onUpdate() 瑾泉 ，景 还在工作
[21:39:34] [Server thread/INFO] [sim/]: FolkData: GOTOXYZ() for 瑾泉 ，景 to 26,237,33,0 - Method:container.sim.GotoMethod2 DIM:0
[21:39:34] [Server thread/INFO] [sim/]: FolkData: GOTOXYZ() for 瑾泉 ，景 to 21,237,33,0 - Method:container.sim.GotoMethod2 DIM:0
[21:39:34] [Server thread/WARN] [sim/]: FolkData:onUpdate() 昀然 訾 还在工作
[21:39:34] [Server thread/INFO] [sim/]: FolkData: GOTOXYZ() for 昀然 訾 to 26,237,33,0 - Method:container.sim.GotoMethod2 DIM:0
[21:39:34] [Server thread/INFO] [sim/]: FolkData: GOTOXYZ() for 昀然 訾 to 21,237,33,0 - Method:container.sim.GotoMethod2 DIM:0
[21:39:34] [Server thread/WARN] [sim/]: FolkData:onUpdate() 瑾泉 ，景 还在工作
[21:39:34] [Server thread/INFO] [sim/]: FolkData: GOTOXYZ() for 瑾泉 ，景 to 26,237,33,0 - Method:container.sim.GotoMethod2 DIM:0
[21:39:34] [Server thread/INFO] [sim/]: FolkData: GOTOXYZ() for 瑾泉 ，景 to 21,237,33,0 - Method:container.sim.GotoMethod2 DIM:0
[21:39:34] [Server thread/WARN] [sim/]: FolkData:onUpdate() 昀然 訾 还在工作
[21:39:34] [Server thread/INFO] [sim/]: FolkData: GOTOXYZ() for 昀然 訾 to 26,237,33,0 - Method:container.sim.GotoMethod2 DIM:0
[21:39:34] [Server thread/INFO] [sim/]: FolkData: GOTOXYZ() for 昀然 訾 to 21,237,33,0 - Method:container.sim.GotoMethod2 DIM:0
[21:39:34] [Server thread/WARN] [sim/]: FolkData:onUpdate() 瑾泉 ，景 还在工作
[21:39:34] [Server thread/INFO] [sim/]: FolkData: GOTOXYZ() for 瑾泉 ，景 to 26,237,33,0 - Method:container.sim.GotoMethod2 DIM:0
[21:39:34] [Server thread/INFO] [sim/]: FolkData: GOTOXYZ() for 瑾泉 ，景 to 21,237,33,0 - Method:container.sim.GotoMethod2 DIM:0
[21:39:34] [Server thread/WARN] [sim/]: FolkData:onUpdate() 昀然 訾 还在工作
[21:39:34] [Server thread/INFO] [sim/]: FolkData: GOTOXYZ() for 昀然 訾 to 26,237,33,0 - Method:container.sim.GotoMethod2 DIM:0
[21:39:34] [Server thread/INFO] [sim/]: FolkData: GOTOXYZ() for 昀然 訾 to 21,237,33,0 - Method:container.sim.GotoMethod2 DIM:0
[21:39:34] [Server thread/WARN] [sim/]: FolkData:onUpdate() 瑾泉 ，景 还在工作
[21:39:34] [Server thread/INFO] [sim/]: FolkData: GOTOXYZ() for 瑾泉 ，景 to 26,237,33,0 - Method:container.sim.GotoMethod2 DIM:0
[21:39:34] [Server thread/INFO] [sim/]: FolkData: GOTOXYZ() for 瑾泉 ，景 to 21,237,33,0 - Method:container.sim.GotoMethod2 DIM:0
[21:39:34] [Server thread/WARN] [sim/]: FolkData:onUpdate() 昀然 訾 还在工作
[21:39:34] [Server thread/INFO] [sim/]: FolkData: GOTOXYZ() for 昀然 訾 to 26,237,33,0 - Method:container.sim.GotoMethod2 DIM:0
[21:39:34] [Server thread/INFO] [sim/]: FolkData: GOTOXYZ() for 昀然 訾 to 21,237,33,0 - Method:container.sim.GotoMethod2 DIM:0
[21:39:34] [Server thread/WARN] [sim/]: FolkData:onUpdate() 瑾泉 ，景 还在工作
[21:39:34] [Server thread/INFO] [sim/]: FolkData: GOTOXYZ() for 瑾泉 ，景 to 26,237,33,0 - Method:container.sim.GotoMethod2 DIM:0
[21:39:34] [Server thread/INFO] [sim/]: FolkData: GOTOXYZ() for 瑾泉 ，景 to 21,237,33,0 - Method:container.sim.GotoMethod2 DIM:0
[21:39:34] [Server thread/WARN] [sim/]: FolkData:onUpdate() 昀然 訾 还在工作
[21:39:34] [Server thread/INFO] [sim/]: FolkData: GOTOXYZ() for 昀然 訾 to 26,237,33,0 - Method:container.sim.GotoMethod2 DIM:0
[21:39:34] [Server thread/INFO] [sim/]: FolkData: GOTOXYZ() for 昀然 訾 to 21,237,33,0 - Method:container.sim.GotoMethod2 DIM:0
[21:39:34] [Server thread/WARN] [sim/]: FolkData:onUpdate() 瑾泉 ，景 还在工作
[21:39:34] [Server thread/INFO] [sim/]: FolkData: GOTOXYZ() for 瑾泉 ，景 to 26,237,33,0 - Method:container.sim.GotoMethod2 DIM:0
[21:39:34] [Server thread/INFO] [sim/]: FolkData: GOTOXYZ() for 瑾泉 ，景 to 21,237,33,0 - Method:container.sim.GotoMethod2 DIM:0
[21:39:34] [Server thread/WARN] [sim/]: FolkData:onUpdate() 昀然 訾 还在工作
[21:39:34] [Server thread/INFO] [sim/]: FolkData: GOTOXYZ() for 昀然 訾 to 26,237,33,0 - Method:container.sim.GotoMethod2 DIM:0
[21:39:34] [Server thread/INFO] [sim/]: FolkData: GOTOXYZ() for 昀然 訾 to 21,237,33,0 - Method:container.sim.GotoMethod2 DIM:0
[21:39:34] [Server thread/WARN] [sim/]: FolkData:onUpdate() 瑾泉 ，景 还在工作
[21:39:34] [Server thread/INFO] [sim/]: FolkData: GOTOXYZ() for 瑾泉 ，景 to 26,237,33,0 - Method:container.sim.GotoMethod2 DIM:0
[21:39:34] [Server thread/INFO] [sim/]: FolkData: GOTOXYZ() for 瑾泉 ，景 to 21,237,33,0 - Method:container.sim.GotoMethod2 DIM:0
[21:39:34] [Server thread/WARN] [sim/]: FolkData:onUpdate() 昀然 訾 还在工作
[21:39:34] [Server thread/INFO] [sim/]: FolkData: GOTOXYZ() for 昀然 訾 to 26,237,33,0 - Method:container.sim.GotoMethod2 DIM:0
[21:39:34] [Server thread/INFO] [sim/]: FolkData: GOTOXYZ() for 昀然 訾 to 21,237,33,0 - Method:container.sim.GotoMethod2 DIM:0
[21:39:34] [Server thread/WARN] [sim/]: FolkData:onUpdate() 瑾泉 ，景 还在工作
[21:39:34] [Server thread/INFO] [sim/]: FolkData: GOTOXYZ() for 瑾泉 ，景 to 26,237,33,0 - Method:container.sim.GotoMethod2 DIM:0
[21:39:34] [Server thread/INFO] [sim/]: FolkData: GOTOXYZ() for 瑾泉 ，景 to 21,237,33,0 - Method:container.sim.GotoMethod2 DIM:0
[21:39:34] [Server thread/WARN] [sim/]: FolkData:onUpdate() 昀然 訾 还在工作
[21:39:34] [Server thread/INFO] [sim/]: FolkData: GOTOXYZ() for 昀然 訾 to 26,237,33,0 - Method:container.sim.GotoMethod2 DIM:0
[21:39:34] [Server thread/INFO] [sim/]: FolkData: GOTOXYZ() for 昀然 訾 to 21,237,33,0 - Method:container.sim.GotoMethod2 DIM:0
[21:39:34] [Server thread/WARN] [sim/]: FolkData:onUpdate() 瑾泉 ，景 还在工作
[21:39:34] [Server thread/INFO] [sim/]: FolkData: GOTOXYZ() for 瑾泉 ，景 to 26,237,33,0 - Method:container.sim.GotoMethod2 DIM:0
[21:39:34] [Server thread/INFO] [sim/]: FolkData: GOTOXYZ() for 瑾泉 ，景 to 21,237,33,0 - Method:container.sim.GotoMethod2 DIM:0
[21:39:34] [Server thread/WARN] [sim/]: FolkData:onUpdate() 昀然 訾 还在工作
[21:39:34] [Server thread/INFO] [sim/]: FolkData: GOTOXYZ() for 昀然 訾 to 26,237,33,0 - Method:container.sim.GotoMethod2 DIM:0
[21:39:34] [Server thread/INFO] [sim/]: FolkData: GOTOXYZ() for 昀然 訾 to 21,237,33,0 - Method:container.sim.GotoMethod2 DIM:0
[21:39:34] [Server thread/WARN] [sim/]: FolkData:onUpdate() 瑾泉 ，景 还在工作
[21:39:34] [Server thread/INFO] [sim/]: FolkData: GOTOXYZ() for 瑾泉 ，景 to 26,237,33,0 - Method:container.sim.GotoMethod2 DIM:0
[21:39:34] [Server thread/INFO] [sim/]: FolkData: GOTOXYZ() for 瑾泉 ，景 to 21,237,33,0 - Method:container.sim.GotoMethod2 DIM:0
[21:39:34] [Server thread/WARN] [sim/]: FolkData:onUpdate() 昀然 訾 还在工作
[21:39:34] [Server thread/INFO] [sim/]: FolkData: GOTOXYZ() for 昀然 訾 to 26,237,33,0 - Method:container.sim.GotoMethod2 DIM:0
[21:39:34] [Server thread/INFO] [sim/]: FolkData: GOTOXYZ() for 昀然 訾 to 21,237,33,0 - Method:container.sim.GotoMethod2 DIM:0
[21:39:34] [Server thread/WARN] [sim/]: FolkData:onUpdate() 瑾泉 ，景 还在工作
[21:39:34] [Server thread/INFO] [sim/]: FolkData: GOTOXYZ() for 瑾泉 ，景 to 26,237,33,0 - Method:container.sim.GotoMethod2 DIM:0
[21:39:34] [Server thread/INFO] [sim/]: FolkData: GOTOXYZ() for 瑾泉 ，景 to 21,237,33,0 - Method:container.sim.GotoMethod2 DIM:0
[21:39:34] [Server thread/WARN] [sim/]: FolkData:onUpdate() 昀然 訾 还在工作
[21:39:34] [Server thread/INFO] [sim/]: FolkData: GOTOXYZ() for 昀然 訾 to 26,237,33,0 - Method:container.sim.GotoMethod2 DIM:0
[21:39:34] [Server thread/INFO] [sim/]: FolkData: GOTOXYZ() for 昀然 訾 to 21,237,33,0 - Method:container.sim.GotoMethod2 DIM:0
[21:39:34] [Server thread/WARN] [sim/]: FolkData:onUpdate() 瑾泉 ，景 还在工作
[21:39:34] [Server thread/INFO] [sim/]: FolkData: GOTOXYZ() for 瑾泉 ，景 to 26,237,33,0 - Method:container.sim.GotoMethod2 DIM:0
[21:39:34] [Server thread/INFO] [sim/]: FolkData: GOTOXYZ() for 瑾泉 ，景 to 21,237,33,0 - Method:container.sim.GotoMethod2 DIM:0
[21:39:34] [Server thread/WARN] [sim/]: FolkData:onUpdate() 昀然 訾 还在工作
[21:39:34] [Server thread/INFO] [sim/]: FolkData: GOTOXYZ() for 昀然 訾 to 26,237,33,0 - Method:container.sim.GotoMethod2 DIM:0
[21:39:34] [Server thread/INFO] [sim/]: FolkData: GOTOXYZ() for 昀然 訾 to 21,237,33,0 - Method:container.sim.GotoMethod2 DIM:0
[21:39:34] [Server thread/WARN] [sim/]: FolkData:onUpdate() 瑾泉 ，景 还在工作
[21:39:34] [Server thread/INFO] [sim/]: FolkData: GOTOXYZ() for 瑾泉 ，景 to 26,237,33,0 - Method:container.sim.GotoMethod2 DIM:0
[21:39:34] [Server thread/INFO] [sim/]: FolkData: GOTOXYZ() for 瑾泉 ，景 to 21,237,33,0 - Method:container.sim.GotoMethod2 DIM:0
[21:39:34] [Server thread/WARN] [sim/]: FolkData:onUpdate() 昀然 訾 还在工作
[21:39:34] [Server thread/INFO] [sim/]: FolkData: GOTOXYZ() for 昀然 訾 to 26,237,33,0 - Method:container.sim.GotoMethod2 DIM:0
[21:39:34] [Server thread/INFO] [sim/]: FolkData: GOTOXYZ() for 昀然 訾 to 21,237,33,0 - Method:container.sim.GotoMethod2 DIM:0
[21:39:34] [Server thread/WARN] [sim/]: FolkData:onUpdate() 瑾泉 ，景 还在工作
[21:39:34] [Server thread/INFO] [sim/]: FolkData: GOTOXYZ() for 瑾泉 ，景 to 26,237,33,0 - Method:container.sim.GotoMethod2 DIM:0
[21:39:34] [Server thread/INFO] [sim/]: FolkData: GOTOXYZ() for 瑾泉 ，景 to 21,237,33,0 - Method:container.sim.GotoMethod2 DIM:0
[21:39:34] [Server thread/WARN] [sim/]: FolkData:onUpdate() 昀然 訾 还在工作
[21:39:34] [Server thread/INFO] [sim/]: FolkData: GOTOXYZ() for 昀然 訾 to 26,237,33,0 - Method:container.sim.GotoMethod2 DIM:0
[21:39:34] [Server thread/INFO] [sim/]: FolkData: GOTOXYZ() for 昀然 訾 to 21,237,33,0 - Method:container.sim.GotoMethod2 DIM:0
[21:39:34] [Server thread/WARN] [sim/]: FolkData:onUpdate() 瑾泉 ，景 还在工作
[21:39:34] [Server thread/INFO] [sim/]: FolkData: GOTOXYZ() for 瑾泉 ，景 to 26,237,33,0 - Method:container.sim.GotoMethod2 DIM:0
[21:39:34] [Server thread/INFO] [sim/]: FolkData: GOTOXYZ() for 瑾泉 ，景 to 21,237,33,0 - Method:container.sim.GotoMethod2 DIM:0
[21:39:34] [Server thread/WARN] [sim/]: FolkData:onUpdate() 昀然 訾 还在工作
[21:39:34] [Server thread/INFO] [sim/]: FolkData: GOTOXYZ() for 昀然 訾 to 26,237,33,0 - Method:container.sim.GotoMethod2 DIM:0
[21:39:34] [Server thread/INFO] [sim/]: FolkData: GOTOXYZ() for 昀然 訾 to 21,237,33,0 - Method:container.sim.GotoMethod2 DIM:0
[21:39:34] [Server thread/WARN] [sim/]: FolkData:onUpdate() 瑾泉 ，景 还在工作
[21:39:34] [Server thread/INFO] [sim/]: FolkData: GOTOXYZ() for 瑾泉 ，景 to 26,237,33,0 - Method:container.sim.GotoMethod2 DIM:0
[21:39:34] [Server thread/INFO] [sim/]: FolkData: GOTOXYZ() for 瑾泉 ，景 to 21,237,33,0 - Method:container.sim.GotoMethod2 DIM:0
[21:39:34] [Server thread/WARN] [sim/]: FolkData:onUpdate() 昀然 訾 还在工作
[21:39:34] [Server thread/INFO] [sim/]: FolkData: GOTOXYZ() for 昀然 訾 to 26,237,33,0 - Method:container.sim.GotoMethod2 DIM:0
[21:39:34] [Server thread/INFO] [sim/]: FolkData: GOTOXYZ() for 昀然 訾 to 21,237,33,0 - Method:container.sim.GotoMethod2 DIM:0
[21:39:34] [Server thread/WARN] [sim/]: FolkData:onUpdate() 瑾泉 ，景 还在工作
[21:39:34] [Server thread/INFO] [sim/]: FolkData: GOTOXYZ() for 瑾泉 ，景 to 26,237,33,0 - Method:container.sim.GotoMethod2 DIM:0
[21:39:34] [Server thread/INFO] [sim/]: FolkData: GOTOXYZ() for 瑾泉 ，景 to 21,237,33,0 - Method:container.sim.GotoMethod2 DIM:0
[21:39:34] [Server thread/WARN] [sim/]: FolkData:onUpdate() 昀然 訾 还在工作
[21:39:34] [Server thread/INFO] [sim/]: FolkData: GOTOXYZ() for 昀然 訾 to 26,237,33,0 - Method:container.sim.GotoMethod2 DIM:0
[21:39:34] [Server thread/INFO] [sim/]: FolkData: GOTOXYZ() for 昀然 訾 to 21,237,33,0 - Method:container.sim.GotoMethod2 DIM:0
[21:39:34] [Server thread/WARN] [sim/]: FolkData:onUpdate() 瑾泉 ，景 还在工作
[21:39:34] [Server thread/INFO] [sim/]: FolkData: GOTOXYZ() for 瑾泉 ，景 to 26,237,33,0 - Method:container.sim.GotoMethod2 DIM:0
[21:39:34] [Server thread/INFO] [sim/]: FolkData: GOTOXYZ() for 瑾泉 ，景 to 21,237,33,0 - Method:container.sim.GotoMethod2 DIM:0
[21:39:34] [Server thread/WARN] [sim/]: FolkData:onUpdate() 昀然 訾 还在工作
[21:39:34] [Server thread/INFO] [sim/]: FolkData: GOTOXYZ() for 昀然 訾 to 26,237,33,0 - Method:container.sim.GotoMethod2 DIM:0
[21:39:34] [Server thread/INFO] [sim/]: FolkData: GOTOXYZ() for 昀然 訾 to 21,237,33,0 - Method:container.sim.GotoMethod2 DIM:0
[21:39:34] [Server thread/WARN] [sim/]: FolkData:onUpdate() 瑾泉 ，景 还在工作
[21:39:34] [Server thread/INFO] [sim/]: FolkData: GOTOXYZ() for 瑾泉 ，景 to 26,237,33,0 - Method:container.sim.GotoMethod2 DIM:0
[21:39:34] [Server thread/INFO] [sim/]: FolkData: GOTOXYZ() for 瑾泉 ，景 to 21,237,33,0 - Method:container.sim.GotoMethod2 DIM:0
[21:39:34] [Server thread/WARN] [sim/]: FolkData:onUpdate() 昀然 訾 还在工作
[21:39:34] [Server thread/INFO] [sim/]: FolkData: GOTOXYZ() for 昀然 訾 to 26,237,33,0 - Method:container.sim.GotoMethod2 DIM:0
[21:39:34] [Server thread/INFO] [sim/]: FolkData: GOTOXYZ() for 昀然 訾 to 21,237,33,0 - Method:container.sim.GotoMethod2 DIM:0
[21:39:34] [Server thread/WARN] [sim/]: FolkData:onUpdate() 瑾泉 ，景 还在工作
[21:39:34] [Server thread/INFO] [sim/]: FolkData: GOTOXYZ() for 瑾泉 ，景 to 26,237,33,0 - Method:container.sim.GotoMethod2 DIM:0
[21:39:34] [Server thread/INFO] [sim/]: FolkData: GOTOXYZ() for 瑾泉 ，景 to 21,237,33,0 - Method:container.sim.GotoMethod2 DIM:0
[21:39:34] [Server thread/WARN] [sim/]: FolkData:onUpdate() 昀然 訾 还在工作
[21:39:34] [Server thread/INFO] [sim/]: FolkData: GOTOXYZ() for 昀然 訾 to 26,237,33,0 - Method:container.sim.GotoMethod2 DIM:0
[21:39:34] [Server thread/INFO] [sim/]: FolkData: GOTOXYZ() for 昀然 訾 to 21,237,33,0 - Method:container.sim.GotoMethod2 DIM:0
[21:39:34] [Server thread/WARN] [sim/]: FolkData:onUpdate() 瑾泉 ，景 还在工作
[21:39:34] [Server thread/INFO] [sim/]: FolkData: GOTOXYZ() for 瑾泉 ，景 to 26,237,33,0 - Method:container.sim.GotoMethod2 DIM:0
[21:39:34] [Server thread/INFO] [sim/]: FolkData: GOTOXYZ() for 瑾泉 ，景 to 21,237,33,0 - Method:container.sim.GotoMethod2 DIM:0
[21:39:35] [Server thread/WARN] [sim/]: FolkData:onUpdate() 昀然 訾 还在工作
[21:39:35] [Server thread/INFO] [sim/]: FolkData: GOTOXYZ() for 昀然 訾 to 26,237,33,0 - Method:container.sim.GotoMethod2 DIM:0
[21:39:35] [Server thread/INFO] [sim/]: FolkData: GOTOXYZ() for 昀然 訾 to 21,237,33,0 - Method:container.sim.GotoMethod2 DIM:0
[21:39:35] [Server thread/WARN] [sim/]: FolkData:onUpdate() 瑾泉 ，景 还在工作
[21:39:35] [Server thread/INFO] [sim/]: FolkData: GOTOXYZ() for 瑾泉 ，景 to 26,237,33,0 - Method:container.sim.GotoMethod2 DIM:0
[21:39:35] [Server thread/INFO] [sim/]: FolkData: GOTOXYZ() for 瑾泉 ，景 to 21,237,33,0 - Method:container.sim.GotoMethod2 DIM:0
[21:39:35] [Server thread/WARN] [sim/]: FolkData:onUpdate() 昀然 訾 还在工作
[21:39:35] [Server thread/INFO] [sim/]: FolkData: GOTOXYZ() for 昀然 訾 to 26,237,33,0 - Method:container.sim.GotoMethod2 DIM:0
[21:39:35] [Server thread/INFO] [sim/]: FolkData: GOTOXYZ() for 昀然 訾 to 21,237,33,0 - Method:container.sim.GotoMethod2 DIM:0
[21:39:35] [Server thread/WARN] [sim/]: FolkData:onUpdate() 瑾泉 ，景 还在工作
[21:39:35] [Server thread/INFO] [sim/]: FolkData: GOTOXYZ() for 瑾泉 ，景 to 26,237,33,0 - Method:container.sim.GotoMethod2 DIM:0
[21:39:35] [Server thread/INFO] [sim/]: FolkData: GOTOXYZ() for 瑾泉 ，景 to 21,237,33,0 - Method:container.sim.GotoMethod2 DIM:0
[21:39:35] [Server thread/WARN] [sim/]: FolkData:onUpdate() 昀然 訾 还在工作
[21:39:35] [Server thread/INFO] [sim/]: FolkData: GOTOXYZ() for 昀然 訾 to 26,237,33,0 - Method:container.sim.GotoMethod2 DIM:0
[21:39:35] [Server thread/INFO] [sim/]: FolkData: GOTOXYZ() for 昀然 訾 to 21,237,33,0 - Method:container.sim.GotoMethod2 DIM:0
[21:39:35] [Server thread/WARN] [sim/]: FolkData:onUpdate() 瑾泉 ，景 还在工作
[21:39:35] [Server thread/INFO] [sim/]: FolkData: GOTOXYZ() for 瑾泉 ，景 to 26,237,33,0 - Method:container.sim.GotoMethod2 DIM:0
[21:39:35] [Server thread/INFO] [sim/]: FolkData: GOTOXYZ() for 瑾泉 ，景 to 21,237,33,0 - Method:container.sim.GotoMethod2 DIM:0
[21:39:35] [Server thread/WARN] [sim/]: FolkData:onUpdate() 昀然 訾 还在工作
[21:39:35] [Server thread/INFO] [sim/]: FolkData: GOTOXYZ() for 昀然 訾 to 26,237,33,0 - Method:container.sim.GotoMethod2 DIM:0
[21:39:35] [Server thread/INFO] [sim/]: FolkData: GOTOXYZ() for 昀然 訾 to 21,237,33,0 - Method:container.sim.GotoMethod2 DIM:0
[21:39:35] [Server thread/WARN] [sim/]: FolkData:onUpdate() 瑾泉 ，景 还在工作
[21:39:35] [Server thread/INFO] [sim/]: FolkData: GOTOXYZ() for 瑾泉 ，景 to 26,237,33,0 - Method:container.sim.GotoMethod2 DIM:0
[21:39:35] [Server thread/INFO] [sim/]: FolkData: GOTOXYZ() for 瑾泉 ，景 to 21,237,33,0 - Method:container.sim.GotoMethod2 DIM:0
[21:39:35] [Server thread/WARN] [sim/]: FolkData:onUpdate() 昀然 訾 还在工作
[21:39:35] [Server thread/INFO] [sim/]: FolkData: GOTOXYZ() for 昀然 訾 to 26,237,33,0 - Method:container.sim.GotoMethod2 DIM:0
[21:39:35] [Server thread/INFO] [sim/]: FolkData: GOTOXYZ() for 昀然 訾 to 21,237,33,0 - Method:container.sim.GotoMethod2 DIM:0
[21:39:35] [Server thread/WARN] [sim/]: FolkData:onUpdate() 瑾泉 ，景 还在工作
[21:39:35] [Server thread/INFO] [sim/]: FolkData: GOTOXYZ() for 瑾泉 ，景 to 26,237,33,0 - Method:container.sim.GotoMethod2 DIM:0
[21:39:35] [Server thread/INFO] [sim/]: FolkData: GOTOXYZ() for 瑾泉 ，景 to 21,237,33,0 - Method:container.sim.GotoMethod2 DIM:0
[21:39:35] [Server thread/WARN] [sim/]: FolkData:onUpdate() 昀然 訾 还在工作
[21:39:35] [Server thread/INFO] [sim/]: FolkData: GOTOXYZ() for 昀然 訾 to 26,237,33,0 - Method:container.sim.GotoMethod2 DIM:0
[21:39:35] [Server thread/INFO] [sim/]: FolkData: GOTOXYZ() for 昀然 訾 to 21,237,33,0 - Method:container.sim.GotoMethod2 DIM:0
[21:39:35] [Server thread/WARN] [sim/]: FolkData:onUpdate() 瑾泉 ，景 还在工作
[21:39:35] [Server thread/INFO] [sim/]: FolkData: GOTOXYZ() for 瑾泉 ，景 to 26,237,33,0 - Method:container.sim.GotoMethod2 DIM:0
[21:39:35] [Server thread/INFO] [sim/]: FolkData: GOTOXYZ() for 瑾泉 ，景 to 21,237,33,0 - Method:container.sim.GotoMethod2 DIM:0
[21:39:35] [Server thread/WARN] [sim/]: FolkData:onUpdate() 昀然 訾 还在工作
[21:39:35] [Server thread/INFO] [sim/]: FolkData: GOTOXYZ() for 昀然 訾 to 26,237,33,0 - Method:container.sim.GotoMethod2 DIM:0
[21:39:35] [Server thread/INFO] [sim/]: FolkData: GOTOXYZ() for 昀然 訾 to 21,237,33,0 - Method:container.sim.GotoMethod2 DIM:0
[21:39:35] [Server thread/WARN] [sim/]: FolkData:onUpdate() 瑾泉 ，景 还在工作
[21:39:35] [Server thread/INFO] [sim/]: FolkData: GOTOXYZ() for 瑾泉 ，景 to 26,237,33,0 - Method:container.sim.GotoMethod2 DIM:0
[21:39:35] [Server thread/INFO] [sim/]: FolkData: GOTOXYZ() for 瑾泉 ，景 to 21,237,33,0 - Method:container.sim.GotoMethod2 DIM:0
[21:39:35] [Server thread/WARN] [sim/]: FolkData:onUpdate() 昀然 訾 还在工作
[21:39:35] [Server thread/INFO] [sim/]: FolkData: GOTOXYZ() for 昀然 訾 to 26,237,33,0 - Method:container.sim.GotoMethod2 DIM:0
[21:39:35] [Server thread/INFO] [sim/]: FolkData: GOTOXYZ() for 昀然 訾 to 21,237,33,0 - Method:container.sim.GotoMethod2 DIM:0
[21:39:35] [Server thread/WARN] [sim/]: FolkData:onUpdate() 瑾泉 ，景 还在工作
[21:39:35] [Server thread/INFO] [sim/]: FolkData: GOTOXYZ() for 瑾泉 ，景 to 26,237,33,0 - Method:container.sim.GotoMethod2 DIM:0
[21:39:35] [Server thread/INFO] [sim/]: FolkData: GOTOXYZ() for 瑾泉 ，景 to 21,237,33,0 - Method:container.sim.GotoMethod2 DIM:0
[21:39:35] [Server thread/WARN] [sim/]: FolkData:onUpdate() 昀然 訾 还在工作
[21:39:35] [Server thread/INFO] [sim/]: FolkData: GOTOXYZ() for 昀然 訾 to 26,237,33,0 - Method:container.sim.GotoMethod2 DIM:0
[21:39:35] [Server thread/INFO] [sim/]: FolkData: GOTOXYZ() for 昀然 訾 to 21,237,33,0 - Method:container.sim.GotoMethod2 DIM:0
[21:39:35] [Server thread/WARN] [sim/]: FolkData:onUpdate() 瑾泉 ，景 还在工作
[21:39:35] [Server thread/INFO] [sim/]: FolkData: GOTOXYZ() for 瑾泉 ，景 to 26,237,33,0 - Method:container.sim.GotoMethod2 DIM:0
[21:39:35] [Server thread/INFO] [sim/]: FolkData: GOTOXYZ() for 瑾泉 ，景 to 21,237,33,0 - Method:container.sim.GotoMethod2 DIM:0
[21:39:35] [Server thread/WARN] [sim/]: FolkData:onUpdate() 昀然 訾 还在工作
[21:39:35] [Server thread/INFO] [sim/]: FolkData: GOTOXYZ() for 昀然 訾 to 26,237,33,0 - Method:container.sim.GotoMethod2 DIM:0
[21:39:35] [Server thread/INFO] [sim/]: FolkData: GOTOXYZ() for 昀然 訾 to 21,237,33,0 - Method:container.sim.GotoMethod2 DIM:0
[21:39:35] [Server thread/WARN] [sim/]: FolkData:onUpdate() 瑾泉 ，景 还在工作
[21:39:35] [Server thread/INFO] [sim/]: FolkData: GOTOXYZ() for 瑾泉 ，景 to 26,237,33,0 - Method:container.sim.GotoMethod2 DIM:0
[21:39:35] [Server thread/INFO] [sim/]: FolkData: GOTOXYZ() for 瑾泉 ，景 to 21,237,33,0 - Method:container.sim.GotoMethod2 DIM:0
[21:39:35] [Server thread/WARN] [sim/]: FolkData:onUpdate() 昀然 訾 还在工作
[21:39:35] [Server thread/INFO] [sim/]: FolkData: GOTOXYZ() for 昀然 訾 to 26,237,33,0 - Method:container.sim.GotoMethod2 DIM:0
[21:39:35] [Server thread/INFO] [sim/]: FolkData: GOTOXYZ() for 昀然 訾 to 21,237,33,0 - Method:container.sim.GotoMethod2 DIM:0
[21:39:35] [Server thread/WARN] [sim/]: FolkData:onUpdate() 瑾泉 ，景 还在工作
[21:39:35] [Server thread/INFO] [sim/]: FolkData: GOTOXYZ() for 瑾泉 ，景 to 26,237,33,0 - Method:container.sim.GotoMethod2 DIM:0
[21:39:35] [Server thread/INFO] [sim/]: FolkData: GOTOXYZ() for 瑾泉 ，景 to 21,237,33,0 - Method:container.sim.GotoMethod2 DIM:0
[21:39:35] [Server thread/WARN] [sim/]: FolkData:onUpdate() 昀然 訾 还在工作
[21:39:35] [Server thread/INFO] [sim/]: FolkData: GOTOXYZ() for 昀然 訾 to 26,237,33,0 - Method:container.sim.GotoMethod2 DIM:0
[21:39:35] [Server thread/INFO] [sim/]: FolkData: GOTOXYZ() for 昀然 訾 to 21,237,33,0 - Method:container.sim.GotoMethod2 DIM:0
[21:39:35] [Server thread/WARN] [sim/]: FolkData:onUpdate() 瑾泉 ，景 还在工作
[21:39:35] [Server thread/INFO] [sim/]: FolkData: GOTOXYZ() for 瑾泉 ，景 to 26,237,33,0 - Method:container.sim.GotoMethod2 DIM:0
[21:39:35] [Server thread/INFO] [sim/]: FolkData: GOTOXYZ() for 瑾泉 ，景 to 21,237,33,0 - Method:container.sim.GotoMethod2 DIM:0
[21:39:35] [Server thread/WARN] [sim/]: FolkData:onUpdate() 昀然 訾 还在工作
[21:39:35] [Server thread/INFO] [sim/]: FolkData: GOTOXYZ() for 昀然 訾 to 26,237,33,0 - Method:container.sim.GotoMethod2 DIM:0
[21:39:35] [Server thread/INFO] [sim/]: FolkData: GOTOXYZ() for 昀然 訾 to 21,237,33,0 - Method:container.sim.GotoMethod2 DIM:0
[21:39:35] [Server thread/WARN] [sim/]: FolkData:onUpdate() 瑾泉 ，景 还在工作
[21:39:35] [Server thread/INFO] [sim/]: FolkData: GOTOXYZ() for 瑾泉 ，景 to 26,237,33,0 - Method:container.sim.GotoMethod2 DIM:0
[21:39:35] [Server thread/INFO] [sim/]: FolkData: GOTOXYZ() for 瑾泉 ，景 to 21,237,33,0 - Method:container.sim.GotoMethod2 DIM:0
[21:39:35] [Server thread/WARN] [sim/]: FolkData:onUpdate() 昀然 訾 还在工作
[21:39:35] [Server thread/INFO] [sim/]: FolkData: GOTOXYZ() for 昀然 訾 to 26,237,33,0 - Method:container.sim.GotoMethod2 DIM:0
[21:39:35] [Server thread/INFO] [sim/]: FolkData: GOTOXYZ() for 昀然 訾 to 21,237,33,0 - Method:container.sim.GotoMethod2 DIM:0
[21:39:35] [Server thread/WARN] [sim/]: FolkData:onUpdate() 瑾泉 ，景 还在工作
[21:39:35] [Server thread/INFO] [sim/]: FolkData: GOTOXYZ() for 瑾泉 ，景 to 26,237,33,0 - Method:container.sim.GotoMethod2 DIM:0
[21:39:35] [Server thread/INFO] [sim/]: FolkData: GOTOXYZ() for 瑾泉 ，景 to 21,237,33,0 - Method:container.sim.GotoMethod2 DIM:0
[21:39:35] [Server thread/WARN] [sim/]: FolkData:onUpdate() 昀然 訾 还在工作
[21:39:35] [Server thread/INFO] [sim/]: FolkData: GOTOXYZ() for 昀然 訾 to 26,237,33,0 - Method:container.sim.GotoMethod2 DIM:0
[21:39:35] [Server thread/INFO] [sim/]: FolkData: GOTOXYZ() for 昀然 訾 to 21,237,33,0 - Method:container.sim.GotoMethod2 DIM:0
[21:39:35] [Server thread/WARN] [sim/]: FolkData:onUpdate() 瑾泉 ，景 还在工作
[21:39:35] [Server thread/INFO] [sim/]: FolkData: GOTOXYZ() for 瑾泉 ，景 to 26,237,33,0 - Method:container.sim.GotoMethod2 DIM:0
[21:39:35] [Server thread/INFO] [sim/]: FolkData: GOTOXYZ() for 瑾泉 ，景 to 21,237,33,0 - Method:container.sim.GotoMethod2 DIM:0
[21:39:35] [Server thread/WARN] [sim/]: FolkData:onUpdate() 昀然 訾 还在工作
[21:39:35] [Server thread/INFO] [sim/]: FolkData: GOTOXYZ() for 昀然 訾 to 26,237,33,0 - Method:container.sim.GotoMethod2 DIM:0
[21:39:35] [Server thread/INFO] [sim/]: FolkData: GOTOXYZ() for 昀然 訾 to 21,237,33,0 - Method:container.sim.GotoMethod2 DIM:0
[21:39:35] [Server thread/WARN] [sim/]: FolkData:onUpdate() 瑾泉 ，景 还在工作
[21:39:35] [Server thread/INFO] [sim/]: FolkData: GOTOXYZ() for 瑾泉 ，景 to 26,237,33,0 - Method:container.sim.GotoMethod2 DIM:0
[21:39:35] [Server thread/INFO] [sim/]: FolkData: GOTOXYZ() for 瑾泉 ，景 to 21,237,33,0 - Method:container.sim.GotoMethod2 DIM:0
[21:39:35] [Server thread/WARN] [sim/]: FolkData:onUpdate() 昀然 訾 还在工作
[21:39:35] [Server thread/INFO] [sim/]: FolkData: GOTOXYZ() for 昀然 訾 to 26,237,33,0 - Method:container.sim.GotoMethod2 DIM:0
[21:39:35] [Server thread/INFO] [sim/]: FolkData: GOTOXYZ() for 昀然 訾 to 21,237,33,0 - Method:container.sim.GotoMethod2 DIM:0
[21:39:35] [Server thread/WARN] [sim/]: FolkData:onUpdate() 瑾泉 ，景 还在工作
[21:39:35] [Server thread/INFO] [sim/]: FolkData: GOTOXYZ() for 瑾泉 ，景 to 26,237,33,0 - Method:container.sim.GotoMethod2 DIM:0
[21:39:35] [Server thread/INFO] [sim/]: FolkData: GOTOXYZ() for 瑾泉 ，景 to 21,237,33,0 - Method:container.sim.GotoMethod2 DIM:0
[21:39:35] [Server thread/WARN] [sim/]: FolkData:onUpdate() 昀然 訾 还在工作
[21:39:35] [Server thread/INFO] [sim/]: FolkData: GOTOXYZ() for 昀然 訾 to 26,237,33,0 - Method:container.sim.GotoMethod2 DIM:0
[21:39:35] [Server thread/INFO] [sim/]: FolkData: GOTOXYZ() for 昀然 訾 to 21,237,33,0 - Method:container.sim.GotoMethod2 DIM:0
[21:39:35] [Server thread/WARN] [sim/]: FolkData:onUpdate() 瑾泉 ，景 还在工作
[21:39:35] [Server thread/INFO] [sim/]: FolkData: GOTOXYZ() for 瑾泉 ，景 to 26,237,33,0 - Method:container.sim.GotoMethod2 DIM:0
[21:39:35] [Server thread/INFO] [sim/]: FolkData: GOTOXYZ() for 瑾泉 ，景 to 21,237,33,0 - Method:container.sim.GotoMethod2 DIM:0
[21:39:35] [Server thread/WARN] [sim/]: FolkData:onUpdate() 昀然 訾 还在工作
[21:39:35] [Server thread/INFO] [sim/]: FolkData: GOTOXYZ() for 昀然 訾 to 26,237,33,0 - Method:container.sim.GotoMethod2 DIM:0
[21:39:35] [Server thread/INFO] [sim/]: FolkData: GOTOXYZ() for 昀然 訾 to 21,237,33,0 - Method:container.sim.GotoMethod2 DIM:0
[21:39:35] [Server thread/WARN] [sim/]: FolkData:onUpdate() 瑾泉 ，景 还在工作
[21:39:35] [Server thread/INFO] [sim/]: FolkData: GOTOXYZ() for 瑾泉 ，景 to 26,237,33,0 - Method:container.sim.GotoMethod2 DIM:0
[21:39:35] [Server thread/INFO] [sim/]: FolkData: GOTOXYZ() for 瑾泉 ，景 to 21,237,33,0 - Method:container.sim.GotoMethod2 DIM:0
[21:39:35] [Server thread/WARN] [sim/]: FolkData:onUpdate() 昀然 訾 还在工作
[21:39:35] [Server thread/INFO] [sim/]: FolkData: GOTOXYZ() for 昀然 訾 to 26,237,33,0 - Method:container.sim.GotoMethod2 DIM:0
[21:39:35] [Server thread/INFO] [sim/]: FolkData: GOTOXYZ() for 昀然 訾 to 21,237,33,0 - Method:container.sim.GotoMethod2 DIM:0
[21:39:35] [Server thread/WARN] [sim/]: FolkData:onUpdate() 瑾泉 ，景 还在工作
[21:39:35] [Server thread/INFO] [sim/]: FolkData: GOTOXYZ() for 瑾泉 ，景 to 26,237,33,0 - Method:container.sim.GotoMethod2 DIM:0
[21:39:35] [Server thread/INFO] [sim/]: FolkData: GOTOXYZ() for 瑾泉 ，景 to 21,237,33,0 - Method:container.sim.GotoMethod2 DIM:0
[21:39:35] [Server thread/WARN] [sim/]: FolkData:onUpdate() 昀然 訾 还在工作
[21:39:35] [Server thread/INFO] [sim/]: FolkData: GOTOXYZ() for 昀然 訾 to 26,237,33,0 - Method:container.sim.GotoMethod2 DIM:0
[21:39:35] [Server thread/INFO] [sim/]: FolkData: GOTOXYZ() for 昀然 訾 to 21,237,33,0 - Method:container.sim.GotoMethod2 DIM:0
[21:39:35] [Server thread/WARN] [sim/]: FolkData:onUpdate() 瑾泉 ，景 还在工作
[21:39:35] [Server thread/INFO] [sim/]: FolkData: GOTOXYZ() for 瑾泉 ，景 to 26,237,33,0 - Method:container.sim.GotoMethod2 DIM:0
[21:39:35] [Server thread/INFO] [sim/]: FolkData: GOTOXYZ() for 瑾泉 ，景 to 21,237,33,0 - Method:container.sim.GotoMethod2 DIM:0
[21:39:35] [Server thread/WARN] [sim/]: FolkData:onUpdate() 昀然 訾 还在工作
[21:39:35] [Server thread/INFO] [sim/]: FolkData: GOTOXYZ() for 昀然 訾 to 26,237,33,0 - Method:container.sim.GotoMethod2 DIM:0
[21:39:35] [Server thread/INFO] [sim/]: FolkData: GOTOXYZ() for 昀然 訾 to 21,237,33,0 - Method:container.sim.GotoMethod2 DIM:0
[21:39:35] [Server thread/WARN] [sim/]: FolkData:onUpdate() 瑾泉 ，景 还在工作
[21:39:35] [Server thread/INFO] [sim/]: FolkData: GOTOXYZ() for 瑾泉 ，景 to 26,237,33,0 - Method:container.sim.GotoMethod2 DIM:0
[21:39:35] [Server thread/INFO] [sim/]: FolkData: GOTOXYZ() for 瑾泉 ，景 to 21,237,33,0 - Method:container.sim.GotoMethod2 DIM:0
[21:39:35] [Server thread/WARN] [sim/]: FolkData:onUpdate() 昀然 訾 还在工作
[21:39:35] [Server thread/INFO] [sim/]: FolkData: GOTOXYZ() for 昀然 訾 to 26,237,33,0 - Method:container.sim.GotoMethod2 DIM:0
[21:39:35] [Server thread/INFO] [sim/]: FolkData: GOTOXYZ() for 昀然 訾 to 21,237,33,0 - Method:container.sim.GotoMethod2 DIM:0
[21:39:35] [Server thread/WARN] [sim/]: FolkData:onUpdate() 瑾泉 ，景 还在工作
[21:39:35] [Server thread/INFO] [sim/]: FolkData: GOTOXYZ() for 瑾泉 ，景 to 26,237,33,0 - Method:container.sim.GotoMethod2 DIM:0
[21:39:35] [Server thread/INFO] [sim/]: FolkData: GOTOXYZ() for 瑾泉 ，景 to 21,237,33,0 - Method:container.sim.GotoMethod2 DIM:0
[21:39:35] [Server thread/WARN] [sim/]: FolkData:onUpdate() 昀然 訾 还在工作
[21:39:35] [Server thread/INFO] [sim/]: FolkData: GOTOXYZ() for 昀然 訾 to 26,237,33,0 - Method:container.sim.GotoMethod2 DIM:0
[21:39:35] [Server thread/INFO] [sim/]: FolkData: GOTOXYZ() for 昀然 訾 to 21,237,33,0 - Method:container.sim.GotoMethod2 DIM:0
[21:39:35] [Server thread/WARN] [sim/]: FolkData:onUpdate() 瑾泉 ，景 还在工作
[21:39:35] [Server thread/INFO] [sim/]: FolkData: GOTOXYZ() for 瑾泉 ，景 to 26,237,33,0 - Method:container.sim.GotoMethod2 DIM:0
[21:39:35] [Server thread/INFO] [sim/]: FolkData: GOTOXYZ() for 瑾泉 ，景 to 21,237,33,0 - Method:container.sim.GotoMethod2 DIM:0
[21:39:35] [Server thread/WARN] [sim/]: FolkData:onUpdate() 昀然 訾 还在工作
[21:39:35] [Server thread/INFO] [sim/]: FolkData: GOTOXYZ() for 昀然 訾 to 26,237,33,0 - Method:container.sim.GotoMethod2 DIM:0
[21:39:35] [Server thread/INFO] [sim/]: FolkData: GOTOXYZ() for 昀然 訾 to 21,237,33,0 - Method:container.sim.GotoMethod2 DIM:0
[21:39:35] [Server thread/WARN] [sim/]: FolkData:onUpdate() 瑾泉 ，景 还在工作
[21:39:35] [Server thread/INFO] [sim/]: FolkData: GOTOXYZ() for 瑾泉 ，景 to 26,237,33,0 - Method:container.sim.GotoMethod2 DIM:0
[21:39:35] [Server thread/INFO] [sim/]: FolkData: GOTOXYZ() for 瑾泉 ，景 to 21,237,33,0 - Method:container.sim.GotoMethod2 DIM:0
[21:39:35] [Server thread/WARN] [sim/]: FolkData:onUpdate() 昀然 訾 还在工作
[21:39:35] [Server thread/INFO] [sim/]: FolkData: GOTOXYZ() for 昀然 訾 to 26,237,33,0 - Method:container.sim.GotoMethod2 DIM:0
[21:39:35] [Server thread/INFO] [sim/]: FolkData: GOTOXYZ() for 昀然 訾 to 21,237,33,0 - Method:container.sim.GotoMethod2 DIM:0
[21:39:35] [Server thread/WARN] [sim/]: FolkData:onUpdate() 瑾泉 ，景 还在工作
[21:39:35] [Server thread/INFO] [sim/]: FolkData: GOTOXYZ() for 瑾泉 ，景 to 26,237,33,0 - Method:container.sim.GotoMethod2 DIM:0
[21:39:35] [Server thread/INFO] [sim/]: FolkData: GOTOXYZ() for 瑾泉 ，景 to 21,237,33,0 - Method:container.sim.GotoMethod2 DIM:0
[21:39:35] [Server thread/WARN] [sim/]: FolkData:onUpdate() 昀然 訾 还在工作
[21:39:35] [Server thread/INFO] [sim/]: FolkData: GOTOXYZ() for 昀然 訾 to 26,237,33,0 - Method:container.sim.GotoMethod2 DIM:0
[21:39:35] [Server thread/INFO] [sim/]: FolkData: GOTOXYZ() for 昀然 訾 to 21,237,33,0 - Method:container.sim.GotoMethod2 DIM:0
[21:39:35] [Server thread/WARN] [sim/]: FolkData:onUpdate() 瑾泉 ，景 还在工作
[21:39:35] [Server thread/INFO] [sim/]: FolkData: GOTOXYZ() for 瑾泉 ，景 to 26,237,33,0 - Method:container.sim.GotoMethod2 DIM:0
[21:39:35] [Server thread/INFO] [sim/]: FolkData: GOTOXYZ() for 瑾泉 ，景 to 21,237,33,0 - Method:container.sim.GotoMethod2 DIM:0
[21:39:35] [Server thread/WARN] [sim/]: FolkData:onUpdate() 昀然 訾 还在工作
[21:39:35] [Server thread/INFO] [sim/]: FolkData: GOTOXYZ() for 昀然 訾 to 26,237,33,0 - Method:container.sim.GotoMethod2 DIM:0
[21:39:35] [Server thread/INFO] [sim/]: FolkData: GOTOXYZ() for 昀然 訾 to 21,237,33,0 - Method:container.sim.GotoMethod2 DIM:0
[21:39:35] [Server thread/WARN] [sim/]: FolkData:onUpdate() 瑾泉 ，景 还在工作
[21:39:35] [Server thread/INFO] [sim/]: FolkData: GOTOXYZ() for 瑾泉 ，景 to 26,237,33,0 - Method:container.sim.GotoMethod2 DIM:0
[21:39:35] [Server thread/INFO] [sim/]: FolkData: GOTOXYZ() for 瑾泉 ，景 to 21,237,33,0 - Method:container.sim.GotoMethod2 DIM:0
[21:39:35] [Server thread/WARN] [sim/]: FolkData:onUpdate() 昀然 訾 还在工作
[21:39:35] [Server thread/INFO] [sim/]: FolkData: GOTOXYZ() for 昀然 訾 to 26,237,33,0 - Method:container.sim.GotoMethod2 DIM:0
[21:39:35] [Server thread/INFO] [sim/]: FolkData: GOTOXYZ() for 昀然 訾 to 21,237,33,0 - Method:container.sim.GotoMethod2 DIM:0
[21:39:35] [Server thread/WARN] [sim/]: FolkData:onUpdate() 瑾泉 ，景 还在工作
[21:39:35] [Server thread/INFO] [sim/]: FolkData: GOTOXYZ() for 瑾泉 ，景 to 26,237,33,0 - Method:container.sim.GotoMethod2 DIM:0
[21:39:35] [Server thread/INFO] [sim/]: FolkData: GOTOXYZ() for 瑾泉 ，景 to 21,237,33,0 - Method:container.sim.GotoMethod2 DIM:0
[21:39:35] [Server thread/WARN] [sim/]: FolkData:onUpdate() 昀然 訾 还在工作
[21:39:35] [Server thread/INFO] [sim/]: FolkData: GOTOXYZ() for 昀然 訾 to 26,237,33,0 - Method:container.sim.GotoMethod2 DIM:0
[21:39:35] [Server thread/INFO] [sim/]: FolkData: GOTOXYZ() for 昀然 訾 to 21,237,33,0 - Method:container.sim.GotoMethod2 DIM:0
[21:39:35] [Server thread/WARN] [sim/]: FolkData:onUpdate() 瑾泉 ，景 还在工作
[21:39:35] [Server thread/INFO] [sim/]: FolkData: GOTOXYZ() for 瑾泉 ，景 to 26,237,33,0 - Method:container.sim.GotoMethod2 DIM:0
[21:39:35] [Server thread/INFO] [sim/]: FolkData: GOTOXYZ() for 瑾泉 ，景 to 21,237,33,0 - Method:container.sim.GotoMethod2 DIM:0
[21:39:35] [Server thread/WARN] [sim/]: FolkData:onUpdate() 昀然 訾 还在工作
[21:39:35] [Server thread/INFO] [sim/]: FolkData: GOTOXYZ() for 昀然 訾 to 26,237,33,0 - Method:container.sim.GotoMethod2 DIM:0
[21:39:35] [Server thread/INFO] [sim/]: FolkData: GOTOXYZ() for 昀然 訾 to 21,237,33,0 - Method:container.sim.GotoMethod2 DIM:0
[21:39:35] [Server thread/WARN] [sim/]: FolkData:onUpdate() 瑾泉 ，景 还在工作
[21:39:35] [Server thread/INFO] [sim/]: FolkData: GOTOXYZ() for 瑾泉 ，景 to 26,237,33,0 - Method:container.sim.GotoMethod2 DIM:0
[21:39:35] [Server thread/INFO] [sim/]: FolkData: GOTOXYZ() for 瑾泉 ，景 to 21,237,33,0 - Method:container.sim.GotoMethod2 DIM:0
[21:39:35] [Server thread/WARN] [sim/]: FolkData:onUpdate() 昀然 訾 还在工作
[21:39:35] [Server thread/INFO] [sim/]: FolkData: GOTOXYZ() for 昀然 訾 to 26,237,33,0 - Method:container.sim.GotoMethod2 DIM:0
[21:39:35] [Server thread/INFO] [sim/]: FolkData: GOTOXYZ() for 昀然 訾 to 21,237,33,0 - Method:container.sim.GotoMethod2 DIM:0
[21:39:35] [Server thread/WARN] [sim/]: FolkData:onUpdate() 瑾泉 ，景 还在工作
[21:39:35] [Server thread/INFO] [sim/]: FolkData: GOTOXYZ() for 瑾泉 ，景 to 26,237,33,0 - Method:container.sim.GotoMethod2 DIM:0
[21:39:35] [Server thread/INFO] [sim/]: FolkData: GOTOXYZ() for 瑾泉 ，景 to 21,237,33,0 - Method:container.sim.GotoMethod2 DIM:0
[21:39:35] [Server thread/WARN] [sim/]: FolkData:onUpdate() 昀然 訾 还在工作
[21:39:35] [Server thread/INFO] [sim/]: FolkData: GOTOXYZ() for 昀然 訾 to 26,237,33,0 - Method:container.sim.GotoMethod2 DIM:0
[21:39:35] [Server thread/INFO] [sim/]: FolkData: GOTOXYZ() for 昀然 訾 to 21,237,33,0 - Method:container.sim.GotoMethod2 DIM:0
[21:39:35] [Server thread/WARN] [sim/]: FolkData:onUpdate() 瑾泉 ，景 还在工作
[21:39:35] [Server thread/INFO] [sim/]: FolkData: GOTOXYZ() for 瑾泉 ，景 to 26,237,33,0 - Method:container.sim.GotoMethod2 DIM:0
[21:39:35] [Server thread/INFO] [sim/]: FolkData: GOTOXYZ() for 瑾泉 ，景 to 21,237,33,0 - Method:container.sim.GotoMethod2 DIM:0
[21:39:35] [Server thread/WARN] [sim/]: FolkData:onUpdate() 昀然 訾 还在工作
[21:39:35] [Server thread/INFO] [sim/]: FolkData: GOTOXYZ() for 昀然 訾 to 26,237,33,0 - Method:container.sim.GotoMethod2 DIM:0
[21:39:35] [Server thread/INFO] [sim/]: FolkData: GOTOXYZ() for 昀然 訾 to 21,237,33,0 - Method:container.sim.GotoMethod2 DIM:0
[21:39:35] [Server thread/WARN] [sim/]: FolkData:onUpdate() 瑾泉 ，景 还在工作
[21:39:35] [Server thread/INFO] [sim/]: FolkData: GOTOXYZ() for 瑾泉 ，景 to 26,237,33,0 - Method:container.sim.GotoMethod2 DIM:0
[21:39:35] [Server thread/INFO] [sim/]: FolkData: GOTOXYZ() for 瑾泉 ，景 to 21,237,33,0 - Method:container.sim.GotoMethod2 DIM:0
[21:39:35] [Server thread/WARN] [sim/]: FolkData:onUpdate() 昀然 訾 还在工作
[21:39:35] [Server thread/INFO] [sim/]: FolkData: GOTOXYZ() for 昀然 訾 to 26,237,33,0 - Method:container.sim.GotoMethod2 DIM:0
[21:39:35] [Server thread/INFO] [sim/]: FolkData: GOTOXYZ() for 昀然 訾 to 21,237,33,0 - Method:container.sim.GotoMethod2 DIM:0
[21:39:35] [Server thread/WARN] [sim/]: FolkData:onUpdate() 瑾泉 ，景 还在工作
[21:39:35] [Server thread/INFO] [sim/]: FolkData: GOTOXYZ() for 瑾泉 ，景 to 26,237,33,0 - Method:container.sim.GotoMethod2 DIM:0
[21:39:35] [Server thread/INFO] [sim/]: FolkData: GOTOXYZ() for 瑾泉 ，景 to 21,237,33,0 - Method:container.sim.GotoMethod2 DIM:0
[21:39:35] [Server thread/WARN] [sim/]: FolkData:onUpdate() 昀然 訾 还在工作
[21:39:35] [Server thread/INFO] [sim/]: FolkData: GOTOXYZ() for 昀然 訾 to 26,237,33,0 - Method:container.sim.GotoMethod2 DIM:0
[21:39:35] [Server thread/INFO] [sim/]: FolkData: GOTOXYZ() for 昀然 訾 to 21,237,33,0 - Method:container.sim.GotoMethod2 DIM:0
[21:39:35] [Server thread/WARN] [sim/]: FolkData:onUpdate() 瑾泉 ，景 还在工作
[21:39:35] [Server thread/INFO] [sim/]: FolkData: GOTOXYZ() for 瑾泉 ，景 to 26,237,33,0 - Method:container.sim.GotoMethod2 DIM:0
[21:39:35] [Server thread/INFO] [sim/]: FolkData: GOTOXYZ() for 瑾泉 ，景 to 21,237,33,0 - Method:container.sim.GotoMethod2 DIM:0
[21:39:35] [Server thread/WARN] [sim/]: FolkData:onUpdate() 昀然 訾 还在工作
[21:39:35] [Server thread/INFO] [sim/]: FolkData: GOTOXYZ() for 昀然 訾 to 26,237,33,0 - Method:container.sim.GotoMethod2 DIM:0
[21:39:35] [Server thread/INFO] [sim/]: FolkData: GOTOXYZ() for 昀然 訾 to 21,237,33,0 - Method:container.sim.GotoMethod2 DIM:0
[21:39:35] [Server thread/WARN] [sim/]: FolkData:onUpdate() 瑾泉 ，景 还在工作
[21:39:35] [Server thread/INFO] [sim/]: FolkData: GOTOXYZ() for 瑾泉 ，景 to 26,237,33,0 - Method:container.sim.GotoMethod2 DIM:0
[21:39:35] [Server thread/INFO] [sim/]: FolkData: GOTOXYZ() for 瑾泉 ，景 to 21,237,33,0 - Method:container.sim.GotoMethod2 DIM:0
[21:39:35] [Server thread/WARN] [sim/]: FolkData:onUpdate() 昀然 訾 还在工作
[21:39:35] [Server thread/INFO] [sim/]: FolkData: GOTOXYZ() for 昀然 訾 to 26,237,33,0 - Method:container.sim.GotoMethod2 DIM:0
[21:39:35] [Server thread/INFO] [sim/]: FolkData: GOTOXYZ() for 昀然 訾 to 21,237,33,0 - Method:container.sim.GotoMethod2 DIM:0
[21:39:35] [Server thread/WARN] [sim/]: FolkData:onUpdate() 瑾泉 ，景 还在工作
[21:39:35] [Server thread/INFO] [sim/]: FolkData: GOTOXYZ() for 瑾泉 ，景 to 26,237,33,0 - Method:container.sim.GotoMethod2 DIM:0
[21:39:35] [Server thread/INFO] [sim/]: FolkData: GOTOXYZ() for 瑾泉 ，景 to 21,237,33,0 - Method:container.sim.GotoMethod2 DIM:0
[21:39:35] [Server thread/WARN] [sim/]: FolkData:onUpdate() 昀然 訾 还在工作
[21:39:35] [Server thread/INFO] [sim/]: FolkData: GOTOXYZ() for 昀然 訾 to 26,237,33,0 - Method:container.sim.GotoMethod2 DIM:0
[21:39:35] [Server thread/INFO] [sim/]: FolkData: GOTOXYZ() for 昀然 訾 to 21,237,33,0 - Method:container.sim.GotoMethod2 DIM:0
[21:39:35] [Server thread/WARN] [sim/]: FolkData:onUpdate() 瑾泉 ，景 还在工作
[21:39:35] [Server thread/INFO] [sim/]: FolkData: GOTOXYZ() for 瑾泉 ，景 to 26,237,33,0 - Method:container.sim.GotoMethod2 DIM:0
[21:39:35] [Server thread/INFO] [sim/]: FolkData: GOTOXYZ() for 瑾泉 ，景 to 21,237,33,0 - Method:container.sim.GotoMethod2 DIM:0
[21:39:35] [Server thread/WARN] [sim/]: FolkData:onUpdate() 昀然 訾 还在工作
[21:39:35] [Server thread/INFO] [sim/]: FolkData: GOTOXYZ() for 昀然 訾 to 26,237,33,0 - Method:container.sim.GotoMethod2 DIM:0
[21:39:35] [Server thread/INFO] [sim/]: FolkData: GOTOXYZ() for 昀然 訾 to 21,237,33,0 - Method:container.sim.GotoMethod2 DIM:0
[21:39:35] [Server thread/WARN] [sim/]: FolkData:onUpdate() 瑾泉 ，景 还在工作
[21:39:35] [Server thread/INFO] [sim/]: FolkData: GOTOXYZ() for 瑾泉 ，景 to 26,237,33,0 - Method:container.sim.GotoMethod2 DIM:0
[21:39:35] [Server thread/INFO] [sim/]: FolkData: GOTOXYZ() for 瑾泉 ，景 to 21,237,33,0 - Method:container.sim.GotoMethod2 DIM:0
[21:39:36] [Server thread/WARN] [sim/]: FolkData:onUpdate() 昀然 訾 还在工作
[21:39:36] [Server thread/INFO] [sim/]: FolkData: GOTOXYZ() for 昀然 訾 to 26,237,33,0 - Method:container.sim.GotoMethod2 DIM:0
[21:39:36] [Server thread/INFO] [sim/]: FolkData: GOTOXYZ() for 昀然 訾 to 21,237,33,0 - Method:container.sim.GotoMethod2 DIM:0
[21:39:36] [Server thread/WARN] [sim/]: FolkData:onUpdate() 瑾泉 ，景 还在工作
[21:39:36] [Server thread/INFO] [sim/]: FolkData: GOTOXYZ() for 瑾泉 ，景 to 26,237,33,0 - Method:container.sim.GotoMethod2 DIM:0
[21:39:36] [Server thread/INFO] [sim/]: FolkData: GOTOXYZ() for 瑾泉 ，景 to 21,237,33,0 - Method:container.sim.GotoMethod2 DIM:0
[21:39:36] [Server thread/WARN] [sim/]: FolkData:onUpdate() 昀然 訾 还在工作
[21:39:36] [Server thread/INFO] [sim/]: FolkData: GOTOXYZ() for 昀然 訾 to 26,237,33,0 - Method:container.sim.GotoMethod2 DIM:0
[21:39:36] [Server thread/INFO] [sim/]: FolkData: GOTOXYZ() for 昀然 訾 to 21,237,33,0 - Method:container.sim.GotoMethod2 DIM:0
[21:39:36] [Server thread/WARN] [sim/]: FolkData:onUpdate() 瑾泉 ，景 还在工作
[21:39:36] [Server thread/INFO] [sim/]: FolkData: GOTOXYZ() for 瑾泉 ，景 to 26,237,33,0 - Method:container.sim.GotoMethod2 DIM:0
[21:39:36] [Server thread/INFO] [sim/]: FolkData: GOTOXYZ() for 瑾泉 ，景 to 21,237,33,0 - Method:container.sim.GotoMethod2 DIM:0
[21:39:36] [Server thread/WARN] [sim/]: FolkData:onUpdate() 昀然 訾 还在工作
[21:39:36] [Server thread/INFO] [sim/]: FolkData: GOTOXYZ() for 昀然 訾 to 26,237,33,0 - Method:container.sim.GotoMethod2 DIM:0
[21:39:36] [Server thread/INFO] [sim/]: FolkData: GOTOXYZ() for 昀然 訾 to 21,237,33,0 - Method:container.sim.GotoMethod2 DIM:0
[21:39:36] [Server thread/WARN] [sim/]: FolkData:onUpdate() 瑾泉 ，景 还在工作
[21:39:36] [Server thread/INFO] [sim/]: FolkData: GOTOXYZ() for 瑾泉 ，景 to 26,237,33,0 - Method:container.sim.GotoMethod2 DIM:0
[21:39:36] [Server thread/INFO] [sim/]: FolkData: GOTOXYZ() for 瑾泉 ，景 to 21,237,33,0 - Method:container.sim.GotoMethod2 DIM:0
[21:39:36] [Server thread/WARN] [sim/]: FolkData:onUpdate() 昀然 訾 还在工作
[21:39:36] [Server thread/INFO] [sim/]: FolkData: GOTOXYZ() for 昀然 訾 to 26,237,33,0 - Method:container.sim.GotoMethod2 DIM:0
[21:39:36] [Server thread/INFO] [sim/]: FolkData: GOTOXYZ() for 昀然 訾 to 21,237,33,0 - Method:container.sim.GotoMethod2 DIM:0
[21:39:36] [Server thread/WARN] [sim/]: FolkData:onUpdate() 瑾泉 ，景 还在工作
[21:39:36] [Server thread/INFO] [sim/]: FolkData: GOTOXYZ() for 瑾泉 ，景 to 26,237,33,0 - Method:container.sim.GotoMethod2 DIM:0
[21:39:36] [Server thread/INFO] [sim/]: FolkData: GOTOXYZ() for 瑾泉 ，景 to 21,237,33,0 - Method:container.sim.GotoMethod2 DIM:0
[21:39:36] [Server thread/WARN] [sim/]: FolkData:onUpdate() 昀然 訾 还在工作
[21:39:36] [Server thread/INFO] [sim/]: FolkData: GOTOXYZ() for 昀然 訾 to 26,237,33,0 - Method:container.sim.GotoMethod2 DIM:0
[21:39:36] [Server thread/INFO] [sim/]: FolkData: GOTOXYZ() for 昀然 訾 to 21,237,33,0 - Method:container.sim.GotoMethod2 DIM:0
[21:39:36] [Server thread/WARN] [sim/]: FolkData:onUpdate() 瑾泉 ，景 还在工作
[21:39:36] [Server thread/INFO] [sim/]: FolkData: GOTOXYZ() for 瑾泉 ，景 to 26,237,33,0 - Method:container.sim.GotoMethod2 DIM:0
[21:39:36] [Server thread/INFO] [sim/]: FolkData: GOTOXYZ() for 瑾泉 ，景 to 21,237,33,0 - Method:container.sim.GotoMethod2 DIM:0
[21:39:36] [Server thread/WARN] [sim/]: FolkData:onUpdate() 昀然 訾 还在工作
[21:39:36] [Server thread/INFO] [sim/]: FolkData: GOTOXYZ() for 昀然 訾 to 26,237,33,0 - Method:container.sim.GotoMethod2 DIM:0
[21:39:36] [Server thread/INFO] [sim/]: FolkData: GOTOXYZ() for 昀然 訾 to 21,237,33,0 - Method:container.sim.GotoMethod2 DIM:0
[21:39:36] [Server thread/WARN] [sim/]: FolkData:onUpdate() 瑾泉 ，景 还在工作
[21:39:36] [Server thread/INFO] [sim/]: FolkData: GOTOXYZ() for 瑾泉 ，景 to 26,237,33,0 - Method:container.sim.GotoMethod2 DIM:0
[21:39:36] [Server thread/INFO] [sim/]: FolkData: GOTOXYZ() for 瑾泉 ，景 to 21,237,33,0 - Method:container.sim.GotoMethod2 DIM:0
[21:39:36] [Server thread/WARN] [sim/]: FolkData:onUpdate() 昀然 訾 还在工作
[21:39:36] [Server thread/INFO] [sim/]: FolkData: GOTOXYZ() for 昀然 訾 to 26,237,33,0 - Method:container.sim.GotoMethod2 DIM:0
[21:39:36] [Server thread/INFO] [sim/]: FolkData: GOTOXYZ() for 昀然 訾 to 21,237,33,0 - Method:container.sim.GotoMethod2 DIM:0
[21:39:36] [Server thread/WARN] [sim/]: FolkData:onUpdate() 瑾泉 ，景 还在工作
[21:39:36] [Server thread/INFO] [sim/]: FolkData: GOTOXYZ() for 瑾泉 ，景 to 26,237,33,0 - Method:container.sim.GotoMethod2 DIM:0
[21:39:36] [Server thread/INFO] [sim/]: FolkData: GOTOXYZ() for 瑾泉 ，景 to 21,237,33,0 - Method:container.sim.GotoMethod2 DIM:0
[21:39:36] [Server thread/WARN] [sim/]: FolkData:onUpdate() 昀然 訾 还在工作
[21:39:36] [Server thread/INFO] [sim/]: FolkData: GOTOXYZ() for 昀然 訾 to 26,237,33,0 - Method:container.sim.GotoMethod2 DIM:0
[21:39:36] [Server thread/INFO] [sim/]: FolkData: GOTOXYZ() for 昀然 訾 to 21,237,33,0 - Method:container.sim.GotoMethod2 DIM:0
[21:39:36] [Server thread/WARN] [sim/]: FolkData:onUpdate() 瑾泉 ，景 还在工作
[21:39:36] [Server thread/INFO] [sim/]: FolkData: GOTOXYZ() for 瑾泉 ，景 to 26,237,33,0 - Method:container.sim.GotoMethod2 DIM:0
[21:39:36] [Server thread/INFO] [sim/]: FolkData: GOTOXYZ() for 瑾泉 ，景 to 21,237,33,0 - Method:container.sim.GotoMethod2 DIM:0
[21:39:36] [Server thread/WARN] [sim/]: FolkData:onUpdate() 昀然 訾 还在工作
[21:39:36] [Server thread/INFO] [sim/]: FolkData: GOTOXYZ() for 昀然 訾 to 26,237,33,0 - Method:container.sim.GotoMethod2 DIM:0
[21:39:36] [Server thread/INFO] [sim/]: FolkData: GOTOXYZ() for 昀然 訾 to 21,237,33,0 - Method:container.sim.GotoMethod2 DIM:0
[21:39:36] [Server thread/WARN] [sim/]: FolkData:onUpdate() 瑾泉 ，景 还在工作
[21:39:36] [Server thread/INFO] [sim/]: FolkData: GOTOXYZ() for 瑾泉 ，景 to 26,237,33,0 - Method:container.sim.GotoMethod2 DIM:0
[21:39:36] [Server thread/INFO] [sim/]: FolkData: GOTOXYZ() for 瑾泉 ，景 to 21,237,33,0 - Method:container.sim.GotoMethod2 DIM:0
[21:39:36] [Server thread/WARN] [sim/]: FolkData:onUpdate() 昀然 訾 还在工作
[21:39:36] [Server thread/INFO] [sim/]: FolkData: GOTOXYZ() for 昀然 訾 to 26,237,33,0 - Method:container.sim.GotoMethod2 DIM:0
[21:39:36] [Server thread/INFO] [sim/]: FolkData: GOTOXYZ() for 昀然 訾 to 21,237,33,0 - Method:container.sim.GotoMethod2 DIM:0
[21:39:36] [Server thread/WARN] [sim/]: FolkData:onUpdate() 瑾泉 ，景 还在工作
[21:39:36] [Server thread/INFO] [sim/]: FolkData: GOTOXYZ() for 瑾泉 ，景 to 26,237,33,0 - Method:container.sim.GotoMethod2 DIM:0
[21:39:36] [Server thread/INFO] [sim/]: FolkData: GOTOXYZ() for 瑾泉 ，景 to 21,237,33,0 - Method:container.sim.GotoMethod2 DIM:0
[21:39:36] [Server thread/WARN] [sim/]: FolkData:onUpdate() 昀然 訾 还在工作
[21:39:36] [Server thread/INFO] [sim/]: FolkData: GOTOXYZ() for 昀然 訾 to 26,237,33,0 - Method:container.sim.GotoMethod2 DIM:0
[21:39:36] [Server thread/INFO] [sim/]: FolkData: GOTOXYZ() for 昀然 訾 to 21,237,33,0 - Method:container.sim.GotoMethod2 DIM:0
[21:39:36] [Server thread/WARN] [sim/]: FolkData:onUpdate() 瑾泉 ，景 还在工作
[21:39:36] [Server thread/INFO] [sim/]: FolkData: GOTOXYZ() for 瑾泉 ，景 to 26,237,33,0 - Method:container.sim.GotoMethod2 DIM:0
[21:39:36] [Server thread/INFO] [sim/]: FolkData: GOTOXYZ() for 瑾泉 ，景 to 21,237,33,0 - Method:container.sim.GotoMethod2 DIM:0
[21:39:36] [Server thread/WARN] [sim/]: FolkData:onUpdate() 昀然 訾 还在工作
[21:39:36] [Server thread/INFO] [sim/]: FolkData: GOTOXYZ() for 昀然 訾 to 26,237,33,0 - Method:container.sim.GotoMethod2 DIM:0
[21:39:36] [Server thread/INFO] [sim/]: FolkData: GOTOXYZ() for 昀然 訾 to 21,237,33,0 - Method:container.sim.GotoMethod2 DIM:0
[21:39:36] [Server thread/WARN] [sim/]: FolkData:onUpdate() 瑾泉 ，景 还在工作
[21:39:36] [Server thread/INFO] [sim/]: FolkData: GOTOXYZ() for 瑾泉 ，景 to 26,237,33,0 - Method:container.sim.GotoMethod2 DIM:0
[21:39:36] [Server thread/INFO] [sim/]: FolkData: GOTOXYZ() for 瑾泉 ，景 to 21,237,33,0 - Method:container.sim.GotoMethod2 DIM:0
[21:39:36] [Server thread/WARN] [sim/]: FolkData:onUpdate() 昀然 訾 还在工作
[21:39:36] [Server thread/INFO] [sim/]: FolkData: GOTOXYZ() for 昀然 訾 to 26,237,33,0 - Method:container.sim.GotoMethod2 DIM:0
[21:39:36] [Server thread/INFO] [sim/]: FolkData: GOTOXYZ() for 昀然 訾 to 21,237,33,0 - Method:container.sim.GotoMethod2 DIM:0
[21:39:36] [Server thread/WARN] [sim/]: FolkData:onUpdate() 瑾泉 ，景 还在工作
[21:39:36] [Server thread/INFO] [sim/]: FolkData: GOTOXYZ() for 瑾泉 ，景 to 26,237,33,0 - Method:container.sim.GotoMethod2 DIM:0
[21:39:36] [Server thread/INFO] [sim/]: FolkData: GOTOXYZ() for 瑾泉 ，景 to 21,237,33,0 - Method:container.sim.GotoMethod2 DIM:0
[21:39:36] [Server thread/WARN] [sim/]: FolkData:onUpdate() 昀然 訾 还在工作
[21:39:36] [Server thread/INFO] [sim/]: FolkData: GOTOXYZ() for 昀然 訾 to 26,237,33,0 - Method:container.sim.GotoMethod2 DIM:0
[21:39:36] [Server thread/INFO] [sim/]: FolkData: GOTOXYZ() for 昀然 訾 to 21,237,33,0 - Method:container.sim.GotoMethod2 DIM:0
[21:39:36] [Server thread/WARN] [sim/]: FolkData:onUpdate() 瑾泉 ，景 还在工作
[21:39:36] [Server thread/INFO] [sim/]: FolkData: GOTOXYZ() for 瑾泉 ，景 to 26,237,33,0 - Method:container.sim.GotoMethod2 DIM:0
[21:39:36] [Server thread/INFO] [sim/]: FolkData: GOTOXYZ() for 瑾泉 ，景 to 21,237,33,0 - Method:container.sim.GotoMethod2 DIM:0
[21:39:36] [Server thread/WARN] [sim/]: FolkData:onUpdate() 昀然 訾 还在工作
[21:39:36] [Server thread/INFO] [sim/]: FolkData: GOTOXYZ() for 昀然 訾 to 26,237,33,0 - Method:container.sim.GotoMethod2 DIM:0
[21:39:36] [Server thread/INFO] [sim/]: FolkData: GOTOXYZ() for 昀然 訾 to 21,237,33,0 - Method:container.sim.GotoMethod2 DIM:0
[21:39:36] [Server thread/WARN] [sim/]: FolkData:onUpdate() 瑾泉 ，景 还在工作
[21:39:36] [Server thread/INFO] [sim/]: FolkData: GOTOXYZ() for 瑾泉 ，景 to 26,237,33,0 - Method:container.sim.GotoMethod2 DIM:0
[21:39:36] [Server thread/INFO] [sim/]: FolkData: GOTOXYZ() for 瑾泉 ，景 to 21,237,33,0 - Method:container.sim.GotoMethod2 DIM:0
[21:39:36] [Server thread/WARN] [sim/]: FolkData:onUpdate() 昀然 訾 还在工作
[21:39:36] [Server thread/INFO] [sim/]: FolkData: GOTOXYZ() for 昀然 訾 to 26,237,33,0 - Method:container.sim.GotoMethod2 DIM:0
[21:39:36] [Server thread/INFO] [sim/]: FolkData: GOTOXYZ() for 昀然 訾 to 21,237,33,0 - Method:container.sim.GotoMethod2 DIM:0
[21:39:36] [Server thread/WARN] [sim/]: FolkData:onUpdate() 瑾泉 ，景 还在工作
[21:39:36] [Server thread/INFO] [sim/]: FolkData: GOTOXYZ() for 瑾泉 ，景 to 26,237,33,0 - Method:container.sim.GotoMethod2 DIM:0
[21:39:36] [Server thread/INFO] [sim/]: FolkData: GOTOXYZ() for 瑾泉 ，景 to 21,237,33,0 - Method:container.sim.GotoMethod2 DIM:0
[21:39:36] [Server thread/WARN] [sim/]: FolkData:onUpdate() 昀然 訾 还在工作
[21:39:36] [Server thread/INFO] [sim/]: FolkData: GOTOXYZ() for 昀然 訾 to 26,237,33,0 - Method:container.sim.GotoMethod2 DIM:0
[21:39:36] [Server thread/INFO] [sim/]: FolkData: GOTOXYZ() for 昀然 訾 to 21,237,33,0 - Method:container.sim.GotoMethod2 DIM:0
[21:39:36] [Server thread/WARN] [sim/]: FolkData:onUpdate() 瑾泉 ，景 还在工作
[21:39:36] [Server thread/INFO] [sim/]: FolkData: GOTOXYZ() for 瑾泉 ，景 to 26,237,33,0 - Method:container.sim.GotoMethod2 DIM:0
[21:39:36] [Server thread/INFO] [sim/]: FolkData: GOTOXYZ() for 瑾泉 ，景 to 21,237,33,0 - Method:container.sim.GotoMethod2 DIM:0
[21:39:36] [Server thread/WARN] [sim/]: FolkData:onUpdate() 昀然 訾 还在工作
[21:39:36] [Server thread/INFO] [sim/]: FolkData: GOTOXYZ() for 昀然 訾 to 26,237,33,0 - Method:container.sim.GotoMethod2 DIM:0
[21:39:36] [Server thread/INFO] [sim/]: FolkData: GOTOXYZ() for 昀然 訾 to 21,237,33,0 - Method:container.sim.GotoMethod2 DIM:0
[21:39:36] [Server thread/WARN] [sim/]: FolkData:onUpdate() 瑾泉 ，景 还在工作
[21:39:36] [Server thread/INFO] [sim/]: FolkData: GOTOXYZ() for 瑾泉 ，景 to 26,237,33,0 - Method:container.sim.GotoMethod2 DIM:0
[21:39:36] [Server thread/INFO] [sim/]: FolkData: GOTOXYZ() for 瑾泉 ，景 to 21,237,33,0 - Method:container.sim.GotoMethod2 DIM:0
[21:39:36] [Server thread/WARN] [sim/]: FolkData:onUpdate() 昀然 訾 还在工作
[21:39:36] [Server thread/INFO] [sim/]: FolkData: GOTOXYZ() for 昀然 訾 to 26,237,33,0 - Method:container.sim.GotoMethod2 DIM:0
[21:39:36] [Server thread/INFO] [sim/]: FolkData: GOTOXYZ() for 昀然 訾 to 21,237,33,0 - Method:container.sim.GotoMethod2 DIM:0
[21:39:36] [Server thread/WARN] [sim/]: FolkData:onUpdate() 瑾泉 ，景 还在工作
[21:39:36] [Server thread/INFO] [sim/]: FolkData: GOTOXYZ() for 瑾泉 ，景 to 26,237,33,0 - Method:container.sim.GotoMethod2 DIM:0
[21:39:36] [Server thread/INFO] [sim/]: FolkData: GOTOXYZ() for 瑾泉 ，景 to 21,237,33,0 - Method:container.sim.GotoMethod2 DIM:0
[21:39:36] [Server thread/WARN] [sim/]: FolkData:onUpdate() 昀然 訾 还在工作
[21:39:36] [Server thread/INFO] [sim/]: FolkData: GOTOXYZ() for 昀然 訾 to 26,237,33,0 - Method:container.sim.GotoMethod2 DIM:0
[21:39:36] [Server thread/INFO] [sim/]: FolkData: GOTOXYZ() for 昀然 訾 to 21,237,33,0 - Method:container.sim.GotoMethod2 DIM:0
[21:39:36] [Server thread/WARN] [sim/]: FolkData:onUpdate() 瑾泉 ，景 还在工作
[21:39:36] [Server thread/INFO] [sim/]: FolkData: GOTOXYZ() for 瑾泉 ，景 to 26,237,33,0 - Method:container.sim.GotoMethod2 DIM:0
[21:39:36] [Server thread/INFO] [sim/]: FolkData: GOTOXYZ() for 瑾泉 ，景 to 21,237,33,0 - Method:container.sim.GotoMethod2 DIM:0
[21:39:36] [Server thread/WARN] [sim/]: FolkData:onUpdate() 昀然 訾 还在工作
[21:39:36] [Server thread/INFO] [sim/]: FolkData: GOTOXYZ() for 昀然 訾 to 26,237,33,0 - Method:container.sim.GotoMethod2 DIM:0
[21:39:36] [Server thread/INFO] [sim/]: FolkData: GOTOXYZ() for 昀然 訾 to 21,237,33,0 - Method:container.sim.GotoMethod2 DIM:0
[21:39:36] [Server thread/WARN] [sim/]: FolkData:onUpdate() 瑾泉 ，景 还在工作
[21:39:36] [Server thread/INFO] [sim/]: FolkData: GOTOXYZ() for 瑾泉 ，景 to 26,237,33,0 - Method:container.sim.GotoMethod2 DIM:0
[21:39:36] [Server thread/INFO] [sim/]: FolkData: GOTOXYZ() for 瑾泉 ，景 to 21,237,33,0 - Method:container.sim.GotoMethod2 DIM:0
[21:39:36] [Server thread/WARN] [sim/]: FolkData:onUpdate() 昀然 訾 还在工作
[21:39:36] [Server thread/INFO] [sim/]: FolkData: GOTOXYZ() for 昀然 訾 to 26,237,33,0 - Method:container.sim.GotoMethod2 DIM:0
[21:39:36] [Server thread/INFO] [sim/]: FolkData: GOTOXYZ() for 昀然 訾 to 21,237,33,0 - Method:container.sim.GotoMethod2 DIM:0
[21:39:36] [Server thread/WARN] [sim/]: FolkData:onUpdate() 瑾泉 ，景 还在工作
[21:39:36] [Server thread/INFO] [sim/]: FolkData: GOTOXYZ() for 瑾泉 ，景 to 26,237,33,0 - Method:container.sim.GotoMethod2 DIM:0
[21:39:36] [Server thread/INFO] [sim/]: FolkData: GOTOXYZ() for 瑾泉 ，景 to 21,237,33,0 - Method:container.sim.GotoMethod2 DIM:0
[21:39:36] [Server thread/WARN] [sim/]: FolkData:onUpdate() 昀然 訾 还在工作
[21:39:36] [Server thread/INFO] [sim/]: FolkData: GOTOXYZ() for 昀然 訾 to 26,237,33,0 - Method:container.sim.GotoMethod2 DIM:0
[21:39:36] [Server thread/INFO] [sim/]: FolkData: GOTOXYZ() for 昀然 訾 to 21,237,33,0 - Method:container.sim.GotoMethod2 DIM:0
[21:39:36] [Server thread/WARN] [sim/]: FolkData:onUpdate() 瑾泉 ，景 还在工作
[21:39:36] [Server thread/INFO] [sim/]: FolkData: GOTOXYZ() for 瑾泉 ，景 to 26,237,33,0 - Method:container.sim.GotoMethod2 DIM:0
[21:39:36] [Server thread/INFO] [sim/]: FolkData: GOTOXYZ() for 瑾泉 ，景 to 21,237,33,0 - Method:container.sim.GotoMethod2 DIM:0
[21:39:36] [Server thread/WARN] [sim/]: FolkData:onUpdate() 昀然 訾 还在工作
[21:39:36] [Server thread/INFO] [sim/]: FolkData: GOTOXYZ() for 昀然 訾 to 26,237,33,0 - Method:container.sim.GotoMethod2 DIM:0
[21:39:36] [Server thread/INFO] [sim/]: FolkData: GOTOXYZ() for 昀然 訾 to 21,237,33,0 - Method:container.sim.GotoMethod2 DIM:0
[21:39:36] [Server thread/WARN] [sim/]: FolkData:onUpdate() 瑾泉 ，景 还在工作
[21:39:36] [Server thread/INFO] [sim/]: FolkData: GOTOXYZ() for 瑾泉 ，景 to 26,237,33,0 - Method:container.sim.GotoMethod2 DIM:0
[21:39:36] [Server thread/INFO] [sim/]: FolkData: GOTOXYZ() for 瑾泉 ，景 to 21,237,33,0 - Method:container.sim.GotoMethod2 DIM:0
[21:39:36] [Server thread/WARN] [sim/]: FolkData:onUpdate() 昀然 訾 还在工作
[21:39:36] [Server thread/INFO] [sim/]: FolkData: GOTOXYZ() for 昀然 訾 to 26,237,33,0 - Method:container.sim.GotoMethod2 DIM:0
[21:39:36] [Server thread/INFO] [sim/]: FolkData: GOTOXYZ() for 昀然 訾 to 21,237,33,0 - Method:container.sim.GotoMethod2 DIM:0
[21:39:36] [Server thread/WARN] [sim/]: FolkData:onUpdate() 瑾泉 ，景 还在工作
[21:39:36] [Server thread/INFO] [sim/]: FolkData: GOTOXYZ() for 瑾泉 ，景 to 26,237,33,0 - Method:container.sim.GotoMethod2 DIM:0
[21:39:36] [Server thread/INFO] [sim/]: FolkData: GOTOXYZ() for 瑾泉 ，景 to 21,237,33,0 - Method:container.sim.GotoMethod2 DIM:0
[21:39:36] [Server thread/WARN] [sim/]: FolkData:onUpdate() 昀然 訾 还在工作
[21:39:36] [Server thread/INFO] [sim/]: FolkData: GOTOXYZ() for 昀然 訾 to 26,237,33,0 - Method:container.sim.GotoMethod2 DIM:0
[21:39:36] [Server thread/INFO] [sim/]: FolkData: GOTOXYZ() for 昀然 訾 to 21,237,33,0 - Method:container.sim.GotoMethod2 DIM:0
[21:39:36] [Server thread/WARN] [sim/]: FolkData:onUpdate() 瑾泉 ，景 还在工作
[21:39:36] [Server thread/INFO] [sim/]: FolkData: GOTOXYZ() for 瑾泉 ，景 to 26,237,33,0 - Method:container.sim.GotoMethod2 DIM:0
[21:39:36] [Server thread/INFO] [sim/]: FolkData: GOTOXYZ() for 瑾泉 ，景 to 21,237,33,0 - Method:container.sim.GotoMethod2 DIM:0
[21:39:36] [Server thread/WARN] [sim/]: FolkData:onUpdate() 昀然 訾 还在工作
[21:39:36] [Server thread/INFO] [sim/]: FolkData: GOTOXYZ() for 昀然 訾 to 26,237,33,0 - Method:container.sim.GotoMethod2 DIM:0
[21:39:36] [Server thread/INFO] [sim/]: FolkData: GOTOXYZ() for 昀然 訾 to 21,237,33,0 - Method:container.sim.GotoMethod2 DIM:0
[21:39:36] [Server thread/WARN] [sim/]: FolkData:onUpdate() 瑾泉 ，景 还在工作
[21:39:36] [Server thread/INFO] [sim/]: FolkData: GOTOXYZ() for 瑾泉 ，景 to 26,237,33,0 - Method:container.sim.GotoMethod2 DIM:0
[21:39:36] [Server thread/INFO] [sim/]: FolkData: GOTOXYZ() for 瑾泉 ，景 to 21,237,33,0 - Method:container.sim.GotoMethod2 DIM:0
[21:39:36] [Server thread/WARN] [sim/]: FolkData:onUpdate() 昀然 訾 还在工作
[21:39:36] [Server thread/INFO] [sim/]: FolkData: GOTOXYZ() for 昀然 訾 to 26,237,33,0 - Method:container.sim.GotoMethod2 DIM:0
[21:39:36] [Server thread/INFO] [sim/]: FolkData: GOTOXYZ() for 昀然 訾 to 21,237,33,0 - Method:container.sim.GotoMethod2 DIM:0
[21:39:36] [Server thread/WARN] [sim/]: FolkData:onUpdate() 瑾泉 ，景 还在工作
[21:39:36] [Server thread/INFO] [sim/]: FolkData: GOTOXYZ() for 瑾泉 ，景 to 26,237,33,0 - Method:container.sim.GotoMethod2 DIM:0
[21:39:36] [Server thread/INFO] [sim/]: FolkData: GOTOXYZ() for 瑾泉 ，景 to 21,237,33,0 - Method:container.sim.GotoMethod2 DIM:0
[21:39:36] [Server thread/WARN] [sim/]: FolkData:onUpdate() 昀然 訾 还在工作
[21:39:36] [Server thread/INFO] [sim/]: FolkData: GOTOXYZ() for 昀然 訾 to 26,237,33,0 - Method:container.sim.GotoMethod2 DIM:0
[21:39:36] [Server thread/INFO] [sim/]: FolkData: GOTOXYZ() for 昀然 訾 to 21,237,33,0 - Method:container.sim.GotoMethod2 DIM:0
[21:39:36] [Server thread/WARN] [sim/]: FolkData:onUpdate() 瑾泉 ，景 还在工作
[21:39:36] [Server thread/INFO] [sim/]: FolkData: GOTOXYZ() for 瑾泉 ，景 to 26,237,33,0 - Method:container.sim.GotoMethod2 DIM:0
[21:39:36] [Server thread/INFO] [sim/]: FolkData: GOTOXYZ() for 瑾泉 ，景 to 21,237,33,0 - Method:container.sim.GotoMethod2 DIM:0
[21:39:36] [Server thread/WARN] [sim/]: FolkData:onUpdate() 昀然 訾 还在工作
[21:39:36] [Server thread/INFO] [sim/]: FolkData: GOTOXYZ() for 昀然 訾 to 26,237,33,0 - Method:container.sim.GotoMethod2 DIM:0
[21:39:36] [Server thread/INFO] [sim/]: FolkData: GOTOXYZ() for 昀然 訾 to 21,237,33,0 - Method:container.sim.GotoMethod2 DIM:0
[21:39:36] [Server thread/WARN] [sim/]: FolkData:onUpdate() 瑾泉 ，景 还在工作
[21:39:36] [Server thread/INFO] [sim/]: FolkData: GOTOXYZ() for 瑾泉 ，景 to 26,237,33,0 - Method:container.sim.GotoMethod2 DIM:0
[21:39:36] [Server thread/INFO] [sim/]: FolkData: GOTOXYZ() for 瑾泉 ，景 to 21,237,33,0 - Method:container.sim.GotoMethod2 DIM:0
[21:39:36] [Server thread/WARN] [sim/]: FolkData:onUpdate() 昀然 訾 还在工作
[21:39:36] [Server thread/INFO] [sim/]: FolkData: GOTOXYZ() for 昀然 訾 to 26,237,33,0 - Method:container.sim.GotoMethod2 DIM:0
[21:39:36] [Server thread/INFO] [sim/]: FolkData: GOTOXYZ() for 昀然 訾 to 21,237,33,0 - Method:container.sim.GotoMethod2 DIM:0
[21:39:36] [Server thread/WARN] [sim/]: FolkData:onUpdate() 瑾泉 ，景 还在工作
[21:39:36] [Server thread/INFO] [sim/]: FolkData: GOTOXYZ() for 瑾泉 ，景 to 26,237,33,0 - Method:container.sim.GotoMethod2 DIM:0
[21:39:36] [Server thread/INFO] [sim/]: FolkData: GOTOXYZ() for 瑾泉 ，景 to 21,237,33,0 - Method:container.sim.GotoMethod2 DIM:0
[21:39:36] [Server thread/WARN] [sim/]: FolkData:onUpdate() 昀然 訾 还在工作
[21:39:36] [Server thread/INFO] [sim/]: FolkData: GOTOXYZ() for 昀然 訾 to 26,237,33,0 - Method:container.sim.GotoMethod2 DIM:0
[21:39:36] [Server thread/INFO] [sim/]: FolkData: GOTOXYZ() for 昀然 訾 to 21,237,33,0 - Method:container.sim.GotoMethod2 DIM:0
[21:39:36] [Server thread/WARN] [sim/]: FolkData:onUpdate() 瑾泉 ，景 还在工作
[21:39:36] [Server thread/INFO] [sim/]: FolkData: GOTOXYZ() for 瑾泉 ，景 to 26,237,33,0 - Method:container.sim.GotoMethod2 DIM:0
[21:39:36] [Server thread/INFO] [sim/]: FolkData: GOTOXYZ() for 瑾泉 ，景 to 21,237,33,0 - Method:container.sim.GotoMethod2 DIM:0
[21:39:36] [Server thread/WARN] [sim/]: FolkData:onUpdate() 昀然 訾 还在工作
[21:39:36] [Server thread/INFO] [sim/]: FolkData: GOTOXYZ() for 昀然 訾 to 26,237,33,0 - Method:container.sim.GotoMethod2 DIM:0
[21:39:36] [Server thread/INFO] [sim/]: FolkData: GOTOXYZ() for 昀然 訾 to 21,237,33,0 - Method:container.sim.GotoMethod2 DIM:0
[21:39:36] [Server thread/WARN] [sim/]: FolkData:onUpdate() 瑾泉 ，景 还在工作
[21:39:36] [Server thread/INFO] [sim/]: FolkData: GOTOXYZ() for 瑾泉 ，景 to 26,237,33,0 - Method:container.sim.GotoMethod2 DIM:0
[21:39:36] [Server thread/INFO] [sim/]: FolkData: GOTOXYZ() for 瑾泉 ，景 to 21,237,33,0 - Method:container.sim.GotoMethod2 DIM:0
[21:39:36] [Server thread/WARN] [sim/]: FolkData:onUpdate() 昀然 訾 还在工作
[21:39:36] [Server thread/INFO] [sim/]: FolkData: GOTOXYZ() for 昀然 訾 to 26,237,33,0 - Method:container.sim.GotoMethod2 DIM:0
[21:39:36] [Server thread/INFO] [sim/]: FolkData: GOTOXYZ() for 昀然 訾 to 21,237,33,0 - Method:container.sim.GotoMethod2 DIM:0
[21:39:36] [Server thread/WARN] [sim/]: FolkData:onUpdate() 瑾泉 ，景 还在工作
[21:39:36] [Server thread/INFO] [sim/]: FolkData: GOTOXYZ() for 瑾泉 ，景 to 26,237,33,0 - Method:container.sim.GotoMethod2 DIM:0
[21:39:36] [Server thread/INFO] [sim/]: FolkData: GOTOXYZ() for 瑾泉 ，景 to 21,237,33,0 - Method:container.sim.GotoMethod2 DIM:0
[21:39:36] [Server thread/WARN] [sim/]: FolkData:onUpdate() 昀然 訾 还在工作
[21:39:36] [Server thread/INFO] [sim/]: FolkData: GOTOXYZ() for 昀然 訾 to 26,237,33,0 - Method:container.sim.GotoMethod2 DIM:0
[21:39:36] [Server thread/INFO] [sim/]: FolkData: GOTOXYZ() for 昀然 訾 to 21,237,33,0 - Method:container.sim.GotoMethod2 DIM:0
[21:39:36] [Server thread/WARN] [sim/]: FolkData:onUpdate() 瑾泉 ，景 还在工作
[21:39:36] [Server thread/INFO] [sim/]: FolkData: GOTOXYZ() for 瑾泉 ，景 to 26,237,33,0 - Method:container.sim.GotoMethod2 DIM:0
[21:39:36] [Server thread/INFO] [sim/]: FolkData: GOTOXYZ() for 瑾泉 ，景 to 21,237,33,0 - Method:container.sim.GotoMethod2 DIM:0
[21:39:36] [Server thread/WARN] [sim/]: FolkData:onUpdate() 昀然 訾 还在工作
[21:39:36] [Server thread/INFO] [sim/]: FolkData: GOTOXYZ() for 昀然 訾 to 26,237,33,0 - Method:container.sim.GotoMethod2 DIM:0
[21:39:36] [Server thread/INFO] [sim/]: FolkData: GOTOXYZ() for 昀然 訾 to 21,237,33,0 - Method:container.sim.GotoMethod2 DIM:0
[21:39:36] [Server thread/WARN] [sim/]: FolkData:onUpdate() 瑾泉 ，景 还在工作
[21:39:36] [Server thread/INFO] [sim/]: FolkData: GOTOXYZ() for 瑾泉 ，景 to 26,237,33,0 - Method:container.sim.GotoMethod2 DIM:0
[21:39:36] [Server thread/INFO] [sim/]: FolkData: GOTOXYZ() for 瑾泉 ，景 to 21,237,33,0 - Method:container.sim.GotoMethod2 DIM:0
[21:39:36] [Server thread/WARN] [sim/]: FolkData:onUpdate() 昀然 訾 还在工作
[21:39:36] [Server thread/INFO] [sim/]: FolkData: GOTOXYZ() for 昀然 訾 to 26,237,33,0 - Method:container.sim.GotoMethod2 DIM:0
[21:39:36] [Server thread/INFO] [sim/]: FolkData: GOTOXYZ() for 昀然 訾 to 21,237,33,0 - Method:container.sim.GotoMethod2 DIM:0
[21:39:36] [Server thread/WARN] [sim/]: FolkData:onUpdate() 瑾泉 ，景 还在工作
[21:39:36] [Server thread/INFO] [sim/]: FolkData: GOTOXYZ() for 瑾泉 ，景 to 26,237,33,0 - Method:container.sim.GotoMethod2 DIM:0
[21:39:36] [Server thread/INFO] [sim/]: FolkData: GOTOXYZ() for 瑾泉 ，景 to 21,237,33,0 - Method:container.sim.GotoMethod2 DIM:0
[21:39:36] [Server thread/WARN] [sim/]: FolkData:onUpdate() 昀然 訾 还在工作
[21:39:36] [Server thread/INFO] [sim/]: FolkData: GOTOXYZ() for 昀然 訾 to 26,237,33,0 - Method:container.sim.GotoMethod2 DIM:0
[21:39:36] [Server thread/INFO] [sim/]: FolkData: GOTOXYZ() for 昀然 訾 to 21,237,33,0 - Method:container.sim.GotoMethod2 DIM:0
[21:39:36] [Server thread/WARN] [sim/]: FolkData:onUpdate() 瑾泉 ，景 还在工作
[21:39:36] [Server thread/INFO] [sim/]: FolkData: GOTOXYZ() for 瑾泉 ，景 to 26,237,33,0 - Method:container.sim.GotoMethod2 DIM:0
[21:39:36] [Server thread/INFO] [sim/]: FolkData: GOTOXYZ() for 瑾泉 ，景 to 21,237,33,0 - Method:container.sim.GotoMethod2 DIM:0
[21:39:36] [Server thread/WARN] [sim/]: FolkData:onUpdate() 昀然 訾 还在工作
[21:39:36] [Server thread/INFO] [sim/]: FolkData: GOTOXYZ() for 昀然 訾 to 26,237,33,0 - Method:container.sim.GotoMethod2 DIM:0
[21:39:36] [Server thread/INFO] [sim/]: FolkData: GOTOXYZ() for 昀然 訾 to 21,237,33,0 - Method:container.sim.GotoMethod2 DIM:0
[21:39:36] [Server thread/WARN] [sim/]: FolkData:onUpdate() 瑾泉 ，景 还在工作
[21:39:36] [Server thread/INFO] [sim/]: FolkData: GOTOXYZ() for 瑾泉 ，景 to 26,237,33,0 - Method:container.sim.GotoMethod2 DIM:0
[21:39:36] [Server thread/INFO] [sim/]: FolkData: GOTOXYZ() for 瑾泉 ，景 to 21,237,33,0 - Method:container.sim.GotoMethod2 DIM:0
[21:39:36] [Server thread/WARN] [sim/]: FolkData:onUpdate() 昀然 訾 还在工作
[21:39:36] [Server thread/INFO] [sim/]: FolkData: GOTOXYZ() for 昀然 訾 to 26,237,33,0 - Method:container.sim.GotoMethod2 DIM:0
[21:39:36] [Server thread/INFO] [sim/]: FolkData: GOTOXYZ() for 昀然 訾 to 21,237,33,0 - Method:container.sim.GotoMethod2 DIM:0
[21:39:36] [Server thread/WARN] [sim/]: FolkData:onUpdate() 瑾泉 ，景 还在工作
[21:39:36] [Server thread/INFO] [sim/]: FolkData: GOTOXYZ() for 瑾泉 ，景 to 26,237,33,0 - Method:container.sim.GotoMethod2 DIM:0
[21:39:36] [Server thread/INFO] [sim/]: FolkData: GOTOXYZ() for 瑾泉 ，景 to 21,237,33,0 - Method:container.sim.GotoMethod2 DIM:0
[21:39:37] [Server thread/WARN] [sim/]: FolkData:onUpdate() 昀然 訾 还在工作
[21:39:37] [Server thread/INFO] [sim/]: FolkData: GOTOXYZ() for 昀然 訾 to 26,237,33,0 - Method:container.sim.GotoMethod2 DIM:0
[21:39:37] [Server thread/INFO] [sim/]: FolkData: GOTOXYZ() for 昀然 訾 to 21,237,33,0 - Method:container.sim.GotoMethod2 DIM:0
[21:39:37] [Server thread/WARN] [sim/]: FolkData:onUpdate() 瑾泉 ，景 还在工作
[21:39:37] [Server thread/INFO] [sim/]: FolkData: GOTOXYZ() for 瑾泉 ，景 to 26,237,33,0 - Method:container.sim.GotoMethod2 DIM:0
[21:39:37] [Server thread/INFO] [sim/]: FolkData: GOTOXYZ() for 瑾泉 ，景 to 21,237,33,0 - Method:container.sim.GotoMethod2 DIM:0
[21:39:37] [Server thread/WARN] [sim/]: FolkData:onUpdate() 昀然 訾 还在工作
[21:39:37] [Server thread/INFO] [sim/]: FolkData: GOTOXYZ() for 昀然 訾 to 26,237,33,0 - Method:container.sim.GotoMethod2 DIM:0
[21:39:37] [Server thread/INFO] [sim/]: FolkData: GOTOXYZ() for 昀然 訾 to 21,237,33,0 - Method:container.sim.GotoMethod2 DIM:0
[21:39:37] [Server thread/WARN] [sim/]: FolkData:onUpdate() 瑾泉 ，景 还在工作
[21:39:37] [Server thread/INFO] [sim/]: FolkData: GOTOXYZ() for 瑾泉 ，景 to 26,237,33,0 - Method:container.sim.GotoMethod2 DIM:0
[21:39:37] [Server thread/INFO] [sim/]: FolkData: GOTOXYZ() for 瑾泉 ，景 to 21,237,33,0 - Method:container.sim.GotoMethod2 DIM:0
[21:39:37] [Server thread/WARN] [sim/]: FolkData:onUpdate() 昀然 訾 还在工作
[21:39:37] [Server thread/INFO] [sim/]: FolkData: GOTOXYZ() for 昀然 訾 to 26,237,33,0 - Method:container.sim.GotoMethod2 DIM:0
[21:39:37] [Server thread/INFO] [sim/]: FolkData: GOTOXYZ() for 昀然 訾 to 21,237,33,0 - Method:container.sim.GotoMethod2 DIM:0
[21:39:37] [Server thread/WARN] [sim/]: FolkData:onUpdate() 瑾泉 ，景 还在工作
[21:39:37] [Server thread/INFO] [sim/]: FolkData: GOTOXYZ() for 瑾泉 ，景 to 26,237,33,0 - Method:container.sim.GotoMethod2 DIM:0
[21:39:37] [Server thread/INFO] [sim/]: FolkData: GOTOXYZ() for 瑾泉 ，景 to 21,237,33,0 - Method:container.sim.GotoMethod2 DIM:0
[21:39:37] [Server thread/WARN] [sim/]: FolkData:onUpdate() 昀然 訾 还在工作
[21:39:37] [Server thread/INFO] [sim/]: FolkData: GOTOXYZ() for 昀然 訾 to 26,237,33,0 - Method:container.sim.GotoMethod2 DIM:0
[21:39:37] [Server thread/INFO] [sim/]: FolkData: GOTOXYZ() for 昀然 訾 to 21,237,33,0 - Method:container.sim.GotoMethod2 DIM:0
[21:39:37] [Server thread/WARN] [sim/]: FolkData:onUpdate() 瑾泉 ，景 还在工作
[21:39:37] [Server thread/INFO] [sim/]: FolkData: GOTOXYZ() for 瑾泉 ，景 to 26,237,33,0 - Method:container.sim.GotoMethod2 DIM:0
[21:39:37] [Server thread/INFO] [sim/]: FolkData: GOTOXYZ() for 瑾泉 ，景 to 21,237,33,0 - Method:container.sim.GotoMethod2 DIM:0
[21:39:37] [Server thread/WARN] [sim/]: FolkData:onUpdate() 昀然 訾 还在工作
[21:39:37] [Server thread/INFO] [sim/]: FolkData: GOTOXYZ() for 昀然 訾 to 26,237,33,0 - Method:container.sim.GotoMethod2 DIM:0
[21:39:37] [Server thread/INFO] [sim/]: FolkData: GOTOXYZ() for 昀然 訾 to 21,237,33,0 - Method:container.sim.GotoMethod2 DIM:0
[21:39:37] [Server thread/WARN] [sim/]: FolkData:onUpdate() 瑾泉 ，景 还在工作
[21:39:37] [Server thread/INFO] [sim/]: FolkData: GOTOXYZ() for 瑾泉 ，景 to 26,237,33,0 - Method:container.sim.GotoMethod2 DIM:0
[21:39:37] [Server thread/INFO] [sim/]: FolkData: GOTOXYZ() for 瑾泉 ，景 to 21,237,33,0 - Method:container.sim.GotoMethod2 DIM:0
[21:39:37] [Server thread/WARN] [sim/]: FolkData:onUpdate() 昀然 訾 还在工作
[21:39:37] [Server thread/INFO] [sim/]: FolkData: GOTOXYZ() for 昀然 訾 to 26,237,33,0 - Method:container.sim.GotoMethod2 DIM:0
[21:39:37] [Server thread/INFO] [sim/]: FolkData: GOTOXYZ() for 昀然 訾 to 21,237,33,0 - Method:container.sim.GotoMethod2 DIM:0
[21:39:37] [Server thread/WARN] [sim/]: FolkData:onUpdate() 瑾泉 ，景 还在工作
[21:39:37] [Server thread/INFO] [sim/]: FolkData: GOTOXYZ() for 瑾泉 ，景 to 26,237,33,0 - Method:container.sim.GotoMethod2 DIM:0
[21:39:37] [Server thread/INFO] [sim/]: FolkData: GOTOXYZ() for 瑾泉 ，景 to 21,237,33,0 - Method:container.sim.GotoMethod2 DIM:0
[21:39:37] [Server thread/WARN] [sim/]: FolkData:onUpdate() 昀然 訾 还在工作
[21:39:37] [Server thread/INFO] [sim/]: FolkData: GOTOXYZ() for 昀然 訾 to 26,237,33,0 - Method:container.sim.GotoMethod2 DIM:0
[21:39:37] [Server thread/INFO] [sim/]: FolkData: GOTOXYZ() for 昀然 訾 to 21,237,33,0 - Method:container.sim.GotoMethod2 DIM:0
[21:39:37] [Server thread/WARN] [sim/]: FolkData:onUpdate() 瑾泉 ，景 还在工作
[21:39:37] [Server thread/INFO] [sim/]: FolkData: GOTOXYZ() for 瑾泉 ，景 to 26,237,33,0 - Method:container.sim.GotoMethod2 DIM:0
[21:39:37] [Server thread/INFO] [sim/]: FolkData: GOTOXYZ() for 瑾泉 ，景 to 21,237,33,0 - Method:container.sim.GotoMethod2 DIM:0
[21:39:37] [Server thread/WARN] [sim/]: FolkData:onUpdate() 昀然 訾 还在工作
[21:39:37] [Server thread/INFO] [sim/]: FolkData: GOTOXYZ() for 昀然 訾 to 26,237,33,0 - Method:container.sim.GotoMethod2 DIM:0
[21:39:37] [Server thread/INFO] [sim/]: FolkData: GOTOXYZ() for 昀然 訾 to 21,237,33,0 - Method:container.sim.GotoMethod2 DIM:0
[21:39:37] [Server thread/WARN] [sim/]: FolkData:onUpdate() 瑾泉 ，景 还在工作
[21:39:37] [Server thread/INFO] [sim/]: FolkData: GOTOXYZ() for 瑾泉 ，景 to 26,237,33,0 - Method:container.sim.GotoMethod2 DIM:0
[21:39:37] [Server thread/INFO] [sim/]: FolkData: GOTOXYZ() for 瑾泉 ，景 to 21,237,33,0 - Method:container.sim.GotoMethod2 DIM:0
[21:39:37] [Server thread/WARN] [sim/]: FolkData:onUpdate() 昀然 訾 还在工作
[21:39:37] [Server thread/INFO] [sim/]: FolkData: GOTOXYZ() for 昀然 訾 to 26,237,33,0 - Method:container.sim.GotoMethod2 DIM:0
[21:39:37] [Server thread/INFO] [sim/]: FolkData: GOTOXYZ() for 昀然 訾 to 21,237,33,0 - Method:container.sim.GotoMethod2 DIM:0
[21:39:37] [Server thread/WARN] [sim/]: FolkData:onUpdate() 瑾泉 ，景 还在工作
[21:39:37] [Server thread/INFO] [sim/]: FolkData: GOTOXYZ() for 瑾泉 ，景 to 26,237,33,0 - Method:container.sim.GotoMethod2 DIM:0
[21:39:37] [Server thread/INFO] [sim/]: FolkData: GOTOXYZ() for 瑾泉 ，景 to 21,237,33,0 - Method:container.sim.GotoMethod2 DIM:0
[21:39:37] [Server thread/WARN] [sim/]: FolkData:onUpdate() 昀然 訾 还在工作
[21:39:37] [Server thread/INFO] [sim/]: FolkData: GOTOXYZ() for 昀然 訾 to 26,237,33,0 - Method:container.sim.GotoMethod2 DIM:0
[21:39:37] [Server thread/INFO] [sim/]: FolkData: GOTOXYZ() for 昀然 訾 to 21,237,33,0 - Method:container.sim.GotoMethod2 DIM:0
[21:39:37] [Server thread/WARN] [sim/]: FolkData:onUpdate() 瑾泉 ，景 还在工作
[21:39:37] [Server thread/INFO] [sim/]: FolkData: GOTOXYZ() for 瑾泉 ，景 to 26,237,33,0 - Method:container.sim.GotoMethod2 DIM:0
[21:39:37] [Server thread/INFO] [sim/]: FolkData: GOTOXYZ() for 瑾泉 ，景 to 21,237,33,0 - Method:container.sim.GotoMethod2 DIM:0
[21:39:37] [Server thread/WARN] [sim/]: FolkData:onUpdate() 昀然 訾 还在工作
[21:39:37] [Server thread/INFO] [sim/]: FolkData: GOTOXYZ() for 昀然 訾 to 26,237,33,0 - Method:container.sim.GotoMethod2 DIM:0
[21:39:37] [Server thread/INFO] [sim/]: FolkData: GOTOXYZ() for 昀然 訾 to 21,237,33,0 - Method:container.sim.GotoMethod2 DIM:0
[21:39:37] [Server thread/WARN] [sim/]: FolkData:onUpdate() 瑾泉 ，景 还在工作
[21:39:37] [Server thread/INFO] [sim/]: FolkData: GOTOXYZ() for 瑾泉 ，景 to 26,237,33,0 - Method:container.sim.GotoMethod2 DIM:0
[21:39:37] [Server thread/INFO] [sim/]: FolkData: GOTOXYZ() for 瑾泉 ，景 to 21,237,33,0 - Method:container.sim.GotoMethod2 DIM:0
[21:39:37] [Server thread/WARN] [sim/]: FolkData:onUpdate() 昀然 訾 还在工作
[21:39:37] [Server thread/INFO] [sim/]: FolkData: GOTOXYZ() for 昀然 訾 to 26,237,33,0 - Method:container.sim.GotoMethod2 DIM:0
[21:39:37] [Server thread/INFO] [sim/]: FolkData: GOTOXYZ() for 昀然 訾 to 21,237,33,0 - Method:container.sim.GotoMethod2 DIM:0
[21:39:37] [Server thread/WARN] [sim/]: FolkData:onUpdate() 瑾泉 ，景 还在工作
[21:39:37] [Server thread/INFO] [sim/]: FolkData: GOTOXYZ() for 瑾泉 ，景 to 26,237,33,0 - Method:container.sim.GotoMethod2 DIM:0
[21:39:37] [Server thread/INFO] [sim/]: FolkData: GOTOXYZ() for 瑾泉 ，景 to 21,237,33,0 - Method:container.sim.GotoMethod2 DIM:0
[21:39:37] [Server thread/WARN] [sim/]: FolkData:onUpdate() 昀然 訾 还在工作
[21:39:37] [Server thread/INFO] [sim/]: FolkData: GOTOXYZ() for 昀然 訾 to 26,237,33,0 - Method:container.sim.GotoMethod2 DIM:0
[21:39:37] [Server thread/INFO] [sim/]: FolkData: GOTOXYZ() for 昀然 訾 to 21,237,33,0 - Method:container.sim.GotoMethod2 DIM:0
[21:39:37] [Server thread/WARN] [sim/]: FolkData:onUpdate() 瑾泉 ，景 还在工作
[21:39:37] [Server thread/INFO] [sim/]: FolkData: GOTOXYZ() for 瑾泉 ，景 to 26,237,33,0 - Method:container.sim.GotoMethod2 DIM:0
[21:39:37] [Server thread/INFO] [sim/]: FolkData: GOTOXYZ() for 瑾泉 ，景 to 21,237,33,0 - Method:container.sim.GotoMethod2 DIM:0
[21:39:37] [Server thread/WARN] [sim/]: FolkData:onUpdate() 昀然 訾 还在工作
[21:39:37] [Server thread/INFO] [sim/]: FolkData: GOTOXYZ() for 昀然 訾 to 26,237,33,0 - Method:container.sim.GotoMethod2 DIM:0
[21:39:37] [Server thread/INFO] [sim/]: FolkData: GOTOXYZ() for 昀然 訾 to 21,237,33,0 - Method:container.sim.GotoMethod2 DIM:0
[21:39:37] [Server thread/WARN] [sim/]: FolkData:onUpdate() 瑾泉 ，景 还在工作
[21:39:37] [Server thread/INFO] [sim/]: FolkData: GOTOXYZ() for 瑾泉 ，景 to 26,237,33,0 - Method:container.sim.GotoMethod2 DIM:0
[21:39:37] [Server thread/INFO] [sim/]: FolkData: GOTOXYZ() for 瑾泉 ，景 to 21,237,33,0 - Method:container.sim.GotoMethod2 DIM:0
[21:39:37] [Server thread/WARN] [sim/]: FolkData:onUpdate() 昀然 訾 还在工作
[21:39:37] [Server thread/INFO] [sim/]: FolkData: GOTOXYZ() for 昀然 訾 to 26,237,33,0 - Method:container.sim.GotoMethod2 DIM:0
[21:39:37] [Server thread/INFO] [sim/]: FolkData: GOTOXYZ() for 昀然 訾 to 21,237,33,0 - Method:container.sim.GotoMethod2 DIM:0
[21:39:37] [Server thread/WARN] [sim/]: FolkData:onUpdate() 瑾泉 ，景 还在工作
[21:39:37] [Server thread/INFO] [sim/]: FolkData: GOTOXYZ() for 瑾泉 ，景 to 26,237,33,0 - Method:container.sim.GotoMethod2 DIM:0
[21:39:37] [Server thread/INFO] [sim/]: FolkData: GOTOXYZ() for 瑾泉 ，景 to 21,237,33,0 - Method:container.sim.GotoMethod2 DIM:0
[21:39:37] [Server thread/WARN] [sim/]: FolkData:onUpdate() 昀然 訾 还在工作
[21:39:37] [Server thread/INFO] [sim/]: FolkData: GOTOXYZ() for 昀然 訾 to 26,237,33,0 - Method:container.sim.GotoMethod2 DIM:0
[21:39:37] [Server thread/INFO] [sim/]: FolkData: GOTOXYZ() for 昀然 訾 to 21,237,33,0 - Method:container.sim.GotoMethod2 DIM:0
[21:39:37] [Server thread/WARN] [sim/]: FolkData:onUpdate() 瑾泉 ，景 还在工作
[21:39:37] [Server thread/INFO] [sim/]: FolkData: GOTOXYZ() for 瑾泉 ，景 to 26,237,33,0 - Method:container.sim.GotoMethod2 DIM:0
[21:39:37] [Server thread/INFO] [sim/]: FolkData: GOTOXYZ() for 瑾泉 ，景 to 21,237,33,0 - Method:container.sim.GotoMethod2 DIM:0
[21:39:37] [Server thread/WARN] [sim/]: FolkData:onUpdate() 昀然 訾 还在工作
[21:39:37] [Server thread/INFO] [sim/]: FolkData: GOTOXYZ() for 昀然 訾 to 26,237,33,0 - Method:container.sim.GotoMethod2 DIM:0
[21:39:37] [Server thread/INFO] [sim/]: FolkData: GOTOXYZ() for 昀然 訾 to 21,237,33,0 - Method:container.sim.GotoMethod2 DIM:0
[21:39:37] [Server thread/WARN] [sim/]: FolkData:onUpdate() 瑾泉 ，景 还在工作
[21:39:37] [Server thread/INFO] [sim/]: FolkData: GOTOXYZ() for 瑾泉 ，景 to 26,237,33,0 - Method:container.sim.GotoMethod2 DIM:0
[21:39:37] [Server thread/INFO] [sim/]: FolkData: GOTOXYZ() for 瑾泉 ，景 to 21,237,33,0 - Method:container.sim.GotoMethod2 DIM:0
[21:39:37] [Server thread/WARN] [sim/]: FolkData:onUpdate() 昀然 訾 还在工作
[21:39:37] [Server thread/INFO] [sim/]: FolkData: GOTOXYZ() for 昀然 訾 to 26,237,33,0 - Method:container.sim.GotoMethod2 DIM:0
[21:39:37] [Server thread/INFO] [sim/]: FolkData: GOTOXYZ() for 昀然 訾 to 21,237,33,0 - Method:container.sim.GotoMethod2 DIM:0
[21:39:37] [Server thread/WARN] [sim/]: FolkData:onUpdate() 瑾泉 ，景 还在工作
[21:39:37] [Server thread/INFO] [sim/]: FolkData: GOTOXYZ() for 瑾泉 ，景 to 26,237,33,0 - Method:container.sim.GotoMethod2 DIM:0
[21:39:37] [Server thread/INFO] [sim/]: FolkData: GOTOXYZ() for 瑾泉 ，景 to 21,237,33,0 - Method:container.sim.GotoMethod2 DIM:0
[21:39:37] [Server thread/WARN] [sim/]: FolkData:onUpdate() 昀然 訾 还在工作
[21:39:37] [Server thread/INFO] [sim/]: FolkData: GOTOXYZ() for 昀然 訾 to 26,237,33,0 - Method:container.sim.GotoMethod2 DIM:0
[21:39:37] [Server thread/INFO] [sim/]: FolkData: GOTOXYZ() for 昀然 訾 to 21,237,33,0 - Method:container.sim.GotoMethod2 DIM:0
[21:39:37] [Server thread/WARN] [sim/]: FolkData:onUpdate() 瑾泉 ，景 还在工作
[21:39:37] [Server thread/INFO] [sim/]: FolkData: GOTOXYZ() for 瑾泉 ，景 to 26,237,33,0 - Method:container.sim.GotoMethod2 DIM:0
[21:39:37] [Server thread/INFO] [sim/]: FolkData: GOTOXYZ() for 瑾泉 ，景 to 21,237,33,0 - Method:container.sim.GotoMethod2 DIM:0
[21:39:37] [Server thread/WARN] [sim/]: FolkData:onUpdate() 昀然 訾 还在工作
[21:39:37] [Server thread/INFO] [sim/]: FolkData: GOTOXYZ() for 昀然 訾 to 26,237,33,0 - Method:container.sim.GotoMethod2 DIM:0
[21:39:37] [Server thread/INFO] [sim/]: FolkData: GOTOXYZ() for 昀然 訾 to 21,237,33,0 - Method:container.sim.GotoMethod2 DIM:0
[21:39:37] [Server thread/WARN] [sim/]: FolkData:onUpdate() 瑾泉 ，景 还在工作
[21:39:37] [Server thread/INFO] [sim/]: FolkData: GOTOXYZ() for 瑾泉 ，景 to 26,237,33,0 - Method:container.sim.GotoMethod2 DIM:0
[21:39:37] [Server thread/INFO] [sim/]: FolkData: GOTOXYZ() for 瑾泉 ，景 to 21,237,33,0 - Method:container.sim.GotoMethod2 DIM:0
[21:39:37] [Server thread/WARN] [sim/]: FolkData:onUpdate() 昀然 訾 还在工作
[21:39:37] [Server thread/INFO] [sim/]: FolkData: GOTOXYZ() for 昀然 訾 to 26,237,33,0 - Method:container.sim.GotoMethod2 DIM:0
[21:39:37] [Server thread/INFO] [sim/]: FolkData: GOTOXYZ() for 昀然 訾 to 21,237,33,0 - Method:container.sim.GotoMethod2 DIM:0
[21:39:37] [Server thread/WARN] [sim/]: FolkData:onUpdate() 瑾泉 ，景 还在工作
[21:39:37] [Server thread/INFO] [sim/]: FolkData: GOTOXYZ() for 瑾泉 ，景 to 26,237,33,0 - Method:container.sim.GotoMethod2 DIM:0
[21:39:37] [Server thread/INFO] [sim/]: FolkData: GOTOXYZ() for 瑾泉 ，景 to 21,237,33,0 - Method:container.sim.GotoMethod2 DIM:0
[21:39:37] [Server thread/WARN] [sim/]: FolkData:onUpdate() 昀然 訾 还在工作
[21:39:37] [Server thread/INFO] [sim/]: FolkData: GOTOXYZ() for 昀然 訾 to 26,237,33,0 - Method:container.sim.GotoMethod2 DIM:0
[21:39:37] [Server thread/INFO] [sim/]: FolkData: GOTOXYZ() for 昀然 訾 to 21,237,33,0 - Method:container.sim.GotoMethod2 DIM:0
[21:39:37] [Server thread/WARN] [sim/]: FolkData:onUpdate() 瑾泉 ，景 还在工作
[21:39:37] [Server thread/INFO] [sim/]: FolkData: GOTOXYZ() for 瑾泉 ，景 to 26,237,33,0 - Method:container.sim.GotoMethod2 DIM:0
[21:39:37] [Server thread/INFO] [sim/]: FolkData: GOTOXYZ() for 瑾泉 ，景 to 21,237,33,0 - Method:container.sim.GotoMethod2 DIM:0
[21:39:37] [Server thread/WARN] [sim/]: FolkData:onUpdate() 昀然 訾 还在工作
[21:39:37] [Server thread/INFO] [sim/]: FolkData: GOTOXYZ() for 昀然 訾 to 26,237,33,0 - Method:container.sim.GotoMethod2 DIM:0
[21:39:37] [Server thread/INFO] [sim/]: FolkData: GOTOXYZ() for 昀然 訾 to 21,237,33,0 - Method:container.sim.GotoMethod2 DIM:0
[21:39:37] [Server thread/WARN] [sim/]: FolkData:onUpdate() 瑾泉 ，景 还在工作
[21:39:37] [Server thread/INFO] [sim/]: FolkData: GOTOXYZ() for 瑾泉 ，景 to 26,237,33,0 - Method:container.sim.GotoMethod2 DIM:0
[21:39:37] [Server thread/INFO] [sim/]: FolkData: GOTOXYZ() for 瑾泉 ，景 to 21,237,33,0 - Method:container.sim.GotoMethod2 DIM:0
[21:39:37] [Server thread/WARN] [sim/]: FolkData:onUpdate() 昀然 訾 还在工作
[21:39:37] [Server thread/INFO] [sim/]: FolkData: GOTOXYZ() for 昀然 訾 to 26,237,33,0 - Method:container.sim.GotoMethod2 DIM:0
[21:39:37] [Server thread/INFO] [sim/]: FolkData: GOTOXYZ() for 昀然 訾 to 21,237,33,0 - Method:container.sim.GotoMethod2 DIM:0
[21:39:37] [Server thread/WARN] [sim/]: FolkData:onUpdate() 瑾泉 ，景 还在工作
[21:39:37] [Server thread/INFO] [sim/]: FolkData: GOTOXYZ() for 瑾泉 ，景 to 26,237,33,0 - Method:container.sim.GotoMethod2 DIM:0
[21:39:37] [Server thread/INFO] [sim/]: FolkData: GOTOXYZ() for 瑾泉 ，景 to 21,237,33,0 - Method:container.sim.GotoMethod2 DIM:0
[21:39:37] [Server thread/WARN] [sim/]: FolkData:onUpdate() 昀然 訾 还在工作
[21:39:37] [Server thread/INFO] [sim/]: FolkData: GOTOXYZ() for 昀然 訾 to 26,237,33,0 - Method:container.sim.GotoMethod2 DIM:0
[21:39:37] [Server thread/INFO] [sim/]: FolkData: GOTOXYZ() for 昀然 訾 to 21,237,33,0 - Method:container.sim.GotoMethod2 DIM:0
[21:39:37] [Server thread/WARN] [sim/]: FolkData:onUpdate() 瑾泉 ，景 还在工作
[21:39:37] [Server thread/INFO] [sim/]: FolkData: GOTOXYZ() for 瑾泉 ，景 to 26,237,33,0 - Method:container.sim.GotoMethod2 DIM:0
[21:39:37] [Server thread/INFO] [sim/]: FolkData: GOTOXYZ() for 瑾泉 ，景 to 21,237,33,0 - Method:container.sim.GotoMethod2 DIM:0
[21:39:37] [Server thread/WARN] [sim/]: FolkData:onUpdate() 昀然 訾 还在工作
[21:39:37] [Server thread/INFO] [sim/]: FolkData: GOTOXYZ() for 昀然 訾 to 26,237,33,0 - Method:container.sim.GotoMethod2 DIM:0
[21:39:37] [Server thread/INFO] [sim/]: FolkData: GOTOXYZ() for 昀然 訾 to 21,237,33,0 - Method:container.sim.GotoMethod2 DIM:0
[21:39:37] [Server thread/WARN] [sim/]: FolkData:onUpdate() 瑾泉 ，景 还在工作
[21:39:37] [Server thread/INFO] [sim/]: FolkData: GOTOXYZ() for 瑾泉 ，景 to 26,237,33,0 - Method:container.sim.GotoMethod2 DIM:0
[21:39:37] [Server thread/INFO] [sim/]: FolkData: GOTOXYZ() for 瑾泉 ，景 to 21,237,33,0 - Method:container.sim.GotoMethod2 DIM:0
[21:39:37] [Server thread/WARN] [sim/]: FolkData:onUpdate() 昀然 訾 还在工作
[21:39:37] [Server thread/INFO] [sim/]: FolkData: GOTOXYZ() for 昀然 訾 to 26,237,33,0 - Method:container.sim.GotoMethod2 DIM:0
[21:39:37] [Server thread/INFO] [sim/]: FolkData: GOTOXYZ() for 昀然 訾 to 21,237,33,0 - Method:container.sim.GotoMethod2 DIM:0
[21:39:37] [Server thread/WARN] [sim/]: FolkData:onUpdate() 瑾泉 ，景 还在工作
[21:39:37] [Server thread/INFO] [sim/]: FolkData: GOTOXYZ() for 瑾泉 ，景 to 26,237,33,0 - Method:container.sim.GotoMethod2 DIM:0
[21:39:37] [Server thread/INFO] [sim/]: FolkData: GOTOXYZ() for 瑾泉 ，景 to 21,237,33,0 - Method:container.sim.GotoMethod2 DIM:0
[21:39:37] [Server thread/WARN] [sim/]: FolkData:onUpdate() 昀然 訾 还在工作
[21:39:37] [Server thread/INFO] [sim/]: FolkData: GOTOXYZ() for 昀然 訾 to 26,237,33,0 - Method:container.sim.GotoMethod2 DIM:0
[21:39:37] [Server thread/INFO] [sim/]: FolkData: GOTOXYZ() for 昀然 訾 to 21,237,33,0 - Method:container.sim.GotoMethod2 DIM:0
[21:39:37] [Server thread/WARN] [sim/]: FolkData:onUpdate() 瑾泉 ，景 还在工作
[21:39:37] [Server thread/INFO] [sim/]: FolkData: GOTOXYZ() for 瑾泉 ，景 to 26,237,33,0 - Method:container.sim.GotoMethod2 DIM:0
[21:39:37] [Server thread/INFO] [sim/]: FolkData: GOTOXYZ() for 瑾泉 ，景 to 21,237,33,0 - Method:container.sim.GotoMethod2 DIM:0
[21:39:37] [Server thread/WARN] [sim/]: FolkData:onUpdate() 昀然 訾 还在工作
[21:39:37] [Server thread/INFO] [sim/]: FolkData: GOTOXYZ() for 昀然 訾 to 26,237,33,0 - Method:container.sim.GotoMethod2 DIM:0
[21:39:37] [Server thread/INFO] [sim/]: FolkData: GOTOXYZ() for 昀然 訾 to 21,237,33,0 - Method:container.sim.GotoMethod2 DIM:0
[21:39:37] [Server thread/WARN] [sim/]: FolkData:onUpdate() 瑾泉 ，景 还在工作
[21:39:37] [Server thread/INFO] [sim/]: FolkData: GOTOXYZ() for 瑾泉 ，景 to 26,237,33,0 - Method:container.sim.GotoMethod2 DIM:0
[21:39:37] [Server thread/INFO] [sim/]: FolkData: GOTOXYZ() for 瑾泉 ，景 to 21,237,33,0 - Method:container.sim.GotoMethod2 DIM:0
[21:39:37] [Server thread/WARN] [sim/]: FolkData:onUpdate() 昀然 訾 还在工作
[21:39:37] [Server thread/INFO] [sim/]: FolkData: GOTOXYZ() for 昀然 訾 to 26,237,33,0 - Method:container.sim.GotoMethod2 DIM:0
[21:39:37] [Server thread/INFO] [sim/]: FolkData: GOTOXYZ() for 昀然 訾 to 21,237,33,0 - Method:container.sim.GotoMethod2 DIM:0
[21:39:37] [Server thread/WARN] [sim/]: FolkData:onUpdate() 瑾泉 ，景 还在工作
[21:39:37] [Server thread/INFO] [sim/]: FolkData: GOTOXYZ() for 瑾泉 ，景 to 26,237,33,0 - Method:container.sim.GotoMethod2 DIM:0
[21:39:37] [Server thread/INFO] [sim/]: FolkData: GOTOXYZ() for 瑾泉 ，景 to 21,237,33,0 - Method:container.sim.GotoMethod2 DIM:0
[21:39:37] [Server thread/WARN] [sim/]: FolkData:onUpdate() 昀然 訾 还在工作
[21:39:37] [Server thread/INFO] [sim/]: FolkData: GOTOXYZ() for 昀然 訾 to 26,237,33,0 - Method:container.sim.GotoMethod2 DIM:0
[21:39:37] [Server thread/INFO] [sim/]: FolkData: GOTOXYZ() for 昀然 訾 to 21,237,33,0 - Method:container.sim.GotoMethod2 DIM:0
[21:39:37] [Server thread/WARN] [sim/]: FolkData:onUpdate() 瑾泉 ，景 还在工作
[21:39:37] [Server thread/INFO] [sim/]: FolkData: GOTOXYZ() for 瑾泉 ，景 to 26,237,33,0 - Method:container.sim.GotoMethod2 DIM:0
[21:39:37] [Server thread/INFO] [sim/]: FolkData: GOTOXYZ() for 瑾泉 ，景 to 21,237,33,0 - Method:container.sim.GotoMethod2 DIM:0
[21:39:37] [Server thread/WARN] [sim/]: FolkData:onUpdate() 昀然 訾 还在工作
[21:39:37] [Server thread/INFO] [sim/]: FolkData: GOTOXYZ() for 昀然 訾 to 26,237,33,0 - Method:container.sim.GotoMethod2 DIM:0
[21:39:37] [Server thread/INFO] [sim/]: FolkData: GOTOXYZ() for 昀然 訾 to 21,237,33,0 - Method:container.sim.GotoMethod2 DIM:0
[21:39:37] [Server thread/WARN] [sim/]: FolkData:onUpdate() 瑾泉 ，景 还在工作
[21:39:37] [Server thread/INFO] [sim/]: FolkData: GOTOXYZ() for 瑾泉 ，景 to 26,237,33,0 - Method:container.sim.GotoMethod2 DIM:0
[21:39:37] [Server thread/INFO] [sim/]: FolkData: GOTOXYZ() for 瑾泉 ，景 to 21,237,33,0 - Method:container.sim.GotoMethod2 DIM:0
[21:39:37] [Server thread/WARN] [sim/]: FolkData:onUpdate() 昀然 訾 还在工作
[21:39:37] [Server thread/INFO] [sim/]: FolkData: GOTOXYZ() for 昀然 訾 to 26,237,33,0 - Method:container.sim.GotoMethod2 DIM:0
[21:39:37] [Server thread/INFO] [sim/]: FolkData: GOTOXYZ() for 昀然 訾 to 21,237,33,0 - Method:container.sim.GotoMethod2 DIM:0
[21:39:37] [Server thread/WARN] [sim/]: FolkData:onUpdate() 瑾泉 ，景 还在工作
[21:39:37] [Server thread/INFO] [sim/]: FolkData: GOTOXYZ() for 瑾泉 ，景 to 26,237,33,0 - Method:container.sim.GotoMethod2 DIM:0
[21:39:37] [Server thread/INFO] [sim/]: FolkData: GOTOXYZ() for 瑾泉 ，景 to 21,237,33,0 - Method:container.sim.GotoMethod2 DIM:0
[21:39:37] [Server thread/WARN] [sim/]: FolkData:onUpdate() 昀然 訾 还在工作
[21:39:37] [Server thread/INFO] [sim/]: FolkData: GOTOXYZ() for 昀然 訾 to 26,237,33,0 - Method:container.sim.GotoMethod2 DIM:0
[21:39:37] [Server thread/INFO] [sim/]: FolkData: GOTOXYZ() for 昀然 訾 to 21,237,33,0 - Method:container.sim.GotoMethod2 DIM:0
[21:39:37] [Server thread/WARN] [sim/]: FolkData:onUpdate() 瑾泉 ，景 还在工作
[21:39:37] [Server thread/INFO] [sim/]: FolkData: GOTOXYZ() for 瑾泉 ，景 to 26,237,33,0 - Method:container.sim.GotoMethod2 DIM:0
[21:39:37] [Server thread/INFO] [sim/]: FolkData: GOTOXYZ() for 瑾泉 ，景 to 21,237,33,0 - Method:container.sim.GotoMethod2 DIM:0
[21:39:37] [Server thread/WARN] [sim/]: FolkData:onUpdate() 昀然 訾 还在工作
[21:39:37] [Server thread/INFO] [sim/]: FolkData: GOTOXYZ() for 昀然 訾 to 26,237,33,0 - Method:container.sim.GotoMethod2 DIM:0
[21:39:37] [Server thread/INFO] [sim/]: FolkData: GOTOXYZ() for 昀然 訾 to 21,237,33,0 - Method:container.sim.GotoMethod2 DIM:0
[21:39:37] [Server thread/WARN] [sim/]: FolkData:onUpdate() 瑾泉 ，景 还在工作
[21:39:37] [Server thread/INFO] [sim/]: FolkData: GOTOXYZ() for 瑾泉 ，景 to 26,237,33,0 - Method:container.sim.GotoMethod2 DIM:0
[21:39:37] [Server thread/INFO] [sim/]: FolkData: GOTOXYZ() for 瑾泉 ，景 to 21,237,33,0 - Method:container.sim.GotoMethod2 DIM:0
[21:39:37] [Server thread/WARN] [sim/]: FolkData:onUpdate() 昀然 訾 还在工作
[21:39:37] [Server thread/INFO] [sim/]: FolkData: GOTOXYZ() for 昀然 訾 to 26,237,33,0 - Method:container.sim.GotoMethod2 DIM:0
[21:39:37] [Server thread/INFO] [sim/]: FolkData: GOTOXYZ() for 昀然 訾 to 21,237,33,0 - Method:container.sim.GotoMethod2 DIM:0
[21:39:37] [Server thread/WARN] [sim/]: FolkData:onUpdate() 瑾泉 ，景 还在工作
[21:39:37] [Server thread/INFO] [sim/]: FolkData: GOTOXYZ() for 瑾泉 ，景 to 26,237,33,0 - Method:container.sim.GotoMethod2 DIM:0
[21:39:37] [Server thread/INFO] [sim/]: FolkData: GOTOXYZ() for 瑾泉 ，景 to 21,237,33,0 - Method:container.sim.GotoMethod2 DIM:0
[21:39:37] [Server thread/WARN] [sim/]: FolkData:onUpdate() 昀然 訾 还在工作
[21:39:37] [Server thread/INFO] [sim/]: FolkData: GOTOXYZ() for 昀然 訾 to 26,237,33,0 - Method:container.sim.GotoMethod2 DIM:0
[21:39:37] [Server thread/INFO] [sim/]: FolkData: GOTOXYZ() for 昀然 訾 to 21,237,33,0 - Method:container.sim.GotoMethod2 DIM:0
[21:39:37] [Server thread/WARN] [sim/]: FolkData:onUpdate() 瑾泉 ，景 还在工作
[21:39:37] [Server thread/INFO] [sim/]: FolkData: GOTOXYZ() for 瑾泉 ，景 to 26,237,33,0 - Method:container.sim.GotoMethod2 DIM:0
[21:39:37] [Server thread/INFO] [sim/]: FolkData: GOTOXYZ() for 瑾泉 ，景 to 21,237,33,0 - Method:container.sim.GotoMethod2 DIM:0
[21:39:37] [Server thread/WARN] [sim/]: FolkData:onUpdate() 昀然 訾 还在工作
[21:39:37] [Server thread/INFO] [sim/]: FolkData: GOTOXYZ() for 昀然 訾 to 26,237,33,0 - Method:container.sim.GotoMethod2 DIM:0
[21:39:37] [Server thread/INFO] [sim/]: FolkData: GOTOXYZ() for 昀然 訾 to 21,237,33,0 - Method:container.sim.GotoMethod2 DIM:0
[21:39:37] [Server thread/WARN] [sim/]: FolkData:onUpdate() 瑾泉 ，景 还在工作
[21:39:37] [Server thread/INFO] [sim/]: FolkData: GOTOXYZ() for 瑾泉 ，景 to 26,237,33,0 - Method:container.sim.GotoMethod2 DIM:0
[21:39:37] [Server thread/INFO] [sim/]: FolkData: GOTOXYZ() for 瑾泉 ，景 to 21,237,33,0 - Method:container.sim.GotoMethod2 DIM:0
[21:39:37] [Server thread/WARN] [sim/]: FolkData:onUpdate() 昀然 訾 还在工作
[21:39:37] [Server thread/INFO] [sim/]: FolkData: GOTOXYZ() for 昀然 訾 to 26,237,33,0 - Method:container.sim.GotoMethod2 DIM:0
[21:39:37] [Server thread/INFO] [sim/]: FolkData: GOTOXYZ() for 昀然 訾 to 21,237,33,0 - Method:container.sim.GotoMethod2 DIM:0
[21:39:37] [Server thread/WARN] [sim/]: FolkData:onUpdate() 瑾泉 ，景 还在工作
[21:39:37] [Server thread/INFO] [sim/]: FolkData: GOTOXYZ() for 瑾泉 ，景 to 26,237,33,0 - Method:container.sim.GotoMethod2 DIM:0
[21:39:37] [Server thread/INFO] [sim/]: FolkData: GOTOXYZ() for 瑾泉 ，景 to 21,237,33,0 - Method:container.sim.GotoMethod2 DIM:0
[21:39:37] [Server thread/WARN] [sim/]: FolkData:onUpdate() 昀然 訾 还在工作
[21:39:37] [Server thread/INFO] [sim/]: FolkData: GOTOXYZ() for 昀然 訾 to 26,237,33,0 - Method:container.sim.GotoMethod2 DIM:0
[21:39:37] [Server thread/INFO] [sim/]: FolkData: GOTOXYZ() for 昀然 訾 to 21,237,33,0 - Method:container.sim.GotoMethod2 DIM:0
[21:39:37] [Server thread/WARN] [sim/]: FolkData:onUpdate() 瑾泉 ，景 还在工作
[21:39:37] [Server thread/INFO] [sim/]: FolkData: GOTOXYZ() for 瑾泉 ，景 to 26,237,33,0 - Method:container.sim.GotoMethod2 DIM:0
[21:39:37] [Server thread/INFO] [sim/]: FolkData: GOTOXYZ() for 瑾泉 ，景 to 21,237,33,0 - Method:container.sim.GotoMethod2 DIM:0
[21:39:38] [Server thread/WARN] [sim/]: FolkData:onUpdate() 昀然 訾 还在工作
[21:39:38] [Server thread/INFO] [sim/]: FolkData: GOTOXYZ() for 昀然 訾 to 26,237,33,0 - Method:container.sim.GotoMethod2 DIM:0
[21:39:38] [Server thread/INFO] [sim/]: FolkData: GOTOXYZ() for 昀然 訾 to 21,237,33,0 - Method:container.sim.GotoMethod2 DIM:0
[21:39:38] [Server thread/WARN] [sim/]: FolkData:onUpdate() 瑾泉 ，景 还在工作
[21:39:38] [Server thread/INFO] [sim/]: FolkData: GOTOXYZ() for 瑾泉 ，景 to 26,237,33,0 - Method:container.sim.GotoMethod2 DIM:0
[21:39:38] [Server thread/INFO] [sim/]: FolkData: GOTOXYZ() for 瑾泉 ，景 to 21,237,33,0 - Method:container.sim.GotoMethod2 DIM:0
[21:39:38] [Server thread/WARN] [sim/]: FolkData:onUpdate() 昀然 訾 还在工作
[21:39:38] [Server thread/INFO] [sim/]: FolkData: GOTOXYZ() for 昀然 訾 to 26,237,33,0 - Method:container.sim.GotoMethod2 DIM:0
[21:39:38] [Server thread/INFO] [sim/]: FolkData: GOTOXYZ() for 昀然 訾 to 21,237,33,0 - Method:container.sim.GotoMethod2 DIM:0
[21:39:38] [Server thread/WARN] [sim/]: FolkData:onUpdate() 瑾泉 ，景 还在工作
[21:39:38] [Server thread/INFO] [sim/]: FolkData: GOTOXYZ() for 瑾泉 ，景 to 26,237,33,0 - Method:container.sim.GotoMethod2 DIM:0
[21:39:38] [Server thread/INFO] [sim/]: FolkData: GOTOXYZ() for 瑾泉 ，景 to 21,237,33,0 - Method:container.sim.GotoMethod2 DIM:0
[21:39:38] [Server thread/WARN] [sim/]: FolkData:onUpdate() 昀然 訾 还在工作
[21:39:38] [Server thread/INFO] [sim/]: FolkData: GOTOXYZ() for 昀然 訾 to 26,237,33,0 - Method:container.sim.GotoMethod2 DIM:0
[21:39:38] [Server thread/INFO] [sim/]: FolkData: GOTOXYZ() for 昀然 訾 to 21,237,33,0 - Method:container.sim.GotoMethod2 DIM:0
[21:39:38] [Server thread/WARN] [sim/]: FolkData:onUpdate() 瑾泉 ，景 还在工作
[21:39:38] [Server thread/INFO] [sim/]: FolkData: GOTOXYZ() for 瑾泉 ，景 to 26,237,33,0 - Method:container.sim.GotoMethod2 DIM:0
[21:39:38] [Server thread/INFO] [sim/]: FolkData: GOTOXYZ() for 瑾泉 ，景 to 21,237,33,0 - Method:container.sim.GotoMethod2 DIM:0
[21:39:38] [Server thread/WARN] [sim/]: FolkData:onUpdate() 昀然 訾 还在工作
[21:39:38] [Server thread/INFO] [sim/]: FolkData: GOTOXYZ() for 昀然 訾 to 26,237,33,0 - Method:container.sim.GotoMethod2 DIM:0
[21:39:38] [Server thread/INFO] [sim/]: FolkData: GOTOXYZ() for 昀然 訾 to 21,237,33,0 - Method:container.sim.GotoMethod2 DIM:0
[21:39:38] [Server thread/WARN] [sim/]: FolkData:onUpdate() 瑾泉 ，景 还在工作
[21:39:38] [Server thread/INFO] [sim/]: FolkData: GOTOXYZ() for 瑾泉 ，景 to 26,237,33,0 - Method:container.sim.GotoMethod2 DIM:0
[21:39:38] [Server thread/INFO] [sim/]: FolkData: GOTOXYZ() for 瑾泉 ，景 to 21,237,33,0 - Method:container.sim.GotoMethod2 DIM:0
[21:39:38] [Server thread/WARN] [sim/]: FolkData:onUpdate() 昀然 訾 还在工作
[21:39:38] [Server thread/INFO] [sim/]: FolkData: GOTOXYZ() for 昀然 訾 to 26,237,33,0 - Method:container.sim.GotoMethod2 DIM:0
[21:39:38] [Server thread/INFO] [sim/]: FolkData: GOTOXYZ() for 昀然 訾 to 21,237,33,0 - Method:container.sim.GotoMethod2 DIM:0
[21:39:38] [Server thread/WARN] [sim/]: FolkData:onUpdate() 瑾泉 ，景 还在工作
[21:39:38] [Server thread/INFO] [sim/]: FolkData: GOTOXYZ() for 瑾泉 ，景 to 26,237,33,0 - Method:container.sim.GotoMethod2 DIM:0
[21:39:38] [Server thread/INFO] [sim/]: FolkData: GOTOXYZ() for 瑾泉 ，景 to 21,237,33,0 - Method:container.sim.GotoMethod2 DIM:0
[21:39:38] [Server thread/WARN] [sim/]: FolkData:onUpdate() 昀然 訾 还在工作
[21:39:38] [Server thread/INFO] [sim/]: FolkData: GOTOXYZ() for 昀然 訾 to 26,237,33,0 - Method:container.sim.GotoMethod2 DIM:0
[21:39:38] [Server thread/INFO] [sim/]: FolkData: GOTOXYZ() for 昀然 訾 to 21,237,33,0 - Method:container.sim.GotoMethod2 DIM:0
[21:39:38] [Server thread/WARN] [sim/]: FolkData:onUpdate() 瑾泉 ，景 还在工作
[21:39:38] [Server thread/INFO] [sim/]: FolkData: GOTOXYZ() for 瑾泉 ，景 to 26,237,33,0 - Method:container.sim.GotoMethod2 DIM:0
[21:39:38] [Server thread/INFO] [sim/]: FolkData: GOTOXYZ() for 瑾泉 ，景 to 21,237,33,0 - Method:container.sim.GotoMethod2 DIM:0
[21:39:38] [Server thread/WARN] [sim/]: FolkData:onUpdate() 昀然 訾 还在工作
[21:39:38] [Server thread/INFO] [sim/]: FolkData: GOTOXYZ() for 昀然 訾 to 26,237,33,0 - Method:container.sim.GotoMethod2 DIM:0
[21:39:38] [Server thread/INFO] [sim/]: FolkData: GOTOXYZ() for 昀然 訾 to 21,237,33,0 - Method:container.sim.GotoMethod2 DIM:0
[21:39:38] [Server thread/WARN] [sim/]: FolkData:onUpdate() 瑾泉 ，景 还在工作
[21:39:38] [Server thread/INFO] [sim/]: FolkData: GOTOXYZ() for 瑾泉 ，景 to 26,237,33,0 - Method:container.sim.GotoMethod2 DIM:0
[21:39:38] [Server thread/INFO] [sim/]: FolkData: GOTOXYZ() for 瑾泉 ，景 to 21,237,33,0 - Method:container.sim.GotoMethod2 DIM:0
[21:39:38] [Server thread/WARN] [sim/]: FolkData:onUpdate() 昀然 訾 还在工作
[21:39:38] [Server thread/INFO] [sim/]: FolkData: GOTOXYZ() for 昀然 訾 to 26,237,33,0 - Method:container.sim.GotoMethod2 DIM:0
[21:39:38] [Server thread/INFO] [sim/]: FolkData: GOTOXYZ() for 昀然 訾 to 21,237,33,0 - Method:container.sim.GotoMethod2 DIM:0
[21:39:38] [Server thread/WARN] [sim/]: FolkData:onUpdate() 瑾泉 ，景 还在工作
[21:39:38] [Server thread/INFO] [sim/]: FolkData: GOTOXYZ() for 瑾泉 ，景 to 26,237,33,0 - Method:container.sim.GotoMethod2 DIM:0
[21:39:38] [Server thread/INFO] [sim/]: FolkData: GOTOXYZ() for 瑾泉 ，景 to 21,237,33,0 - Method:container.sim.GotoMethod2 DIM:0
[21:39:38] [Server thread/WARN] [sim/]: FolkData:onUpdate() 昀然 訾 还在工作
[21:39:38] [Server thread/INFO] [sim/]: FolkData: GOTOXYZ() for 昀然 訾 to 26,237,33,0 - Method:container.sim.GotoMethod2 DIM:0
[21:39:38] [Server thread/INFO] [sim/]: FolkData: GOTOXYZ() for 昀然 訾 to 21,237,33,0 - Method:container.sim.GotoMethod2 DIM:0
[21:39:38] [Server thread/WARN] [sim/]: FolkData:onUpdate() 瑾泉 ，景 还在工作
[21:39:38] [Server thread/INFO] [sim/]: FolkData: GOTOXYZ() for 瑾泉 ，景 to 26,237,33,0 - Method:container.sim.GotoMethod2 DIM:0
[21:39:38] [Server thread/INFO] [sim/]: FolkData: GOTOXYZ() for 瑾泉 ，景 to 21,237,33,0 - Method:container.sim.GotoMethod2 DIM:0
[21:39:38] [Server thread/WARN] [sim/]: FolkData:onUpdate() 昀然 訾 还在工作
[21:39:38] [Server thread/INFO] [sim/]: FolkData: GOTOXYZ() for 昀然 訾 to 26,237,33,0 - Method:container.sim.GotoMethod2 DIM:0
[21:39:38] [Server thread/INFO] [sim/]: FolkData: GOTOXYZ() for 昀然 訾 to 21,237,33,0 - Method:container.sim.GotoMethod2 DIM:0
[21:39:38] [Server thread/WARN] [sim/]: FolkData:onUpdate() 瑾泉 ，景 还在工作
[21:39:38] [Server thread/INFO] [sim/]: FolkData: GOTOXYZ() for 瑾泉 ，景 to 26,237,33,0 - Method:container.sim.GotoMethod2 DIM:0
[21:39:38] [Server thread/INFO] [sim/]: FolkData: GOTOXYZ() for 瑾泉 ，景 to 21,237,33,0 - Method:container.sim.GotoMethod2 DIM:0
[21:39:38] [Server thread/WARN] [sim/]: FolkData:onUpdate() 昀然 訾 还在工作
[21:39:38] [Server thread/INFO] [sim/]: FolkData: GOTOXYZ() for 昀然 訾 to 26,237,33,0 - Method:container.sim.GotoMethod2 DIM:0
[21:39:38] [Server thread/INFO] [sim/]: FolkData: GOTOXYZ() for 昀然 訾 to 21,237,33,0 - Method:container.sim.GotoMethod2 DIM:0
[21:39:38] [Server thread/WARN] [sim/]: FolkData:onUpdate() 瑾泉 ，景 还在工作
[21:39:38] [Server thread/INFO] [sim/]: FolkData: GOTOXYZ() for 瑾泉 ，景 to 26,237,33,0 - Method:container.sim.GotoMethod2 DIM:0
[21:39:38] [Server thread/INFO] [sim/]: FolkData: GOTOXYZ() for 瑾泉 ，景 to 21,237,33,0 - Method:container.sim.GotoMethod2 DIM:0
[21:39:38] [Server thread/WARN] [sim/]: FolkData:onUpdate() 昀然 訾 还在工作
[21:39:38] [Server thread/INFO] [sim/]: FolkData: GOTOXYZ() for 昀然 訾 to 26,237,33,0 - Method:container.sim.GotoMethod2 DIM:0
[21:39:38] [Server thread/INFO] [sim/]: FolkData: GOTOXYZ() for 昀然 訾 to 21,237,33,0 - Method:container.sim.GotoMethod2 DIM:0
[21:39:38] [Server thread/WARN] [sim/]: FolkData:onUpdate() 瑾泉 ，景 还在工作
[21:39:38] [Server thread/INFO] [sim/]: FolkData: GOTOXYZ() for 瑾泉 ，景 to 26,237,33,0 - Method:container.sim.GotoMethod2 DIM:0
[21:39:38] [Server thread/INFO] [sim/]: FolkData: GOTOXYZ() for 瑾泉 ，景 to 21,237,33,0 - Method:container.sim.GotoMethod2 DIM:0
[21:39:38] [Server thread/WARN] [sim/]: FolkData:onUpdate() 昀然 訾 还在工作
[21:39:38] [Server thread/INFO] [sim/]: FolkData: GOTOXYZ() for 昀然 訾 to 26,237,33,0 - Method:container.sim.GotoMethod2 DIM:0
[21:39:38] [Server thread/INFO] [sim/]: FolkData: GOTOXYZ() for 昀然 訾 to 21,237,33,0 - Method:container.sim.GotoMethod2 DIM:0
[21:39:38] [Server thread/WARN] [sim/]: FolkData:onUpdate() 瑾泉 ，景 还在工作
[21:39:38] [Server thread/INFO] [sim/]: FolkData: GOTOXYZ() for 瑾泉 ，景 to 26,237,33,0 - Method:container.sim.GotoMethod2 DIM:0
[21:39:38] [Server thread/INFO] [sim/]: FolkData: GOTOXYZ() for 瑾泉 ，景 to 21,237,33,0 - Method:container.sim.GotoMethod2 DIM:0
[21:39:38] [Server thread/INFO] [sim/]: FolkData: GOTOXYZ() for 展鹏 赖 to -10,237,-16,0 - Method:container.sim.GotoMethod1 DIM:0
[21:39:38] [Server thread/INFO] [sim/]: FolkData: BeamMeTo() for 展鹏 赖 to -9,238,-15,0 Dim:0
[21:39:38] [Server thread/WARN] [sim/]: FolkData:onUpdate() 昀然 訾 还在工作
[21:39:38] [Server thread/INFO] [sim/]: FolkData: GOTOXYZ() for 昀然 訾 to 26,237,33,0 - Method:container.sim.GotoMethod2 DIM:0
[21:39:38] [Server thread/INFO] [sim/]: FolkData: GOTOXYZ() for 昀然 訾 to 21,237,33,0 - Method:container.sim.GotoMethod2 DIM:0
[21:39:38] [Server thread/WARN] [sim/]: FolkData:onUpdate() 瑾泉 ，景 还在工作
[21:39:38] [Server thread/INFO] [sim/]: FolkData: GOTOXYZ() for 瑾泉 ，景 to 26,237,33,0 - Method:container.sim.GotoMethod2 DIM:0
[21:39:38] [Server thread/INFO] [sim/]: FolkData: GOTOXYZ() for 瑾泉 ，景 to 21,237,33,0 - Method:container.sim.GotoMethod2 DIM:0
[21:39:38] [Server thread/WARN] [sim/]: FolkData:onUpdate() 昀然 訾 还在工作
[21:39:38] [Server thread/INFO] [sim/]: FolkData: GOTOXYZ() for 昀然 訾 to 26,237,33,0 - Method:container.sim.GotoMethod2 DIM:0
[21:39:38] [Server thread/INFO] [sim/]: FolkData: GOTOXYZ() for 昀然 訾 to 21,237,33,0 - Method:container.sim.GotoMethod2 DIM:0
[21:39:38] [Server thread/WARN] [sim/]: FolkData:onUpdate() 瑾泉 ，景 还在工作
[21:39:38] [Server thread/INFO] [sim/]: FolkData: GOTOXYZ() for 瑾泉 ，景 to 26,237,33,0 - Method:container.sim.GotoMethod2 DIM:0
[21:39:38] [Server thread/INFO] [sim/]: FolkData: GOTOXYZ() for 瑾泉 ，景 to 21,237,33,0 - Method:container.sim.GotoMethod2 DIM:0
[21:39:38] [Server thread/WARN] [sim/]: FolkData:onUpdate() 昀然 訾 还在工作
[21:39:38] [Server thread/INFO] [sim/]: FolkData: GOTOXYZ() for 昀然 訾 to 26,237,33,0 - Method:container.sim.GotoMethod2 DIM:0
[21:39:38] [Server thread/INFO] [sim/]: FolkData: GOTOXYZ() for 昀然 訾 to 21,237,33,0 - Method:container.sim.GotoMethod2 DIM:0
[21:39:38] [Server thread/WARN] [sim/]: FolkData:onUpdate() 瑾泉 ，景 还在工作
[21:39:38] [Server thread/INFO] [sim/]: FolkData: GOTOXYZ() for 瑾泉 ，景 to 26,237,33,0 - Method:container.sim.GotoMethod2 DIM:0
[21:39:38] [Server thread/INFO] [sim/]: FolkData: GOTOXYZ() for 瑾泉 ，景 to 21,237,33,0 - Method:container.sim.GotoMethod2 DIM:0
[21:39:38] [Server thread/WARN] [sim/]: FolkData:onUpdate() 昀然 訾 还在工作
[21:39:38] [Server thread/INFO] [sim/]: FolkData: GOTOXYZ() for 昀然 訾 to 26,237,33,0 - Method:container.sim.GotoMethod2 DIM:0
[21:39:38] [Server thread/INFO] [sim/]: FolkData: GOTOXYZ() for 昀然 訾 to 21,237,33,0 - Method:container.sim.GotoMethod2 DIM:0
[21:39:38] [Server thread/WARN] [sim/]: FolkData:onUpdate() 瑾泉 ，景 还在工作
[21:39:38] [Server thread/INFO] [sim/]: FolkData: GOTOXYZ() for 瑾泉 ，景 to 26,237,33,0 - Method:container.sim.GotoMethod2 DIM:0
[21:39:38] [Server thread/INFO] [sim/]: FolkData: GOTOXYZ() for 瑾泉 ，景 to 21,237,33,0 - Method:container.sim.GotoMethod2 DIM:0
[21:39:38] [Server thread/WARN] [sim/]: FolkData:onUpdate() 昀然 訾 还在工作
[21:39:38] [Server thread/INFO] [sim/]: FolkData: GOTOXYZ() for 昀然 訾 to 26,237,33,0 - Method:container.sim.GotoMethod2 DIM:0
[21:39:38] [Server thread/INFO] [sim/]: FolkData: GOTOXYZ() for 昀然 訾 to 21,237,33,0 - Method:container.sim.GotoMethod2 DIM:0
[21:39:38] [Server thread/WARN] [sim/]: FolkData:onUpdate() 瑾泉 ，景 还在工作
[21:39:38] [Server thread/INFO] [sim/]: FolkData: GOTOXYZ() for 瑾泉 ，景 to 26,237,33,0 - Method:container.sim.GotoMethod2 DIM:0
[21:39:38] [Server thread/INFO] [sim/]: FolkData: GOTOXYZ() for 瑾泉 ，景 to 21,237,33,0 - Method:container.sim.GotoMethod2 DIM:0
[21:39:38] [Server thread/WARN] [sim/]: FolkData:onUpdate() 昀然 訾 还在工作
[21:39:38] [Server thread/INFO] [sim/]: FolkData: GOTOXYZ() for 昀然 訾 to 26,237,33,0 - Method:container.sim.GotoMethod2 DIM:0
[21:39:38] [Server thread/INFO] [sim/]: FolkData: GOTOXYZ() for 昀然 訾 to 21,237,33,0 - Method:container.sim.GotoMethod2 DIM:0
[21:39:38] [Server thread/WARN] [sim/]: FolkData:onUpdate() 瑾泉 ，景 还在工作
[21:39:38] [Server thread/INFO] [sim/]: FolkData: GOTOXYZ() for 瑾泉 ，景 to 26,237,33,0 - Method:container.sim.GotoMethod2 DIM:0
[21:39:38] [Server thread/INFO] [sim/]: FolkData: GOTOXYZ() for 瑾泉 ，景 to 21,237,33,0 - Method:container.sim.GotoMethod2 DIM:0
[21:39:38] [Server thread/WARN] [sim/]: FolkData:onUpdate() 昀然 訾 还在工作
[21:39:38] [Server thread/INFO] [sim/]: FolkData: GOTOXYZ() for 昀然 訾 to 26,237,33,0 - Method:container.sim.GotoMethod2 DIM:0
[21:39:38] [Server thread/INFO] [sim/]: FolkData: GOTOXYZ() for 昀然 訾 to 21,237,33,0 - Method:container.sim.GotoMethod2 DIM:0
[21:39:38] [Server thread/WARN] [sim/]: FolkData:onUpdate() 瑾泉 ，景 还在工作
[21:39:38] [Server thread/INFO] [sim/]: FolkData: GOTOXYZ() for 瑾泉 ，景 to 26,237,33,0 - Method:container.sim.GotoMethod2 DIM:0
[21:39:38] [Server thread/INFO] [sim/]: FolkData: GOTOXYZ() for 瑾泉 ，景 to 21,237,33,0 - Method:container.sim.GotoMethod2 DIM:0
[21:39:38] [Server thread/WARN] [sim/]: FolkData:onUpdate() 昀然 訾 还在工作
[21:39:38] [Server thread/INFO] [sim/]: FolkData: GOTOXYZ() for 昀然 訾 to 26,237,33,0 - Method:container.sim.GotoMethod2 DIM:0
[21:39:38] [Server thread/INFO] [sim/]: FolkData: GOTOXYZ() for 昀然 訾 to 21,237,33,0 - Method:container.sim.GotoMethod2 DIM:0
[21:39:38] [Server thread/WARN] [sim/]: FolkData:onUpdate() 瑾泉 ，景 还在工作
[21:39:38] [Server thread/INFO] [sim/]: FolkData: GOTOXYZ() for 瑾泉 ，景 to 26,237,33,0 - Method:container.sim.GotoMethod2 DIM:0
[21:39:38] [Server thread/INFO] [sim/]: FolkData: GOTOXYZ() for 瑾泉 ，景 to 21,237,33,0 - Method:container.sim.GotoMethod2 DIM:0
[21:39:38] [Server thread/WARN] [sim/]: FolkData:onUpdate() 昀然 訾 还在工作
[21:39:38] [Server thread/INFO] [sim/]: FolkData: GOTOXYZ() for 昀然 訾 to 26,237,33,0 - Method:container.sim.GotoMethod2 DIM:0
[21:39:38] [Server thread/INFO] [sim/]: FolkData: GOTOXYZ() for 昀然 訾 to 21,237,33,0 - Method:container.sim.GotoMethod2 DIM:0
[21:39:38] [Server thread/WARN] [sim/]: FolkData:onUpdate() 瑾泉 ，景 还在工作
[21:39:38] [Server thread/INFO] [sim/]: FolkData: GOTOXYZ() for 瑾泉 ，景 to 26,237,33,0 - Method:container.sim.GotoMethod2 DIM:0
[21:39:38] [Server thread/INFO] [sim/]: FolkData: GOTOXYZ() for 瑾泉 ，景 to 21,237,33,0 - Method:container.sim.GotoMethod2 DIM:0
[21:39:38] [Server thread/WARN] [sim/]: FolkData:onUpdate() 昀然 訾 还在工作
[21:39:38] [Server thread/INFO] [sim/]: FolkData: GOTOXYZ() for 昀然 訾 to 26,237,33,0 - Method:container.sim.GotoMethod2 DIM:0
[21:39:38] [Server thread/INFO] [sim/]: FolkData: GOTOXYZ() for 昀然 訾 to 21,237,33,0 - Method:container.sim.GotoMethod2 DIM:0
[21:39:38] [Server thread/WARN] [sim/]: FolkData:onUpdate() 瑾泉 ，景 还在工作
[21:39:38] [Server thread/INFO] [sim/]: FolkData: GOTOXYZ() for 瑾泉 ，景 to 26,237,33,0 - Method:container.sim.GotoMethod2 DIM:0
[21:39:38] [Server thread/INFO] [sim/]: FolkData: GOTOXYZ() for 瑾泉 ，景 to 21,237,33,0 - Method:container.sim.GotoMethod2 DIM:0
[21:39:38] [Server thread/WARN] [sim/]: FolkData:onUpdate() 昀然 訾 还在工作
[21:39:38] [Server thread/INFO] [sim/]: FolkData: GOTOXYZ() for 昀然 訾 to 26,237,33,0 - Method:container.sim.GotoMethod2 DIM:0
[21:39:38] [Server thread/INFO] [sim/]: FolkData: GOTOXYZ() for 昀然 訾 to 21,237,33,0 - Method:container.sim.GotoMethod2 DIM:0
[21:39:38] [Server thread/WARN] [sim/]: FolkData:onUpdate() 瑾泉 ，景 还在工作
[21:39:38] [Server thread/INFO] [sim/]: FolkData: GOTOXYZ() for 瑾泉 ，景 to 26,237,33,0 - Method:container.sim.GotoMethod2 DIM:0
[21:39:38] [Server thread/INFO] [sim/]: FolkData: GOTOXYZ() for 瑾泉 ，景 to 21,237,33,0 - Method:container.sim.GotoMethod2 DIM:0
[21:39:38] [Server thread/WARN] [sim/]: FolkData:onUpdate() 昀然 訾 还在工作
[21:39:38] [Server thread/INFO] [sim/]: FolkData: GOTOXYZ() for 昀然 訾 to 26,237,33,0 - Method:container.sim.GotoMethod2 DIM:0
[21:39:38] [Server thread/INFO] [sim/]: FolkData: GOTOXYZ() for 昀然 訾 to 21,237,33,0 - Method:container.sim.GotoMethod2 DIM:0
[21:39:38] [Server thread/WARN] [sim/]: FolkData:onUpdate() 瑾泉 ，景 还在工作
[21:39:38] [Server thread/INFO] [sim/]: FolkData: GOTOXYZ() for 瑾泉 ，景 to 26,237,33,0 - Method:container.sim.GotoMethod2 DIM:0
[21:39:38] [Server thread/INFO] [sim/]: FolkData: GOTOXYZ() for 瑾泉 ，景 to 21,237,33,0 - Method:container.sim.GotoMethod2 DIM:0
[21:39:38] [Server thread/WARN] [sim/]: FolkData:onUpdate() 昀然 訾 还在工作
[21:39:38] [Server thread/INFO] [sim/]: FolkData: GOTOXYZ() for 昀然 訾 to 26,237,33,0 - Method:container.sim.GotoMethod2 DIM:0
[21:39:38] [Server thread/INFO] [sim/]: FolkData: GOTOXYZ() for 昀然 訾 to 21,237,33,0 - Method:container.sim.GotoMethod2 DIM:0
[21:39:38] [Server thread/WARN] [sim/]: FolkData:onUpdate() 瑾泉 ，景 还在工作
[21:39:38] [Server thread/INFO] [sim/]: FolkData: GOTOXYZ() for 瑾泉 ，景 to 26,237,33,0 - Method:container.sim.GotoMethod2 DIM:0
[21:39:38] [Server thread/INFO] [sim/]: FolkData: GOTOXYZ() for 瑾泉 ，景 to 21,237,33,0 - Method:container.sim.GotoMethod2 DIM:0
[21:39:38] [Server thread/WARN] [sim/]: FolkData:onUpdate() 昀然 訾 还在工作
[21:39:38] [Server thread/INFO] [sim/]: FolkData: GOTOXYZ() for 昀然 訾 to 26,237,33,0 - Method:container.sim.GotoMethod2 DIM:0
[21:39:38] [Server thread/INFO] [sim/]: FolkData: GOTOXYZ() for 昀然 訾 to 21,237,33,0 - Method:container.sim.GotoMethod2 DIM:0
[21:39:38] [Server thread/WARN] [sim/]: FolkData:onUpdate() 瑾泉 ，景 还在工作
[21:39:38] [Server thread/INFO] [sim/]: FolkData: GOTOXYZ() for 瑾泉 ，景 to 26,237,33,0 - Method:container.sim.GotoMethod2 DIM:0
[21:39:38] [Server thread/INFO] [sim/]: FolkData: GOTOXYZ() for 瑾泉 ，景 to 21,237,33,0 - Method:container.sim.GotoMethod2 DIM:0
[21:39:38] [Server thread/WARN] [sim/]: FolkData:onUpdate() 昀然 訾 还在工作
[21:39:38] [Server thread/INFO] [sim/]: FolkData: GOTOXYZ() for 昀然 訾 to 26,237,33,0 - Method:container.sim.GotoMethod2 DIM:0
[21:39:38] [Server thread/INFO] [sim/]: FolkData: GOTOXYZ() for 昀然 訾 to 21,237,33,0 - Method:container.sim.GotoMethod2 DIM:0
[21:39:38] [Server thread/WARN] [sim/]: FolkData:onUpdate() 瑾泉 ，景 还在工作
[21:39:38] [Server thread/INFO] [sim/]: FolkData: GOTOXYZ() for 瑾泉 ，景 to 26,237,33,0 - Method:container.sim.GotoMethod2 DIM:0
[21:39:38] [Server thread/INFO] [sim/]: FolkData: GOTOXYZ() for 瑾泉 ，景 to 21,237,33,0 - Method:container.sim.GotoMethod2 DIM:0
[21:39:38] [Server thread/WARN] [sim/]: FolkData:onUpdate() 昀然 訾 还在工作
[21:39:38] [Server thread/INFO] [sim/]: FolkData: GOTOXYZ() for 昀然 訾 to 26,237,33,0 - Method:container.sim.GotoMethod2 DIM:0
[21:39:38] [Server thread/INFO] [sim/]: FolkData: GOTOXYZ() for 昀然 訾 to 21,237,33,0 - Method:container.sim.GotoMethod2 DIM:0
[21:39:38] [Server thread/WARN] [sim/]: FolkData:onUpdate() 瑾泉 ，景 还在工作
[21:39:38] [Server thread/INFO] [sim/]: FolkData: GOTOXYZ() for 瑾泉 ，景 to 26,237,33,0 - Method:container.sim.GotoMethod2 DIM:0
[21:39:38] [Server thread/INFO] [sim/]: FolkData: GOTOXYZ() for 瑾泉 ，景 to 21,237,33,0 - Method:container.sim.GotoMethod2 DIM:0
[21:39:38] [Server thread/WARN] [sim/]: FolkData:onUpdate() 昀然 訾 还在工作
[21:39:38] [Server thread/INFO] [sim/]: FolkData: GOTOXYZ() for 昀然 訾 to 26,237,33,0 - Method:container.sim.GotoMethod2 DIM:0
[21:39:38] [Server thread/INFO] [sim/]: FolkData: GOTOXYZ() for 昀然 訾 to 21,237,33,0 - Method:container.sim.GotoMethod2 DIM:0
[21:39:38] [Server thread/WARN] [sim/]: FolkData:onUpdate() 瑾泉 ，景 还在工作
[21:39:38] [Server thread/INFO] [sim/]: FolkData: GOTOXYZ() for 瑾泉 ，景 to 26,237,33,0 - Method:container.sim.GotoMethod2 DIM:0
[21:39:38] [Server thread/INFO] [sim/]: FolkData: GOTOXYZ() for 瑾泉 ，景 to 21,237,33,0 - Method:container.sim.GotoMethod2 DIM:0
[21:39:38] [Server thread/WARN] [sim/]: FolkData:onUpdate() 昀然 訾 还在工作
[21:39:38] [Server thread/INFO] [sim/]: FolkData: GOTOXYZ() for 昀然 訾 to 26,237,33,0 - Method:container.sim.GotoMethod2 DIM:0
[21:39:38] [Server thread/INFO] [sim/]: FolkData: GOTOXYZ() for 昀然 訾 to 21,237,33,0 - Method:container.sim.GotoMethod2 DIM:0
[21:39:38] [Server thread/WARN] [sim/]: FolkData:onUpdate() 瑾泉 ，景 还在工作
[21:39:38] [Server thread/INFO] [sim/]: FolkData: GOTOXYZ() for 瑾泉 ，景 to 26,237,33,0 - Method:container.sim.GotoMethod2 DIM:0
[21:39:38] [Server thread/INFO] [sim/]: FolkData: GOTOXYZ() for 瑾泉 ，景 to 21,237,33,0 - Method:container.sim.GotoMethod2 DIM:0
[21:39:38] [Server thread/WARN] [sim/]: FolkData:onUpdate() 昀然 訾 还在工作
[21:39:38] [Server thread/INFO] [sim/]: FolkData: GOTOXYZ() for 昀然 訾 to 26,237,33,0 - Method:container.sim.GotoMethod2 DIM:0
[21:39:38] [Server thread/INFO] [sim/]: FolkData: GOTOXYZ() for 昀然 訾 to 21,237,33,0 - Method:container.sim.GotoMethod2 DIM:0
[21:39:38] [Server thread/WARN] [sim/]: FolkData:onUpdate() 瑾泉 ，景 还在工作
[21:39:38] [Server thread/INFO] [sim/]: FolkData: GOTOXYZ() for 瑾泉 ，景 to 26,237,33,0 - Method:container.sim.GotoMethod2 DIM:0
[21:39:38] [Server thread/INFO] [sim/]: FolkData: GOTOXYZ() for 瑾泉 ，景 to 21,237,33,0 - Method:container.sim.GotoMethod2 DIM:0
[21:39:38] [Server thread/WARN] [sim/]: FolkData:onUpdate() 昀然 訾 还在工作
[21:39:38] [Server thread/INFO] [sim/]: FolkData: GOTOXYZ() for 昀然 訾 to 26,237,33,0 - Method:container.sim.GotoMethod2 DIM:0
[21:39:38] [Server thread/INFO] [sim/]: FolkData: GOTOXYZ() for 昀然 訾 to 21,237,33,0 - Method:container.sim.GotoMethod2 DIM:0
[21:39:38] [Server thread/WARN] [sim/]: FolkData:onUpdate() 瑾泉 ，景 还在工作
[21:39:38] [Server thread/INFO] [sim/]: FolkData: GOTOXYZ() for 瑾泉 ，景 to 26,237,33,0 - Method:container.sim.GotoMethod2 DIM:0
[21:39:38] [Server thread/INFO] [sim/]: FolkData: GOTOXYZ() for 瑾泉 ，景 to 21,237,33,0 - Method:container.sim.GotoMethod2 DIM:0
[21:39:38] [Server thread/WARN] [sim/]: FolkData:onUpdate() 昀然 訾 还在工作
[21:39:38] [Server thread/INFO] [sim/]: FolkData: GOTOXYZ() for 昀然 訾 to 26,237,33,0 - Method:container.sim.GotoMethod2 DIM:0
[21:39:38] [Server thread/INFO] [sim/]: FolkData: GOTOXYZ() for 昀然 訾 to 21,237,33,0 - Method:container.sim.GotoMethod2 DIM:0
[21:39:38] [Server thread/WARN] [sim/]: FolkData:onUpdate() 瑾泉 ，景 还在工作
[21:39:38] [Server thread/INFO] [sim/]: FolkData: GOTOXYZ() for 瑾泉 ，景 to 26,237,33,0 - Method:container.sim.GotoMethod2 DIM:0
[21:39:38] [Server thread/INFO] [sim/]: FolkData: GOTOXYZ() for 瑾泉 ，景 to 21,237,33,0 - Method:container.sim.GotoMethod2 DIM:0
[21:39:38] [Server thread/WARN] [sim/]: FolkData:onUpdate() 昀然 訾 还在工作
[21:39:38] [Server thread/INFO] [sim/]: FolkData: GOTOXYZ() for 昀然 訾 to 26,237,33,0 - Method:container.sim.GotoMethod2 DIM:0
[21:39:38] [Server thread/INFO] [sim/]: FolkData: GOTOXYZ() for 昀然 訾 to 21,237,33,0 - Method:container.sim.GotoMethod2 DIM:0
[21:39:38] [Server thread/WARN] [sim/]: FolkData:onUpdate() 瑾泉 ，景 还在工作
[21:39:38] [Server thread/INFO] [sim/]: FolkData: GOTOXYZ() for 瑾泉 ，景 to 26,237,33,0 - Method:container.sim.GotoMethod2 DIM:0
[21:39:38] [Server thread/INFO] [sim/]: FolkData: GOTOXYZ() for 瑾泉 ，景 to 21,237,33,0 - Method:container.sim.GotoMethod2 DIM:0
[21:39:38] [Server thread/WARN] [sim/]: FolkData:onUpdate() 昀然 訾 还在工作
[21:39:38] [Server thread/INFO] [sim/]: FolkData: GOTOXYZ() for 昀然 訾 to 26,237,33,0 - Method:container.sim.GotoMethod2 DIM:0
[21:39:38] [Server thread/INFO] [sim/]: FolkData: GOTOXYZ() for 昀然 訾 to 21,237,33,0 - Method:container.sim.GotoMethod2 DIM:0
[21:39:38] [Server thread/WARN] [sim/]: FolkData:onUpdate() 瑾泉 ，景 还在工作
[21:39:38] [Server thread/INFO] [sim/]: FolkData: GOTOXYZ() for 瑾泉 ，景 to 26,237,33,0 - Method:container.sim.GotoMethod2 DIM:0
[21:39:38] [Server thread/INFO] [sim/]: FolkData: GOTOXYZ() for 瑾泉 ，景 to 21,237,33,0 - Method:container.sim.GotoMethod2 DIM:0
[21:39:38] [Server thread/WARN] [sim/]: FolkData:onUpdate() 昀然 訾 还在工作
[21:39:38] [Server thread/INFO] [sim/]: FolkData: GOTOXYZ() for 昀然 訾 to 26,237,33,0 - Method:container.sim.GotoMethod2 DIM:0
[21:39:38] [Server thread/INFO] [sim/]: FolkData: GOTOXYZ() for 昀然 訾 to 21,237,33,0 - Method:container.sim.GotoMethod2 DIM:0
[21:39:38] [Server thread/WARN] [sim/]: FolkData:onUpdate() 瑾泉 ，景 还在工作
[21:39:38] [Server thread/INFO] [sim/]: FolkData: GOTOXYZ() for 瑾泉 ，景 to 26,237,33,0 - Method:container.sim.GotoMethod2 DIM:0
[21:39:38] [Server thread/INFO] [sim/]: FolkData: GOTOXYZ() for 瑾泉 ，景 to 21,237,33,0 - Method:container.sim.GotoMethod2 DIM:0
[21:39:38] [Server thread/WARN] [sim/]: FolkData:onUpdate() 昀然 訾 还在工作
[21:39:38] [Server thread/INFO] [sim/]: FolkData: GOTOXYZ() for 昀然 訾 to 26,237,33,0 - Method:container.sim.GotoMethod2 DIM:0
[21:39:38] [Server thread/INFO] [sim/]: FolkData: GOTOXYZ() for 昀然 訾 to 21,237,33,0 - Method:container.sim.GotoMethod2 DIM:0
[21:39:38] [Server thread/WARN] [sim/]: FolkData:onUpdate() 瑾泉 ，景 还在工作
[21:39:38] [Server thread/INFO] [sim/]: FolkData: GOTOXYZ() for 瑾泉 ，景 to 26,237,33,0 - Method:container.sim.GotoMethod2 DIM:0
[21:39:38] [Server thread/INFO] [sim/]: FolkData: GOTOXYZ() for 瑾泉 ，景 to 21,237,33,0 - Method:container.sim.GotoMethod2 DIM:0
[21:39:38] [Server thread/WARN] [sim/]: FolkData:onUpdate() 昀然 訾 还在工作
[21:39:38] [Server thread/INFO] [sim/]: FolkData: GOTOXYZ() for 昀然 訾 to 26,237,33,0 - Method:container.sim.GotoMethod2 DIM:0
[21:39:38] [Server thread/INFO] [sim/]: FolkData: GOTOXYZ() for 昀然 訾 to 21,237,33,0 - Method:container.sim.GotoMethod2 DIM:0
[21:39:38] [Server thread/WARN] [sim/]: FolkData:onUpdate() 瑾泉 ，景 还在工作
[21:39:38] [Server thread/INFO] [sim/]: FolkData: GOTOXYZ() for 瑾泉 ，景 to 26,237,33,0 - Method:container.sim.GotoMethod2 DIM:0
[21:39:38] [Server thread/INFO] [sim/]: FolkData: GOTOXYZ() for 瑾泉 ，景 to 21,237,33,0 - Method:container.sim.GotoMethod2 DIM:0
[21:39:38] [Server thread/WARN] [sim/]: FolkData:onUpdate() 昀然 訾 还在工作
[21:39:38] [Server thread/INFO] [sim/]: FolkData: GOTOXYZ() for 昀然 訾 to 26,237,33,0 - Method:container.sim.GotoMethod2 DIM:0
[21:39:38] [Server thread/INFO] [sim/]: FolkData: GOTOXYZ() for 昀然 訾 to 21,237,33,0 - Method:container.sim.GotoMethod2 DIM:0
[21:39:38] [Server thread/WARN] [sim/]: FolkData:onUpdate() 瑾泉 ，景 还在工作
[21:39:38] [Server thread/INFO] [sim/]: FolkData: GOTOXYZ() for 瑾泉 ，景 to 26,237,33,0 - Method:container.sim.GotoMethod2 DIM:0
[21:39:38] [Server thread/INFO] [sim/]: FolkData: GOTOXYZ() for 瑾泉 ，景 to 21,237,33,0 - Method:container.sim.GotoMethod2 DIM:0
[21:39:39] [Server thread/WARN] [sim/]: FolkData:onUpdate() 昀然 訾 还在工作
[21:39:39] [Server thread/INFO] [sim/]: FolkData: GOTOXYZ() for 昀然 訾 to 26,237,33,0 - Method:container.sim.GotoMethod2 DIM:0
[21:39:39] [Server thread/INFO] [sim/]: FolkData: GOTOXYZ() for 昀然 訾 to 21,237,33,0 - Method:container.sim.GotoMethod2 DIM:0
[21:39:39] [Server thread/WARN] [sim/]: FolkData:onUpdate() 瑾泉 ，景 还在工作
[21:39:39] [Server thread/INFO] [sim/]: FolkData: GOTOXYZ() for 瑾泉 ，景 to 26,237,33,0 - Method:container.sim.GotoMethod2 DIM:0
[21:39:39] [Server thread/INFO] [sim/]: FolkData: GOTOXYZ() for 瑾泉 ，景 to 21,237,33,0 - Method:container.sim.GotoMethod2 DIM:0
[21:39:39] [Server thread/WARN] [sim/]: FolkData:onUpdate() 昀然 訾 还在工作
[21:39:39] [Server thread/INFO] [sim/]: FolkData: GOTOXYZ() for 昀然 訾 to 26,237,33,0 - Method:container.sim.GotoMethod2 DIM:0
[21:39:39] [Server thread/INFO] [sim/]: FolkData: GOTOXYZ() for 昀然 訾 to 21,237,33,0 - Method:container.sim.GotoMethod2 DIM:0
[21:39:39] [Server thread/WARN] [sim/]: FolkData:onUpdate() 瑾泉 ，景 还在工作
[21:39:39] [Server thread/INFO] [sim/]: FolkData: GOTOXYZ() for 瑾泉 ，景 to 26,237,33,0 - Method:container.sim.GotoMethod2 DIM:0
[21:39:39] [Server thread/INFO] [sim/]: FolkData: GOTOXYZ() for 瑾泉 ，景 to 21,237,33,0 - Method:container.sim.GotoMethod2 DIM:0
[21:39:39] [Server thread/WARN] [sim/]: FolkData:onUpdate() 昀然 訾 还在工作
[21:39:39] [Server thread/INFO] [sim/]: FolkData: GOTOXYZ() for 昀然 訾 to 26,237,33,0 - Method:container.sim.GotoMethod2 DIM:0
[21:39:39] [Server thread/INFO] [sim/]: FolkData: GOTOXYZ() for 昀然 訾 to 21,237,33,0 - Method:container.sim.GotoMethod2 DIM:0
[21:39:39] [Server thread/WARN] [sim/]: FolkData:onUpdate() 瑾泉 ，景 还在工作
[21:39:39] [Server thread/INFO] [sim/]: FolkData: GOTOXYZ() for 瑾泉 ，景 to 26,237,33,0 - Method:container.sim.GotoMethod2 DIM:0
[21:39:39] [Server thread/INFO] [sim/]: FolkData: GOTOXYZ() for 瑾泉 ，景 to 21,237,33,0 - Method:container.sim.GotoMethod2 DIM:0
[21:39:39] [Server thread/WARN] [sim/]: FolkData:onUpdate() 昀然 訾 还在工作
[21:39:39] [Server thread/INFO] [sim/]: FolkData: GOTOXYZ() for 昀然 訾 to 26,237,33,0 - Method:container.sim.GotoMethod2 DIM:0
[21:39:39] [Server thread/INFO] [sim/]: FolkData: GOTOXYZ() for 昀然 訾 to 21,237,33,0 - Method:container.sim.GotoMethod2 DIM:0
[21:39:39] [Server thread/WARN] [sim/]: FolkData:onUpdate() 瑾泉 ，景 还在工作
[21:39:39] [Server thread/INFO] [sim/]: FolkData: GOTOXYZ() for 瑾泉 ，景 to 26,237,33,0 - Method:container.sim.GotoMethod2 DIM:0
[21:39:39] [Server thread/INFO] [sim/]: FolkData: GOTOXYZ() for 瑾泉 ，景 to 21,237,33,0 - Method:container.sim.GotoMethod2 DIM:0
[21:39:39] [Server thread/WARN] [sim/]: FolkData:onUpdate() 昀然 訾 还在工作
[21:39:39] [Server thread/INFO] [sim/]: FolkData: GOTOXYZ() for 昀然 訾 to 26,237,33,0 - Method:container.sim.GotoMethod2 DIM:0
[21:39:39] [Server thread/INFO] [sim/]: FolkData: GOTOXYZ() for 昀然 訾 to 21,237,33,0 - Method:container.sim.GotoMethod2 DIM:0
[21:39:39] [Server thread/WARN] [sim/]: FolkData:onUpdate() 瑾泉 ，景 还在工作
[21:39:39] [Server thread/INFO] [sim/]: FolkData: GOTOXYZ() for 瑾泉 ，景 to 26,237,33,0 - Method:container.sim.GotoMethod2 DIM:0
[21:39:39] [Server thread/INFO] [sim/]: FolkData: GOTOXYZ() for 瑾泉 ，景 to 21,237,33,0 - Method:container.sim.GotoMethod2 DIM:0
[21:39:39] [Server thread/WARN] [sim/]: FolkData:onUpdate() 昀然 訾 还在工作
[21:39:39] [Server thread/INFO] [sim/]: FolkData: GOTOXYZ() for 昀然 訾 to 26,237,33,0 - Method:container.sim.GotoMethod2 DIM:0
[21:39:39] [Server thread/INFO] [sim/]: FolkData: GOTOXYZ() for 昀然 訾 to 21,237,33,0 - Method:container.sim.GotoMethod2 DIM:0
[21:39:39] [Server thread/WARN] [sim/]: FolkData:onUpdate() 瑾泉 ，景 还在工作
[21:39:39] [Server thread/INFO] [sim/]: FolkData: GOTOXYZ() for 瑾泉 ，景 to 26,237,33,0 - Method:container.sim.GotoMethod2 DIM:0
[21:39:39] [Server thread/INFO] [sim/]: FolkData: GOTOXYZ() for 瑾泉 ，景 to 21,237,33,0 - Method:container.sim.GotoMethod2 DIM:0
[21:39:39] [Server thread/WARN] [sim/]: FolkData:onUpdate() 昀然 訾 还在工作
[21:39:39] [Server thread/INFO] [sim/]: FolkData: GOTOXYZ() for 昀然 訾 to 26,237,33,0 - Method:container.sim.GotoMethod2 DIM:0
[21:39:39] [Server thread/INFO] [sim/]: FolkData: GOTOXYZ() for 昀然 訾 to 21,237,33,0 - Method:container.sim.GotoMethod2 DIM:0
[21:39:39] [Server thread/WARN] [sim/]: FolkData:onUpdate() 瑾泉 ，景 还在工作
[21:39:39] [Server thread/INFO] [sim/]: FolkData: GOTOXYZ() for 瑾泉 ，景 to 26,237,33,0 - Method:container.sim.GotoMethod2 DIM:0
[21:39:39] [Server thread/INFO] [sim/]: FolkData: GOTOXYZ() for 瑾泉 ，景 to 21,237,33,0 - Method:container.sim.GotoMethod2 DIM:0
[21:39:39] [Server thread/WARN] [sim/]: FolkData:onUpdate() 昀然 訾 还在工作
[21:39:39] [Server thread/INFO] [sim/]: FolkData: GOTOXYZ() for 昀然 訾 to 26,237,33,0 - Method:container.sim.GotoMethod2 DIM:0
[21:39:39] [Server thread/INFO] [sim/]: FolkData: GOTOXYZ() for 昀然 訾 to 21,237,33,0 - Method:container.sim.GotoMethod2 DIM:0
[21:39:39] [Server thread/WARN] [sim/]: FolkData:onUpdate() 瑾泉 ，景 还在工作
[21:39:39] [Server thread/INFO] [sim/]: FolkData: GOTOXYZ() for 瑾泉 ，景 to 26,237,33,0 - Method:container.sim.GotoMethod2 DIM:0
[21:39:39] [Server thread/INFO] [sim/]: FolkData: GOTOXYZ() for 瑾泉 ，景 to 21,237,33,0 - Method:container.sim.GotoMethod2 DIM:0
[21:39:39] [Server thread/WARN] [sim/]: FolkData:onUpdate() 昀然 訾 还在工作
[21:39:39] [Server thread/INFO] [sim/]: FolkData: GOTOXYZ() for 昀然 訾 to 26,237,33,0 - Method:container.sim.GotoMethod2 DIM:0
[21:39:39] [Server thread/INFO] [sim/]: FolkData: GOTOXYZ() for 昀然 訾 to 21,237,33,0 - Method:container.sim.GotoMethod2 DIM:0
[21:39:39] [Server thread/WARN] [sim/]: FolkData:onUpdate() 瑾泉 ，景 还在工作
[21:39:39] [Server thread/INFO] [sim/]: FolkData: GOTOXYZ() for 瑾泉 ，景 to 26,237,33,0 - Method:container.sim.GotoMethod2 DIM:0
[21:39:39] [Server thread/INFO] [sim/]: FolkData: GOTOXYZ() for 瑾泉 ，景 to 21,237,33,0 - Method:container.sim.GotoMethod2 DIM:0
[21:39:39] [Server thread/WARN] [sim/]: FolkData:onUpdate() 昀然 訾 还在工作
[21:39:39] [Server thread/INFO] [sim/]: FolkData: GOTOXYZ() for 昀然 訾 to 26,237,33,0 - Method:container.sim.GotoMethod2 DIM:0
[21:39:39] [Server thread/INFO] [sim/]: FolkData: GOTOXYZ() for 昀然 訾 to 21,237,33,0 - Method:container.sim.GotoMethod2 DIM:0
[21:39:39] [Server thread/WARN] [sim/]: FolkData:onUpdate() 瑾泉 ，景 还在工作
[21:39:39] [Server thread/INFO] [sim/]: FolkData: GOTOXYZ() for 瑾泉 ，景 to 26,237,33,0 - Method:container.sim.GotoMethod2 DIM:0
[21:39:39] [Server thread/INFO] [sim/]: FolkData: GOTOXYZ() for 瑾泉 ，景 to 21,237,33,0 - Method:container.sim.GotoMethod2 DIM:0
[21:39:39] [Server thread/WARN] [sim/]: FolkData:onUpdate() 昀然 訾 还在工作
[21:39:39] [Server thread/INFO] [sim/]: FolkData: GOTOXYZ() for 昀然 訾 to 26,237,33,0 - Method:container.sim.GotoMethod2 DIM:0
[21:39:39] [Server thread/INFO] [sim/]: FolkData: GOTOXYZ() for 昀然 訾 to 21,237,33,0 - Method:container.sim.GotoMethod2 DIM:0
[21:39:39] [Server thread/INFO] [sim/]: FolkData: GOTOXYZ() for 欢妍 曾 to 17,237,15,0 - Method:container.sim.GotoMethod1 DIM:0
[21:39:39] [Server thread/INFO] [sim/]: FolkData: BeamMeTo() for 欢妍 曾 to 17,238,15,0 Dim:0
[21:39:39] [Server thread/WARN] [sim/]: FolkData:onUpdate() 瑾泉 ，景 还在工作
[21:39:39] [Server thread/INFO] [sim/]: FolkData: GOTOXYZ() for 瑾泉 ，景 to 26,237,33,0 - Method:container.sim.GotoMethod2 DIM:0
[21:39:39] [Server thread/INFO] [sim/]: FolkData: GOTOXYZ() for 瑾泉 ，景 to 21,237,33,0 - Method:container.sim.GotoMethod2 DIM:0
[21:39:39] [Server thread/WARN] [sim/]: FolkData:onUpdate() 昀然 訾 还在工作
[21:39:39] [Server thread/INFO] [sim/]: FolkData: GOTOXYZ() for 昀然 訾 to 26,237,33,0 - Method:container.sim.GotoMethod2 DIM:0
[21:39:39] [Server thread/INFO] [sim/]: FolkData: GOTOXYZ() for 昀然 訾 to 21,237,33,0 - Method:container.sim.GotoMethod2 DIM:0
[21:39:39] [Server thread/WARN] [sim/]: FolkData:onUpdate() 瑾泉 ，景 还在工作
[21:39:39] [Server thread/INFO] [sim/]: FolkData: GOTOXYZ() for 瑾泉 ，景 to 26,237,33,0 - Method:container.sim.GotoMethod2 DIM:0
[21:39:39] [Server thread/INFO] [sim/]: FolkData: GOTOXYZ() for 瑾泉 ，景 to 21,237,33,0 - Method:container.sim.GotoMethod2 DIM:0
[21:39:39] [Server thread/WARN] [sim/]: FolkData:onUpdate() 昀然 訾 还在工作
[21:39:39] [Server thread/INFO] [sim/]: FolkData: GOTOXYZ() for 昀然 訾 to 26,237,33,0 - Method:container.sim.GotoMethod2 DIM:0
[21:39:39] [Server thread/INFO] [sim/]: FolkData: GOTOXYZ() for 昀然 訾 to 21,237,33,0 - Method:container.sim.GotoMethod2 DIM:0
[21:39:39] [Server thread/WARN] [sim/]: FolkData:onUpdate() 瑾泉 ，景 还在工作
[21:39:39] [Server thread/INFO] [sim/]: FolkData: GOTOXYZ() for 瑾泉 ，景 to 26,237,33,0 - Method:container.sim.GotoMethod2 DIM:0
[21:39:39] [Server thread/INFO] [sim/]: FolkData: GOTOXYZ() for 瑾泉 ，景 to 21,237,33,0 - Method:container.sim.GotoMethod2 DIM:0
[21:39:39] [Server thread/WARN] [sim/]: FolkData:onUpdate() 昀然 訾 还在工作
[21:39:39] [Server thread/INFO] [sim/]: FolkData: GOTOXYZ() for 昀然 訾 to 26,237,33,0 - Method:container.sim.GotoMethod2 DIM:0
[21:39:39] [Server thread/INFO] [sim/]: FolkData: GOTOXYZ() for 昀然 訾 to 21,237,33,0 - Method:container.sim.GotoMethod2 DIM:0
[21:39:39] [Server thread/WARN] [sim/]: FolkData:onUpdate() 瑾泉 ，景 还在工作
[21:39:39] [Server thread/INFO] [sim/]: FolkData: GOTOXYZ() for 瑾泉 ，景 to 26,237,33,0 - Method:container.sim.GotoMethod2 DIM:0
[21:39:39] [Server thread/INFO] [sim/]: FolkData: GOTOXYZ() for 瑾泉 ，景 to 21,237,33,0 - Method:container.sim.GotoMethod2 DIM:0
[21:39:39] [Server thread/WARN] [sim/]: FolkData:onUpdate() 昀然 訾 还在工作
[21:39:39] [Server thread/INFO] [sim/]: FolkData: GOTOXYZ() for 昀然 訾 to 26,237,33,0 - Method:container.sim.GotoMethod2 DIM:0
[21:39:39] [Server thread/INFO] [sim/]: FolkData: GOTOXYZ() for 昀然 訾 to 21,237,33,0 - Method:container.sim.GotoMethod2 DIM:0
[21:39:39] [Server thread/WARN] [sim/]: FolkData:onUpdate() 瑾泉 ，景 还在工作
[21:39:39] [Server thread/INFO] [sim/]: FolkData: GOTOXYZ() for 瑾泉 ，景 to 26,237,33,0 - Method:container.sim.GotoMethod2 DIM:0
[21:39:39] [Server thread/INFO] [sim/]: FolkData: GOTOXYZ() for 瑾泉 ，景 to 21,237,33,0 - Method:container.sim.GotoMethod2 DIM:0
[21:39:39] [Server thread/WARN] [sim/]: FolkData:onUpdate() 昀然 訾 还在工作
[21:39:39] [Server thread/INFO] [sim/]: FolkData: GOTOXYZ() for 昀然 訾 to 26,237,33,0 - Method:container.sim.GotoMethod2 DIM:0
[21:39:39] [Server thread/INFO] [sim/]: FolkData: GOTOXYZ() for 昀然 訾 to 21,237,33,0 - Method:container.sim.GotoMethod2 DIM:0
[21:39:39] [Server thread/WARN] [sim/]: FolkData:onUpdate() 瑾泉 ，景 还在工作
[21:39:39] [Server thread/INFO] [sim/]: FolkData: GOTOXYZ() for 瑾泉 ，景 to 26,237,33,0 - Method:container.sim.GotoMethod2 DIM:0
[21:39:39] [Server thread/INFO] [sim/]: FolkData: GOTOXYZ() for 瑾泉 ，景 to 21,237,33,0 - Method:container.sim.GotoMethod2 DIM:0
[21:39:39] [Server thread/WARN] [sim/]: FolkData:onUpdate() 昀然 訾 还在工作
[21:39:39] [Server thread/INFO] [sim/]: FolkData: GOTOXYZ() for 昀然 訾 to 26,237,33,0 - Method:container.sim.GotoMethod2 DIM:0
[21:39:39] [Server thread/INFO] [sim/]: FolkData: GOTOXYZ() for 昀然 訾 to 21,237,33,0 - Method:container.sim.GotoMethod2 DIM:0
[21:39:39] [Server thread/WARN] [sim/]: FolkData:onUpdate() 瑾泉 ，景 还在工作
[21:39:39] [Server thread/INFO] [sim/]: FolkData: GOTOXYZ() for 瑾泉 ，景 to 26,237,33,0 - Method:container.sim.GotoMethod2 DIM:0
[21:39:39] [Server thread/INFO] [sim/]: FolkData: GOTOXYZ() for 瑾泉 ，景 to 21,237,33,0 - Method:container.sim.GotoMethod2 DIM:0
[21:39:39] [Server thread/WARN] [sim/]: FolkData:onUpdate() 昀然 訾 还在工作
[21:39:39] [Server thread/INFO] [sim/]: FolkData: GOTOXYZ() for 昀然 訾 to 26,237,33,0 - Method:container.sim.GotoMethod2 DIM:0
[21:39:39] [Server thread/INFO] [sim/]: FolkData: GOTOXYZ() for 昀然 訾 to 21,237,33,0 - Method:container.sim.GotoMethod2 DIM:0
[21:39:39] [Server thread/WARN] [sim/]: FolkData:onUpdate() 瑾泉 ，景 还在工作
[21:39:39] [Server thread/INFO] [sim/]: FolkData: GOTOXYZ() for 瑾泉 ，景 to 26,237,33,0 - Method:container.sim.GotoMethod2 DIM:0
[21:39:39] [Server thread/INFO] [sim/]: FolkData: GOTOXYZ() for 瑾泉 ，景 to 21,237,33,0 - Method:container.sim.GotoMethod2 DIM:0
[21:39:39] [Server thread/WARN] [sim/]: FolkData:onUpdate() 昀然 訾 还在工作
[21:39:39] [Server thread/INFO] [sim/]: FolkData: GOTOXYZ() for 昀然 訾 to 26,237,33,0 - Method:container.sim.GotoMethod2 DIM:0
[21:39:39] [Server thread/INFO] [sim/]: FolkData: GOTOXYZ() for 昀然 訾 to 21,237,33,0 - Method:container.sim.GotoMethod2 DIM:0
[21:39:39] [Server thread/WARN] [sim/]: FolkData:onUpdate() 瑾泉 ，景 还在工作
[21:39:39] [Server thread/INFO] [sim/]: FolkData: GOTOXYZ() for 瑾泉 ，景 to 26,237,33,0 - Method:container.sim.GotoMethod2 DIM:0
[21:39:39] [Server thread/INFO] [sim/]: FolkData: GOTOXYZ() for 瑾泉 ，景 to 21,237,33,0 - Method:container.sim.GotoMethod2 DIM:0
[21:39:39] [Server thread/WARN] [sim/]: FolkData:onUpdate() 昀然 訾 还在工作
[21:39:39] [Server thread/INFO] [sim/]: FolkData: GOTOXYZ() for 昀然 訾 to 26,237,33,0 - Method:container.sim.GotoMethod2 DIM:0
[21:39:39] [Server thread/INFO] [sim/]: FolkData: GOTOXYZ() for 昀然 訾 to 21,237,33,0 - Method:container.sim.GotoMethod2 DIM:0
[21:39:39] [Server thread/WARN] [sim/]: FolkData:onUpdate() 瑾泉 ，景 还在工作
[21:39:39] [Server thread/INFO] [sim/]: FolkData: GOTOXYZ() for 瑾泉 ，景 to 26,237,33,0 - Method:container.sim.GotoMethod2 DIM:0
[21:39:39] [Server thread/INFO] [sim/]: FolkData: GOTOXYZ() for 瑾泉 ，景 to 21,237,33,0 - Method:container.sim.GotoMethod2 DIM:0
[21:39:39] [Server thread/WARN] [sim/]: FolkData:onUpdate() 昀然 訾 还在工作
[21:39:39] [Server thread/INFO] [sim/]: FolkData: GOTOXYZ() for 昀然 訾 to 26,237,33,0 - Method:container.sim.GotoMethod2 DIM:0
[21:39:39] [Server thread/INFO] [sim/]: FolkData: GOTOXYZ() for 昀然 訾 to 21,237,33,0 - Method:container.sim.GotoMethod2 DIM:0
[21:39:39] [Server thread/WARN] [sim/]: FolkData:onUpdate() 瑾泉 ，景 还在工作
[21:39:39] [Server thread/INFO] [sim/]: FolkData: GOTOXYZ() for 瑾泉 ，景 to 26,237,33,0 - Method:container.sim.GotoMethod2 DIM:0
[21:39:39] [Server thread/INFO] [sim/]: FolkData: GOTOXYZ() for 瑾泉 ，景 to 21,237,33,0 - Method:container.sim.GotoMethod2 DIM:0
[21:39:39] [Server thread/WARN] [sim/]: FolkData:onUpdate() 昀然 訾 还在工作
[21:39:39] [Server thread/INFO] [sim/]: FolkData: GOTOXYZ() for 昀然 訾 to 26,237,33,0 - Method:container.sim.GotoMethod2 DIM:0
[21:39:39] [Server thread/INFO] [sim/]: FolkData: GOTOXYZ() for 昀然 訾 to 21,237,33,0 - Method:container.sim.GotoMethod2 DIM:0
[21:39:39] [Server thread/WARN] [sim/]: FolkData:onUpdate() 瑾泉 ，景 还在工作
[21:39:39] [Server thread/INFO] [sim/]: FolkData: GOTOXYZ() for 瑾泉 ，景 to 26,237,33,0 - Method:container.sim.GotoMethod2 DIM:0
[21:39:39] [Server thread/INFO] [sim/]: FolkData: GOTOXYZ() for 瑾泉 ，景 to 21,237,33,0 - Method:container.sim.GotoMethod2 DIM:0
[21:39:39] [Server thread/WARN] [sim/]: FolkData:onUpdate() 昀然 訾 还在工作
[21:39:39] [Server thread/INFO] [sim/]: FolkData: GOTOXYZ() for 昀然 訾 to 26,237,33,0 - Method:container.sim.GotoMethod2 DIM:0
[21:39:39] [Server thread/INFO] [sim/]: FolkData: GOTOXYZ() for 昀然 訾 to 21,237,33,0 - Method:container.sim.GotoMethod2 DIM:0
[21:39:39] [Server thread/WARN] [sim/]: FolkData:onUpdate() 瑾泉 ，景 还在工作
[21:39:39] [Server thread/INFO] [sim/]: FolkData: GOTOXYZ() for 瑾泉 ，景 to 26,237,33,0 - Method:container.sim.GotoMethod2 DIM:0
[21:39:39] [Server thread/INFO] [sim/]: FolkData: GOTOXYZ() for 瑾泉 ，景 to 21,237,33,0 - Method:container.sim.GotoMethod2 DIM:0
[21:39:39] [Server thread/WARN] [sim/]: FolkData:onUpdate() 昀然 訾 还在工作
[21:39:39] [Server thread/INFO] [sim/]: FolkData: GOTOXYZ() for 昀然 訾 to 26,237,33,0 - Method:container.sim.GotoMethod2 DIM:0
[21:39:39] [Server thread/INFO] [sim/]: FolkData: GOTOXYZ() for 昀然 訾 to 21,237,33,0 - Method:container.sim.GotoMethod2 DIM:0
[21:39:39] [Server thread/WARN] [sim/]: FolkData:onUpdate() 瑾泉 ，景 还在工作
[21:39:39] [Server thread/INFO] [sim/]: FolkData: GOTOXYZ() for 瑾泉 ，景 to 26,237,33,0 - Method:container.sim.GotoMethod2 DIM:0
[21:39:39] [Server thread/INFO] [sim/]: FolkData: GOTOXYZ() for 瑾泉 ，景 to 21,237,33,0 - Method:container.sim.GotoMethod2 DIM:0
[21:39:39] [Server thread/WARN] [sim/]: FolkData:onUpdate() 昀然 訾 还在工作
[21:39:39] [Server thread/INFO] [sim/]: FolkData: GOTOXYZ() for 昀然 訾 to 26,237,33,0 - Method:container.sim.GotoMethod2 DIM:0
[21:39:39] [Server thread/INFO] [sim/]: FolkData: GOTOXYZ() for 昀然 訾 to 21,237,33,0 - Method:container.sim.GotoMethod2 DIM:0
[21:39:39] [Server thread/WARN] [sim/]: FolkData:onUpdate() 瑾泉 ，景 还在工作
[21:39:39] [Server thread/INFO] [sim/]: FolkData: GOTOXYZ() for 瑾泉 ，景 to 26,237,33,0 - Method:container.sim.GotoMethod2 DIM:0
[21:39:39] [Server thread/INFO] [sim/]: FolkData: GOTOXYZ() for 瑾泉 ，景 to 21,237,33,0 - Method:container.sim.GotoMethod2 DIM:0
[21:39:39] [Server thread/WARN] [sim/]: FolkData:onUpdate() 昀然 訾 还在工作
[21:39:39] [Server thread/INFO] [sim/]: FolkData: GOTOXYZ() for 昀然 訾 to 26,237,33,0 - Method:container.sim.GotoMethod2 DIM:0
[21:39:39] [Server thread/INFO] [sim/]: FolkData: GOTOXYZ() for 昀然 訾 to 21,237,33,0 - Method:container.sim.GotoMethod2 DIM:0
[21:39:39] [Server thread/WARN] [sim/]: FolkData:onUpdate() 瑾泉 ，景 还在工作
[21:39:39] [Server thread/INFO] [sim/]: FolkData: GOTOXYZ() for 瑾泉 ，景 to 26,237,33,0 - Method:container.sim.GotoMethod2 DIM:0
[21:39:39] [Server thread/INFO] [sim/]: FolkData: GOTOXYZ() for 瑾泉 ，景 to 21,237,33,0 - Method:container.sim.GotoMethod2 DIM:0
[21:39:39] [Server thread/WARN] [sim/]: FolkData:onUpdate() 昀然 訾 还在工作
[21:39:39] [Server thread/INFO] [sim/]: FolkData: GOTOXYZ() for 昀然 訾 to 26,237,33,0 - Method:container.sim.GotoMethod2 DIM:0
[21:39:39] [Server thread/INFO] [sim/]: FolkData: GOTOXYZ() for 昀然 訾 to 21,237,33,0 - Method:container.sim.GotoMethod2 DIM:0
[21:39:39] [Server thread/WARN] [sim/]: FolkData:onUpdate() 瑾泉 ，景 还在工作
[21:39:39] [Server thread/INFO] [sim/]: FolkData: GOTOXYZ() for 瑾泉 ，景 to 26,237,33,0 - Method:container.sim.GotoMethod2 DIM:0
[21:39:39] [Server thread/INFO] [sim/]: FolkData: GOTOXYZ() for 瑾泉 ，景 to 21,237,33,0 - Method:container.sim.GotoMethod2 DIM:0
[21:39:39] [Server thread/WARN] [sim/]: FolkData:onUpdate() 昀然 訾 还在工作
[21:39:39] [Server thread/INFO] [sim/]: FolkData: GOTOXYZ() for 昀然 訾 to 26,237,33,0 - Method:container.sim.GotoMethod2 DIM:0
[21:39:39] [Server thread/INFO] [sim/]: FolkData: GOTOXYZ() for 昀然 訾 to 21,237,33,0 - Method:container.sim.GotoMethod2 DIM:0
[21:39:39] [Server thread/WARN] [sim/]: FolkData:onUpdate() 瑾泉 ，景 还在工作
[21:39:39] [Server thread/INFO] [sim/]: FolkData: GOTOXYZ() for 瑾泉 ，景 to 26,237,33,0 - Method:container.sim.GotoMethod2 DIM:0
[21:39:39] [Server thread/INFO] [sim/]: FolkData: GOTOXYZ() for 瑾泉 ，景 to 21,237,33,0 - Method:container.sim.GotoMethod2 DIM:0
[21:39:39] [Server thread/WARN] [sim/]: FolkData:onUpdate() 昀然 訾 还在工作
[21:39:39] [Server thread/INFO] [sim/]: FolkData: GOTOXYZ() for 昀然 訾 to 26,237,33,0 - Method:container.sim.GotoMethod2 DIM:0
[21:39:39] [Server thread/INFO] [sim/]: FolkData: GOTOXYZ() for 昀然 訾 to 21,237,33,0 - Method:container.sim.GotoMethod2 DIM:0
[21:39:39] [Server thread/WARN] [sim/]: FolkData:onUpdate() 瑾泉 ，景 还在工作
[21:39:39] [Server thread/INFO] [sim/]: FolkData: GOTOXYZ() for 瑾泉 ，景 to 26,237,33,0 - Method:container.sim.GotoMethod2 DIM:0
[21:39:39] [Server thread/INFO] [sim/]: FolkData: GOTOXYZ() for 瑾泉 ，景 to 21,237,33,0 - Method:container.sim.GotoMethod2 DIM:0
[21:39:39] [Server thread/WARN] [sim/]: FolkData:onUpdate() 昀然 訾 还在工作
[21:39:39] [Server thread/INFO] [sim/]: FolkData: GOTOXYZ() for 昀然 訾 to 26,237,33,0 - Method:container.sim.GotoMethod2 DIM:0
[21:39:39] [Server thread/INFO] [sim/]: FolkData: GOTOXYZ() for 昀然 訾 to 21,237,33,0 - Method:container.sim.GotoMethod2 DIM:0
[21:39:39] [Server thread/WARN] [sim/]: FolkData:onUpdate() 瑾泉 ，景 还在工作
[21:39:39] [Server thread/INFO] [sim/]: FolkData: GOTOXYZ() for 瑾泉 ，景 to 26,237,33,0 - Method:container.sim.GotoMethod2 DIM:0
[21:39:39] [Server thread/INFO] [sim/]: FolkData: GOTOXYZ() for 瑾泉 ，景 to 21,237,33,0 - Method:container.sim.GotoMethod2 DIM:0
[21:39:39] [Server thread/WARN] [sim/]: FolkData:onUpdate() 昀然 訾 还在工作
[21:39:39] [Server thread/INFO] [sim/]: FolkData: GOTOXYZ() for 昀然 訾 to 26,237,33,0 - Method:container.sim.GotoMethod2 DIM:0
[21:39:39] [Server thread/INFO] [sim/]: FolkData: GOTOXYZ() for 昀然 訾 to 21,237,33,0 - Method:container.sim.GotoMethod2 DIM:0
[21:39:39] [Server thread/WARN] [sim/]: FolkData:onUpdate() 瑾泉 ，景 还在工作
[21:39:39] [Server thread/INFO] [sim/]: FolkData: GOTOXYZ() for 瑾泉 ，景 to 26,237,33,0 - Method:container.sim.GotoMethod2 DIM:0
[21:39:39] [Server thread/INFO] [sim/]: FolkData: GOTOXYZ() for 瑾泉 ，景 to 21,237,33,0 - Method:container.sim.GotoMethod2 DIM:0
[21:39:39] [Server thread/WARN] [sim/]: FolkData:onUpdate() 昀然 訾 还在工作
[21:39:39] [Server thread/INFO] [sim/]: FolkData: GOTOXYZ() for 昀然 訾 to 26,237,33,0 - Method:container.sim.GotoMethod2 DIM:0
[21:39:39] [Server thread/INFO] [sim/]: FolkData: GOTOXYZ() for 昀然 訾 to 21,237,33,0 - Method:container.sim.GotoMethod2 DIM:0
[21:39:39] [Server thread/WARN] [sim/]: FolkData:onUpdate() 瑾泉 ，景 还在工作
[21:39:39] [Server thread/INFO] [sim/]: FolkData: GOTOXYZ() for 瑾泉 ，景 to 26,237,33,0 - Method:container.sim.GotoMethod2 DIM:0
[21:39:39] [Server thread/INFO] [sim/]: FolkData: GOTOXYZ() for 瑾泉 ，景 to 21,237,33,0 - Method:container.sim.GotoMethod2 DIM:0
[21:39:39] [Server thread/WARN] [sim/]: FolkData:onUpdate() 昀然 訾 还在工作
[21:39:39] [Server thread/INFO] [sim/]: FolkData: GOTOXYZ() for 昀然 訾 to 26,237,33,0 - Method:container.sim.GotoMethod2 DIM:0
[21:39:39] [Server thread/INFO] [sim/]: FolkData: GOTOXYZ() for 昀然 訾 to 21,237,33,0 - Method:container.sim.GotoMethod2 DIM:0
[21:39:39] [Server thread/WARN] [sim/]: FolkData:onUpdate() 瑾泉 ，景 还在工作
[21:39:39] [Server thread/INFO] [sim/]: FolkData: GOTOXYZ() for 瑾泉 ，景 to 26,237,33,0 - Method:container.sim.GotoMethod2 DIM:0
[21:39:39] [Server thread/INFO] [sim/]: FolkData: GOTOXYZ() for 瑾泉 ，景 to 21,237,33,0 - Method:container.sim.GotoMethod2 DIM:0
[21:39:39] [Server thread/WARN] [sim/]: FolkData:onUpdate() 昀然 訾 还在工作
[21:39:39] [Server thread/INFO] [sim/]: FolkData: GOTOXYZ() for 昀然 訾 to 26,237,33,0 - Method:container.sim.GotoMethod2 DIM:0
[21:39:39] [Server thread/INFO] [sim/]: FolkData: GOTOXYZ() for 昀然 訾 to 21,237,33,0 - Method:container.sim.GotoMethod2 DIM:0
[21:39:39] [Server thread/WARN] [sim/]: FolkData:onUpdate() 瑾泉 ，景 还在工作
[21:39:39] [Server thread/INFO] [sim/]: FolkData: GOTOXYZ() for 瑾泉 ，景 to 26,237,33,0 - Method:container.sim.GotoMethod2 DIM:0
[21:39:39] [Server thread/INFO] [sim/]: FolkData: GOTOXYZ() for 瑾泉 ，景 to 21,237,33,0 - Method:container.sim.GotoMethod2 DIM:0
[21:39:39] [Server thread/WARN] [sim/]: FolkData:onUpdate() 昀然 訾 还在工作
[21:39:39] [Server thread/INFO] [sim/]: FolkData: GOTOXYZ() for 昀然 訾 to 26,237,33,0 - Method:container.sim.GotoMethod2 DIM:0
[21:39:39] [Server thread/INFO] [sim/]: FolkData: GOTOXYZ() for 昀然 訾 to 21,237,33,0 - Method:container.sim.GotoMethod2 DIM:0
[21:39:39] [Server thread/WARN] [sim/]: FolkData:onUpdate() 瑾泉 ，景 还在工作
[21:39:39] [Server thread/INFO] [sim/]: FolkData: GOTOXYZ() for 瑾泉 ，景 to 26,237,33,0 - Method:container.sim.GotoMethod2 DIM:0
[21:39:39] [Server thread/INFO] [sim/]: FolkData: GOTOXYZ() for 瑾泉 ，景 to 21,237,33,0 - Method:container.sim.GotoMethod2 DIM:0
[21:39:39] [Server thread/WARN] [sim/]: FolkData:onUpdate() 昀然 訾 还在工作
[21:39:39] [Server thread/INFO] [sim/]: FolkData: GOTOXYZ() for 昀然 訾 to 26,237,33,0 - Method:container.sim.GotoMethod2 DIM:0
[21:39:39] [Server thread/INFO] [sim/]: FolkData: GOTOXYZ() for 昀然 訾 to 21,237,33,0 - Method:container.sim.GotoMethod2 DIM:0
[21:39:39] [Server thread/WARN] [sim/]: FolkData:onUpdate() 瑾泉 ，景 还在工作
[21:39:39] [Server thread/INFO] [sim/]: FolkData: GOTOXYZ() for 瑾泉 ，景 to 26,237,33,0 - Method:container.sim.GotoMethod2 DIM:0
[21:39:39] [Server thread/INFO] [sim/]: FolkData: GOTOXYZ() for 瑾泉 ，景 to 21,237,33,0 - Method:container.sim.GotoMethod2 DIM:0
[21:39:39] [Server thread/WARN] [sim/]: FolkData:onUpdate() 昀然 訾 还在工作
[21:39:39] [Server thread/INFO] [sim/]: FolkData: GOTOXYZ() for 昀然 訾 to 26,237,33,0 - Method:container.sim.GotoMethod2 DIM:0
[21:39:39] [Server thread/INFO] [sim/]: FolkData: GOTOXYZ() for 昀然 訾 to 21,237,33,0 - Method:container.sim.GotoMethod2 DIM:0
[21:39:39] [Server thread/WARN] [sim/]: FolkData:onUpdate() 瑾泉 ，景 还在工作
[21:39:39] [Server thread/INFO] [sim/]: FolkData: GOTOXYZ() for 瑾泉 ，景 to 26,237,33,0 - Method:container.sim.GotoMethod2 DIM:0
[21:39:39] [Server thread/INFO] [sim/]: FolkData: GOTOXYZ() for 瑾泉 ，景 to 21,237,33,0 - Method:container.sim.GotoMethod2 DIM:0
[21:39:39] [Server thread/WARN] [sim/]: FolkData:onUpdate() 昀然 訾 还在工作
[21:39:39] [Server thread/INFO] [sim/]: FolkData: GOTOXYZ() for 昀然 訾 to 26,237,33,0 - Method:container.sim.GotoMethod2 DIM:0
[21:39:39] [Server thread/INFO] [sim/]: FolkData: GOTOXYZ() for 昀然 訾 to 21,237,33,0 - Method:container.sim.GotoMethod2 DIM:0
[21:39:39] [Server thread/WARN] [sim/]: FolkData:onUpdate() 瑾泉 ，景 还在工作
[21:39:39] [Server thread/INFO] [sim/]: FolkData: GOTOXYZ() for 瑾泉 ，景 to 26,237,33,0 - Method:container.sim.GotoMethod2 DIM:0
[21:39:39] [Server thread/INFO] [sim/]: FolkData: GOTOXYZ() for 瑾泉 ，景 to 21,237,33,0 - Method:container.sim.GotoMethod2 DIM:0
[21:39:39] [Server thread/WARN] [sim/]: FolkData:onUpdate() 昀然 訾 还在工作
[21:39:39] [Server thread/INFO] [sim/]: FolkData: GOTOXYZ() for 昀然 訾 to 26,237,33,0 - Method:container.sim.GotoMethod2 DIM:0
[21:39:39] [Server thread/INFO] [sim/]: FolkData: GOTOXYZ() for 昀然 訾 to 21,237,33,0 - Method:container.sim.GotoMethod2 DIM:0
[21:39:39] [Server thread/WARN] [sim/]: FolkData:onUpdate() 瑾泉 ，景 还在工作
[21:39:39] [Server thread/INFO] [sim/]: FolkData: GOTOXYZ() for 瑾泉 ，景 to 26,237,33,0 - Method:container.sim.GotoMethod2 DIM:0
[21:39:39] [Server thread/INFO] [sim/]: FolkData: GOTOXYZ() for 瑾泉 ，景 to 21,237,33,0 - Method:container.sim.GotoMethod2 DIM:0
[21:39:39] [Server thread/WARN] [sim/]: FolkData:onUpdate() 昀然 訾 还在工作
[21:39:39] [Server thread/INFO] [sim/]: FolkData: GOTOXYZ() for 昀然 訾 to 26,237,33,0 - Method:container.sim.GotoMethod2 DIM:0
[21:39:39] [Server thread/INFO] [sim/]: FolkData: GOTOXYZ() for 昀然 訾 to 21,237,33,0 - Method:container.sim.GotoMethod2 DIM:0
[21:39:39] [Server thread/WARN] [sim/]: FolkData:onUpdate() 瑾泉 ，景 还在工作
[21:39:39] [Server thread/INFO] [sim/]: FolkData: GOTOXYZ() for 瑾泉 ，景 to 26,237,33,0 - Method:container.sim.GotoMethod2 DIM:0
[21:39:39] [Server thread/INFO] [sim/]: FolkData: GOTOXYZ() for 瑾泉 ，景 to 21,237,33,0 - Method:container.sim.GotoMethod2 DIM:0
[21:39:40] [Server thread/WARN] [sim/]: FolkData:onUpdate() 昀然 訾 还在工作
[21:39:40] [Server thread/INFO] [sim/]: FolkData: GOTOXYZ() for 昀然 訾 to 26,237,33,0 - Method:container.sim.GotoMethod2 DIM:0
[21:39:40] [Server thread/INFO] [sim/]: FolkData: GOTOXYZ() for 昀然 訾 to 21,237,33,0 - Method:container.sim.GotoMethod2 DIM:0
[21:39:40] [Server thread/WARN] [sim/]: FolkData:onUpdate() 瑾泉 ，景 还在工作
[21:39:40] [Server thread/INFO] [sim/]: FolkData: GOTOXYZ() for 瑾泉 ，景 to 26,237,33,0 - Method:container.sim.GotoMethod2 DIM:0
[21:39:40] [Server thread/INFO] [sim/]: FolkData: GOTOXYZ() for 瑾泉 ，景 to 21,237,33,0 - Method:container.sim.GotoMethod2 DIM:0
[21:39:40] [Server thread/WARN] [sim/]: FolkData:onUpdate() 昀然 訾 还在工作
[21:39:40] [Server thread/INFO] [sim/]: FolkData: GOTOXYZ() for 昀然 訾 to 26,237,33,0 - Method:container.sim.GotoMethod2 DIM:0
[21:39:40] [Server thread/INFO] [sim/]: FolkData: GOTOXYZ() for 昀然 訾 to 21,237,33,0 - Method:container.sim.GotoMethod2 DIM:0
[21:39:40] [Server thread/WARN] [sim/]: FolkData:onUpdate() 瑾泉 ，景 还在工作
[21:39:40] [Server thread/INFO] [sim/]: FolkData: GOTOXYZ() for 瑾泉 ，景 to 26,237,33,0 - Method:container.sim.GotoMethod2 DIM:0
[21:39:40] [Server thread/INFO] [sim/]: FolkData: GOTOXYZ() for 瑾泉 ，景 to 21,237,33,0 - Method:container.sim.GotoMethod2 DIM:0
[21:39:40] [Server thread/WARN] [sim/]: FolkData:onUpdate() 昀然 訾 还在工作
[21:39:40] [Server thread/INFO] [sim/]: FolkData: GOTOXYZ() for 昀然 訾 to 26,237,33,0 - Method:container.sim.GotoMethod2 DIM:0
[21:39:40] [Server thread/INFO] [sim/]: FolkData: GOTOXYZ() for 昀然 訾 to 21,237,33,0 - Method:container.sim.GotoMethod2 DIM:0
[21:39:40] [Server thread/WARN] [sim/]: FolkData:onUpdate() 瑾泉 ，景 还在工作
[21:39:40] [Server thread/INFO] [sim/]: FolkData: GOTOXYZ() for 瑾泉 ，景 to 26,237,33,0 - Method:container.sim.GotoMethod2 DIM:0
[21:39:40] [Server thread/INFO] [sim/]: FolkData: GOTOXYZ() for 瑾泉 ，景 to 21,237,33,0 - Method:container.sim.GotoMethod2 DIM:0
[21:39:40] [Server thread/WARN] [sim/]: FolkData:onUpdate() 昀然 訾 还在工作
[21:39:40] [Server thread/INFO] [sim/]: FolkData: GOTOXYZ() for 昀然 訾 to 26,237,33,0 - Method:container.sim.GotoMethod2 DIM:0
[21:39:40] [Server thread/INFO] [sim/]: FolkData: GOTOXYZ() for 昀然 訾 to 21,237,33,0 - Method:container.sim.GotoMethod2 DIM:0
[21:39:40] [Server thread/WARN] [sim/]: FolkData:onUpdate() 瑾泉 ，景 还在工作
[21:39:40] [Server thread/INFO] [sim/]: FolkData: GOTOXYZ() for 瑾泉 ，景 to 26,237,33,0 - Method:container.sim.GotoMethod2 DIM:0
[21:39:40] [Server thread/INFO] [sim/]: FolkData: GOTOXYZ() for 瑾泉 ，景 to 21,237,33,0 - Method:container.sim.GotoMethod2 DIM:0
[21:39:40] [Server thread/WARN] [sim/]: FolkData:onUpdate() 昀然 訾 还在工作
[21:39:40] [Server thread/INFO] [sim/]: FolkData: GOTOXYZ() for 昀然 訾 to 26,237,33,0 - Method:container.sim.GotoMethod2 DIM:0
[21:39:40] [Server thread/INFO] [sim/]: FolkData: GOTOXYZ() for 昀然 訾 to 21,237,33,0 - Method:container.sim.GotoMethod2 DIM:0
[21:39:40] [Server thread/WARN] [sim/]: FolkData:onUpdate() 瑾泉 ，景 还在工作
[21:39:40] [Server thread/INFO] [sim/]: FolkData: GOTOXYZ() for 瑾泉 ，景 to 26,237,33,0 - Method:container.sim.GotoMethod2 DIM:0
[21:39:40] [Server thread/INFO] [sim/]: FolkData: GOTOXYZ() for 瑾泉 ，景 to 21,237,33,0 - Method:container.sim.GotoMethod2 DIM:0
[21:39:40] [Server thread/WARN] [sim/]: FolkData:onUpdate() 昀然 訾 还在工作
[21:39:40] [Server thread/INFO] [sim/]: FolkData: GOTOXYZ() for 昀然 訾 to 26,237,33,0 - Method:container.sim.GotoMethod2 DIM:0
[21:39:40] [Server thread/INFO] [sim/]: FolkData: GOTOXYZ() for 昀然 訾 to 21,237,33,0 - Method:container.sim.GotoMethod2 DIM:0
[21:39:40] [Server thread/WARN] [sim/]: FolkData:onUpdate() 瑾泉 ，景 还在工作
[21:39:40] [Server thread/INFO] [sim/]: FolkData: GOTOXYZ() for 瑾泉 ，景 to 26,237,33,0 - Method:container.sim.GotoMethod2 DIM:0
[21:39:40] [Server thread/INFO] [sim/]: FolkData: GOTOXYZ() for 瑾泉 ，景 to 21,237,33,0 - Method:container.sim.GotoMethod2 DIM:0
[21:39:40] [Server thread/WARN] [sim/]: FolkData:onUpdate() 昀然 訾 还在工作
[21:39:40] [Server thread/INFO] [sim/]: FolkData: GOTOXYZ() for 昀然 訾 to 26,237,33,0 - Method:container.sim.GotoMethod2 DIM:0
[21:39:40] [Server thread/INFO] [sim/]: FolkData: GOTOXYZ() for 昀然 訾 to 21,237,33,0 - Method:container.sim.GotoMethod2 DIM:0
[21:39:40] [Server thread/WARN] [sim/]: FolkData:onUpdate() 瑾泉 ，景 还在工作
[21:39:40] [Server thread/INFO] [sim/]: FolkData: GOTOXYZ() for 瑾泉 ，景 to 26,237,33,0 - Method:container.sim.GotoMethod2 DIM:0
[21:39:40] [Server thread/INFO] [sim/]: FolkData: GOTOXYZ() for 瑾泉 ，景 to 21,237,33,0 - Method:container.sim.GotoMethod2 DIM:0
[21:39:40] [Server thread/WARN] [sim/]: FolkData:onUpdate() 昀然 訾 还在工作
[21:39:40] [Server thread/INFO] [sim/]: FolkData: GOTOXYZ() for 昀然 訾 to 26,237,33,0 - Method:container.sim.GotoMethod2 DIM:0
[21:39:40] [Server thread/INFO] [sim/]: FolkData: GOTOXYZ() for 昀然 訾 to 21,237,33,0 - Method:container.sim.GotoMethod2 DIM:0
[21:39:40] [Server thread/WARN] [sim/]: FolkData:onUpdate() 瑾泉 ，景 还在工作
[21:39:40] [Server thread/INFO] [sim/]: FolkData: GOTOXYZ() for 瑾泉 ，景 to 26,237,33,0 - Method:container.sim.GotoMethod2 DIM:0
[21:39:40] [Server thread/INFO] [sim/]: FolkData: GOTOXYZ() for 瑾泉 ，景 to 21,237,33,0 - Method:container.sim.GotoMethod2 DIM:0
[21:39:40] [Server thread/WARN] [sim/]: FolkData:onUpdate() 昀然 訾 还在工作
[21:39:40] [Server thread/INFO] [sim/]: FolkData: GOTOXYZ() for 昀然 訾 to 26,237,33,0 - Method:container.sim.GotoMethod2 DIM:0
[21:39:40] [Server thread/INFO] [sim/]: FolkData: GOTOXYZ() for 昀然 訾 to 21,237,33,0 - Method:container.sim.GotoMethod2 DIM:0
[21:39:40] [Server thread/WARN] [sim/]: FolkData:onUpdate() 瑾泉 ，景 还在工作
[21:39:40] [Server thread/INFO] [sim/]: FolkData: GOTOXYZ() for 瑾泉 ，景 to 26,237,33,0 - Method:container.sim.GotoMethod2 DIM:0
[21:39:40] [Server thread/INFO] [sim/]: FolkData: GOTOXYZ() for 瑾泉 ，景 to 21,237,33,0 - Method:container.sim.GotoMethod2 DIM:0
[21:39:40] [Server thread/WARN] [sim/]: FolkData:onUpdate() 昀然 訾 还在工作
[21:39:40] [Server thread/INFO] [sim/]: FolkData: GOTOXYZ() for 昀然 訾 to 26,237,33,0 - Method:container.sim.GotoMethod2 DIM:0
[21:39:40] [Server thread/INFO] [sim/]: FolkData: GOTOXYZ() for 昀然 訾 to 21,237,33,0 - Method:container.sim.GotoMethod2 DIM:0
[21:39:40] [Server thread/WARN] [sim/]: FolkData:onUpdate() 瑾泉 ，景 还在工作
[21:39:40] [Server thread/INFO] [sim/]: FolkData: GOTOXYZ() for 瑾泉 ，景 to 26,237,33,0 - Method:container.sim.GotoMethod2 DIM:0
[21:39:40] [Server thread/INFO] [sim/]: FolkData: GOTOXYZ() for 瑾泉 ，景 to 21,237,33,0 - Method:container.sim.GotoMethod2 DIM:0
[21:39:40] [Server thread/WARN] [sim/]: FolkData:onUpdate() 昀然 訾 还在工作
[21:39:40] [Server thread/INFO] [sim/]: FolkData: GOTOXYZ() for 昀然 訾 to 26,237,33,0 - Method:container.sim.GotoMethod2 DIM:0
[21:39:40] [Server thread/INFO] [sim/]: FolkData: GOTOXYZ() for 昀然 訾 to 21,237,33,0 - Method:container.sim.GotoMethod2 DIM:0
[21:39:40] [Server thread/WARN] [sim/]: FolkData:onUpdate() 瑾泉 ，景 还在工作
[21:39:40] [Server thread/INFO] [sim/]: FolkData: GOTOXYZ() for 瑾泉 ，景 to 26,237,33,0 - Method:container.sim.GotoMethod2 DIM:0
[21:39:40] [Server thread/INFO] [sim/]: FolkData: GOTOXYZ() for 瑾泉 ，景 to 21,237,33,0 - Method:container.sim.GotoMethod2 DIM:0
[21:39:40] [Server thread/WARN] [sim/]: FolkData:onUpdate() 昀然 訾 还在工作
[21:39:40] [Server thread/INFO] [sim/]: FolkData: GOTOXYZ() for 昀然 訾 to 26,237,33,0 - Method:container.sim.GotoMethod2 DIM:0
[21:39:40] [Server thread/INFO] [sim/]: FolkData: GOTOXYZ() for 昀然 訾 to 21,237,33,0 - Method:container.sim.GotoMethod2 DIM:0
[21:39:40] [Server thread/WARN] [sim/]: FolkData:onUpdate() 瑾泉 ，景 还在工作
[21:39:40] [Server thread/INFO] [sim/]: FolkData: GOTOXYZ() for 瑾泉 ，景 to 26,237,33,0 - Method:container.sim.GotoMethod2 DIM:0
[21:39:40] [Server thread/INFO] [sim/]: FolkData: GOTOXYZ() for 瑾泉 ，景 to 21,237,33,0 - Method:container.sim.GotoMethod2 DIM:0
[21:39:40] [Server thread/WARN] [sim/]: FolkData:onUpdate() 昀然 訾 还在工作
[21:39:40] [Server thread/INFO] [sim/]: FolkData: GOTOXYZ() for 昀然 訾 to 26,237,33,0 - Method:container.sim.GotoMethod2 DIM:0
[21:39:40] [Server thread/INFO] [sim/]: FolkData: GOTOXYZ() for 昀然 訾 to 21,237,33,0 - Method:container.sim.GotoMethod2 DIM:0
[21:39:40] [Server thread/WARN] [sim/]: FolkData:onUpdate() 瑾泉 ，景 还在工作
[21:39:40] [Server thread/INFO] [sim/]: FolkData: GOTOXYZ() for 瑾泉 ，景 to 26,237,33,0 - Method:container.sim.GotoMethod2 DIM:0
[21:39:40] [Server thread/INFO] [sim/]: FolkData: GOTOXYZ() for 瑾泉 ，景 to 21,237,33,0 - Method:container.sim.GotoMethod2 DIM:0
[21:39:40] [Server thread/WARN] [sim/]: FolkData:onUpdate() 昀然 訾 还在工作
[21:39:40] [Server thread/INFO] [sim/]: FolkData: GOTOXYZ() for 昀然 訾 to 26,237,33,0 - Method:container.sim.GotoMethod2 DIM:0
[21:39:40] [Server thread/INFO] [sim/]: FolkData: GOTOXYZ() for 昀然 訾 to 21,237,33,0 - Method:container.sim.GotoMethod2 DIM:0
[21:39:40] [Server thread/WARN] [sim/]: FolkData:onUpdate() 瑾泉 ，景 还在工作
[21:39:40] [Server thread/INFO] [sim/]: FolkData: GOTOXYZ() for 瑾泉 ，景 to 26,237,33,0 - Method:container.sim.GotoMethod2 DIM:0
[21:39:40] [Server thread/INFO] [sim/]: FolkData: GOTOXYZ() for 瑾泉 ，景 to 21,237,33,0 - Method:container.sim.GotoMethod2 DIM:0
[21:39:40] [Server thread/WARN] [sim/]: FolkData:onUpdate() 昀然 訾 还在工作
[21:39:40] [Server thread/INFO] [sim/]: FolkData: GOTOXYZ() for 昀然 訾 to 26,237,33,0 - Method:container.sim.GotoMethod2 DIM:0
[21:39:40] [Server thread/INFO] [sim/]: FolkData: GOTOXYZ() for 昀然 訾 to 21,237,33,0 - Method:container.sim.GotoMethod2 DIM:0
[21:39:40] [Server thread/WARN] [sim/]: FolkData:onUpdate() 瑾泉 ，景 还在工作
[21:39:40] [Server thread/INFO] [sim/]: FolkData: GOTOXYZ() for 瑾泉 ，景 to 26,237,33,0 - Method:container.sim.GotoMethod2 DIM:0
[21:39:40] [Server thread/INFO] [sim/]: FolkData: GOTOXYZ() for 瑾泉 ，景 to 21,237,33,0 - Method:container.sim.GotoMethod2 DIM:0
[21:39:40] [Server thread/WARN] [sim/]: FolkData:onUpdate() 昀然 訾 还在工作
[21:39:40] [Server thread/INFO] [sim/]: FolkData: GOTOXYZ() for 昀然 訾 to 26,237,33,0 - Method:container.sim.GotoMethod2 DIM:0
[21:39:40] [Server thread/INFO] [sim/]: FolkData: GOTOXYZ() for 昀然 訾 to 21,237,33,0 - Method:container.sim.GotoMethod2 DIM:0
[21:39:40] [Server thread/WARN] [sim/]: FolkData:onUpdate() 瑾泉 ，景 还在工作
[21:39:40] [Server thread/INFO] [sim/]: FolkData: GOTOXYZ() for 瑾泉 ，景 to 26,237,33,0 - Method:container.sim.GotoMethod2 DIM:0
[21:39:40] [Server thread/INFO] [sim/]: FolkData: GOTOXYZ() for 瑾泉 ，景 to 21,237,33,0 - Method:container.sim.GotoMethod2 DIM:0
[21:39:40] [Server thread/WARN] [sim/]: FolkData:onUpdate() 昀然 訾 还在工作
[21:39:40] [Server thread/INFO] [sim/]: FolkData: GOTOXYZ() for 昀然 訾 to 26,237,33,0 - Method:container.sim.GotoMethod2 DIM:0
[21:39:40] [Server thread/INFO] [sim/]: FolkData: GOTOXYZ() for 昀然 訾 to 21,237,33,0 - Method:container.sim.GotoMethod2 DIM:0
[21:39:40] [Server thread/WARN] [sim/]: FolkData:onUpdate() 瑾泉 ，景 还在工作
[21:39:40] [Server thread/INFO] [sim/]: FolkData: GOTOXYZ() for 瑾泉 ，景 to 26,237,33,0 - Method:container.sim.GotoMethod2 DIM:0
[21:39:40] [Server thread/INFO] [sim/]: FolkData: GOTOXYZ() for 瑾泉 ，景 to 21,237,33,0 - Method:container.sim.GotoMethod2 DIM:0
[21:39:40] [Server thread/WARN] [sim/]: FolkData:onUpdate() 昀然 訾 还在工作
[21:39:40] [Server thread/INFO] [sim/]: FolkData: GOTOXYZ() for 昀然 訾 to 26,237,33,0 - Method:container.sim.GotoMethod2 DIM:0
[21:39:40] [Server thread/INFO] [sim/]: FolkData: GOTOXYZ() for 昀然 訾 to 21,237,33,0 - Method:container.sim.GotoMethod2 DIM:0
[21:39:40] [Server thread/WARN] [sim/]: FolkData:onUpdate() 瑾泉 ，景 还在工作
[21:39:40] [Server thread/INFO] [sim/]: FolkData: GOTOXYZ() for 瑾泉 ，景 to 26,237,33,0 - Method:container.sim.GotoMethod2 DIM:0
[21:39:40] [Server thread/INFO] [sim/]: FolkData: GOTOXYZ() for 瑾泉 ，景 to 21,237,33,0 - Method:container.sim.GotoMethod2 DIM:0
[21:39:40] [Server thread/WARN] [sim/]: FolkData:onUpdate() 昀然 訾 还在工作
[21:39:40] [Server thread/INFO] [sim/]: FolkData: GOTOXYZ() for 昀然 訾 to 26,237,33,0 - Method:container.sim.GotoMethod2 DIM:0
[21:39:40] [Server thread/INFO] [sim/]: FolkData: GOTOXYZ() for 昀然 訾 to 21,237,33,0 - Method:container.sim.GotoMethod2 DIM:0
[21:39:40] [Server thread/WARN] [sim/]: FolkData:onUpdate() 瑾泉 ，景 还在工作
[21:39:40] [Server thread/INFO] [sim/]: FolkData: GOTOXYZ() for 瑾泉 ，景 to 26,237,33,0 - Method:container.sim.GotoMethod2 DIM:0
[21:39:40] [Server thread/INFO] [sim/]: FolkData: GOTOXYZ() for 瑾泉 ，景 to 21,237,33,0 - Method:container.sim.GotoMethod2 DIM:0
[21:39:40] [Server thread/WARN] [sim/]: FolkData:onUpdate() 昀然 訾 还在工作
[21:39:40] [Server thread/INFO] [sim/]: FolkData: GOTOXYZ() for 昀然 訾 to 26,237,33,0 - Method:container.sim.GotoMethod2 DIM:0
[21:39:40] [Server thread/INFO] [sim/]: FolkData: GOTOXYZ() for 昀然 訾 to 21,237,33,0 - Method:container.sim.GotoMethod2 DIM:0
[21:39:40] [Server thread/WARN] [sim/]: FolkData:onUpdate() 瑾泉 ，景 还在工作
[21:39:40] [Server thread/INFO] [sim/]: FolkData: GOTOXYZ() for 瑾泉 ，景 to 26,237,33,0 - Method:container.sim.GotoMethod2 DIM:0
[21:39:40] [Server thread/INFO] [sim/]: FolkData: GOTOXYZ() for 瑾泉 ，景 to 21,237,33,0 - Method:container.sim.GotoMethod2 DIM:0
[21:39:40] [Server thread/WARN] [sim/]: FolkData:onUpdate() 昀然 訾 还在工作
[21:39:40] [Server thread/INFO] [sim/]: FolkData: GOTOXYZ() for 昀然 訾 to 26,237,33,0 - Method:container.sim.GotoMethod2 DIM:0
[21:39:40] [Server thread/INFO] [sim/]: FolkData: GOTOXYZ() for 昀然 訾 to 21,237,33,0 - Method:container.sim.GotoMethod2 DIM:0
[21:39:40] [Server thread/WARN] [sim/]: FolkData:onUpdate() 瑾泉 ，景 还在工作
[21:39:40] [Server thread/INFO] [sim/]: FolkData: GOTOXYZ() for 瑾泉 ，景 to 26,237,33,0 - Method:container.sim.GotoMethod2 DIM:0
[21:39:40] [Server thread/INFO] [sim/]: FolkData: GOTOXYZ() for 瑾泉 ，景 to 21,237,33,0 - Method:container.sim.GotoMethod2 DIM:0
[21:39:40] [Server thread/WARN] [sim/]: FolkData:onUpdate() 昀然 訾 还在工作
[21:39:40] [Server thread/INFO] [sim/]: FolkData: GOTOXYZ() for 昀然 訾 to 26,237,33,0 - Method:container.sim.GotoMethod2 DIM:0
[21:39:40] [Server thread/INFO] [sim/]: FolkData: GOTOXYZ() for 昀然 訾 to 21,237,33,0 - Method:container.sim.GotoMethod2 DIM:0
[21:39:40] [Server thread/WARN] [sim/]: FolkData:onUpdate() 瑾泉 ，景 还在工作
[21:39:40] [Server thread/INFO] [sim/]: FolkData: GOTOXYZ() for 瑾泉 ，景 to 26,237,33,0 - Method:container.sim.GotoMethod2 DIM:0
[21:39:40] [Server thread/INFO] [sim/]: FolkData: GOTOXYZ() for 瑾泉 ，景 to 21,237,33,0 - Method:container.sim.GotoMethod2 DIM:0
[21:39:40] [Server thread/WARN] [sim/]: FolkData:onUpdate() 昀然 訾 还在工作
[21:39:40] [Server thread/INFO] [sim/]: FolkData: GOTOXYZ() for 昀然 訾 to 26,237,33,0 - Method:container.sim.GotoMethod2 DIM:0
[21:39:40] [Server thread/INFO] [sim/]: FolkData: GOTOXYZ() for 昀然 訾 to 21,237,33,0 - Method:container.sim.GotoMethod2 DIM:0
[21:39:40] [Server thread/WARN] [sim/]: FolkData:onUpdate() 瑾泉 ，景 还在工作
[21:39:40] [Server thread/INFO] [sim/]: FolkData: GOTOXYZ() for 瑾泉 ，景 to 26,237,33,0 - Method:container.sim.GotoMethod2 DIM:0
[21:39:40] [Server thread/INFO] [sim/]: FolkData: GOTOXYZ() for 瑾泉 ，景 to 21,237,33,0 - Method:container.sim.GotoMethod2 DIM:0
[21:39:40] [Server thread/WARN] [sim/]: FolkData:onUpdate() 昀然 訾 还在工作
[21:39:40] [Server thread/INFO] [sim/]: FolkData: GOTOXYZ() for 昀然 訾 to 26,237,33,0 - Method:container.sim.GotoMethod2 DIM:0
[21:39:40] [Server thread/INFO] [sim/]: FolkData: GOTOXYZ() for 昀然 訾 to 21,237,33,0 - Method:container.sim.GotoMethod2 DIM:0
[21:39:40] [Server thread/WARN] [sim/]: FolkData:onUpdate() 瑾泉 ，景 还在工作
[21:39:40] [Server thread/INFO] [sim/]: FolkData: GOTOXYZ() for 瑾泉 ，景 to 26,237,33,0 - Method:container.sim.GotoMethod2 DIM:0
[21:39:40] [Server thread/INFO] [sim/]: FolkData: GOTOXYZ() for 瑾泉 ，景 to 21,237,33,0 - Method:container.sim.GotoMethod2 DIM:0
[21:39:40] [Server thread/WARN] [sim/]: FolkData:onUpdate() 昀然 訾 还在工作
[21:39:40] [Server thread/INFO] [sim/]: FolkData: GOTOXYZ() for 昀然 訾 to 26,237,33,0 - Method:container.sim.GotoMethod2 DIM:0
[21:39:40] [Server thread/INFO] [sim/]: FolkData: GOTOXYZ() for 昀然 訾 to 21,237,33,0 - Method:container.sim.GotoMethod2 DIM:0
[21:39:40] [Server thread/WARN] [sim/]: FolkData:onUpdate() 瑾泉 ，景 还在工作
[21:39:40] [Server thread/INFO] [sim/]: FolkData: GOTOXYZ() for 瑾泉 ，景 to 26,237,33,0 - Method:container.sim.GotoMethod2 DIM:0
[21:39:40] [Server thread/INFO] [sim/]: FolkData: GOTOXYZ() for 瑾泉 ，景 to 21,237,33,0 - Method:container.sim.GotoMethod2 DIM:0
[21:39:40] [Server thread/WARN] [sim/]: FolkData:onUpdate() 昀然 訾 还在工作
[21:39:40] [Server thread/INFO] [sim/]: FolkData: GOTOXYZ() for 昀然 訾 to 26,237,33,0 - Method:container.sim.GotoMethod2 DIM:0
[21:39:40] [Server thread/INFO] [sim/]: FolkData: GOTOXYZ() for 昀然 訾 to 21,237,33,0 - Method:container.sim.GotoMethod2 DIM:0
[21:39:40] [Server thread/WARN] [sim/]: FolkData:onUpdate() 瑾泉 ，景 还在工作
[21:39:40] [Server thread/INFO] [sim/]: FolkData: GOTOXYZ() for 瑾泉 ，景 to 26,237,33,0 - Method:container.sim.GotoMethod2 DIM:0
[21:39:40] [Server thread/INFO] [sim/]: FolkData: GOTOXYZ() for 瑾泉 ，景 to 21,237,33,0 - Method:container.sim.GotoMethod2 DIM:0
[21:39:40] [Server thread/WARN] [sim/]: FolkData:onUpdate() 昀然 訾 还在工作
[21:39:40] [Server thread/INFO] [sim/]: FolkData: GOTOXYZ() for 昀然 訾 to 26,237,33,0 - Method:container.sim.GotoMethod2 DIM:0
[21:39:40] [Server thread/INFO] [sim/]: FolkData: GOTOXYZ() for 昀然 訾 to 21,237,33,0 - Method:container.sim.GotoMethod2 DIM:0
[21:39:40] [Server thread/WARN] [sim/]: FolkData:onUpdate() 瑾泉 ，景 还在工作
[21:39:40] [Server thread/INFO] [sim/]: FolkData: GOTOXYZ() for 瑾泉 ，景 to 26,237,33,0 - Method:container.sim.GotoMethod2 DIM:0
[21:39:40] [Server thread/INFO] [sim/]: FolkData: GOTOXYZ() for 瑾泉 ，景 to 21,237,33,0 - Method:container.sim.GotoMethod2 DIM:0
[21:39:40] [Server thread/WARN] [sim/]: FolkData:onUpdate() 昀然 訾 还在工作
[21:39:40] [Server thread/INFO] [sim/]: FolkData: GOTOXYZ() for 昀然 訾 to 26,237,33,0 - Method:container.sim.GotoMethod2 DIM:0
[21:39:40] [Server thread/INFO] [sim/]: FolkData: GOTOXYZ() for 昀然 訾 to 21,237,33,0 - Method:container.sim.GotoMethod2 DIM:0
[21:39:40] [Server thread/WARN] [sim/]: FolkData:onUpdate() 瑾泉 ，景 还在工作
[21:39:40] [Server thread/INFO] [sim/]: FolkData: GOTOXYZ() for 瑾泉 ，景 to 26,237,33,0 - Method:container.sim.GotoMethod2 DIM:0
[21:39:40] [Server thread/INFO] [sim/]: FolkData: GOTOXYZ() for 瑾泉 ，景 to 21,237,33,0 - Method:container.sim.GotoMethod2 DIM:0
[21:39:40] [Server thread/WARN] [sim/]: FolkData:onUpdate() 昀然 訾 还在工作
[21:39:40] [Server thread/INFO] [sim/]: FolkData: GOTOXYZ() for 昀然 訾 to 26,237,33,0 - Method:container.sim.GotoMethod2 DIM:0
[21:39:40] [Server thread/INFO] [sim/]: FolkData: GOTOXYZ() for 昀然 訾 to 21,237,33,0 - Method:container.sim.GotoMethod2 DIM:0
[21:39:40] [Server thread/WARN] [sim/]: FolkData:onUpdate() 瑾泉 ，景 还在工作
[21:39:40] [Server thread/INFO] [sim/]: FolkData: GOTOXYZ() for 瑾泉 ，景 to 26,237,33,0 - Method:container.sim.GotoMethod2 DIM:0
[21:39:40] [Server thread/INFO] [sim/]: FolkData: GOTOXYZ() for 瑾泉 ，景 to 21,237,33,0 - Method:container.sim.GotoMethod2 DIM:0
[21:39:40] [Server thread/WARN] [sim/]: FolkData:onUpdate() 昀然 訾 还在工作
[21:39:40] [Server thread/INFO] [sim/]: FolkData: GOTOXYZ() for 昀然 訾 to 26,237,33,0 - Method:container.sim.GotoMethod2 DIM:0
[21:39:40] [Server thread/INFO] [sim/]: FolkData: GOTOXYZ() for 昀然 訾 to 21,237,33,0 - Method:container.sim.GotoMethod2 DIM:0
[21:39:40] [Server thread/WARN] [sim/]: FolkData:onUpdate() 瑾泉 ，景 还在工作
[21:39:40] [Server thread/INFO] [sim/]: FolkData: GOTOXYZ() for 瑾泉 ，景 to 26,237,33,0 - Method:container.sim.GotoMethod2 DIM:0
[21:39:40] [Server thread/INFO] [sim/]: FolkData: GOTOXYZ() for 瑾泉 ，景 to 21,237,33,0 - Method:container.sim.GotoMethod2 DIM:0
[21:39:40] [Server thread/WARN] [sim/]: FolkData:onUpdate() 昀然 訾 还在工作
[21:39:40] [Server thread/INFO] [sim/]: FolkData: GOTOXYZ() for 昀然 訾 to 26,237,33,0 - Method:container.sim.GotoMethod2 DIM:0
[21:39:40] [Server thread/INFO] [sim/]: FolkData: GOTOXYZ() for 昀然 訾 to 21,237,33,0 - Method:container.sim.GotoMethod2 DIM:0
[21:39:40] [Server thread/WARN] [sim/]: FolkData:onUpdate() 瑾泉 ，景 还在工作
[21:39:40] [Server thread/INFO] [sim/]: FolkData: GOTOXYZ() for 瑾泉 ，景 to 26,237,33,0 - Method:container.sim.GotoMethod2 DIM:0
[21:39:40] [Server thread/INFO] [sim/]: FolkData: GOTOXYZ() for 瑾泉 ，景 to 21,237,33,0 - Method:container.sim.GotoMethod2 DIM:0
[21:39:40] [Server thread/WARN] [sim/]: FolkData:onUpdate() 昀然 訾 还在工作
[21:39:40] [Server thread/INFO] [sim/]: FolkData: GOTOXYZ() for 昀然 訾 to 26,237,33,0 - Method:container.sim.GotoMethod2 DIM:0
[21:39:40] [Server thread/INFO] [sim/]: FolkData: GOTOXYZ() for 昀然 訾 to 21,237,33,0 - Method:container.sim.GotoMethod2 DIM:0
[21:39:40] [Server thread/WARN] [sim/]: FolkData:onUpdate() 瑾泉 ，景 还在工作
[21:39:40] [Server thread/INFO] [sim/]: FolkData: GOTOXYZ() for 瑾泉 ，景 to 26,237,33,0 - Method:container.sim.GotoMethod2 DIM:0
[21:39:40] [Server thread/INFO] [sim/]: FolkData: GOTOXYZ() for 瑾泉 ，景 to 21,237,33,0 - Method:container.sim.GotoMethod2 DIM:0
[21:39:40] [Server thread/WARN] [sim/]: FolkData:onUpdate() 昀然 訾 还在工作
[21:39:40] [Server thread/INFO] [sim/]: FolkData: GOTOXYZ() for 昀然 訾 to 26,237,33,0 - Method:container.sim.GotoMethod2 DIM:0
[21:39:40] [Server thread/INFO] [sim/]: FolkData: GOTOXYZ() for 昀然 訾 to 21,237,33,0 - Method:container.sim.GotoMethod2 DIM:0
[21:39:40] [Server thread/WARN] [sim/]: FolkData:onUpdate() 瑾泉 ，景 还在工作
[21:39:40] [Server thread/INFO] [sim/]: FolkData: GOTOXYZ() for 瑾泉 ，景 to 26,237,33,0 - Method:container.sim.GotoMethod2 DIM:0
[21:39:40] [Server thread/INFO] [sim/]: FolkData: GOTOXYZ() for 瑾泉 ，景 to 21,237,33,0 - Method:container.sim.GotoMethod2 DIM:0
[21:39:40] [Server thread/WARN] [sim/]: FolkData:onUpdate() 昀然 訾 还在工作
[21:39:40] [Server thread/INFO] [sim/]: FolkData: GOTOXYZ() for 昀然 訾 to 26,237,33,0 - Method:container.sim.GotoMethod2 DIM:0
[21:39:40] [Server thread/INFO] [sim/]: FolkData: GOTOXYZ() for 昀然 訾 to 21,237,33,0 - Method:container.sim.GotoMethod2 DIM:0
[21:39:40] [Server thread/WARN] [sim/]: FolkData:onUpdate() 瑾泉 ，景 还在工作
[21:39:40] [Server thread/INFO] [sim/]: FolkData: GOTOXYZ() for 瑾泉 ，景 to 26,237,33,0 - Method:container.sim.GotoMethod2 DIM:0
[21:39:40] [Server thread/INFO] [sim/]: FolkData: GOTOXYZ() for 瑾泉 ，景 to 21,237,33,0 - Method:container.sim.GotoMethod2 DIM:0
[21:39:40] [Server thread/WARN] [sim/]: FolkData:onUpdate() 昀然 訾 还在工作
[21:39:40] [Server thread/INFO] [sim/]: FolkData: GOTOXYZ() for 昀然 訾 to 26,237,33,0 - Method:container.sim.GotoMethod2 DIM:0
[21:39:40] [Server thread/INFO] [sim/]: FolkData: GOTOXYZ() for 昀然 訾 to 21,237,33,0 - Method:container.sim.GotoMethod2 DIM:0
[21:39:40] [Server thread/WARN] [sim/]: FolkData:onUpdate() 瑾泉 ，景 还在工作
[21:39:40] [Server thread/INFO] [sim/]: FolkData: GOTOXYZ() for 瑾泉 ，景 to 26,237,33,0 - Method:container.sim.GotoMethod2 DIM:0
[21:39:40] [Server thread/INFO] [sim/]: FolkData: GOTOXYZ() for 瑾泉 ，景 to 21,237,33,0 - Method:container.sim.GotoMethod2 DIM:0
[21:39:40] [Server thread/WARN] [sim/]: FolkData:onUpdate() 昀然 訾 还在工作
[21:39:40] [Server thread/INFO] [sim/]: FolkData: GOTOXYZ() for 昀然 訾 to 26,237,33,0 - Method:container.sim.GotoMethod2 DIM:0
[21:39:40] [Server thread/INFO] [sim/]: FolkData: GOTOXYZ() for 昀然 訾 to 21,237,33,0 - Method:container.sim.GotoMethod2 DIM:0
[21:39:40] [Server thread/WARN] [sim/]: FolkData:onUpdate() 瑾泉 ，景 还在工作
[21:39:40] [Server thread/INFO] [sim/]: FolkData: GOTOXYZ() for 瑾泉 ，景 to 26,237,33,0 - Method:container.sim.GotoMethod2 DIM:0
[21:39:40] [Server thread/INFO] [sim/]: FolkData: GOTOXYZ() for 瑾泉 ，景 to 21,237,33,0 - Method:container.sim.GotoMethod2 DIM:0
[21:39:40] [Server thread/WARN] [sim/]: FolkData:onUpdate() 昀然 訾 还在工作
[21:39:40] [Server thread/INFO] [sim/]: FolkData: GOTOXYZ() for 昀然 訾 to 26,237,33,0 - Method:container.sim.GotoMethod2 DIM:0
[21:39:40] [Server thread/INFO] [sim/]: FolkData: GOTOXYZ() for 昀然 訾 to 21,237,33,0 - Method:container.sim.GotoMethod2 DIM:0
[21:39:40] [Server thread/WARN] [sim/]: FolkData:onUpdate() 瑾泉 ，景 还在工作
[21:39:40] [Server thread/INFO] [sim/]: FolkData: GOTOXYZ() for 瑾泉 ，景 to 26,237,33,0 - Method:container.sim.GotoMethod2 DIM:0
[21:39:40] [Server thread/INFO] [sim/]: FolkData: GOTOXYZ() for 瑾泉 ，景 to 21,237,33,0 - Method:container.sim.GotoMethod2 DIM:0
[21:39:40] [Server thread/WARN] [sim/]: FolkData:onUpdate() 昀然 訾 还在工作
[21:39:40] [Server thread/INFO] [sim/]: FolkData: GOTOXYZ() for 昀然 訾 to 26,237,33,0 - Method:container.sim.GotoMethod2 DIM:0
[21:39:40] [Server thread/INFO] [sim/]: FolkData: GOTOXYZ() for 昀然 訾 to 21,237,33,0 - Method:container.sim.GotoMethod2 DIM:0
[21:39:40] [Server thread/WARN] [sim/]: FolkData:onUpdate() 瑾泉 ，景 还在工作
[21:39:40] [Server thread/INFO] [sim/]: FolkData: GOTOXYZ() for 瑾泉 ，景 to 26,237,33,0 - Method:container.sim.GotoMethod2 DIM:0
[21:39:40] [Server thread/INFO] [sim/]: FolkData: GOTOXYZ() for 瑾泉 ，景 to 21,237,33,0 - Method:container.sim.GotoMethod2 DIM:0
[21:39:40] [Server thread/WARN] [sim/]: FolkData:onUpdate() 昀然 訾 还在工作
[21:39:40] [Server thread/INFO] [sim/]: FolkData: GOTOXYZ() for 昀然 訾 to 26,237,33,0 - Method:container.sim.GotoMethod2 DIM:0
[21:39:40] [Server thread/INFO] [sim/]: FolkData: GOTOXYZ() for 昀然 訾 to 21,237,33,0 - Method:container.sim.GotoMethod2 DIM:0
[21:39:40] [Server thread/WARN] [sim/]: FolkData:onUpdate() 瑾泉 ，景 还在工作
[21:39:40] [Server thread/INFO] [sim/]: FolkData: GOTOXYZ() for 瑾泉 ，景 to 26,237,33,0 - Method:container.sim.GotoMethod2 DIM:0
[21:39:40] [Server thread/INFO] [sim/]: FolkData: GOTOXYZ() for 瑾泉 ，景 to 21,237,33,0 - Method:container.sim.GotoMethod2 DIM:0
[21:39:40] [Server thread/WARN] [sim/]: FolkData:onUpdate() 昀然 訾 还在工作
[21:39:40] [Server thread/INFO] [sim/]: FolkData: GOTOXYZ() for 昀然 訾 to 26,237,33,0 - Method:container.sim.GotoMethod2 DIM:0
[21:39:40] [Server thread/INFO] [sim/]: FolkData: GOTOXYZ() for 昀然 訾 to 21,237,33,0 - Method:container.sim.GotoMethod2 DIM:0
[21:39:40] [Server thread/WARN] [sim/]: FolkData:onUpdate() 瑾泉 ，景 还在工作
[21:39:40] [Server thread/INFO] [sim/]: FolkData: GOTOXYZ() for 瑾泉 ，景 to 26,237,33,0 - Method:container.sim.GotoMethod2 DIM:0
[21:39:40] [Server thread/INFO] [sim/]: FolkData: GOTOXYZ() for 瑾泉 ，景 to 21,237,33,0 - Method:container.sim.GotoMethod2 DIM:0
[21:39:41] [Server thread/WARN] [sim/]: FolkData:onUpdate() 昀然 訾 还在工作
[21:39:41] [Server thread/INFO] [sim/]: FolkData: GOTOXYZ() for 昀然 訾 to 26,237,33,0 - Method:container.sim.GotoMethod2 DIM:0
[21:39:41] [Server thread/INFO] [sim/]: FolkData: GOTOXYZ() for 昀然 訾 to 21,237,33,0 - Method:container.sim.GotoMethod2 DIM:0
[21:39:41] [Server thread/WARN] [sim/]: FolkData:onUpdate() 瑾泉 ，景 还在工作
[21:39:41] [Server thread/INFO] [sim/]: FolkData: GOTOXYZ() for 瑾泉 ，景 to 26,237,33,0 - Method:container.sim.GotoMethod2 DIM:0
[21:39:41] [Server thread/INFO] [sim/]: FolkData: GOTOXYZ() for 瑾泉 ，景 to 21,237,33,0 - Method:container.sim.GotoMethod2 DIM:0
[21:39:41] [Server thread/WARN] [sim/]: FolkData:onUpdate() 昀然 訾 还在工作
[21:39:41] [Server thread/INFO] [sim/]: FolkData: GOTOXYZ() for 昀然 訾 to 26,237,33,0 - Method:container.sim.GotoMethod2 DIM:0
[21:39:41] [Server thread/INFO] [sim/]: FolkData: GOTOXYZ() for 昀然 訾 to 21,237,33,0 - Method:container.sim.GotoMethod2 DIM:0
[21:39:41] [Server thread/WARN] [sim/]: FolkData:onUpdate() 瑾泉 ，景 还在工作
[21:39:41] [Server thread/INFO] [sim/]: FolkData: GOTOXYZ() for 瑾泉 ，景 to 26,237,33,0 - Method:container.sim.GotoMethod2 DIM:0
[21:39:41] [Server thread/INFO] [sim/]: FolkData: GOTOXYZ() for 瑾泉 ，景 to 21,237,33,0 - Method:container.sim.GotoMethod2 DIM:0
[21:39:41] [Server thread/WARN] [sim/]: FolkData:onUpdate() 昀然 訾 还在工作
[21:39:41] [Server thread/INFO] [sim/]: FolkData: GOTOXYZ() for 昀然 訾 to 26,237,33,0 - Method:container.sim.GotoMethod2 DIM:0
[21:39:41] [Server thread/INFO] [sim/]: FolkData: GOTOXYZ() for 昀然 訾 to 21,237,33,0 - Method:container.sim.GotoMethod2 DIM:0
[21:39:41] [Server thread/WARN] [sim/]: FolkData:onUpdate() 瑾泉 ，景 还在工作
[21:39:41] [Server thread/INFO] [sim/]: FolkData: GOTOXYZ() for 瑾泉 ，景 to 26,237,33,0 - Method:container.sim.GotoMethod2 DIM:0
[21:39:41] [Server thread/INFO] [sim/]: FolkData: GOTOXYZ() for 瑾泉 ，景 to 21,237,33,0 - Method:container.sim.GotoMethod2 DIM:0
[21:39:41] [Server thread/WARN] [sim/]: FolkData:onUpdate() 昀然 訾 还在工作
[21:39:41] [Server thread/INFO] [sim/]: FolkData: GOTOXYZ() for 昀然 訾 to 26,237,33,0 - Method:container.sim.GotoMethod2 DIM:0
[21:39:41] [Server thread/INFO] [sim/]: FolkData: GOTOXYZ() for 昀然 訾 to 21,237,33,0 - Method:container.sim.GotoMethod2 DIM:0
[21:39:41] [Server thread/WARN] [sim/]: FolkData:onUpdate() 瑾泉 ，景 还在工作
[21:39:41] [Server thread/INFO] [sim/]: FolkData: GOTOXYZ() for 瑾泉 ，景 to 26,237,33,0 - Method:container.sim.GotoMethod2 DIM:0
[21:39:41] [Server thread/INFO] [sim/]: FolkData: GOTOXYZ() for 瑾泉 ，景 to 21,237,33,0 - Method:container.sim.GotoMethod2 DIM:0
[21:39:41] [Server thread/WARN] [sim/]: FolkData:onUpdate() 昀然 訾 还在工作
[21:39:41] [Server thread/INFO] [sim/]: FolkData: GOTOXYZ() for 昀然 訾 to 26,237,33,0 - Method:container.sim.GotoMethod2 DIM:0
[21:39:41] [Server thread/INFO] [sim/]: FolkData: GOTOXYZ() for 昀然 訾 to 21,237,33,0 - Method:container.sim.GotoMethod2 DIM:0
[21:39:41] [Server thread/WARN] [sim/]: FolkData:onUpdate() 瑾泉 ，景 还在工作
[21:39:41] [Server thread/INFO] [sim/]: FolkData: GOTOXYZ() for 瑾泉 ，景 to 26,237,33,0 - Method:container.sim.GotoMethod2 DIM:0
[21:39:41] [Server thread/INFO] [sim/]: FolkData: GOTOXYZ() for 瑾泉 ，景 to 21,237,33,0 - Method:container.sim.GotoMethod2 DIM:0
[21:39:41] [Server thread/WARN] [sim/]: FolkData:onUpdate() 昀然 訾 还在工作
[21:39:41] [Server thread/INFO] [sim/]: FolkData: GOTOXYZ() for 昀然 訾 to 26,237,33,0 - Method:container.sim.GotoMethod2 DIM:0
[21:39:41] [Server thread/INFO] [sim/]: FolkData: GOTOXYZ() for 昀然 訾 to 21,237,33,0 - Method:container.sim.GotoMethod2 DIM:0
[21:39:41] [Server thread/WARN] [sim/]: FolkData:onUpdate() 瑾泉 ，景 还在工作
[21:39:41] [Server thread/INFO] [sim/]: FolkData: GOTOXYZ() for 瑾泉 ，景 to 26,237,33,0 - Method:container.sim.GotoMethod2 DIM:0
[21:39:41] [Server thread/INFO] [sim/]: FolkData: GOTOXYZ() for 瑾泉 ，景 to 21,237,33,0 - Method:container.sim.GotoMethod2 DIM:0
[21:39:41] [Server thread/WARN] [sim/]: FolkData:onUpdate() 昀然 訾 还在工作
[21:39:41] [Server thread/INFO] [sim/]: FolkData: GOTOXYZ() for 昀然 訾 to 26,237,33,0 - Method:container.sim.GotoMethod2 DIM:0
[21:39:41] [Server thread/INFO] [sim/]: FolkData: GOTOXYZ() for 昀然 訾 to 21,237,33,0 - Method:container.sim.GotoMethod2 DIM:0
[21:39:41] [Server thread/WARN] [sim/]: FolkData:onUpdate() 瑾泉 ，景 还在工作
[21:39:41] [Server thread/INFO] [sim/]: FolkData: GOTOXYZ() for 瑾泉 ，景 to 26,237,33,0 - Method:container.sim.GotoMethod2 DIM:0
[21:39:41] [Server thread/INFO] [sim/]: FolkData: GOTOXYZ() for 瑾泉 ，景 to 21,237,33,0 - Method:container.sim.GotoMethod2 DIM:0
[21:39:41] [Server thread/WARN] [sim/]: FolkData:onUpdate() 昀然 訾 还在工作
[21:39:41] [Server thread/INFO] [sim/]: FolkData: GOTOXYZ() for 昀然 訾 to 26,237,33,0 - Method:container.sim.GotoMethod2 DIM:0
[21:39:41] [Server thread/INFO] [sim/]: FolkData: GOTOXYZ() for 昀然 訾 to 21,237,33,0 - Method:container.sim.GotoMethod2 DIM:0
[21:39:41] [Server thread/WARN] [sim/]: FolkData:onUpdate() 瑾泉 ，景 还在工作
[21:39:41] [Server thread/INFO] [sim/]: FolkData: GOTOXYZ() for 瑾泉 ，景 to 26,237,33,0 - Method:container.sim.GotoMethod2 DIM:0
[21:39:41] [Server thread/INFO] [sim/]: FolkData: GOTOXYZ() for 瑾泉 ，景 to 21,237,33,0 - Method:container.sim.GotoMethod2 DIM:0
[21:39:41] [Server thread/WARN] [sim/]: FolkData:onUpdate() 昀然 訾 还在工作
[21:39:41] [Server thread/INFO] [sim/]: FolkData: GOTOXYZ() for 昀然 訾 to 26,237,33,0 - Method:container.sim.GotoMethod2 DIM:0
[21:39:41] [Server thread/INFO] [sim/]: FolkData: GOTOXYZ() for 昀然 訾 to 21,237,33,0 - Method:container.sim.GotoMethod2 DIM:0
[21:39:41] [Server thread/WARN] [sim/]: FolkData:onUpdate() 瑾泉 ，景 还在工作
[21:39:41] [Server thread/INFO] [sim/]: FolkData: GOTOXYZ() for 瑾泉 ，景 to 26,237,33,0 - Method:container.sim.GotoMethod2 DIM:0
[21:39:41] [Server thread/INFO] [sim/]: FolkData: GOTOXYZ() for 瑾泉 ，景 to 21,237,33,0 - Method:container.sim.GotoMethod2 DIM:0
[21:39:41] [Server thread/WARN] [sim/]: FolkData:onUpdate() 昀然 訾 还在工作
[21:39:41] [Server thread/INFO] [sim/]: FolkData: GOTOXYZ() for 昀然 訾 to 26,237,33,0 - Method:container.sim.GotoMethod2 DIM:0
[21:39:41] [Server thread/INFO] [sim/]: FolkData: GOTOXYZ() for 昀然 訾 to 21,237,33,0 - Method:container.sim.GotoMethod2 DIM:0
[21:39:41] [Server thread/WARN] [sim/]: FolkData:onUpdate() 瑾泉 ，景 还在工作
[21:39:41] [Server thread/INFO] [sim/]: FolkData: GOTOXYZ() for 瑾泉 ，景 to 26,237,33,0 - Method:container.sim.GotoMethod2 DIM:0
[21:39:41] [Server thread/INFO] [sim/]: FolkData: GOTOXYZ() for 瑾泉 ，景 to 21,237,33,0 - Method:container.sim.GotoMethod2 DIM:0
[21:39:41] [Server thread/WARN] [sim/]: FolkData:onUpdate() 昀然 訾 还在工作
[21:39:41] [Server thread/INFO] [sim/]: FolkData: GOTOXYZ() for 昀然 訾 to 26,237,33,0 - Method:container.sim.GotoMethod2 DIM:0
[21:39:41] [Server thread/INFO] [sim/]: FolkData: GOTOXYZ() for 昀然 訾 to 21,237,33,0 - Method:container.sim.GotoMethod2 DIM:0
[21:39:41] [Server thread/WARN] [sim/]: FolkData:onUpdate() 瑾泉 ，景 还在工作
[21:39:41] [Server thread/INFO] [sim/]: FolkData: GOTOXYZ() for 瑾泉 ，景 to 26,237,33,0 - Method:container.sim.GotoMethod2 DIM:0
[21:39:41] [Server thread/INFO] [sim/]: FolkData: GOTOXYZ() for 瑾泉 ，景 to 21,237,33,0 - Method:container.sim.GotoMethod2 DIM:0
[21:39:41] [Server thread/WARN] [sim/]: FolkData:onUpdate() 昀然 訾 还在工作
[21:39:41] [Server thread/INFO] [sim/]: FolkData: GOTOXYZ() for 昀然 訾 to 26,237,33,0 - Method:container.sim.GotoMethod2 DIM:0
[21:39:41] [Server thread/INFO] [sim/]: FolkData: GOTOXYZ() for 昀然 訾 to 21,237,33,0 - Method:container.sim.GotoMethod2 DIM:0
[21:39:41] [Server thread/WARN] [sim/]: FolkData:onUpdate() 瑾泉 ，景 还在工作
[21:39:41] [Server thread/INFO] [sim/]: FolkData: GOTOXYZ() for 瑾泉 ，景 to 26,237,33,0 - Method:container.sim.GotoMethod2 DIM:0
[21:39:41] [Server thread/INFO] [sim/]: FolkData: GOTOXYZ() for 瑾泉 ，景 to 21,237,33,0 - Method:container.sim.GotoMethod2 DIM:0
[21:39:41] [Server thread/WARN] [sim/]: FolkData:onUpdate() 昀然 訾 还在工作
[21:39:41] [Server thread/INFO] [sim/]: FolkData: GOTOXYZ() for 昀然 訾 to 26,237,33,0 - Method:container.sim.GotoMethod2 DIM:0
[21:39:41] [Server thread/INFO] [sim/]: FolkData: GOTOXYZ() for 昀然 訾 to 21,237,33,0 - Method:container.sim.GotoMethod2 DIM:0
[21:39:41] [Server thread/WARN] [sim/]: FolkData:onUpdate() 瑾泉 ，景 还在工作
[21:39:41] [Server thread/INFO] [sim/]: FolkData: GOTOXYZ() for 瑾泉 ，景 to 26,237,33,0 - Method:container.sim.GotoMethod2 DIM:0
[21:39:41] [Server thread/INFO] [sim/]: FolkData: GOTOXYZ() for 瑾泉 ，景 to 21,237,33,0 - Method:container.sim.GotoMethod2 DIM:0
[21:39:41] [Server thread/WARN] [sim/]: FolkData:onUpdate() 昀然 訾 还在工作
[21:39:41] [Server thread/INFO] [sim/]: FolkData: GOTOXYZ() for 昀然 訾 to 26,237,33,0 - Method:container.sim.GotoMethod2 DIM:0
[21:39:41] [Server thread/INFO] [sim/]: FolkData: GOTOXYZ() for 昀然 訾 to 21,237,33,0 - Method:container.sim.GotoMethod2 DIM:0
[21:39:41] [Server thread/WARN] [sim/]: FolkData:onUpdate() 瑾泉 ，景 还在工作
[21:39:41] [Server thread/INFO] [sim/]: FolkData: GOTOXYZ() for 瑾泉 ，景 to 26,237,33,0 - Method:container.sim.GotoMethod2 DIM:0
[21:39:41] [Server thread/INFO] [sim/]: FolkData: GOTOXYZ() for 瑾泉 ，景 to 21,237,33,0 - Method:container.sim.GotoMethod2 DIM:0
[21:39:41] [Server thread/WARN] [sim/]: FolkData:onUpdate() 昀然 訾 还在工作
[21:39:41] [Server thread/INFO] [sim/]: FolkData: GOTOXYZ() for 昀然 訾 to 26,237,33,0 - Method:container.sim.GotoMethod2 DIM:0
[21:39:41] [Server thread/INFO] [sim/]: FolkData: GOTOXYZ() for 昀然 訾 to 21,237,33,0 - Method:container.sim.GotoMethod2 DIM:0
[21:39:41] [Server thread/WARN] [sim/]: FolkData:onUpdate() 瑾泉 ，景 还在工作
[21:39:41] [Server thread/INFO] [sim/]: FolkData: GOTOXYZ() for 瑾泉 ，景 to 26,237,33,0 - Method:container.sim.GotoMethod2 DIM:0
[21:39:41] [Server thread/INFO] [sim/]: FolkData: GOTOXYZ() for 瑾泉 ，景 to 21,237,33,0 - Method:container.sim.GotoMethod2 DIM:0
[21:39:41] [Server thread/WARN] [sim/]: FolkData:onUpdate() 昀然 訾 还在工作
[21:39:41] [Server thread/INFO] [sim/]: FolkData: GOTOXYZ() for 昀然 訾 to 26,237,33,0 - Method:container.sim.GotoMethod2 DIM:0
[21:39:41] [Server thread/INFO] [sim/]: FolkData: GOTOXYZ() for 昀然 訾 to 21,237,33,0 - Method:container.sim.GotoMethod2 DIM:0
[21:39:41] [Server thread/WARN] [sim/]: FolkData:onUpdate() 瑾泉 ，景 还在工作
[21:39:41] [Server thread/INFO] [sim/]: FolkData: GOTOXYZ() for 瑾泉 ，景 to 26,237,33,0 - Method:container.sim.GotoMethod2 DIM:0
[21:39:41] [Server thread/INFO] [sim/]: FolkData: GOTOXYZ() for 瑾泉 ，景 to 21,237,33,0 - Method:container.sim.GotoMethod2 DIM:0
[21:39:41] [Server thread/WARN] [sim/]: FolkData:onUpdate() 昀然 訾 还在工作
[21:39:41] [Server thread/INFO] [sim/]: FolkData: GOTOXYZ() for 昀然 訾 to 26,237,33,0 - Method:container.sim.GotoMethod2 DIM:0
[21:39:41] [Server thread/INFO] [sim/]: FolkData: GOTOXYZ() for 昀然 訾 to 21,237,33,0 - Method:container.sim.GotoMethod2 DIM:0
[21:39:41] [Server thread/WARN] [sim/]: FolkData:onUpdate() 瑾泉 ，景 还在工作
[21:39:41] [Server thread/INFO] [sim/]: FolkData: GOTOXYZ() for 瑾泉 ，景 to 26,237,33,0 - Method:container.sim.GotoMethod2 DIM:0
[21:39:41] [Server thread/INFO] [sim/]: FolkData: GOTOXYZ() for 瑾泉 ，景 to 21,237,33,0 - Method:container.sim.GotoMethod2 DIM:0
[21:39:41] [Server thread/WARN] [sim/]: FolkData:onUpdate() 昀然 訾 还在工作
[21:39:41] [Server thread/INFO] [sim/]: FolkData: GOTOXYZ() for 昀然 訾 to 26,237,33,0 - Method:container.sim.GotoMethod2 DIM:0
[21:39:41] [Server thread/INFO] [sim/]: FolkData: GOTOXYZ() for 昀然 訾 to 21,237,33,0 - Method:container.sim.GotoMethod2 DIM:0
[21:39:41] [Server thread/WARN] [sim/]: FolkData:onUpdate() 瑾泉 ，景 还在工作
[21:39:41] [Server thread/INFO] [sim/]: FolkData: GOTOXYZ() for 瑾泉 ，景 to 26,237,33,0 - Method:container.sim.GotoMethod2 DIM:0
[21:39:41] [Server thread/INFO] [sim/]: FolkData: GOTOXYZ() for 瑾泉 ，景 to 21,237,33,0 - Method:container.sim.GotoMethod2 DIM:0
[21:39:41] [Server thread/WARN] [sim/]: FolkData:onUpdate() 昀然 訾 还在工作
[21:39:41] [Server thread/INFO] [sim/]: FolkData: GOTOXYZ() for 昀然 訾 to 26,237,33,0 - Method:container.sim.GotoMethod2 DIM:0
[21:39:41] [Server thread/INFO] [sim/]: FolkData: GOTOXYZ() for 昀然 訾 to 21,237,33,0 - Method:container.sim.GotoMethod2 DIM:0
[21:39:41] [Server thread/WARN] [sim/]: FolkData:onUpdate() 瑾泉 ，景 还在工作
[21:39:41] [Server thread/INFO] [sim/]: FolkData: GOTOXYZ() for 瑾泉 ，景 to 26,237,33,0 - Method:container.sim.GotoMethod2 DIM:0
[21:39:41] [Server thread/INFO] [sim/]: FolkData: GOTOXYZ() for 瑾泉 ，景 to 21,237,33,0 - Method:container.sim.GotoMethod2 DIM:0
[21:39:41] [Server thread/WARN] [sim/]: FolkData:onUpdate() 昀然 訾 还在工作
[21:39:41] [Server thread/INFO] [sim/]: FolkData: GOTOXYZ() for 昀然 訾 to 26,237,33,0 - Method:container.sim.GotoMethod2 DIM:0
[21:39:41] [Server thread/INFO] [sim/]: FolkData: GOTOXYZ() for 昀然 訾 to 21,237,33,0 - Method:container.sim.GotoMethod2 DIM:0
[21:39:41] [Server thread/WARN] [sim/]: FolkData:onUpdate() 瑾泉 ，景 还在工作
[21:39:41] [Server thread/INFO] [sim/]: FolkData: GOTOXYZ() for 瑾泉 ，景 to 26,237,33,0 - Method:container.sim.GotoMethod2 DIM:0
[21:39:41] [Server thread/INFO] [sim/]: FolkData: GOTOXYZ() for 瑾泉 ，景 to 21,237,33,0 - Method:container.sim.GotoMethod2 DIM:0
[21:39:41] [Server thread/WARN] [sim/]: FolkData:onUpdate() 昀然 訾 还在工作
[21:39:41] [Server thread/INFO] [sim/]: FolkData: GOTOXYZ() for 昀然 訾 to 26,237,33,0 - Method:container.sim.GotoMethod2 DIM:0
[21:39:41] [Server thread/INFO] [sim/]: FolkData: GOTOXYZ() for 昀然 訾 to 21,237,33,0 - Method:container.sim.GotoMethod2 DIM:0
[21:39:41] [Server thread/WARN] [sim/]: FolkData:onUpdate() 瑾泉 ，景 还在工作
[21:39:41] [Server thread/INFO] [sim/]: FolkData: GOTOXYZ() for 瑾泉 ，景 to 26,237,33,0 - Method:container.sim.GotoMethod2 DIM:0
[21:39:41] [Server thread/INFO] [sim/]: FolkData: GOTOXYZ() for 瑾泉 ，景 to 21,237,33,0 - Method:container.sim.GotoMethod2 DIM:0
[21:39:41] [Server thread/WARN] [sim/]: FolkData:onUpdate() 昀然 訾 还在工作
[21:39:41] [Server thread/INFO] [sim/]: FolkData: GOTOXYZ() for 昀然 訾 to 26,237,33,0 - Method:container.sim.GotoMethod2 DIM:0
[21:39:41] [Server thread/INFO] [sim/]: FolkData: GOTOXYZ() for 昀然 訾 to 21,237,33,0 - Method:container.sim.GotoMethod2 DIM:0
[21:39:41] [Server thread/WARN] [sim/]: FolkData:onUpdate() 瑾泉 ，景 还在工作
[21:39:41] [Server thread/INFO] [sim/]: FolkData: GOTOXYZ() for 瑾泉 ，景 to 26,237,33,0 - Method:container.sim.GotoMethod2 DIM:0
[21:39:41] [Server thread/INFO] [sim/]: FolkData: GOTOXYZ() for 瑾泉 ，景 to 21,237,33,0 - Method:container.sim.GotoMethod2 DIM:0
[21:39:41] [Server thread/WARN] [sim/]: FolkData:onUpdate() 昀然 訾 还在工作
[21:39:41] [Server thread/INFO] [sim/]: FolkData: GOTOXYZ() for 昀然 訾 to 26,237,33,0 - Method:container.sim.GotoMethod2 DIM:0
[21:39:41] [Server thread/INFO] [sim/]: FolkData: GOTOXYZ() for 昀然 訾 to 21,237,33,0 - Method:container.sim.GotoMethod2 DIM:0
[21:39:41] [Server thread/WARN] [sim/]: FolkData:onUpdate() 瑾泉 ，景 还在工作
[21:39:41] [Server thread/INFO] [sim/]: FolkData: GOTOXYZ() for 瑾泉 ，景 to 26,237,33,0 - Method:container.sim.GotoMethod2 DIM:0
[21:39:41] [Server thread/INFO] [sim/]: FolkData: GOTOXYZ() for 瑾泉 ，景 to 21,237,33,0 - Method:container.sim.GotoMethod2 DIM:0
[21:39:41] [Server thread/WARN] [sim/]: FolkData:onUpdate() 昀然 訾 还在工作
[21:39:41] [Server thread/INFO] [sim/]: FolkData: GOTOXYZ() for 昀然 訾 to 26,237,33,0 - Method:container.sim.GotoMethod2 DIM:0
[21:39:41] [Server thread/INFO] [sim/]: FolkData: GOTOXYZ() for 昀然 訾 to 21,237,33,0 - Method:container.sim.GotoMethod2 DIM:0
[21:39:41] [Server thread/WARN] [sim/]: FolkData:onUpdate() 瑾泉 ，景 还在工作
[21:39:41] [Server thread/INFO] [sim/]: FolkData: GOTOXYZ() for 瑾泉 ，景 to 26,237,33,0 - Method:container.sim.GotoMethod2 DIM:0
[21:39:41] [Server thread/INFO] [sim/]: FolkData: GOTOXYZ() for 瑾泉 ，景 to 21,237,33,0 - Method:container.sim.GotoMethod2 DIM:0
[21:39:41] [Server thread/WARN] [sim/]: FolkData:onUpdate() 昀然 訾 还在工作
[21:39:41] [Server thread/INFO] [sim/]: FolkData: GOTOXYZ() for 昀然 訾 to 26,237,33,0 - Method:container.sim.GotoMethod2 DIM:0
[21:39:41] [Server thread/INFO] [sim/]: FolkData: GOTOXYZ() for 昀然 訾 to 21,237,33,0 - Method:container.sim.GotoMethod2 DIM:0
[21:39:41] [Server thread/WARN] [sim/]: FolkData:onUpdate() 瑾泉 ，景 还在工作
[21:39:41] [Server thread/INFO] [sim/]: FolkData: GOTOXYZ() for 瑾泉 ，景 to 26,237,33,0 - Method:container.sim.GotoMethod2 DIM:0
[21:39:41] [Server thread/INFO] [sim/]: FolkData: GOTOXYZ() for 瑾泉 ，景 to 21,237,33,0 - Method:container.sim.GotoMethod2 DIM:0
[21:39:41] [Server thread/WARN] [sim/]: FolkData:onUpdate() 昀然 訾 还在工作
[21:39:41] [Server thread/INFO] [sim/]: FolkData: GOTOXYZ() for 昀然 訾 to 26,237,33,0 - Method:container.sim.GotoMethod2 DIM:0
[21:39:41] [Server thread/INFO] [sim/]: FolkData: GOTOXYZ() for 昀然 訾 to 21,237,33,0 - Method:container.sim.GotoMethod2 DIM:0
[21:39:41] [Server thread/WARN] [sim/]: FolkData:onUpdate() 瑾泉 ，景 还在工作
[21:39:41] [Server thread/INFO] [sim/]: FolkData: GOTOXYZ() for 瑾泉 ，景 to 26,237,33,0 - Method:container.sim.GotoMethod2 DIM:0
[21:39:41] [Server thread/INFO] [sim/]: FolkData: GOTOXYZ() for 瑾泉 ，景 to 21,237,33,0 - Method:container.sim.GotoMethod2 DIM:0
[21:39:41] [Server thread/WARN] [sim/]: FolkData:onUpdate() 昀然 訾 还在工作
[21:39:41] [Server thread/INFO] [sim/]: FolkData: GOTOXYZ() for 昀然 訾 to 26,237,33,0 - Method:container.sim.GotoMethod2 DIM:0
[21:39:41] [Server thread/INFO] [sim/]: FolkData: GOTOXYZ() for 昀然 訾 to 21,237,33,0 - Method:container.sim.GotoMethod2 DIM:0
[21:39:41] [Server thread/WARN] [sim/]: FolkData:onUpdate() 瑾泉 ，景 还在工作
[21:39:41] [Server thread/INFO] [sim/]: FolkData: GOTOXYZ() for 瑾泉 ，景 to 26,237,33,0 - Method:container.sim.GotoMethod2 DIM:0
[21:39:41] [Server thread/INFO] [sim/]: FolkData: GOTOXYZ() for 瑾泉 ，景 to 21,237,33,0 - Method:container.sim.GotoMethod2 DIM:0
[21:39:41] [Server thread/WARN] [sim/]: FolkData:onUpdate() 昀然 訾 还在工作
[21:39:41] [Server thread/INFO] [sim/]: FolkData: GOTOXYZ() for 昀然 訾 to 26,237,33,0 - Method:container.sim.GotoMethod2 DIM:0
[21:39:41] [Server thread/INFO] [sim/]: FolkData: GOTOXYZ() for 昀然 訾 to 21,237,33,0 - Method:container.sim.GotoMethod2 DIM:0
[21:39:41] [Server thread/WARN] [sim/]: FolkData:onUpdate() 瑾泉 ，景 还在工作
[21:39:41] [Server thread/INFO] [sim/]: FolkData: GOTOXYZ() for 瑾泉 ，景 to 26,237,33,0 - Method:container.sim.GotoMethod2 DIM:0
[21:39:41] [Server thread/INFO] [sim/]: FolkData: GOTOXYZ() for 瑾泉 ，景 to 21,237,33,0 - Method:container.sim.GotoMethod2 DIM:0
[21:39:41] [Server thread/WARN] [sim/]: FolkData:onUpdate() 昀然 訾 还在工作
[21:39:41] [Server thread/INFO] [sim/]: FolkData: GOTOXYZ() for 昀然 訾 to 26,237,33,0 - Method:container.sim.GotoMethod2 DIM:0
[21:39:41] [Server thread/INFO] [sim/]: FolkData: GOTOXYZ() for 昀然 訾 to 21,237,33,0 - Method:container.sim.GotoMethod2 DIM:0
[21:39:41] [Server thread/WARN] [sim/]: FolkData:onUpdate() 瑾泉 ，景 还在工作
[21:39:41] [Server thread/INFO] [sim/]: FolkData: GOTOXYZ() for 瑾泉 ，景 to 26,237,33,0 - Method:container.sim.GotoMethod2 DIM:0
[21:39:41] [Server thread/INFO] [sim/]: FolkData: GOTOXYZ() for 瑾泉 ，景 to 21,237,33,0 - Method:container.sim.GotoMethod2 DIM:0
[21:39:41] [Server thread/WARN] [sim/]: FolkData:onUpdate() 昀然 訾 还在工作
[21:39:41] [Server thread/INFO] [sim/]: FolkData: GOTOXYZ() for 昀然 訾 to 26,237,33,0 - Method:container.sim.GotoMethod2 DIM:0
[21:39:41] [Server thread/INFO] [sim/]: FolkData: GOTOXYZ() for 昀然 訾 to 21,237,33,0 - Method:container.sim.GotoMethod2 DIM:0
[21:39:41] [Server thread/WARN] [sim/]: FolkData:onUpdate() 瑾泉 ，景 还在工作
[21:39:41] [Server thread/INFO] [sim/]: FolkData: GOTOXYZ() for 瑾泉 ，景 to 26,237,33,0 - Method:container.sim.GotoMethod2 DIM:0
[21:39:41] [Server thread/INFO] [sim/]: FolkData: GOTOXYZ() for 瑾泉 ，景 to 21,237,33,0 - Method:container.sim.GotoMethod2 DIM:0
[21:39:41] [Server thread/WARN] [sim/]: FolkData:onUpdate() 昀然 訾 还在工作
[21:39:41] [Server thread/INFO] [sim/]: FolkData: GOTOXYZ() for 昀然 訾 to 26,237,33,0 - Method:container.sim.GotoMethod2 DIM:0
[21:39:41] [Server thread/INFO] [sim/]: FolkData: GOTOXYZ() for 昀然 訾 to 21,237,33,0 - Method:container.sim.GotoMethod2 DIM:0
[21:39:41] [Server thread/WARN] [sim/]: FolkData:onUpdate() 瑾泉 ，景 还在工作
[21:39:41] [Server thread/INFO] [sim/]: FolkData: GOTOXYZ() for 瑾泉 ，景 to 26,237,33,0 - Method:container.sim.GotoMethod2 DIM:0
[21:39:41] [Server thread/INFO] [sim/]: FolkData: GOTOXYZ() for 瑾泉 ，景 to 21,237,33,0 - Method:container.sim.GotoMethod2 DIM:0
[21:39:41] [Server thread/WARN] [sim/]: FolkData:onUpdate() 昀然 訾 还在工作
[21:39:41] [Server thread/INFO] [sim/]: FolkData: GOTOXYZ() for 昀然 訾 to 26,237,33,0 - Method:container.sim.GotoMethod2 DIM:0
[21:39:41] [Server thread/INFO] [sim/]: FolkData: GOTOXYZ() for 昀然 訾 to 21,237,33,0 - Method:container.sim.GotoMethod2 DIM:0
[21:39:41] [Server thread/WARN] [sim/]: FolkData:onUpdate() 瑾泉 ，景 还在工作
[21:39:41] [Server thread/INFO] [sim/]: FolkData: GOTOXYZ() for 瑾泉 ，景 to 26,237,33,0 - Method:container.sim.GotoMethod2 DIM:0
[21:39:41] [Server thread/INFO] [sim/]: FolkData: GOTOXYZ() for 瑾泉 ，景 to 21,237,33,0 - Method:container.sim.GotoMethod2 DIM:0
[21:39:41] [Server thread/WARN] [sim/]: FolkData:onUpdate() 昀然 訾 还在工作
[21:39:41] [Server thread/INFO] [sim/]: FolkData: GOTOXYZ() for 昀然 訾 to 26,237,33,0 - Method:container.sim.GotoMethod2 DIM:0
[21:39:41] [Server thread/INFO] [sim/]: FolkData: GOTOXYZ() for 昀然 訾 to 21,237,33,0 - Method:container.sim.GotoMethod2 DIM:0
[21:39:41] [Server thread/WARN] [sim/]: FolkData:onUpdate() 瑾泉 ，景 还在工作
[21:39:41] [Server thread/INFO] [sim/]: FolkData: GOTOXYZ() for 瑾泉 ，景 to 26,237,33,0 - Method:container.sim.GotoMethod2 DIM:0
[21:39:41] [Server thread/INFO] [sim/]: FolkData: GOTOXYZ() for 瑾泉 ，景 to 21,237,33,0 - Method:container.sim.GotoMethod2 DIM:0
[21:39:41] [Server thread/WARN] [sim/]: FolkData:onUpdate() 昀然 訾 还在工作
[21:39:41] [Server thread/INFO] [sim/]: FolkData: GOTOXYZ() for 昀然 訾 to 26,237,33,0 - Method:container.sim.GotoMethod2 DIM:0
[21:39:41] [Server thread/INFO] [sim/]: FolkData: GOTOXYZ() for 昀然 訾 to 21,237,33,0 - Method:container.sim.GotoMethod2 DIM:0
[21:39:41] [Server thread/WARN] [sim/]: FolkData:onUpdate() 瑾泉 ，景 还在工作
[21:39:41] [Server thread/INFO] [sim/]: FolkData: GOTOXYZ() for 瑾泉 ，景 to 26,237,33,0 - Method:container.sim.GotoMethod2 DIM:0
[21:39:41] [Server thread/INFO] [sim/]: FolkData: GOTOXYZ() for 瑾泉 ，景 to 21,237,33,0 - Method:container.sim.GotoMethod2 DIM:0
[21:39:41] [Server thread/WARN] [sim/]: FolkData:onUpdate() 昀然 訾 还在工作
[21:39:41] [Server thread/INFO] [sim/]: FolkData: GOTOXYZ() for 昀然 訾 to 26,237,33,0 - Method:container.sim.GotoMethod2 DIM:0
[21:39:41] [Server thread/INFO] [sim/]: FolkData: GOTOXYZ() for 昀然 訾 to 21,237,33,0 - Method:container.sim.GotoMethod2 DIM:0
[21:39:41] [Server thread/WARN] [sim/]: FolkData:onUpdate() 瑾泉 ，景 还在工作
[21:39:41] [Server thread/INFO] [sim/]: FolkData: GOTOXYZ() for 瑾泉 ，景 to 26,237,33,0 - Method:container.sim.GotoMethod2 DIM:0
[21:39:41] [Server thread/INFO] [sim/]: FolkData: GOTOXYZ() for 瑾泉 ，景 to 21,237,33,0 - Method:container.sim.GotoMethod2 DIM:0
[21:39:41] [Server thread/WARN] [sim/]: FolkData:onUpdate() 昀然 訾 还在工作
[21:39:41] [Server thread/INFO] [sim/]: FolkData: GOTOXYZ() for 昀然 訾 to 26,237,33,0 - Method:container.sim.GotoMethod2 DIM:0
[21:39:41] [Server thread/INFO] [sim/]: FolkData: GOTOXYZ() for 昀然 訾 to 21,237,33,0 - Method:container.sim.GotoMethod2 DIM:0
[21:39:41] [Server thread/WARN] [sim/]: FolkData:onUpdate() 瑾泉 ，景 还在工作
[21:39:41] [Server thread/INFO] [sim/]: FolkData: GOTOXYZ() for 瑾泉 ，景 to 26,237,33,0 - Method:container.sim.GotoMethod2 DIM:0
[21:39:41] [Server thread/INFO] [sim/]: FolkData: GOTOXYZ() for 瑾泉 ，景 to 21,237,33,0 - Method:container.sim.GotoMethod2 DIM:0
[21:39:41] [Server thread/WARN] [sim/]: FolkData:onUpdate() 昀然 訾 还在工作
[21:39:41] [Server thread/INFO] [sim/]: FolkData: GOTOXYZ() for 昀然 訾 to 26,237,33,0 - Method:container.sim.GotoMethod2 DIM:0
[21:39:41] [Server thread/INFO] [sim/]: FolkData: GOTOXYZ() for 昀然 訾 to 21,237,33,0 - Method:container.sim.GotoMethod2 DIM:0
[21:39:41] [Server thread/WARN] [sim/]: FolkData:onUpdate() 瑾泉 ，景 还在工作
[21:39:41] [Server thread/INFO] [sim/]: FolkData: GOTOXYZ() for 瑾泉 ，景 to 26,237,33,0 - Method:container.sim.GotoMethod2 DIM:0
[21:39:41] [Server thread/INFO] [sim/]: FolkData: GOTOXYZ() for 瑾泉 ，景 to 21,237,33,0 - Method:container.sim.GotoMethod2 DIM:0
[21:39:41] [Server thread/WARN] [sim/]: FolkData:onUpdate() 昀然 訾 还在工作
[21:39:41] [Server thread/INFO] [sim/]: FolkData: GOTOXYZ() for 昀然 訾 to 26,237,33,0 - Method:container.sim.GotoMethod2 DIM:0
[21:39:41] [Server thread/INFO] [sim/]: FolkData: GOTOXYZ() for 昀然 訾 to 21,237,33,0 - Method:container.sim.GotoMethod2 DIM:0
[21:39:41] [Server thread/WARN] [sim/]: FolkData:onUpdate() 瑾泉 ，景 还在工作
[21:39:41] [Server thread/INFO] [sim/]: FolkData: GOTOXYZ() for 瑾泉 ，景 to 26,237,33,0 - Method:container.sim.GotoMethod2 DIM:0
[21:39:41] [Server thread/INFO] [sim/]: FolkData: GOTOXYZ() for 瑾泉 ，景 to 21,237,33,0 - Method:container.sim.GotoMethod2 DIM:0
[21:39:41] [Server thread/WARN] [sim/]: FolkData:onUpdate() 昀然 訾 还在工作
[21:39:41] [Server thread/INFO] [sim/]: FolkData: GOTOXYZ() for 昀然 訾 to 26,237,33,0 - Method:container.sim.GotoMethod2 DIM:0
[21:39:41] [Server thread/INFO] [sim/]: FolkData: GOTOXYZ() for 昀然 訾 to 21,237,33,0 - Method:container.sim.GotoMethod2 DIM:0
[21:39:41] [Server thread/WARN] [sim/]: FolkData:onUpdate() 瑾泉 ，景 还在工作
[21:39:41] [Server thread/INFO] [sim/]: FolkData: GOTOXYZ() for 瑾泉 ，景 to 26,237,33,0 - Method:container.sim.GotoMethod2 DIM:0
[21:39:41] [Server thread/INFO] [sim/]: FolkData: GOTOXYZ() for 瑾泉 ，景 to 21,237,33,0 - Method:container.sim.GotoMethod2 DIM:0
[21:39:41] [Server thread/WARN] [sim/]: FolkData:onUpdate() 昀然 訾 还在工作
[21:39:41] [Server thread/INFO] [sim/]: FolkData: GOTOXYZ() for 昀然 訾 to 26,237,33,0 - Method:container.sim.GotoMethod2 DIM:0
[21:39:41] [Server thread/INFO] [sim/]: FolkData: GOTOXYZ() for 昀然 訾 to 21,237,33,0 - Method:container.sim.GotoMethod2 DIM:0
[21:39:41] [Server thread/WARN] [sim/]: FolkData:onUpdate() 瑾泉 ，景 还在工作
[21:39:41] [Server thread/INFO] [sim/]: FolkData: GOTOXYZ() for 瑾泉 ，景 to 26,237,33,0 - Method:container.sim.GotoMethod2 DIM:0
[21:39:41] [Server thread/INFO] [sim/]: FolkData: GOTOXYZ() for 瑾泉 ，景 to 21,237,33,0 - Method:container.sim.GotoMethod2 DIM:0
[21:39:42] [Server thread/WARN] [sim/]: FolkData:onUpdate() 昀然 訾 还在工作
[21:39:42] [Server thread/INFO] [sim/]: FolkData: GOTOXYZ() for 昀然 訾 to 26,237,33,0 - Method:container.sim.GotoMethod2 DIM:0
[21:39:42] [Server thread/INFO] [sim/]: FolkData: GOTOXYZ() for 昀然 訾 to 21,237,33,0 - Method:container.sim.GotoMethod2 DIM:0
[21:39:42] [Server thread/WARN] [sim/]: FolkData:onUpdate() 瑾泉 ，景 还在工作
[21:39:42] [Server thread/INFO] [sim/]: FolkData: GOTOXYZ() for 瑾泉 ，景 to 26,237,33,0 - Method:container.sim.GotoMethod2 DIM:0
[21:39:42] [Server thread/INFO] [sim/]: FolkData: GOTOXYZ() for 瑾泉 ，景 to 21,237,33,0 - Method:container.sim.GotoMethod2 DIM:0
[21:39:42] [Server thread/WARN] [sim/]: FolkData:onUpdate() 昀然 訾 还在工作
[21:39:42] [Server thread/INFO] [sim/]: FolkData: GOTOXYZ() for 昀然 訾 to 26,237,33,0 - Method:container.sim.GotoMethod2 DIM:0
[21:39:42] [Server thread/INFO] [sim/]: FolkData: GOTOXYZ() for 昀然 訾 to 21,237,33,0 - Method:container.sim.GotoMethod2 DIM:0
[21:39:42] [Server thread/WARN] [sim/]: FolkData:onUpdate() 瑾泉 ，景 还在工作
[21:39:42] [Server thread/INFO] [sim/]: FolkData: GOTOXYZ() for 瑾泉 ，景 to 26,237,33,0 - Method:container.sim.GotoMethod2 DIM:0
[21:39:42] [Server thread/INFO] [sim/]: FolkData: GOTOXYZ() for 瑾泉 ，景 to 21,237,33,0 - Method:container.sim.GotoMethod2 DIM:0
[21:39:42] [Server thread/WARN] [sim/]: FolkData:onUpdate() 昀然 訾 还在工作
[21:39:42] [Server thread/INFO] [sim/]: FolkData: GOTOXYZ() for 昀然 訾 to 26,237,33,0 - Method:container.sim.GotoMethod2 DIM:0
[21:39:42] [Server thread/INFO] [sim/]: FolkData: GOTOXYZ() for 昀然 訾 to 21,237,33,0 - Method:container.sim.GotoMethod2 DIM:0
[21:39:42] [Server thread/WARN] [sim/]: FolkData:onUpdate() 瑾泉 ，景 还在工作
[21:39:42] [Server thread/INFO] [sim/]: FolkData: GOTOXYZ() for 瑾泉 ，景 to 26,237,33,0 - Method:container.sim.GotoMethod2 DIM:0
[21:39:42] [Server thread/INFO] [sim/]: FolkData: GOTOXYZ() for 瑾泉 ，景 to 21,237,33,0 - Method:container.sim.GotoMethod2 DIM:0
[21:39:42] [Server thread/WARN] [sim/]: FolkData:onUpdate() 昀然 訾 还在工作
[21:39:42] [Server thread/INFO] [sim/]: FolkData: GOTOXYZ() for 昀然 訾 to 26,237,33,0 - Method:container.sim.GotoMethod2 DIM:0
[21:39:42] [Server thread/INFO] [sim/]: FolkData: GOTOXYZ() for 昀然 訾 to 21,237,33,0 - Method:container.sim.GotoMethod2 DIM:0
[21:39:42] [Server thread/WARN] [sim/]: FolkData:onUpdate() 瑾泉 ，景 还在工作
[21:39:42] [Server thread/INFO] [sim/]: FolkData: GOTOXYZ() for 瑾泉 ，景 to 26,237,33,0 - Method:container.sim.GotoMethod2 DIM:0
[21:39:42] [Server thread/INFO] [sim/]: FolkData: GOTOXYZ() for 瑾泉 ，景 to 21,237,33,0 - Method:container.sim.GotoMethod2 DIM:0
[21:39:42] [Server thread/WARN] [sim/]: FolkData:onUpdate() 昀然 訾 还在工作
[21:39:42] [Server thread/INFO] [sim/]: FolkData: GOTOXYZ() for 昀然 訾 to 26,237,33,0 - Method:container.sim.GotoMethod2 DIM:0
[21:39:42] [Server thread/INFO] [sim/]: FolkData: GOTOXYZ() for 昀然 訾 to 21,237,33,0 - Method:container.sim.GotoMethod2 DIM:0
[21:39:42] [Server thread/WARN] [sim/]: FolkData:onUpdate() 瑾泉 ，景 还在工作
[21:39:42] [Server thread/INFO] [sim/]: FolkData: GOTOXYZ() for 瑾泉 ，景 to 26,237,33,0 - Method:container.sim.GotoMethod2 DIM:0
[21:39:42] [Server thread/INFO] [sim/]: FolkData: GOTOXYZ() for 瑾泉 ，景 to 21,237,33,0 - Method:container.sim.GotoMethod2 DIM:0
[21:39:42] [Server thread/WARN] [sim/]: FolkData:onUpdate() 昀然 訾 还在工作
[21:39:42] [Server thread/INFO] [sim/]: FolkData: GOTOXYZ() for 昀然 訾 to 26,237,33,0 - Method:container.sim.GotoMethod2 DIM:0
[21:39:42] [Server thread/INFO] [sim/]: FolkData: GOTOXYZ() for 昀然 訾 to 21,237,33,0 - Method:container.sim.GotoMethod2 DIM:0
[21:39:42] [Server thread/WARN] [sim/]: FolkData:onUpdate() 瑾泉 ，景 还在工作
[21:39:42] [Server thread/INFO] [sim/]: FolkData: GOTOXYZ() for 瑾泉 ，景 to 26,237,33,0 - Method:container.sim.GotoMethod2 DIM:0
[21:39:42] [Server thread/INFO] [sim/]: FolkData: GOTOXYZ() for 瑾泉 ，景 to 21,237,33,0 - Method:container.sim.GotoMethod2 DIM:0
[21:39:42] [Server thread/WARN] [sim/]: FolkData:onUpdate() 昀然 訾 还在工作
[21:39:42] [Server thread/INFO] [sim/]: FolkData: GOTOXYZ() for 昀然 訾 to 26,237,33,0 - Method:container.sim.GotoMethod2 DIM:0
[21:39:42] [Server thread/INFO] [sim/]: FolkData: GOTOXYZ() for 昀然 訾 to 21,237,33,0 - Method:container.sim.GotoMethod2 DIM:0
[21:39:42] [Server thread/WARN] [sim/]: FolkData:onUpdate() 瑾泉 ，景 还在工作
[21:39:42] [Server thread/INFO] [sim/]: FolkData: GOTOXYZ() for 瑾泉 ，景 to 26,237,33,0 - Method:container.sim.GotoMethod2 DIM:0
[21:39:42] [Server thread/INFO] [sim/]: FolkData: GOTOXYZ() for 瑾泉 ，景 to 21,237,33,0 - Method:container.sim.GotoMethod2 DIM:0
[21:39:42] [Server thread/WARN] [sim/]: FolkData:onUpdate() 昀然 訾 还在工作
[21:39:42] [Server thread/INFO] [sim/]: FolkData: GOTOXYZ() for 昀然 訾 to 26,237,33,0 - Method:container.sim.GotoMethod2 DIM:0
[21:39:42] [Server thread/INFO] [sim/]: FolkData: GOTOXYZ() for 昀然 訾 to 21,237,33,0 - Method:container.sim.GotoMethod2 DIM:0
[21:39:42] [Server thread/WARN] [sim/]: FolkData:onUpdate() 瑾泉 ，景 还在工作
[21:39:42] [Server thread/INFO] [sim/]: FolkData: GOTOXYZ() for 瑾泉 ，景 to 26,237,33,0 - Method:container.sim.GotoMethod2 DIM:0
[21:39:42] [Server thread/INFO] [sim/]: FolkData: GOTOXYZ() for 瑾泉 ，景 to 21,237,33,0 - Method:container.sim.GotoMethod2 DIM:0
[21:39:42] [Server thread/WARN] [sim/]: FolkData:onUpdate() 昀然 訾 还在工作
[21:39:42] [Server thread/INFO] [sim/]: FolkData: GOTOXYZ() for 昀然 訾 to 26,237,33,0 - Method:container.sim.GotoMethod2 DIM:0
[21:39:42] [Server thread/INFO] [sim/]: FolkData: GOTOXYZ() for 昀然 訾 to 21,237,33,0 - Method:container.sim.GotoMethod2 DIM:0
[21:39:42] [Server thread/WARN] [sim/]: FolkData:onUpdate() 瑾泉 ，景 还在工作
[21:39:42] [Server thread/INFO] [sim/]: FolkData: GOTOXYZ() for 瑾泉 ，景 to 26,237,33,0 - Method:container.sim.GotoMethod2 DIM:0
[21:39:42] [Server thread/INFO] [sim/]: FolkData: GOTOXYZ() for 瑾泉 ，景 to 21,237,33,0 - Method:container.sim.GotoMethod2 DIM:0
[21:39:42] [Server thread/WARN] [sim/]: FolkData:onUpdate() 昀然 訾 还在工作
[21:39:42] [Server thread/INFO] [sim/]: FolkData: GOTOXYZ() for 昀然 訾 to 26,237,33,0 - Method:container.sim.GotoMethod2 DIM:0
[21:39:42] [Server thread/INFO] [sim/]: FolkData: GOTOXYZ() for 昀然 訾 to 21,237,33,0 - Method:container.sim.GotoMethod2 DIM:0
[21:39:42] [Server thread/WARN] [sim/]: FolkData:onUpdate() 瑾泉 ，景 还在工作
[21:39:42] [Server thread/INFO] [sim/]: FolkData: GOTOXYZ() for 瑾泉 ，景 to 26,237,33,0 - Method:container.sim.GotoMethod2 DIM:0
[21:39:42] [Server thread/INFO] [sim/]: FolkData: GOTOXYZ() for 瑾泉 ，景 to 21,237,33,0 - Method:container.sim.GotoMethod2 DIM:0
[21:39:42] [Server thread/WARN] [sim/]: FolkData:onUpdate() 昀然 訾 还在工作
[21:39:42] [Server thread/INFO] [sim/]: FolkData: GOTOXYZ() for 昀然 訾 to 26,237,33,0 - Method:container.sim.GotoMethod2 DIM:0
[21:39:42] [Server thread/INFO] [sim/]: FolkData: GOTOXYZ() for 昀然 訾 to 21,237,33,0 - Method:container.sim.GotoMethod2 DIM:0
[21:39:42] [Server thread/WARN] [sim/]: FolkData:onUpdate() 瑾泉 ，景 还在工作
[21:39:42] [Server thread/INFO] [sim/]: FolkData: GOTOXYZ() for 瑾泉 ，景 to 26,237,33,0 - Method:container.sim.GotoMethod2 DIM:0
[21:39:42] [Server thread/INFO] [sim/]: FolkData: GOTOXYZ() for 瑾泉 ，景 to 21,237,33,0 - Method:container.sim.GotoMethod2 DIM:0
[21:39:42] [Server thread/WARN] [sim/]: FolkData:onUpdate() 昀然 訾 还在工作
[21:39:42] [Server thread/INFO] [sim/]: FolkData: GOTOXYZ() for 昀然 訾 to 26,237,33,0 - Method:container.sim.GotoMethod2 DIM:0
[21:39:42] [Server thread/INFO] [sim/]: FolkData: GOTOXYZ() for 昀然 訾 to 21,237,33,0 - Method:container.sim.GotoMethod2 DIM:0
[21:39:42] [Server thread/WARN] [sim/]: FolkData:onUpdate() 瑾泉 ，景 还在工作
[21:39:42] [Server thread/INFO] [sim/]: FolkData: GOTOXYZ() for 瑾泉 ，景 to 26,237,33,0 - Method:container.sim.GotoMethod2 DIM:0
[21:39:42] [Server thread/INFO] [sim/]: FolkData: GOTOXYZ() for 瑾泉 ，景 to 21,237,33,0 - Method:container.sim.GotoMethod2 DIM:0
[21:39:42] [Server thread/WARN] [sim/]: FolkData:onUpdate() 昀然 訾 还在工作
[21:39:42] [Server thread/INFO] [sim/]: FolkData: GOTOXYZ() for 昀然 訾 to 26,237,33,0 - Method:container.sim.GotoMethod2 DIM:0
[21:39:42] [Server thread/INFO] [sim/]: FolkData: GOTOXYZ() for 昀然 訾 to 21,237,33,0 - Method:container.sim.GotoMethod2 DIM:0
[21:39:42] [Server thread/WARN] [sim/]: FolkData:onUpdate() 瑾泉 ，景 还在工作
[21:39:42] [Server thread/INFO] [sim/]: FolkData: GOTOXYZ() for 瑾泉 ，景 to 26,237,33,0 - Method:container.sim.GotoMethod2 DIM:0
[21:39:42] [Server thread/INFO] [sim/]: FolkData: GOTOXYZ() for 瑾泉 ，景 to 21,237,33,0 - Method:container.sim.GotoMethod2 DIM:0
[21:39:42] [Server thread/WARN] [sim/]: FolkData:onUpdate() 昀然 訾 还在工作
[21:39:42] [Server thread/INFO] [sim/]: FolkData: GOTOXYZ() for 昀然 訾 to 26,237,33,0 - Method:container.sim.GotoMethod2 DIM:0
[21:39:42] [Server thread/INFO] [sim/]: FolkData: GOTOXYZ() for 昀然 訾 to 21,237,33,0 - Method:container.sim.GotoMethod2 DIM:0
[21:39:42] [Server thread/WARN] [sim/]: FolkData:onUpdate() 瑾泉 ，景 还在工作
[21:39:42] [Server thread/INFO] [sim/]: FolkData: GOTOXYZ() for 瑾泉 ，景 to 26,237,33,0 - Method:container.sim.GotoMethod2 DIM:0
[21:39:42] [Server thread/INFO] [sim/]: FolkData: GOTOXYZ() for 瑾泉 ，景 to 21,237,33,0 - Method:container.sim.GotoMethod2 DIM:0
[21:39:42] [Server thread/INFO] [sim/]: FolkData: doBeaming() 完成 展鹏 赖 to -9,238,-15,0 (dim 0)
[21:39:42] [Server thread/WARN] [sim/]: FolkData:onUpdate() 昀然 訾 还在工作
[21:39:42] [Server thread/INFO] [sim/]: FolkData: GOTOXYZ() for 昀然 訾 to 26,237,33,0 - Method:container.sim.GotoMethod2 DIM:0
[21:39:42] [Server thread/INFO] [sim/]: FolkData: GOTOXYZ() for 昀然 訾 to 21,237,33,0 - Method:container.sim.GotoMethod2 DIM:0
[21:39:42] [Server thread/WARN] [sim/]: FolkData:onUpdate() 瑾泉 ，景 还在工作
[21:39:42] [Server thread/INFO] [sim/]: FolkData: GOTOXYZ() for 瑾泉 ，景 to 26,237,33,0 - Method:container.sim.GotoMethod2 DIM:0
[21:39:42] [Server thread/INFO] [sim/]: FolkData: GOTOXYZ() for 瑾泉 ，景 to 21,237,33,0 - Method:container.sim.GotoMethod2 DIM:0
[21:39:42] [Server thread/WARN] [sim/]: FolkData:onUpdate() 昀然 訾 还在工作
[21:39:42] [Server thread/INFO] [sim/]: FolkData: GOTOXYZ() for 昀然 訾 to 26,237,33,0 - Method:container.sim.GotoMethod2 DIM:0
[21:39:42] [Server thread/INFO] [sim/]: FolkData: GOTOXYZ() for 昀然 訾 to 21,237,33,0 - Method:container.sim.GotoMethod2 DIM:0
[21:39:42] [Server thread/WARN] [sim/]: FolkData:onUpdate() 瑾泉 ，景 还在工作
[21:39:42] [Server thread/INFO] [sim/]: FolkData: GOTOXYZ() for 瑾泉 ，景 to 26,237,33,0 - Method:container.sim.GotoMethod2 DIM:0
[21:39:42] [Server thread/INFO] [sim/]: FolkData: GOTOXYZ() for 瑾泉 ，景 to 21,237,33,0 - Method:container.sim.GotoMethod2 DIM:0
[21:39:42] [Server thread/WARN] [sim/]: FolkData:onUpdate() 昀然 訾 还在工作
[21:39:42] [Server thread/INFO] [sim/]: FolkData: GOTOXYZ() for 昀然 訾 to 26,237,33,0 - Method:container.sim.GotoMethod2 DIM:0
[21:39:42] [Server thread/INFO] [sim/]: FolkData: GOTOXYZ() for 昀然 訾 to 21,237,33,0 - Method:container.sim.GotoMethod2 DIM:0
[21:39:42] [Server thread/WARN] [sim/]: FolkData:onUpdate() 瑾泉 ，景 还在工作
[21:39:42] [Server thread/INFO] [sim/]: FolkData: GOTOXYZ() for 瑾泉 ，景 to 26,237,33,0 - Method:container.sim.GotoMethod2 DIM:0
[21:39:42] [Server thread/INFO] [sim/]: FolkData: GOTOXYZ() for 瑾泉 ，景 to 21,237,33,0 - Method:container.sim.GotoMethod2 DIM:0
[21:39:42] [Server thread/WARN] [sim/]: FolkData:onUpdate() 昀然 訾 还在工作
[21:39:42] [Server thread/INFO] [sim/]: FolkData: GOTOXYZ() for 昀然 訾 to 26,237,33,0 - Method:container.sim.GotoMethod2 DIM:0
[21:39:42] [Server thread/INFO] [sim/]: FolkData: GOTOXYZ() for 昀然 訾 to 21,237,33,0 - Method:container.sim.GotoMethod2 DIM:0
[21:39:42] [Server thread/WARN] [sim/]: FolkData:onUpdate() 瑾泉 ，景 还在工作
[21:39:42] [Server thread/INFO] [sim/]: FolkData: GOTOXYZ() for 瑾泉 ，景 to 26,237,33,0 - Method:container.sim.GotoMethod2 DIM:0
[21:39:42] [Server thread/INFO] [sim/]: FolkData: GOTOXYZ() for 瑾泉 ，景 to 21,237,33,0 - Method:container.sim.GotoMethod2 DIM:0
[21:39:42] [Server thread/WARN] [sim/]: FolkData:onUpdate() 昀然 訾 还在工作
[21:39:42] [Server thread/INFO] [sim/]: FolkData: GOTOXYZ() for 昀然 訾 to 26,237,33,0 - Method:container.sim.GotoMethod2 DIM:0
[21:39:42] [Server thread/INFO] [sim/]: FolkData: GOTOXYZ() for 昀然 訾 to 21,237,33,0 - Method:container.sim.GotoMethod2 DIM:0
[21:39:42] [Server thread/WARN] [sim/]: FolkData:onUpdate() 瑾泉 ，景 还在工作
[21:39:42] [Server thread/INFO] [sim/]: FolkData: GOTOXYZ() for 瑾泉 ，景 to 26,237,33,0 - Method:container.sim.GotoMethod2 DIM:0
[21:39:42] [Server thread/INFO] [sim/]: FolkData: GOTOXYZ() for 瑾泉 ，景 to 21,237,33,0 - Method:container.sim.GotoMethod2 DIM:0
[21:39:42] [Server thread/WARN] [sim/]: FolkData:onUpdate() 昀然 訾 还在工作
[21:39:42] [Server thread/INFO] [sim/]: FolkData: GOTOXYZ() for 昀然 訾 to 26,237,33,0 - Method:container.sim.GotoMethod2 DIM:0
[21:39:42] [Server thread/INFO] [sim/]: FolkData: GOTOXYZ() for 昀然 訾 to 21,237,33,0 - Method:container.sim.GotoMethod2 DIM:0
[21:39:42] [Server thread/WARN] [sim/]: FolkData:onUpdate() 瑾泉 ，景 还在工作
[21:39:42] [Server thread/INFO] [sim/]: FolkData: GOTOXYZ() for 瑾泉 ，景 to 26,237,33,0 - Method:container.sim.GotoMethod2 DIM:0
[21:39:42] [Server thread/INFO] [sim/]: FolkData: GOTOXYZ() for 瑾泉 ，景 to 21,237,33,0 - Method:container.sim.GotoMethod2 DIM:0
[21:39:42] [Server thread/WARN] [sim/]: FolkData:onUpdate() 昀然 訾 还在工作
[21:39:42] [Server thread/INFO] [sim/]: FolkData: GOTOXYZ() for 昀然 訾 to 26,237,33,0 - Method:container.sim.GotoMethod2 DIM:0
[21:39:42] [Server thread/INFO] [sim/]: FolkData: GOTOXYZ() for 昀然 訾 to 21,237,33,0 - Method:container.sim.GotoMethod2 DIM:0
[21:39:42] [Server thread/WARN] [sim/]: FolkData:onUpdate() 瑾泉 ，景 还在工作
[21:39:42] [Server thread/INFO] [sim/]: FolkData: GOTOXYZ() for 瑾泉 ，景 to 26,237,33,0 - Method:container.sim.GotoMethod2 DIM:0
[21:39:42] [Server thread/INFO] [sim/]: FolkData: GOTOXYZ() for 瑾泉 ，景 to 21,237,33,0 - Method:container.sim.GotoMethod2 DIM:0
[21:39:42] [Server thread/WARN] [sim/]: FolkData:onUpdate() 昀然 訾 还在工作
[21:39:42] [Server thread/INFO] [sim/]: FolkData: GOTOXYZ() for 昀然 訾 to 26,237,33,0 - Method:container.sim.GotoMethod2 DIM:0
[21:39:42] [Server thread/INFO] [sim/]: FolkData: GOTOXYZ() for 昀然 訾 to 21,237,33,0 - Method:container.sim.GotoMethod2 DIM:0
[21:39:42] [Server thread/WARN] [sim/]: FolkData:onUpdate() 瑾泉 ，景 还在工作
[21:39:42] [Server thread/INFO] [sim/]: FolkData: GOTOXYZ() for 瑾泉 ，景 to 26,237,33,0 - Method:container.sim.GotoMethod2 DIM:0
[21:39:42] [Server thread/INFO] [sim/]: FolkData: GOTOXYZ() for 瑾泉 ，景 to 21,237,33,0 - Method:container.sim.GotoMethod2 DIM:0
[21:39:42] [Server thread/WARN] [sim/]: FolkData:onUpdate() 昀然 訾 还在工作
[21:39:42] [Server thread/INFO] [sim/]: FolkData: GOTOXYZ() for 昀然 訾 to 26,237,33,0 - Method:container.sim.GotoMethod2 DIM:0
[21:39:42] [Server thread/INFO] [sim/]: FolkData: GOTOXYZ() for 昀然 訾 to 21,237,33,0 - Method:container.sim.GotoMethod2 DIM:0
[21:39:42] [Server thread/WARN] [sim/]: FolkData:onUpdate() 瑾泉 ，景 还在工作
[21:39:42] [Server thread/INFO] [sim/]: FolkData: GOTOXYZ() for 瑾泉 ，景 to 26,237,33,0 - Method:container.sim.GotoMethod2 DIM:0
[21:39:42] [Server thread/INFO] [sim/]: FolkData: GOTOXYZ() for 瑾泉 ，景 to 21,237,33,0 - Method:container.sim.GotoMethod2 DIM:0
[21:39:42] [Server thread/WARN] [sim/]: FolkData:onUpdate() 昀然 訾 还在工作
[21:39:42] [Server thread/INFO] [sim/]: FolkData: GOTOXYZ() for 昀然 訾 to 26,237,33,0 - Method:container.sim.GotoMethod2 DIM:0
[21:39:42] [Server thread/INFO] [sim/]: FolkData: GOTOXYZ() for 昀然 訾 to 21,237,33,0 - Method:container.sim.GotoMethod2 DIM:0
[21:39:42] [Server thread/WARN] [sim/]: FolkData:onUpdate() 瑾泉 ，景 还在工作
[21:39:42] [Server thread/INFO] [sim/]: FolkData: GOTOXYZ() for 瑾泉 ，景 to 26,237,33,0 - Method:container.sim.GotoMethod2 DIM:0
[21:39:42] [Server thread/INFO] [sim/]: FolkData: GOTOXYZ() for 瑾泉 ，景 to 21,237,33,0 - Method:container.sim.GotoMethod2 DIM:0
[21:39:42] [Server thread/WARN] [sim/]: FolkData:onUpdate() 昀然 訾 还在工作
[21:39:42] [Server thread/INFO] [sim/]: FolkData: GOTOXYZ() for 昀然 訾 to 26,237,33,0 - Method:container.sim.GotoMethod2 DIM:0
[21:39:42] [Server thread/INFO] [sim/]: FolkData: GOTOXYZ() for 昀然 訾 to 21,237,33,0 - Method:container.sim.GotoMethod2 DIM:0
[21:39:42] [Server thread/WARN] [sim/]: FolkData:onUpdate() 瑾泉 ，景 还在工作
[21:39:42] [Server thread/INFO] [sim/]: FolkData: GOTOXYZ() for 瑾泉 ，景 to 26,237,33,0 - Method:container.sim.GotoMethod2 DIM:0
[21:39:42] [Server thread/INFO] [sim/]: FolkData: GOTOXYZ() for 瑾泉 ，景 to 21,237,33,0 - Method:container.sim.GotoMethod2 DIM:0
[21:39:42] [Server thread/WARN] [sim/]: FolkData:onUpdate() 昀然 訾 还在工作
[21:39:42] [Server thread/INFO] [sim/]: FolkData: GOTOXYZ() for 昀然 訾 to 26,237,33,0 - Method:container.sim.GotoMethod2 DIM:0
[21:39:42] [Server thread/INFO] [sim/]: FolkData: GOTOXYZ() for 昀然 訾 to 21,237,33,0 - Method:container.sim.GotoMethod2 DIM:0
[21:39:42] [Server thread/WARN] [sim/]: FolkData:onUpdate() 瑾泉 ，景 还在工作
[21:39:42] [Server thread/INFO] [sim/]: FolkData: GOTOXYZ() for 瑾泉 ，景 to 26,237,33,0 - Method:container.sim.GotoMethod2 DIM:0
[21:39:42] [Server thread/INFO] [sim/]: FolkData: GOTOXYZ() for 瑾泉 ，景 to 21,237,33,0 - Method:container.sim.GotoMethod2 DIM:0
[21:39:42] [Server thread/WARN] [sim/]: FolkData:onUpdate() 昀然 訾 还在工作
[21:39:42] [Server thread/INFO] [sim/]: FolkData: GOTOXYZ() for 昀然 訾 to 26,237,33,0 - Method:container.sim.GotoMethod2 DIM:0
[21:39:42] [Server thread/INFO] [sim/]: FolkData: GOTOXYZ() for 昀然 訾 to 21,237,33,0 - Method:container.sim.GotoMethod2 DIM:0
[21:39:42] [Server thread/WARN] [sim/]: FolkData:onUpdate() 瑾泉 ，景 还在工作
[21:39:42] [Server thread/INFO] [sim/]: FolkData: GOTOXYZ() for 瑾泉 ，景 to 26,237,33,0 - Method:container.sim.GotoMethod2 DIM:0
[21:39:42] [Server thread/INFO] [sim/]: FolkData: GOTOXYZ() for 瑾泉 ，景 to 21,237,33,0 - Method:container.sim.GotoMethod2 DIM:0
[21:39:42] [Server thread/WARN] [sim/]: FolkData:onUpdate() 昀然 訾 还在工作
[21:39:42] [Server thread/INFO] [sim/]: FolkData: GOTOXYZ() for 昀然 訾 to 26,237,33,0 - Method:container.sim.GotoMethod2 DIM:0
[21:39:42] [Server thread/INFO] [sim/]: FolkData: GOTOXYZ() for 昀然 訾 to 21,237,33,0 - Method:container.sim.GotoMethod2 DIM:0
[21:39:42] [Server thread/WARN] [sim/]: FolkData:onUpdate() 瑾泉 ，景 还在工作
[21:39:42] [Server thread/INFO] [sim/]: FolkData: GOTOXYZ() for 瑾泉 ，景 to 26,237,33,0 - Method:container.sim.GotoMethod2 DIM:0
[21:39:42] [Server thread/INFO] [sim/]: FolkData: GOTOXYZ() for 瑾泉 ，景 to 21,237,33,0 - Method:container.sim.GotoMethod2 DIM:0
[21:39:42] [Server thread/WARN] [sim/]: FolkData:onUpdate() 昀然 訾 还在工作
[21:39:42] [Server thread/INFO] [sim/]: FolkData: GOTOXYZ() for 昀然 訾 to 26,237,33,0 - Method:container.sim.GotoMethod2 DIM:0
[21:39:42] [Server thread/INFO] [sim/]: FolkData: GOTOXYZ() for 昀然 訾 to 21,237,33,0 - Method:container.sim.GotoMethod2 DIM:0
[21:39:42] [Server thread/WARN] [sim/]: FolkData:onUpdate() 瑾泉 ，景 还在工作
[21:39:42] [Server thread/INFO] [sim/]: FolkData: GOTOXYZ() for 瑾泉 ，景 to 26,237,33,0 - Method:container.sim.GotoMethod2 DIM:0
[21:39:42] [Server thread/INFO] [sim/]: FolkData: GOTOXYZ() for 瑾泉 ，景 to 21,237,33,0 - Method:container.sim.GotoMethod2 DIM:0
[21:39:42] [Server thread/WARN] [sim/]: FolkData:onUpdate() 昀然 訾 还在工作
[21:39:42] [Server thread/INFO] [sim/]: FolkData: GOTOXYZ() for 昀然 訾 to 26,237,33,0 - Method:container.sim.GotoMethod2 DIM:0
[21:39:42] [Server thread/INFO] [sim/]: FolkData: GOTOXYZ() for 昀然 訾 to 21,237,33,0 - Method:container.sim.GotoMethod2 DIM:0
[21:39:42] [Server thread/WARN] [sim/]: FolkData:onUpdate() 瑾泉 ，景 还在工作
[21:39:42] [Server thread/INFO] [sim/]: FolkData: GOTOXYZ() for 瑾泉 ，景 to 26,237,33,0 - Method:container.sim.GotoMethod2 DIM:0
[21:39:42] [Server thread/INFO] [sim/]: FolkData: GOTOXYZ() for 瑾泉 ，景 to 21,237,33,0 - Method:container.sim.GotoMethod2 DIM:0
[21:39:42] [Client thread/INFO] [STDOUT/]: [com.trhsy.sim.common.entity.Building:loadStructure:216]: 控制箱
[21:39:42] [Client thread/INFO] [STDOUT/]: [com.trhsy.sim.common.entity.Building:loadStructure:216]: 控制箱
[21:39:42] [Client thread/INFO] [STDOUT/]: [com.trhsy.sim.common.entity.Building:loadStructure:216]: 控制箱
[21:39:42] [Client thread/INFO] [STDOUT/]: [com.trhsy.sim.common.entity.Building:loadStructure:216]: 控制箱
[21:39:42] [Client thread/INFO] [STDOUT/]: [com.trhsy.sim.common.entity.Building:loadStructure:216]: 控制箱
[21:39:42] [Client thread/INFO] [STDOUT/]: [com.trhsy.sim.common.entity.Building:loadStructure:216]: 控制箱
[21:39:42] [Client thread/INFO] [STDOUT/]: [com.trhsy.sim.common.entity.Building:loadStructure:216]: 控制箱
[21:39:42] [Client thread/INFO] [STDOUT/]: [com.trhsy.sim.common.entity.Building:loadStructure:216]: 控制箱
[21:39:42] [Client thread/INFO] [STDOUT/]: [com.trhsy.sim.common.entity.Building:loadStructure:216]: 控制箱
[21:39:42] [Client thread/INFO] [STDOUT/]: [com.trhsy.sim.common.entity.Building:loadStructure:216]: 控制箱
[21:39:42] [Client thread/INFO] [STDOUT/]: [com.trhsy.sim.common.entity.Building:loadStructure:216]: 控制箱
[21:39:42] [Client thread/INFO] [STDOUT/]: [com.trhsy.sim.common.entity.Building:loadStructure:216]: 控制箱
[21:39:42] [Client thread/INFO] [STDOUT/]: [com.trhsy.sim.common.entity.Building:loadStructure:216]: 控制箱
[21:39:42] [Client thread/INFO] [STDOUT/]: [com.trhsy.sim.common.entity.Building:loadStructure:216]: 控制箱
[21:39:42] [Client thread/INFO] [STDOUT/]: [com.trhsy.sim.client.gui.GuiControlBox:initGui:158]: ***************************commercial*********************
[21:39:42] [Server thread/WARN] [sim/]: FolkData:onUpdate() 昀然 訾 还在工作
[21:39:42] [Server thread/INFO] [sim/]: FolkData: GOTOXYZ() for 昀然 訾 to 26,237,33,0 - Method:container.sim.GotoMethod2 DIM:0
[21:39:42] [Server thread/INFO] [sim/]: FolkData: GOTOXYZ() for 昀然 訾 to 21,237,33,0 - Method:container.sim.GotoMethod2 DIM:0
[21:39:42] [Server thread/WARN] [sim/]: FolkData:onUpdate() 瑾泉 ，景 还在工作
[21:39:42] [Server thread/INFO] [sim/]: FolkData: GOTOXYZ() for 瑾泉 ，景 to 26,237,33,0 - Method:container.sim.GotoMethod2 DIM:0
[21:39:42] [Server thread/INFO] [sim/]: FolkData: GOTOXYZ() for 瑾泉 ，景 to 21,237,33,0 - Method:container.sim.GotoMethod2 DIM:0
[21:39:42] [Server thread/INFO] [STDOUT/]: [com.trhsy.sim.common.entity.Building:loadStructure:216]: 控制箱
[21:39:42] [Server thread/INFO] [STDOUT/]: [com.trhsy.sim.common.entity.Building:loadStructure:216]: 控制箱
[21:39:42] [Server thread/INFO] [STDOUT/]: [com.trhsy.sim.common.entity.Building:loadStructure:216]: 控制箱
[21:39:42] [Server thread/INFO] [STDOUT/]: [com.trhsy.sim.common.entity.Building:loadStructure:216]: 控制箱
[21:39:42] [Server thread/INFO] [STDOUT/]: [com.trhsy.sim.common.entity.Building:loadStructure:216]: 控制箱
[21:39:42] [Server thread/INFO] [STDOUT/]: [com.trhsy.sim.common.entity.Building:loadStructure:216]: 控制箱
[21:39:42] [Server thread/INFO] [STDOUT/]: [com.trhsy.sim.common.entity.Building:loadStructure:216]: 控制箱
[21:39:42] [Server thread/INFO] [STDOUT/]: [com.trhsy.sim.common.entity.Building:loadStructure:216]: 控制箱
[21:39:42] [Server thread/INFO] [STDOUT/]: [com.trhsy.sim.common.entity.Building:loadStructure:216]: 控制箱
[21:39:42] [Server thread/INFO] [STDOUT/]: [com.trhsy.sim.common.entity.Building:loadStructure:216]: 控制箱
[21:39:42] [Server thread/INFO] [STDOUT/]: [com.trhsy.sim.common.entity.Building:loadStructure:216]: 控制箱
[21:39:42] [Server thread/INFO] [STDOUT/]: [com.trhsy.sim.common.entity.Building:loadStructure:216]: 控制箱
[21:39:42] [Server thread/INFO] [STDOUT/]: [com.trhsy.sim.common.entity.Building:loadStructure:216]: 控制箱
[21:39:42] [Server thread/INFO] [STDOUT/]: [com.trhsy.sim.common.entity.Building:loadStructure:216]: 控制箱
[21:39:42] [Server thread/INFO] [STDOUT/]: [com.trhsy.sim.client.gui.GuiControlBox:initGui:158]: ***************************commercial*********************
[21:39:42] [Server thread/WARN] [sim/]: FolkData:onUpdate() 昀然 訾 还在工作
[21:39:42] [Server thread/INFO] [sim/]: FolkData: GOTOXYZ() for 昀然 訾 to 26,237,33,0 - Method:container.sim.GotoMethod2 DIM:0
[21:39:42] [Server thread/INFO] [sim/]: FolkData: GOTOXYZ() for 昀然 訾 to 21,237,33,0 - Method:container.sim.GotoMethod2 DIM:0
[21:39:42] [Server thread/WARN] [sim/]: FolkData:onUpdate() 瑾泉 ，景 还在工作
[21:39:42] [Server thread/INFO] [sim/]: FolkData: GOTOXYZ() for 瑾泉 ，景 to 26,237,33,0 - Method:container.sim.GotoMethod2 DIM:0
[21:39:42] [Server thread/INFO] [sim/]: FolkData: GOTOXYZ() for 瑾泉 ，景 to 21,237,33,0 - Method:container.sim.GotoMethod2 DIM:0
[21:39:42] [Server thread/WARN] [sim/]: FolkData:onUpdate() 昀然 訾 还在工作
[21:39:42] [Server thread/INFO] [sim/]: FolkData: GOTOXYZ() for 昀然 訾 to 26,237,33,0 - Method:container.sim.GotoMethod2 DIM:0
[21:39:42] [Server thread/INFO] [sim/]: FolkData: GOTOXYZ() for 昀然 訾 to 21,237,33,0 - Method:container.sim.GotoMethod2 DIM:0
[21:39:42] [Server thread/WARN] [sim/]: FolkData:onUpdate() 瑾泉 ，景 还在工作
[21:39:42] [Server thread/INFO] [sim/]: FolkData: GOTOXYZ() for 瑾泉 ，景 to 26,237,33,0 - Method:container.sim.GotoMethod2 DIM:0
[21:39:42] [Server thread/INFO] [sim/]: FolkData: GOTOXYZ() for 瑾泉 ，景 to 21,237,33,0 - Method:container.sim.GotoMethod2 DIM:0
[21:39:42] [Server thread/WARN] [sim/]: FolkData:onUpdate() 昀然 訾 还在工作
[21:39:42] [Server thread/INFO] [sim/]: FolkData: GOTOXYZ() for 昀然 訾 to 26,237,33,0 - Method:container.sim.GotoMethod2 DIM:0
[21:39:42] [Server thread/INFO] [sim/]: FolkData: GOTOXYZ() for 昀然 訾 to 21,237,33,0 - Method:container.sim.GotoMethod2 DIM:0
[21:39:42] [Server thread/WARN] [sim/]: FolkData:onUpdate() 瑾泉 ，景 还在工作
[21:39:42] [Server thread/INFO] [sim/]: FolkData: GOTOXYZ() for 瑾泉 ，景 to 26,237,33,0 - Method:container.sim.GotoMethod2 DIM:0
[21:39:42] [Server thread/INFO] [sim/]: FolkData: GOTOXYZ() for 瑾泉 ，景 to 21,237,33,0 - Method:container.sim.GotoMethod2 DIM:0
[21:39:42] [Server thread/WARN] [sim/]: FolkData:onUpdate() 昀然 訾 还在工作
[21:39:42] [Server thread/INFO] [sim/]: FolkData: GOTOXYZ() for 昀然 訾 to 26,237,33,0 - Method:container.sim.GotoMethod2 DIM:0
[21:39:42] [Server thread/INFO] [sim/]: FolkData: GOTOXYZ() for 昀然 訾 to 21,237,33,0 - Method:container.sim.GotoMethod2 DIM:0
[21:39:42] [Server thread/WARN] [sim/]: FolkData:onUpdate() 瑾泉 ，景 还在工作
[21:39:42] [Server thread/INFO] [sim/]: FolkData: GOTOXYZ() for 瑾泉 ，景 to 26,237,33,0 - Method:container.sim.GotoMethod2 DIM:0
[21:39:42] [Server thread/INFO] [sim/]: FolkData: GOTOXYZ() for 瑾泉 ，景 to 21,237,33,0 - Method:container.sim.GotoMethod2 DIM:0
[21:39:42] [Server thread/WARN] [sim/]: FolkData:onUpdate() 昀然 訾 还在工作
[21:39:42] [Server thread/INFO] [sim/]: FolkData: GOTOXYZ() for 昀然 訾 to 26,237,33,0 - Method:container.sim.GotoMethod2 DIM:0
[21:39:42] [Server thread/INFO] [sim/]: FolkData: GOTOXYZ() for 昀然 訾 to 21,237,33,0 - Method:container.sim.GotoMethod2 DIM:0
[21:39:42] [Server thread/WARN] [sim/]: FolkData:onUpdate() 瑾泉 ，景 还在工作
[21:39:42] [Server thread/INFO] [sim/]: FolkData: GOTOXYZ() for 瑾泉 ，景 to 26,237,33,0 - Method:container.sim.GotoMethod2 DIM:0
[21:39:42] [Server thread/INFO] [sim/]: FolkData: GOTOXYZ() for 瑾泉 ，景 to 21,237,33,0 - Method:container.sim.GotoMethod2 DIM:0
[21:39:42] [Server thread/WARN] [sim/]: FolkData:onUpdate() 昀然 訾 还在工作
[21:39:42] [Server thread/INFO] [sim/]: FolkData: GOTOXYZ() for 昀然 訾 to 26,237,33,0 - Method:container.sim.GotoMethod2 DIM:0
[21:39:42] [Server thread/INFO] [sim/]: FolkData: GOTOXYZ() for 昀然 訾 to 21,237,33,0 - Method:container.sim.GotoMethod2 DIM:0
[21:39:42] [Server thread/WARN] [sim/]: FolkData:onUpdate() 瑾泉 ，景 还在工作
[21:39:42] [Server thread/INFO] [sim/]: FolkData: GOTOXYZ() for 瑾泉 ，景 to 26,237,33,0 - Method:container.sim.GotoMethod2 DIM:0
[21:39:42] [Server thread/INFO] [sim/]: FolkData: GOTOXYZ() for 瑾泉 ，景 to 21,237,33,0 - Method:container.sim.GotoMethod2 DIM:0
[21:39:42] [Server thread/WARN] [sim/]: FolkData:onUpdate() 昀然 訾 还在工作
[21:39:42] [Server thread/INFO] [sim/]: FolkData: GOTOXYZ() for 昀然 訾 to 26,237,33,0 - Method:container.sim.GotoMethod2 DIM:0
[21:39:42] [Server thread/INFO] [sim/]: FolkData: GOTOXYZ() for 昀然 訾 to 21,237,33,0 - Method:container.sim.GotoMethod2 DIM:0
[21:39:42] [Server thread/WARN] [sim/]: FolkData:onUpdate() 瑾泉 ，景 还在工作
[21:39:42] [Server thread/INFO] [sim/]: FolkData: GOTOXYZ() for 瑾泉 ，景 to 26,237,33,0 - Method:container.sim.GotoMethod2 DIM:0
[21:39:42] [Server thread/INFO] [sim/]: FolkData: GOTOXYZ() for 瑾泉 ，景 to 21,237,33,0 - Method:container.sim.GotoMethod2 DIM:0
[21:39:42] [Server thread/WARN] [sim/]: FolkData:onUpdate() 昀然 訾 还在工作
[21:39:42] [Server thread/INFO] [sim/]: FolkData: GOTOXYZ() for 昀然 訾 to 26,237,33,0 - Method:container.sim.GotoMethod2 DIM:0
[21:39:42] [Server thread/INFO] [sim/]: FolkData: GOTOXYZ() for 昀然 訾 to 21,237,33,0 - Method:container.sim.GotoMethod2 DIM:0
[21:39:42] [Server thread/WARN] [sim/]: FolkData:onUpdate() 瑾泉 ，景 还在工作
[21:39:42] [Server thread/INFO] [sim/]: FolkData: GOTOXYZ() for 瑾泉 ，景 to 26,237,33,0 - Method:container.sim.GotoMethod2 DIM:0
[21:39:42] [Server thread/INFO] [sim/]: FolkData: GOTOXYZ() for 瑾泉 ，景 to 21,237,33,0 - Method:container.sim.GotoMethod2 DIM:0
[21:39:42] [Server thread/WARN] [sim/]: FolkData:onUpdate() 昀然 訾 还在工作
[21:39:42] [Server thread/INFO] [sim/]: FolkData: GOTOXYZ() for 昀然 訾 to 26,237,33,0 - Method:container.sim.GotoMethod2 DIM:0
[21:39:42] [Server thread/INFO] [sim/]: FolkData: GOTOXYZ() for 昀然 訾 to 21,237,33,0 - Method:container.sim.GotoMethod2 DIM:0
[21:39:42] [Server thread/WARN] [sim/]: FolkData:onUpdate() 瑾泉 ，景 还在工作
[21:39:42] [Server thread/INFO] [sim/]: FolkData: GOTOXYZ() for 瑾泉 ，景 to 26,237,33,0 - Method:container.sim.GotoMethod2 DIM:0
[21:39:42] [Server thread/INFO] [sim/]: FolkData: GOTOXYZ() for 瑾泉 ，景 to 21,237,33,0 - Method:container.sim.GotoMethod2 DIM:0
[21:39:43] [Server thread/WARN] [sim/]: FolkData:onUpdate() 昀然 訾 还在工作
[21:39:43] [Server thread/INFO] [sim/]: FolkData: GOTOXYZ() for 昀然 訾 to 26,237,33,0 - Method:container.sim.GotoMethod2 DIM:0
[21:39:43] [Server thread/INFO] [sim/]: FolkData: GOTOXYZ() for 昀然 訾 to 21,237,33,0 - Method:container.sim.GotoMethod2 DIM:0
[21:39:43] [Server thread/WARN] [sim/]: FolkData:onUpdate() 瑾泉 ，景 还在工作
[21:39:43] [Server thread/INFO] [sim/]: FolkData: GOTOXYZ() for 瑾泉 ，景 to 26,237,33,0 - Method:container.sim.GotoMethod2 DIM:0
[21:39:43] [Server thread/INFO] [sim/]: FolkData: GOTOXYZ() for 瑾泉 ，景 to 21,237,33,0 - Method:container.sim.GotoMethod2 DIM:0
[21:39:43] [Server thread/WARN] [sim/]: FolkData:onUpdate() 昀然 訾 还在工作
[21:39:43] [Server thread/INFO] [sim/]: FolkData: GOTOXYZ() for 昀然 訾 to 26,237,33,0 - Method:container.sim.GotoMethod2 DIM:0
[21:39:43] [Server thread/INFO] [sim/]: FolkData: GOTOXYZ() for 昀然 訾 to 21,237,33,0 - Method:container.sim.GotoMethod2 DIM:0
[21:39:43] [Server thread/WARN] [sim/]: FolkData:onUpdate() 瑾泉 ，景 还在工作
[21:39:43] [Server thread/INFO] [sim/]: FolkData: GOTOXYZ() for 瑾泉 ，景 to 26,237,33,0 - Method:container.sim.GotoMethod2 DIM:0
[21:39:43] [Server thread/INFO] [sim/]: FolkData: GOTOXYZ() for 瑾泉 ，景 to 21,237,33,0 - Method:container.sim.GotoMethod2 DIM:0
[21:39:43] [Server thread/WARN] [sim/]: FolkData:onUpdate() 昀然 訾 还在工作
[21:39:43] [Server thread/INFO] [sim/]: FolkData: GOTOXYZ() for 昀然 訾 to 26,237,33,0 - Method:container.sim.GotoMethod2 DIM:0
[21:39:43] [Server thread/INFO] [sim/]: FolkData: GOTOXYZ() for 昀然 訾 to 21,237,33,0 - Method:container.sim.GotoMethod2 DIM:0
[21:39:43] [Server thread/WARN] [sim/]: FolkData:onUpdate() 瑾泉 ，景 还在工作
[21:39:43] [Server thread/INFO] [sim/]: FolkData: GOTOXYZ() for 瑾泉 ，景 to 26,237,33,0 - Method:container.sim.GotoMethod2 DIM:0
[21:39:43] [Server thread/INFO] [sim/]: FolkData: GOTOXYZ() for 瑾泉 ，景 to 21,237,33,0 - Method:container.sim.GotoMethod2 DIM:0
[21:39:43] [Server thread/WARN] [sim/]: FolkData:onUpdate() 昀然 訾 还在工作
[21:39:43] [Server thread/INFO] [sim/]: FolkData: GOTOXYZ() for 昀然 訾 to 26,237,33,0 - Method:container.sim.GotoMethod2 DIM:0
[21:39:43] [Server thread/INFO] [sim/]: FolkData: GOTOXYZ() for 昀然 訾 to 21,237,33,0 - Method:container.sim.GotoMethod2 DIM:0
[21:39:43] [Server thread/WARN] [sim/]: FolkData:onUpdate() 瑾泉 ，景 还在工作
[21:39:43] [Server thread/INFO] [sim/]: FolkData: GOTOXYZ() for 瑾泉 ，景 to 26,237,33,0 - Method:container.sim.GotoMethod2 DIM:0
[21:39:43] [Server thread/INFO] [sim/]: FolkData: GOTOXYZ() for 瑾泉 ，景 to 21,237,33,0 - Method:container.sim.GotoMethod2 DIM:0
[21:39:43] [Server thread/WARN] [sim/]: FolkData:onUpdate() 昀然 訾 还在工作
[21:39:43] [Server thread/INFO] [sim/]: FolkData: GOTOXYZ() for 昀然 訾 to 26,237,33,0 - Method:container.sim.GotoMethod2 DIM:0
[21:39:43] [Server thread/INFO] [sim/]: FolkData: GOTOXYZ() for 昀然 訾 to 21,237,33,0 - Method:container.sim.GotoMethod2 DIM:0
[21:39:43] [Server thread/WARN] [sim/]: FolkData:onUpdate() 瑾泉 ，景 还在工作
[21:39:43] [Server thread/INFO] [sim/]: FolkData: GOTOXYZ() for 瑾泉 ，景 to 26,237,33,0 - Method:container.sim.GotoMethod2 DIM:0
[21:39:43] [Server thread/INFO] [sim/]: FolkData: GOTOXYZ() for 瑾泉 ，景 to 21,237,33,0 - Method:container.sim.GotoMethod2 DIM:0
[21:39:43] [Server thread/WARN] [sim/]: FolkData:onUpdate() 昀然 訾 还在工作
[21:39:43] [Server thread/INFO] [sim/]: FolkData: GOTOXYZ() for 昀然 訾 to 26,237,33,0 - Method:container.sim.GotoMethod2 DIM:0
[21:39:43] [Server thread/INFO] [sim/]: FolkData: GOTOXYZ() for 昀然 訾 to 21,237,33,0 - Method:container.sim.GotoMethod2 DIM:0
[21:39:43] [Server thread/WARN] [sim/]: FolkData:onUpdate() 瑾泉 ，景 还在工作
[21:39:43] [Server thread/INFO] [sim/]: FolkData: GOTOXYZ() for 瑾泉 ，景 to 26,237,33,0 - Method:container.sim.GotoMethod2 DIM:0
[21:39:43] [Server thread/INFO] [sim/]: FolkData: GOTOXYZ() for 瑾泉 ，景 to 21,237,33,0 - Method:container.sim.GotoMethod2 DIM:0
[21:39:43] [Server thread/WARN] [sim/]: FolkData:onUpdate() 昀然 訾 还在工作
[21:39:43] [Server thread/INFO] [sim/]: FolkData: GOTOXYZ() for 昀然 訾 to 26,237,33,0 - Method:container.sim.GotoMethod2 DIM:0
[21:39:43] [Server thread/INFO] [sim/]: FolkData: GOTOXYZ() for 昀然 訾 to 21,237,33,0 - Method:container.sim.GotoMethod2 DIM:0
[21:39:43] [Server thread/WARN] [sim/]: FolkData:onUpdate() 瑾泉 ，景 还在工作
[21:39:43] [Server thread/INFO] [sim/]: FolkData: GOTOXYZ() for 瑾泉 ，景 to 26,237,33,0 - Method:container.sim.GotoMethod2 DIM:0
[21:39:43] [Server thread/INFO] [sim/]: FolkData: GOTOXYZ() for 瑾泉 ，景 to 21,237,33,0 - Method:container.sim.GotoMethod2 DIM:0
[21:39:43] [Server thread/WARN] [sim/]: FolkData:onUpdate() 昀然 訾 还在工作
[21:39:43] [Server thread/INFO] [sim/]: FolkData: GOTOXYZ() for 昀然 訾 to 26,237,33,0 - Method:container.sim.GotoMethod2 DIM:0
[21:39:43] [Server thread/INFO] [sim/]: FolkData: GOTOXYZ() for 昀然 訾 to 21,237,33,0 - Method:container.sim.GotoMethod2 DIM:0
[21:39:43] [Server thread/WARN] [sim/]: FolkData:onUpdate() 瑾泉 ，景 还在工作
[21:39:43] [Server thread/INFO] [sim/]: FolkData: GOTOXYZ() for 瑾泉 ，景 to 26,237,33,0 - Method:container.sim.GotoMethod2 DIM:0
[21:39:43] [Server thread/INFO] [sim/]: FolkData: GOTOXYZ() for 瑾泉 ，景 to 21,237,33,0 - Method:container.sim.GotoMethod2 DIM:0
[21:39:43] [Server thread/WARN] [sim/]: FolkData:onUpdate() 昀然 訾 还在工作
[21:39:43] [Server thread/INFO] [sim/]: FolkData: GOTOXYZ() for 昀然 訾 to 26,237,33,0 - Method:container.sim.GotoMethod2 DIM:0
[21:39:43] [Server thread/INFO] [sim/]: FolkData: GOTOXYZ() for 昀然 訾 to 21,237,33,0 - Method:container.sim.GotoMethod2 DIM:0
[21:39:43] [Server thread/WARN] [sim/]: FolkData:onUpdate() 瑾泉 ，景 还在工作
[21:39:43] [Server thread/INFO] [sim/]: FolkData: GOTOXYZ() for 瑾泉 ，景 to 26,237,33,0 - Method:container.sim.GotoMethod2 DIM:0
[21:39:43] [Server thread/INFO] [sim/]: FolkData: GOTOXYZ() for 瑾泉 ，景 to 21,237,33,0 - Method:container.sim.GotoMethod2 DIM:0
[21:39:43] [Server thread/WARN] [sim/]: FolkData:onUpdate() 昀然 訾 还在工作
[21:39:43] [Server thread/INFO] [sim/]: FolkData: GOTOXYZ() for 昀然 訾 to 26,237,33,0 - Method:container.sim.GotoMethod2 DIM:0
[21:39:43] [Server thread/INFO] [sim/]: FolkData: GOTOXYZ() for 昀然 訾 to 21,237,33,0 - Method:container.sim.GotoMethod2 DIM:0
[21:39:43] [Server thread/WARN] [sim/]: FolkData:onUpdate() 瑾泉 ，景 还在工作
[21:39:43] [Server thread/INFO] [sim/]: FolkData: GOTOXYZ() for 瑾泉 ，景 to 26,237,33,0 - Method:container.sim.GotoMethod2 DIM:0
[21:39:43] [Server thread/INFO] [sim/]: FolkData: GOTOXYZ() for 瑾泉 ，景 to 21,237,33,0 - Method:container.sim.GotoMethod2 DIM:0
[21:39:43] [Server thread/WARN] [sim/]: FolkData:onUpdate() 昀然 訾 还在工作
[21:39:43] [Server thread/INFO] [sim/]: FolkData: GOTOXYZ() for 昀然 訾 to 26,237,33,0 - Method:container.sim.GotoMethod2 DIM:0
[21:39:43] [Server thread/INFO] [sim/]: FolkData: GOTOXYZ() for 昀然 訾 to 21,237,33,0 - Method:container.sim.GotoMethod2 DIM:0
[21:39:43] [Server thread/WARN] [sim/]: FolkData:onUpdate() 瑾泉 ，景 还在工作
[21:39:43] [Server thread/INFO] [sim/]: FolkData: GOTOXYZ() for 瑾泉 ，景 to 26,237,33,0 - Method:container.sim.GotoMethod2 DIM:0
[21:39:43] [Server thread/INFO] [sim/]: FolkData: GOTOXYZ() for 瑾泉 ，景 to 21,237,33,0 - Method:container.sim.GotoMethod2 DIM:0
[21:39:43] [Server thread/WARN] [sim/]: FolkData:onUpdate() 昀然 訾 还在工作
[21:39:43] [Server thread/INFO] [sim/]: FolkData: GOTOXYZ() for 昀然 訾 to 26,237,33,0 - Method:container.sim.GotoMethod2 DIM:0
[21:39:43] [Server thread/INFO] [sim/]: FolkData: GOTOXYZ() for 昀然 訾 to 21,237,33,0 - Method:container.sim.GotoMethod2 DIM:0
[21:39:43] [Server thread/INFO] [sim/]: FolkData: doBeaming() 完成 欢妍 曾 to 17,238,15,0 (dim 0)
[21:39:43] [Server thread/WARN] [sim/]: FolkData:onUpdate() 瑾泉 ，景 还在工作
[21:39:43] [Server thread/INFO] [sim/]: FolkData: GOTOXYZ() for 瑾泉 ，景 to 26,237,33,0 - Method:container.sim.GotoMethod2 DIM:0
[21:39:43] [Server thread/INFO] [sim/]: FolkData: GOTOXYZ() for 瑾泉 ，景 to 21,237,33,0 - Method:container.sim.GotoMethod2 DIM:0
[21:39:43] [Server thread/WARN] [sim/]: FolkData:onUpdate() 昀然 訾 还在工作
[21:39:43] [Server thread/INFO] [sim/]: FolkData: GOTOXYZ() for 昀然 訾 to 26,237,33,0 - Method:container.sim.GotoMethod2 DIM:0
[21:39:43] [Server thread/INFO] [sim/]: FolkData: GOTOXYZ() for 昀然 訾 to 21,237,33,0 - Method:container.sim.GotoMethod2 DIM:0
[21:39:43] [Server thread/WARN] [sim/]: FolkData:onUpdate() 瑾泉 ，景 还在工作
[21:39:43] [Server thread/INFO] [sim/]: FolkData: GOTOXYZ() for 瑾泉 ，景 to 26,237,33,0 - Method:container.sim.GotoMethod2 DIM:0
[21:39:43] [Server thread/INFO] [sim/]: FolkData: GOTOXYZ() for 瑾泉 ，景 to 21,237,33,0 - Method:container.sim.GotoMethod2 DIM:0
[21:39:43] [Server thread/WARN] [sim/]: FolkData:onUpdate() 昀然 訾 还在工作
[21:39:43] [Server thread/INFO] [sim/]: FolkData: GOTOXYZ() for 昀然 訾 to 26,237,33,0 - Method:container.sim.GotoMethod2 DIM:0
[21:39:43] [Server thread/INFO] [sim/]: FolkData: GOTOXYZ() for 昀然 訾 to 21,237,33,0 - Method:container.sim.GotoMethod2 DIM:0
[21:39:43] [Server thread/WARN] [sim/]: FolkData:onUpdate() 瑾泉 ，景 还在工作
[21:39:43] [Server thread/INFO] [sim/]: FolkData: GOTOXYZ() for 瑾泉 ，景 to 26,237,33,0 - Method:container.sim.GotoMethod2 DIM:0
[21:39:43] [Server thread/INFO] [sim/]: FolkData: GOTOXYZ() for 瑾泉 ，景 to 21,237,33,0 - Method:container.sim.GotoMethod2 DIM:0
[21:39:43] [Server thread/WARN] [sim/]: FolkData:onUpdate() 昀然 訾 还在工作
[21:39:43] [Server thread/INFO] [sim/]: FolkData: GOTOXYZ() for 昀然 訾 to 26,237,33,0 - Method:container.sim.GotoMethod2 DIM:0
[21:39:43] [Server thread/INFO] [sim/]: FolkData: GOTOXYZ() for 昀然 訾 to 21,237,33,0 - Method:container.sim.GotoMethod2 DIM:0
[21:39:43] [Server thread/WARN] [sim/]: FolkData:onUpdate() 瑾泉 ，景 还在工作
[21:39:43] [Server thread/INFO] [sim/]: FolkData: GOTOXYZ() for 瑾泉 ，景 to 26,237,33,0 - Method:container.sim.GotoMethod2 DIM:0
[21:39:43] [Server thread/INFO] [sim/]: FolkData: GOTOXYZ() for 瑾泉 ，景 to 21,237,33,0 - Method:container.sim.GotoMethod2 DIM:0
[21:39:43] [Server thread/WARN] [sim/]: FolkData:onUpdate() 昀然 訾 还在工作
[21:39:43] [Server thread/INFO] [sim/]: FolkData: GOTOXYZ() for 昀然 訾 to 26,237,33,0 - Method:container.sim.GotoMethod2 DIM:0
[21:39:43] [Server thread/INFO] [sim/]: FolkData: GOTOXYZ() for 昀然 訾 to 21,237,33,0 - Method:container.sim.GotoMethod2 DIM:0
[21:39:43] [Server thread/WARN] [sim/]: FolkData:onUpdate() 瑾泉 ，景 还在工作
[21:39:43] [Server thread/INFO] [sim/]: FolkData: GOTOXYZ() for 瑾泉 ，景 to 26,237,33,0 - Method:container.sim.GotoMethod2 DIM:0
[21:39:43] [Server thread/INFO] [sim/]: FolkData: GOTOXYZ() for 瑾泉 ，景 to 21,237,33,0 - Method:container.sim.GotoMethod2 DIM:0
[21:39:43] [Server thread/WARN] [sim/]: FolkData:onUpdate() 昀然 訾 还在工作
[21:39:43] [Server thread/INFO] [sim/]: FolkData: GOTOXYZ() for 昀然 訾 to 26,237,33,0 - Method:container.sim.GotoMethod2 DIM:0
[21:39:43] [Server thread/INFO] [sim/]: FolkData: GOTOXYZ() for 昀然 訾 to 21,237,33,0 - Method:container.sim.GotoMethod2 DIM:0
[21:39:43] [Server thread/WARN] [sim/]: FolkData:onUpdate() 瑾泉 ，景 还在工作
[21:39:43] [Server thread/INFO] [sim/]: FolkData: GOTOXYZ() for 瑾泉 ，景 to 26,237,33,0 - Method:container.sim.GotoMethod2 DIM:0
[21:39:43] [Server thread/INFO] [sim/]: FolkData: GOTOXYZ() for 瑾泉 ，景 to 21,237,33,0 - Method:container.sim.GotoMethod2 DIM:0
[21:39:43] [Server thread/WARN] [sim/]: FolkData:onUpdate() 昀然 訾 还在工作
[21:39:43] [Server thread/INFO] [sim/]: FolkData: GOTOXYZ() for 昀然 訾 to 26,237,33,0 - Method:container.sim.GotoMethod2 DIM:0
[21:39:43] [Server thread/INFO] [sim/]: FolkData: GOTOXYZ() for 昀然 訾 to 21,237,33,0 - Method:container.sim.GotoMethod2 DIM:0
[21:39:43] [Server thread/WARN] [sim/]: FolkData:onUpdate() 瑾泉 ，景 还在工作
[21:39:43] [Server thread/INFO] [sim/]: FolkData: GOTOXYZ() for 瑾泉 ，景 to 26,237,33,0 - Method:container.sim.GotoMethod2 DIM:0
[21:39:43] [Server thread/INFO] [sim/]: FolkData: GOTOXYZ() for 瑾泉 ，景 to 21,237,33,0 - Method:container.sim.GotoMethod2 DIM:0
[21:39:43] [Server thread/WARN] [sim/]: FolkData:onUpdate() 昀然 訾 还在工作
[21:39:43] [Server thread/INFO] [sim/]: FolkData: GOTOXYZ() for 昀然 訾 to 26,237,33,0 - Method:container.sim.GotoMethod2 DIM:0
[21:39:43] [Server thread/INFO] [sim/]: FolkData: GOTOXYZ() for 昀然 訾 to 21,237,33,0 - Method:container.sim.GotoMethod2 DIM:0
[21:39:43] [Server thread/WARN] [sim/]: FolkData:onUpdate() 瑾泉 ，景 还在工作
[21:39:43] [Server thread/INFO] [sim/]: FolkData: GOTOXYZ() for 瑾泉 ，景 to 26,237,33,0 - Method:container.sim.GotoMethod2 DIM:0
[21:39:43] [Server thread/INFO] [sim/]: FolkData: GOTOXYZ() for 瑾泉 ，景 to 21,237,33,0 - Method:container.sim.GotoMethod2 DIM:0
[21:39:43] [Server thread/WARN] [sim/]: FolkData:onUpdate() 昀然 訾 还在工作
[21:39:43] [Server thread/INFO] [sim/]: FolkData: GOTOXYZ() for 昀然 訾 to 26,237,33,0 - Method:container.sim.GotoMethod2 DIM:0
[21:39:43] [Server thread/INFO] [sim/]: FolkData: GOTOXYZ() for 昀然 訾 to 21,237,33,0 - Method:container.sim.GotoMethod2 DIM:0
[21:39:43] [Server thread/WARN] [sim/]: FolkData:onUpdate() 瑾泉 ，景 还在工作
[21:39:43] [Server thread/INFO] [sim/]: FolkData: GOTOXYZ() for 瑾泉 ，景 to 26,237,33,0 - Method:container.sim.GotoMethod2 DIM:0
[21:39:43] [Server thread/INFO] [sim/]: FolkData: GOTOXYZ() for 瑾泉 ，景 to 21,237,33,0 - Method:container.sim.GotoMethod2 DIM:0
[21:39:43] [Server thread/WARN] [sim/]: FolkData:onUpdate() 昀然 訾 还在工作
[21:39:43] [Server thread/INFO] [sim/]: FolkData: GOTOXYZ() for 昀然 訾 to 26,237,33,0 - Method:container.sim.GotoMethod2 DIM:0
[21:39:43] [Server thread/INFO] [sim/]: FolkData: GOTOXYZ() for 昀然 訾 to 21,237,33,0 - Method:container.sim.GotoMethod2 DIM:0
[21:39:43] [Server thread/WARN] [sim/]: FolkData:onUpdate() 瑾泉 ，景 还在工作
[21:39:43] [Server thread/INFO] [sim/]: FolkData: GOTOXYZ() for 瑾泉 ，景 to 26,237,33,0 - Method:container.sim.GotoMethod2 DIM:0
[21:39:43] [Server thread/INFO] [sim/]: FolkData: GOTOXYZ() for 瑾泉 ，景 to 21,237,33,0 - Method:container.sim.GotoMethod2 DIM:0
[21:39:43] [Server thread/WARN] [sim/]: FolkData:onUpdate() 昀然 訾 还在工作
[21:39:43] [Server thread/INFO] [sim/]: FolkData: GOTOXYZ() for 昀然 訾 to 26,237,33,0 - Method:container.sim.GotoMethod2 DIM:0
[21:39:43] [Server thread/INFO] [sim/]: FolkData: GOTOXYZ() for 昀然 訾 to 21,237,33,0 - Method:container.sim.GotoMethod2 DIM:0
[21:39:43] [Server thread/WARN] [sim/]: FolkData:onUpdate() 瑾泉 ，景 还在工作
[21:39:43] [Server thread/INFO] [sim/]: FolkData: GOTOXYZ() for 瑾泉 ，景 to 26,237,33,0 - Method:container.sim.GotoMethod2 DIM:0
[21:39:43] [Server thread/INFO] [sim/]: FolkData: GOTOXYZ() for 瑾泉 ，景 to 21,237,33,0 - Method:container.sim.GotoMethod2 DIM:0
[21:39:43] [Server thread/WARN] [sim/]: FolkData:onUpdate() 昀然 訾 还在工作
[21:39:43] [Server thread/INFO] [sim/]: FolkData: GOTOXYZ() for 昀然 訾 to 26,237,33,0 - Method:container.sim.GotoMethod2 DIM:0
[21:39:43] [Server thread/INFO] [sim/]: FolkData: GOTOXYZ() for 昀然 訾 to 21,237,33,0 - Method:container.sim.GotoMethod2 DIM:0
[21:39:43] [Server thread/WARN] [sim/]: FolkData:onUpdate() 瑾泉 ，景 还在工作
[21:39:43] [Server thread/INFO] [sim/]: FolkData: GOTOXYZ() for 瑾泉 ，景 to 26,237,33,0 - Method:container.sim.GotoMethod2 DIM:0
[21:39:43] [Server thread/INFO] [sim/]: FolkData: GOTOXYZ() for 瑾泉 ，景 to 21,237,33,0 - Method:container.sim.GotoMethod2 DIM:0
[21:39:43] [Server thread/WARN] [sim/]: FolkData:onUpdate() 昀然 訾 还在工作
[21:39:43] [Server thread/INFO] [sim/]: FolkData: GOTOXYZ() for 昀然 訾 to 26,237,33,0 - Method:container.sim.GotoMethod2 DIM:0
[21:39:43] [Server thread/INFO] [sim/]: FolkData: GOTOXYZ() for 昀然 訾 to 21,237,33,0 - Method:container.sim.GotoMethod2 DIM:0
[21:39:43] [Server thread/WARN] [sim/]: FolkData:onUpdate() 瑾泉 ，景 还在工作
[21:39:43] [Server thread/INFO] [sim/]: FolkData: GOTOXYZ() for 瑾泉 ，景 to 26,237,33,0 - Method:container.sim.GotoMethod2 DIM:0
[21:39:43] [Server thread/INFO] [sim/]: FolkData: GOTOXYZ() for 瑾泉 ，景 to 21,237,33,0 - Method:container.sim.GotoMethod2 DIM:0
[21:39:43] [Server thread/WARN] [sim/]: FolkData:onUpdate() 昀然 訾 还在工作
[21:39:43] [Server thread/INFO] [sim/]: FolkData: GOTOXYZ() for 昀然 訾 to 26,237,33,0 - Method:container.sim.GotoMethod2 DIM:0
[21:39:43] [Server thread/INFO] [sim/]: FolkData: GOTOXYZ() for 昀然 訾 to 21,237,33,0 - Method:container.sim.GotoMethod2 DIM:0
[21:39:43] [Server thread/WARN] [sim/]: FolkData:onUpdate() 瑾泉 ，景 还在工作
[21:39:43] [Server thread/INFO] [sim/]: FolkData: GOTOXYZ() for 瑾泉 ，景 to 26,237,33,0 - Method:container.sim.GotoMethod2 DIM:0
[21:39:43] [Server thread/INFO] [sim/]: FolkData: GOTOXYZ() for 瑾泉 ，景 to 21,237,33,0 - Method:container.sim.GotoMethod2 DIM:0
[21:39:43] [Server thread/WARN] [sim/]: FolkData:onUpdate() 昀然 訾 还在工作
[21:39:43] [Server thread/INFO] [sim/]: FolkData: GOTOXYZ() for 昀然 訾 to 26,237,33,0 - Method:container.sim.GotoMethod2 DIM:0
[21:39:43] [Server thread/INFO] [sim/]: FolkData: GOTOXYZ() for 昀然 訾 to 21,237,33,0 - Method:container.sim.GotoMethod2 DIM:0
[21:39:43] [Server thread/WARN] [sim/]: FolkData:onUpdate() 瑾泉 ，景 还在工作
[21:39:43] [Server thread/INFO] [sim/]: FolkData: GOTOXYZ() for 瑾泉 ，景 to 26,237,33,0 - Method:container.sim.GotoMethod2 DIM:0
[21:39:43] [Server thread/INFO] [sim/]: FolkData: GOTOXYZ() for 瑾泉 ，景 to 21,237,33,0 - Method:container.sim.GotoMethod2 DIM:0
[21:39:43] [Server thread/WARN] [sim/]: FolkData:onUpdate() 昀然 訾 还在工作
[21:39:43] [Server thread/INFO] [sim/]: FolkData: GOTOXYZ() for 昀然 訾 to 26,237,33,0 - Method:container.sim.GotoMethod2 DIM:0
[21:39:43] [Server thread/INFO] [sim/]: FolkData: GOTOXYZ() for 昀然 訾 to 21,237,33,0 - Method:container.sim.GotoMethod2 DIM:0
[21:39:43] [Server thread/WARN] [sim/]: FolkData:onUpdate() 瑾泉 ，景 还在工作
[21:39:43] [Server thread/INFO] [sim/]: FolkData: GOTOXYZ() for 瑾泉 ，景 to 26,237,33,0 - Method:container.sim.GotoMethod2 DIM:0
[21:39:43] [Server thread/INFO] [sim/]: FolkData: GOTOXYZ() for 瑾泉 ，景 to 21,237,33,0 - Method:container.sim.GotoMethod2 DIM:0
[21:39:43] [Server thread/WARN] [sim/]: FolkData:onUpdate() 昀然 訾 还在工作
[21:39:43] [Server thread/INFO] [sim/]: FolkData: GOTOXYZ() for 昀然 訾 to 26,237,33,0 - Method:container.sim.GotoMethod2 DIM:0
[21:39:43] [Server thread/INFO] [sim/]: FolkData: GOTOXYZ() for 昀然 訾 to 21,237,33,0 - Method:container.sim.GotoMethod2 DIM:0
[21:39:43] [Server thread/WARN] [sim/]: FolkData:onUpdate() 瑾泉 ，景 还在工作
[21:39:43] [Server thread/INFO] [sim/]: FolkData: GOTOXYZ() for 瑾泉 ，景 to 26,237,33,0 - Method:container.sim.GotoMethod2 DIM:0
[21:39:43] [Server thread/INFO] [sim/]: FolkData: GOTOXYZ() for 瑾泉 ，景 to 21,237,33,0 - Method:container.sim.GotoMethod2 DIM:0
[21:39:43] [Server thread/WARN] [sim/]: FolkData:onUpdate() 昀然 訾 还在工作
[21:39:43] [Server thread/INFO] [sim/]: FolkData: GOTOXYZ() for 昀然 訾 to 26,237,33,0 - Method:container.sim.GotoMethod2 DIM:0
[21:39:43] [Server thread/INFO] [sim/]: FolkData: GOTOXYZ() for 昀然 訾 to 21,237,33,0 - Method:container.sim.GotoMethod2 DIM:0
[21:39:43] [Server thread/WARN] [sim/]: FolkData:onUpdate() 瑾泉 ，景 还在工作
[21:39:43] [Server thread/INFO] [sim/]: FolkData: GOTOXYZ() for 瑾泉 ，景 to 26,237,33,0 - Method:container.sim.GotoMethod2 DIM:0
[21:39:43] [Server thread/INFO] [sim/]: FolkData: GOTOXYZ() for 瑾泉 ，景 to 21,237,33,0 - Method:container.sim.GotoMethod2 DIM:0
[21:39:43] [Server thread/WARN] [sim/]: FolkData:onUpdate() 昀然 訾 还在工作
[21:39:43] [Server thread/INFO] [sim/]: FolkData: GOTOXYZ() for 昀然 訾 to 26,237,33,0 - Method:container.sim.GotoMethod2 DIM:0
[21:39:43] [Server thread/INFO] [sim/]: FolkData: GOTOXYZ() for 昀然 訾 to 21,237,33,0 - Method:container.sim.GotoMethod2 DIM:0
[21:39:43] [Server thread/WARN] [sim/]: FolkData:onUpdate() 瑾泉 ，景 还在工作
[21:39:43] [Server thread/INFO] [sim/]: FolkData: GOTOXYZ() for 瑾泉 ，景 to 26,237,33,0 - Method:container.sim.GotoMethod2 DIM:0
[21:39:43] [Server thread/INFO] [sim/]: FolkData: GOTOXYZ() for 瑾泉 ，景 to 21,237,33,0 - Method:container.sim.GotoMethod2 DIM:0
[21:39:43] [Server thread/WARN] [sim/]: FolkData:onUpdate() 昀然 訾 还在工作
[21:39:43] [Server thread/INFO] [sim/]: FolkData: GOTOXYZ() for 昀然 訾 to 26,237,33,0 - Method:container.sim.GotoMethod2 DIM:0
[21:39:43] [Server thread/INFO] [sim/]: FolkData: GOTOXYZ() for 昀然 訾 to 21,237,33,0 - Method:container.sim.GotoMethod2 DIM:0
[21:39:43] [Server thread/WARN] [sim/]: FolkData:onUpdate() 瑾泉 ，景 还在工作
[21:39:43] [Server thread/INFO] [sim/]: FolkData: GOTOXYZ() for 瑾泉 ，景 to 26,237,33,0 - Method:container.sim.GotoMethod2 DIM:0
[21:39:43] [Server thread/INFO] [sim/]: FolkData: GOTOXYZ() for 瑾泉 ，景 to 21,237,33,0 - Method:container.sim.GotoMethod2 DIM:0
[21:39:43] [Server thread/WARN] [sim/]: FolkData:onUpdate() 昀然 訾 还在工作
[21:39:43] [Server thread/INFO] [sim/]: FolkData: GOTOXYZ() for 昀然 訾 to 26,237,33,0 - Method:container.sim.GotoMethod2 DIM:0
[21:39:43] [Server thread/INFO] [sim/]: FolkData: GOTOXYZ() for 昀然 訾 to 21,237,33,0 - Method:container.sim.GotoMethod2 DIM:0
[21:39:43] [Server thread/WARN] [sim/]: FolkData:onUpdate() 瑾泉 ，景 还在工作
[21:39:43] [Server thread/INFO] [sim/]: FolkData: GOTOXYZ() for 瑾泉 ，景 to 26,237,33,0 - Method:container.sim.GotoMethod2 DIM:0
[21:39:43] [Server thread/INFO] [sim/]: FolkData: GOTOXYZ() for 瑾泉 ，景 to 21,237,33,0 - Method:container.sim.GotoMethod2 DIM:0
[21:39:43] [Server thread/WARN] [sim/]: FolkData:onUpdate() 昀然 訾 还在工作
[21:39:43] [Server thread/INFO] [sim/]: FolkData: GOTOXYZ() for 昀然 訾 to 26,237,33,0 - Method:container.sim.GotoMethod2 DIM:0
[21:39:43] [Server thread/INFO] [sim/]: FolkData: GOTOXYZ() for 昀然 訾 to 21,237,33,0 - Method:container.sim.GotoMethod2 DIM:0
[21:39:43] [Server thread/WARN] [sim/]: FolkData:onUpdate() 瑾泉 ，景 还在工作
[21:39:43] [Server thread/INFO] [sim/]: FolkData: GOTOXYZ() for 瑾泉 ，景 to 26,237,33,0 - Method:container.sim.GotoMethod2 DIM:0
[21:39:43] [Server thread/INFO] [sim/]: FolkData: GOTOXYZ() for 瑾泉 ，景 to 21,237,33,0 - Method:container.sim.GotoMethod2 DIM:0
[21:39:43] [Server thread/WARN] [sim/]: FolkData:onUpdate() 昀然 訾 还在工作
[21:39:43] [Server thread/INFO] [sim/]: FolkData: GOTOXYZ() for 昀然 訾 to 26,237,33,0 - Method:container.sim.GotoMethod2 DIM:0
[21:39:43] [Server thread/INFO] [sim/]: FolkData: GOTOXYZ() for 昀然 訾 to 21,237,33,0 - Method:container.sim.GotoMethod2 DIM:0
[21:39:43] [Server thread/WARN] [sim/]: FolkData:onUpdate() 瑾泉 ，景 还在工作
[21:39:43] [Server thread/INFO] [sim/]: FolkData: GOTOXYZ() for 瑾泉 ，景 to 26,237,33,0 - Method:container.sim.GotoMethod2 DIM:0
[21:39:43] [Server thread/INFO] [sim/]: FolkData: GOTOXYZ() for 瑾泉 ，景 to 21,237,33,0 - Method:container.sim.GotoMethod2 DIM:0
[21:39:43] [Server thread/WARN] [sim/]: FolkData:onUpdate() 昀然 訾 还在工作
[21:39:43] [Server thread/INFO] [sim/]: FolkData: GOTOXYZ() for 昀然 訾 to 26,237,33,0 - Method:container.sim.GotoMethod2 DIM:0
[21:39:43] [Server thread/INFO] [sim/]: FolkData: GOTOXYZ() for 昀然 訾 to 21,237,33,0 - Method:container.sim.GotoMethod2 DIM:0
[21:39:43] [Server thread/WARN] [sim/]: FolkData:onUpdate() 瑾泉 ，景 还在工作
[21:39:43] [Server thread/INFO] [sim/]: FolkData: GOTOXYZ() for 瑾泉 ，景 to 26,237,33,0 - Method:container.sim.GotoMethod2 DIM:0
[21:39:43] [Server thread/INFO] [sim/]: FolkData: GOTOXYZ() for 瑾泉 ，景 to 21,237,33,0 - Method:container.sim.GotoMethod2 DIM:0
[21:39:43] [Server thread/WARN] [sim/]: FolkData:onUpdate() 昀然 訾 还在工作
[21:39:43] [Server thread/INFO] [sim/]: FolkData: GOTOXYZ() for 昀然 訾 to 26,237,33,0 - Method:container.sim.GotoMethod2 DIM:0
[21:39:43] [Server thread/INFO] [sim/]: FolkData: GOTOXYZ() for 昀然 訾 to 21,237,33,0 - Method:container.sim.GotoMethod2 DIM:0
[21:39:43] [Server thread/WARN] [sim/]: FolkData:onUpdate() 瑾泉 ，景 还在工作
[21:39:43] [Server thread/INFO] [sim/]: FolkData: GOTOXYZ() for 瑾泉 ，景 to 26,237,33,0 - Method:container.sim.GotoMethod2 DIM:0
[21:39:43] [Server thread/INFO] [sim/]: FolkData: GOTOXYZ() for 瑾泉 ，景 to 21,237,33,0 - Method:container.sim.GotoMethod2 DIM:0
[21:39:43] [Server thread/WARN] [sim/]: FolkData:onUpdate() 昀然 訾 还在工作
[21:39:43] [Server thread/INFO] [sim/]: FolkData: GOTOXYZ() for 昀然 訾 to 26,237,33,0 - Method:container.sim.GotoMethod2 DIM:0
[21:39:43] [Server thread/INFO] [sim/]: FolkData: GOTOXYZ() for 昀然 訾 to 21,237,33,0 - Method:container.sim.GotoMethod2 DIM:0
[21:39:43] [Server thread/WARN] [sim/]: FolkData:onUpdate() 瑾泉 ，景 还在工作
[21:39:43] [Server thread/INFO] [sim/]: FolkData: GOTOXYZ() for 瑾泉 ，景 to 26,237,33,0 - Method:container.sim.GotoMethod2 DIM:0
[21:39:43] [Server thread/INFO] [sim/]: FolkData: GOTOXYZ() for 瑾泉 ，景 to 21,237,33,0 - Method:container.sim.GotoMethod2 DIM:0
[21:39:43] [Server thread/WARN] [sim/]: FolkData:onUpdate() 昀然 訾 还在工作
[21:39:43] [Server thread/INFO] [sim/]: FolkData: GOTOXYZ() for 昀然 訾 to 26,237,33,0 - Method:container.sim.GotoMethod2 DIM:0
[21:39:43] [Server thread/INFO] [sim/]: FolkData: GOTOXYZ() for 昀然 訾 to 21,237,33,0 - Method:container.sim.GotoMethod2 DIM:0
[21:39:43] [Server thread/WARN] [sim/]: FolkData:onUpdate() 瑾泉 ，景 还在工作
[21:39:43] [Server thread/INFO] [sim/]: FolkData: GOTOXYZ() for 瑾泉 ，景 to 26,237,33,0 - Method:container.sim.GotoMethod2 DIM:0
[21:39:43] [Server thread/INFO] [sim/]: FolkData: GOTOXYZ() for 瑾泉 ，景 to 21,237,33,0 - Method:container.sim.GotoMethod2 DIM:0
[21:39:43] [Server thread/WARN] [sim/]: FolkData:onUpdate() 昀然 訾 还在工作
[21:39:43] [Server thread/INFO] [sim/]: FolkData: GOTOXYZ() for 昀然 訾 to 26,237,33,0 - Method:container.sim.GotoMethod2 DIM:0
[21:39:43] [Server thread/INFO] [sim/]: FolkData: GOTOXYZ() for 昀然 訾 to 21,237,33,0 - Method:container.sim.GotoMethod2 DIM:0
[21:39:43] [Server thread/WARN] [sim/]: FolkData:onUpdate() 瑾泉 ，景 还在工作
[21:39:43] [Server thread/INFO] [sim/]: FolkData: GOTOXYZ() for 瑾泉 ，景 to 26,237,33,0 - Method:container.sim.GotoMethod2 DIM:0
[21:39:43] [Server thread/INFO] [sim/]: FolkData: GOTOXYZ() for 瑾泉 ，景 to 21,237,33,0 - Method:container.sim.GotoMethod2 DIM:0
[21:39:43] [Server thread/WARN] [sim/]: FolkData:onUpdate() 昀然 訾 还在工作
[21:39:43] [Server thread/INFO] [sim/]: FolkData: GOTOXYZ() for 昀然 訾 to 26,237,33,0 - Method:container.sim.GotoMethod2 DIM:0
[21:39:43] [Server thread/INFO] [sim/]: FolkData: GOTOXYZ() for 昀然 訾 to 21,237,33,0 - Method:container.sim.GotoMethod2 DIM:0
[21:39:43] [Server thread/WARN] [sim/]: FolkData:onUpdate() 瑾泉 ，景 还在工作
[21:39:43] [Server thread/INFO] [sim/]: FolkData: GOTOXYZ() for 瑾泉 ，景 to 26,237,33,0 - Method:container.sim.GotoMethod2 DIM:0
[21:39:43] [Server thread/INFO] [sim/]: FolkData: GOTOXYZ() for 瑾泉 ，景 to 21,237,33,0 - Method:container.sim.GotoMethod2 DIM:0
[21:39:44] [Server thread/WARN] [sim/]: FolkData:onUpdate() 昀然 訾 还在工作
[21:39:44] [Server thread/INFO] [sim/]: FolkData: GOTOXYZ() for 昀然 訾 to 26,237,33,0 - Method:container.sim.GotoMethod2 DIM:0
[21:39:44] [Server thread/INFO] [sim/]: FolkData: GOTOXYZ() for 昀然 訾 to 21,237,33,0 - Method:container.sim.GotoMethod2 DIM:0
[21:39:44] [Server thread/WARN] [sim/]: FolkData:onUpdate() 瑾泉 ，景 还在工作
[21:39:44] [Server thread/INFO] [sim/]: FolkData: GOTOXYZ() for 瑾泉 ，景 to 26,237,33,0 - Method:container.sim.GotoMethod2 DIM:0
[21:39:44] [Server thread/INFO] [sim/]: FolkData: GOTOXYZ() for 瑾泉 ，景 to 21,237,33,0 - Method:container.sim.GotoMethod2 DIM:0
[21:39:44] [Server thread/WARN] [sim/]: FolkData:onUpdate() 昀然 訾 还在工作
[21:39:44] [Server thread/INFO] [sim/]: FolkData: GOTOXYZ() for 昀然 訾 to 26,237,33,0 - Method:container.sim.GotoMethod2 DIM:0
[21:39:44] [Server thread/INFO] [sim/]: FolkData: GOTOXYZ() for 昀然 訾 to 21,237,33,0 - Method:container.sim.GotoMethod2 DIM:0
[21:39:44] [Server thread/WARN] [sim/]: FolkData:onUpdate() 瑾泉 ，景 还在工作
[21:39:44] [Server thread/INFO] [sim/]: FolkData: GOTOXYZ() for 瑾泉 ，景 to 26,237,33,0 - Method:container.sim.GotoMethod2 DIM:0
[21:39:44] [Server thread/INFO] [sim/]: FolkData: GOTOXYZ() for 瑾泉 ，景 to 21,237,33,0 - Method:container.sim.GotoMethod2 DIM:0
[21:39:44] [Server thread/WARN] [sim/]: FolkData:onUpdate() 昀然 訾 还在工作
[21:39:44] [Server thread/INFO] [sim/]: FolkData: GOTOXYZ() for 昀然 訾 to 26,237,33,0 - Method:container.sim.GotoMethod2 DIM:0
[21:39:44] [Server thread/INFO] [sim/]: FolkData: GOTOXYZ() for 昀然 訾 to 21,237,33,0 - Method:container.sim.GotoMethod2 DIM:0
[21:39:44] [Server thread/WARN] [sim/]: FolkData:onUpdate() 瑾泉 ，景 还在工作
[21:39:44] [Server thread/INFO] [sim/]: FolkData: GOTOXYZ() for 瑾泉 ，景 to 26,237,33,0 - Method:container.sim.GotoMethod2 DIM:0
[21:39:44] [Server thread/INFO] [sim/]: FolkData: GOTOXYZ() for 瑾泉 ，景 to 21,237,33,0 - Method:container.sim.GotoMethod2 DIM:0
[21:39:44] [Server thread/WARN] [sim/]: FolkData:onUpdate() 昀然 訾 还在工作
[21:39:44] [Server thread/INFO] [sim/]: FolkData: GOTOXYZ() for 昀然 訾 to 26,237,33,0 - Method:container.sim.GotoMethod2 DIM:0
[21:39:44] [Server thread/INFO] [sim/]: FolkData: GOTOXYZ() for 昀然 訾 to 21,237,33,0 - Method:container.sim.GotoMethod2 DIM:0
[21:39:44] [Server thread/WARN] [sim/]: FolkData:onUpdate() 瑾泉 ，景 还在工作
[21:39:44] [Server thread/INFO] [sim/]: FolkData: GOTOXYZ() for 瑾泉 ，景 to 26,237,33,0 - Method:container.sim.GotoMethod2 DIM:0
[21:39:44] [Server thread/INFO] [sim/]: FolkData: GOTOXYZ() for 瑾泉 ，景 to 21,237,33,0 - Method:container.sim.GotoMethod2 DIM:0
[21:39:44] [Server thread/WARN] [sim/]: FolkData:onUpdate() 昀然 訾 还在工作
[21:39:44] [Server thread/INFO] [sim/]: FolkData: GOTOXYZ() for 昀然 訾 to 26,237,33,0 - Method:container.sim.GotoMethod2 DIM:0
[21:39:44] [Server thread/INFO] [sim/]: FolkData: GOTOXYZ() for 昀然 訾 to 21,237,33,0 - Method:container.sim.GotoMethod2 DIM:0
[21:39:44] [Server thread/WARN] [sim/]: FolkData:onUpdate() 瑾泉 ，景 还在工作
[21:39:44] [Server thread/INFO] [sim/]: FolkData: GOTOXYZ() for 瑾泉 ，景 to 26,237,33,0 - Method:container.sim.GotoMethod2 DIM:0
[21:39:44] [Server thread/INFO] [sim/]: FolkData: GOTOXYZ() for 瑾泉 ，景 to 21,237,33,0 - Method:container.sim.GotoMethod2 DIM:0
[21:39:44] [Server thread/WARN] [sim/]: FolkData:onUpdate() 昀然 訾 还在工作
[21:39:44] [Server thread/INFO] [sim/]: FolkData: GOTOXYZ() for 昀然 訾 to 26,237,33,0 - Method:container.sim.GotoMethod2 DIM:0
[21:39:44] [Server thread/INFO] [sim/]: FolkData: GOTOXYZ() for 昀然 訾 to 21,237,33,0 - Method:container.sim.GotoMethod2 DIM:0
[21:39:44] [Server thread/WARN] [sim/]: FolkData:onUpdate() 瑾泉 ，景 还在工作
[21:39:44] [Server thread/INFO] [sim/]: FolkData: GOTOXYZ() for 瑾泉 ，景 to 26,237,33,0 - Method:container.sim.GotoMethod2 DIM:0
[21:39:44] [Server thread/INFO] [sim/]: FolkData: GOTOXYZ() for 瑾泉 ，景 to 21,237,33,0 - Method:container.sim.GotoMethod2 DIM:0
[21:39:44] [Server thread/WARN] [sim/]: FolkData:onUpdate() 昀然 訾 还在工作
[21:39:44] [Server thread/INFO] [sim/]: FolkData: GOTOXYZ() for 昀然 訾 to 26,237,33,0 - Method:container.sim.GotoMethod2 DIM:0
[21:39:44] [Server thread/INFO] [sim/]: FolkData: GOTOXYZ() for 昀然 訾 to 21,237,33,0 - Method:container.sim.GotoMethod2 DIM:0
[21:39:44] [Server thread/WARN] [sim/]: FolkData:onUpdate() 瑾泉 ，景 还在工作
[21:39:44] [Server thread/INFO] [sim/]: FolkData: GOTOXYZ() for 瑾泉 ，景 to 26,237,33,0 - Method:container.sim.GotoMethod2 DIM:0
[21:39:44] [Server thread/INFO] [sim/]: FolkData: GOTOXYZ() for 瑾泉 ，景 to 21,237,33,0 - Method:container.sim.GotoMethod2 DIM:0
[21:39:44] [Server thread/WARN] [sim/]: FolkData:onUpdate() 昀然 訾 还在工作
[21:39:44] [Server thread/INFO] [sim/]: FolkData: GOTOXYZ() for 昀然 訾 to 26,237,33,0 - Method:container.sim.GotoMethod2 DIM:0
[21:39:44] [Server thread/INFO] [sim/]: FolkData: GOTOXYZ() for 昀然 訾 to 21,237,33,0 - Method:container.sim.GotoMethod2 DIM:0
[21:39:44] [Server thread/WARN] [sim/]: FolkData:onUpdate() 瑾泉 ，景 还在工作
[21:39:44] [Server thread/INFO] [sim/]: FolkData: GOTOXYZ() for 瑾泉 ，景 to 26,237,33,0 - Method:container.sim.GotoMethod2 DIM:0
[21:39:44] [Server thread/INFO] [sim/]: FolkData: GOTOXYZ() for 瑾泉 ，景 to 21,237,33,0 - Method:container.sim.GotoMethod2 DIM:0
[21:39:44] [Server thread/WARN] [sim/]: FolkData:onUpdate() 昀然 訾 还在工作
[21:39:44] [Server thread/INFO] [sim/]: FolkData: GOTOXYZ() for 昀然 訾 to 26,237,33,0 - Method:container.sim.GotoMethod2 DIM:0
[21:39:44] [Server thread/INFO] [sim/]: FolkData: GOTOXYZ() for 昀然 訾 to 21,237,33,0 - Method:container.sim.GotoMethod2 DIM:0
[21:39:44] [Server thread/WARN] [sim/]: FolkData:onUpdate() 瑾泉 ，景 还在工作
[21:39:44] [Server thread/INFO] [sim/]: FolkData: GOTOXYZ() for 瑾泉 ，景 to 26,237,33,0 - Method:container.sim.GotoMethod2 DIM:0
[21:39:44] [Server thread/INFO] [sim/]: FolkData: GOTOXYZ() for 瑾泉 ，景 to 21,237,33,0 - Method:container.sim.GotoMethod2 DIM:0
[21:39:44] [Server thread/WARN] [sim/]: FolkData:onUpdate() 昀然 訾 还在工作
[21:39:44] [Server thread/INFO] [sim/]: FolkData: GOTOXYZ() for 昀然 訾 to 26,237,33,0 - Method:container.sim.GotoMethod2 DIM:0
[21:39:44] [Server thread/INFO] [sim/]: FolkData: GOTOXYZ() for 昀然 訾 to 21,237,33,0 - Method:container.sim.GotoMethod2 DIM:0
[21:39:44] [Server thread/WARN] [sim/]: FolkData:onUpdate() 瑾泉 ，景 还在工作
[21:39:44] [Server thread/INFO] [sim/]: FolkData: GOTOXYZ() for 瑾泉 ，景 to 26,237,33,0 - Method:container.sim.GotoMethod2 DIM:0
[21:39:44] [Server thread/INFO] [sim/]: FolkData: GOTOXYZ() for 瑾泉 ，景 to 21,237,33,0 - Method:container.sim.GotoMethod2 DIM:0
[21:39:44] [Server thread/WARN] [sim/]: FolkData:onUpdate() 昀然 訾 还在工作
[21:39:44] [Server thread/INFO] [sim/]: FolkData: GOTOXYZ() for 昀然 訾 to 26,237,33,0 - Method:container.sim.GotoMethod2 DIM:0
[21:39:44] [Server thread/INFO] [sim/]: FolkData: GOTOXYZ() for 昀然 訾 to 21,237,33,0 - Method:container.sim.GotoMethod2 DIM:0
[21:39:44] [Server thread/WARN] [sim/]: FolkData:onUpdate() 瑾泉 ，景 还在工作
[21:39:44] [Server thread/INFO] [sim/]: FolkData: GOTOXYZ() for 瑾泉 ，景 to 26,237,33,0 - Method:container.sim.GotoMethod2 DIM:0
[21:39:44] [Server thread/INFO] [sim/]: FolkData: GOTOXYZ() for 瑾泉 ，景 to 21,237,33,0 - Method:container.sim.GotoMethod2 DIM:0
[21:39:44] [Server thread/WARN] [sim/]: FolkData:onUpdate() 昀然 訾 还在工作
[21:39:44] [Server thread/INFO] [sim/]: FolkData: GOTOXYZ() for 昀然 訾 to 26,237,33,0 - Method:container.sim.GotoMethod2 DIM:0
[21:39:44] [Server thread/INFO] [sim/]: FolkData: GOTOXYZ() for 昀然 訾 to 21,237,33,0 - Method:container.sim.GotoMethod2 DIM:0
[21:39:44] [Server thread/WARN] [sim/]: FolkData:onUpdate() 瑾泉 ，景 还在工作
[21:39:44] [Server thread/INFO] [sim/]: FolkData: GOTOXYZ() for 瑾泉 ，景 to 26,237,33,0 - Method:container.sim.GotoMethod2 DIM:0
[21:39:44] [Server thread/INFO] [sim/]: FolkData: GOTOXYZ() for 瑾泉 ，景 to 21,237,33,0 - Method:container.sim.GotoMethod2 DIM:0
[21:39:44] [Server thread/WARN] [sim/]: FolkData:onUpdate() 昀然 訾 还在工作
[21:39:44] [Server thread/INFO] [sim/]: FolkData: GOTOXYZ() for 昀然 訾 to 26,237,33,0 - Method:container.sim.GotoMethod2 DIM:0
[21:39:44] [Server thread/INFO] [sim/]: FolkData: GOTOXYZ() for 昀然 訾 to 21,237,33,0 - Method:container.sim.GotoMethod2 DIM:0
[21:39:44] [Server thread/WARN] [sim/]: FolkData:onUpdate() 瑾泉 ，景 还在工作
[21:39:44] [Server thread/INFO] [sim/]: FolkData: GOTOXYZ() for 瑾泉 ，景 to 26,237,33,0 - Method:container.sim.GotoMethod2 DIM:0
[21:39:44] [Server thread/INFO] [sim/]: FolkData: GOTOXYZ() for 瑾泉 ，景 to 21,237,33,0 - Method:container.sim.GotoMethod2 DIM:0
[21:39:44] [Server thread/WARN] [sim/]: FolkData:onUpdate() 昀然 訾 还在工作
[21:39:44] [Server thread/INFO] [sim/]: FolkData: GOTOXYZ() for 昀然 訾 to 26,237,33,0 - Method:container.sim.GotoMethod2 DIM:0
[21:39:44] [Server thread/INFO] [sim/]: FolkData: GOTOXYZ() for 昀然 訾 to 21,237,33,0 - Method:container.sim.GotoMethod2 DIM:0
[21:39:44] [Server thread/WARN] [sim/]: FolkData:onUpdate() 瑾泉 ，景 还在工作
[21:39:44] [Server thread/INFO] [sim/]: FolkData: GOTOXYZ() for 瑾泉 ，景 to 26,237,33,0 - Method:container.sim.GotoMethod2 DIM:0
[21:39:44] [Server thread/INFO] [sim/]: FolkData: GOTOXYZ() for 瑾泉 ，景 to 21,237,33,0 - Method:container.sim.GotoMethod2 DIM:0
[21:39:44] [Server thread/WARN] [sim/]: FolkData:onUpdate() 昀然 訾 还在工作
[21:39:44] [Server thread/INFO] [sim/]: FolkData: GOTOXYZ() for 昀然 訾 to 26,237,33,0 - Method:container.sim.GotoMethod2 DIM:0
[21:39:44] [Server thread/INFO] [sim/]: FolkData: GOTOXYZ() for 昀然 訾 to 21,237,33,0 - Method:container.sim.GotoMethod2 DIM:0
[21:39:44] [Server thread/WARN] [sim/]: FolkData:onUpdate() 瑾泉 ，景 还在工作
[21:39:44] [Server thread/INFO] [sim/]: FolkData: GOTOXYZ() for 瑾泉 ，景 to 26,237,33,0 - Method:container.sim.GotoMethod2 DIM:0
[21:39:44] [Server thread/INFO] [sim/]: FolkData: GOTOXYZ() for 瑾泉 ，景 to 21,237,33,0 - Method:container.sim.GotoMethod2 DIM:0
[21:39:44] [Server thread/WARN] [sim/]: FolkData:onUpdate() 昀然 訾 还在工作
[21:39:44] [Server thread/INFO] [sim/]: FolkData: GOTOXYZ() for 昀然 訾 to 26,237,33,0 - Method:container.sim.GotoMethod2 DIM:0
[21:39:44] [Server thread/INFO] [sim/]: FolkData: GOTOXYZ() for 昀然 訾 to 21,237,33,0 - Method:container.sim.GotoMethod2 DIM:0
[21:39:44] [Server thread/WARN] [sim/]: FolkData:onUpdate() 瑾泉 ，景 还在工作
[21:39:44] [Server thread/INFO] [sim/]: FolkData: GOTOXYZ() for 瑾泉 ，景 to 26,237,33,0 - Method:container.sim.GotoMethod2 DIM:0
[21:39:44] [Server thread/INFO] [sim/]: FolkData: GOTOXYZ() for 瑾泉 ，景 to 21,237,33,0 - Method:container.sim.GotoMethod2 DIM:0
[21:39:44] [Server thread/WARN] [sim/]: FolkData:onUpdate() 昀然 訾 还在工作
[21:39:44] [Server thread/INFO] [sim/]: FolkData: GOTOXYZ() for 昀然 訾 to 26,237,33,0 - Method:container.sim.GotoMethod2 DIM:0
[21:39:44] [Server thread/INFO] [sim/]: FolkData: GOTOXYZ() for 昀然 訾 to 21,237,33,0 - Method:container.sim.GotoMethod2 DIM:0
[21:39:44] [Server thread/WARN] [sim/]: FolkData:onUpdate() 瑾泉 ，景 还在工作
[21:39:44] [Server thread/INFO] [sim/]: FolkData: GOTOXYZ() for 瑾泉 ，景 to 26,237,33,0 - Method:container.sim.GotoMethod2 DIM:0
[21:39:44] [Server thread/INFO] [sim/]: FolkData: GOTOXYZ() for 瑾泉 ，景 to 21,237,33,0 - Method:container.sim.GotoMethod2 DIM:0
[21:39:44] [Server thread/WARN] [sim/]: FolkData:onUpdate() 昀然 訾 还在工作
[21:39:44] [Server thread/INFO] [sim/]: FolkData: GOTOXYZ() for 昀然 訾 to 26,237,33,0 - Method:container.sim.GotoMethod2 DIM:0
[21:39:44] [Server thread/INFO] [sim/]: FolkData: GOTOXYZ() for 昀然 訾 to 21,237,33,0 - Method:container.sim.GotoMethod2 DIM:0
[21:39:44] [Server thread/WARN] [sim/]: FolkData:onUpdate() 瑾泉 ，景 还在工作
[21:39:44] [Server thread/INFO] [sim/]: FolkData: GOTOXYZ() for 瑾泉 ，景 to 26,237,33,0 - Method:container.sim.GotoMethod2 DIM:0
[21:39:44] [Server thread/INFO] [sim/]: FolkData: GOTOXYZ() for 瑾泉 ，景 to 21,237,33,0 - Method:container.sim.GotoMethod2 DIM:0
[21:39:44] [Server thread/WARN] [sim/]: FolkData:onUpdate() 昀然 訾 还在工作
[21:39:44] [Server thread/INFO] [sim/]: FolkData: GOTOXYZ() for 昀然 訾 to 26,237,33,0 - Method:container.sim.GotoMethod2 DIM:0
[21:39:44] [Server thread/INFO] [sim/]: FolkData: GOTOXYZ() for 昀然 訾 to 21,237,33,0 - Method:container.sim.GotoMethod2 DIM:0
[21:39:44] [Server thread/WARN] [sim/]: FolkData:onUpdate() 瑾泉 ，景 还在工作
[21:39:44] [Server thread/INFO] [sim/]: FolkData: GOTOXYZ() for 瑾泉 ，景 to 26,237,33,0 - Method:container.sim.GotoMethod2 DIM:0
[21:39:44] [Server thread/INFO] [sim/]: FolkData: GOTOXYZ() for 瑾泉 ，景 to 21,237,33,0 - Method:container.sim.GotoMethod2 DIM:0
[21:39:44] [Server thread/WARN] [sim/]: FolkData:onUpdate() 昀然 訾 还在工作
[21:39:44] [Server thread/INFO] [sim/]: FolkData: GOTOXYZ() for 昀然 訾 to 26,237,33,0 - Method:container.sim.GotoMethod2 DIM:0
[21:39:44] [Server thread/INFO] [sim/]: FolkData: GOTOXYZ() for 昀然 訾 to 21,237,33,0 - Method:container.sim.GotoMethod2 DIM:0
[21:39:44] [Server thread/WARN] [sim/]: FolkData:onUpdate() 瑾泉 ，景 还在工作
[21:39:44] [Server thread/INFO] [sim/]: FolkData: GOTOXYZ() for 瑾泉 ，景 to 26,237,33,0 - Method:container.sim.GotoMethod2 DIM:0
[21:39:44] [Server thread/INFO] [sim/]: FolkData: GOTOXYZ() for 瑾泉 ，景 to 21,237,33,0 - Method:container.sim.GotoMethod2 DIM:0
[21:39:44] [Server thread/WARN] [sim/]: FolkData:onUpdate() 昀然 訾 还在工作
[21:39:44] [Server thread/INFO] [sim/]: FolkData: GOTOXYZ() for 昀然 訾 to 26,237,33,0 - Method:container.sim.GotoMethod2 DIM:0
[21:39:44] [Server thread/INFO] [sim/]: FolkData: GOTOXYZ() for 昀然 訾 to 21,237,33,0 - Method:container.sim.GotoMethod2 DIM:0
[21:39:44] [Server thread/WARN] [sim/]: FolkData:onUpdate() 瑾泉 ，景 还在工作
[21:39:44] [Server thread/INFO] [sim/]: FolkData: GOTOXYZ() for 瑾泉 ，景 to 26,237,33,0 - Method:container.sim.GotoMethod2 DIM:0
[21:39:44] [Server thread/INFO] [sim/]: FolkData: GOTOXYZ() for 瑾泉 ，景 to 21,237,33,0 - Method:container.sim.GotoMethod2 DIM:0
[21:39:44] [Server thread/WARN] [sim/]: FolkData:onUpdate() 昀然 訾 还在工作
[21:39:44] [Server thread/INFO] [sim/]: FolkData: GOTOXYZ() for 昀然 訾 to 26,237,33,0 - Method:container.sim.GotoMethod2 DIM:0
[21:39:44] [Server thread/INFO] [sim/]: FolkData: GOTOXYZ() for 昀然 訾 to 21,237,33,0 - Method:container.sim.GotoMethod2 DIM:0
[21:39:44] [Server thread/WARN] [sim/]: FolkData:onUpdate() 瑾泉 ，景 还在工作
[21:39:44] [Server thread/INFO] [sim/]: FolkData: GOTOXYZ() for 瑾泉 ，景 to 26,237,33,0 - Method:container.sim.GotoMethod2 DIM:0
[21:39:44] [Server thread/INFO] [sim/]: FolkData: GOTOXYZ() for 瑾泉 ，景 to 21,237,33,0 - Method:container.sim.GotoMethod2 DIM:0
[21:39:44] [Server thread/WARN] [sim/]: FolkData:onUpdate() 昀然 訾 还在工作
[21:39:44] [Server thread/INFO] [sim/]: FolkData: GOTOXYZ() for 昀然 訾 to 26,237,33,0 - Method:container.sim.GotoMethod2 DIM:0
[21:39:44] [Server thread/INFO] [sim/]: FolkData: GOTOXYZ() for 昀然 訾 to 21,237,33,0 - Method:container.sim.GotoMethod2 DIM:0
[21:39:44] [Server thread/WARN] [sim/]: FolkData:onUpdate() 瑾泉 ，景 还在工作
[21:39:44] [Server thread/INFO] [sim/]: FolkData: GOTOXYZ() for 瑾泉 ，景 to 26,237,33,0 - Method:container.sim.GotoMethod2 DIM:0
[21:39:44] [Server thread/INFO] [sim/]: FolkData: GOTOXYZ() for 瑾泉 ，景 to 21,237,33,0 - Method:container.sim.GotoMethod2 DIM:0
[21:39:44] [Server thread/WARN] [sim/]: FolkData:onUpdate() 昀然 訾 还在工作
[21:39:44] [Server thread/INFO] [sim/]: FolkData: GOTOXYZ() for 昀然 訾 to 26,237,33,0 - Method:container.sim.GotoMethod2 DIM:0
[21:39:44] [Server thread/INFO] [sim/]: FolkData: GOTOXYZ() for 昀然 訾 to 21,237,33,0 - Method:container.sim.GotoMethod2 DIM:0
[21:39:44] [Server thread/WARN] [sim/]: FolkData:onUpdate() 瑾泉 ，景 还在工作
[21:39:44] [Server thread/INFO] [sim/]: FolkData: GOTOXYZ() for 瑾泉 ，景 to 26,237,33,0 - Method:container.sim.GotoMethod2 DIM:0
[21:39:44] [Server thread/INFO] [sim/]: FolkData: GOTOXYZ() for 瑾泉 ，景 to 21,237,33,0 - Method:container.sim.GotoMethod2 DIM:0
[21:39:44] [Server thread/WARN] [sim/]: FolkData:onUpdate() 昀然 訾 还在工作
[21:39:44] [Server thread/INFO] [sim/]: FolkData: GOTOXYZ() for 昀然 訾 to 26,237,33,0 - Method:container.sim.GotoMethod2 DIM:0
[21:39:44] [Server thread/INFO] [sim/]: FolkData: GOTOXYZ() for 昀然 訾 to 21,237,33,0 - Method:container.sim.GotoMethod2 DIM:0
[21:39:44] [Server thread/WARN] [sim/]: FolkData:onUpdate() 瑾泉 ，景 还在工作
[21:39:44] [Server thread/INFO] [sim/]: FolkData: GOTOXYZ() for 瑾泉 ，景 to 26,237,33,0 - Method:container.sim.GotoMethod2 DIM:0
[21:39:44] [Server thread/INFO] [sim/]: FolkData: GOTOXYZ() for 瑾泉 ，景 to 21,237,33,0 - Method:container.sim.GotoMethod2 DIM:0
[21:39:44] [Server thread/WARN] [sim/]: FolkData:onUpdate() 昀然 訾 还在工作
[21:39:44] [Server thread/INFO] [sim/]: FolkData: GOTOXYZ() for 昀然 訾 to 26,237,33,0 - Method:container.sim.GotoMethod2 DIM:0
[21:39:44] [Server thread/INFO] [sim/]: FolkData: GOTOXYZ() for 昀然 訾 to 21,237,33,0 - Method:container.sim.GotoMethod2 DIM:0
[21:39:44] [Server thread/WARN] [sim/]: FolkData:onUpdate() 瑾泉 ，景 还在工作
[21:39:44] [Server thread/INFO] [sim/]: FolkData: GOTOXYZ() for 瑾泉 ，景 to 26,237,33,0 - Method:container.sim.GotoMethod2 DIM:0
[21:39:44] [Server thread/INFO] [sim/]: FolkData: GOTOXYZ() for 瑾泉 ，景 to 21,237,33,0 - Method:container.sim.GotoMethod2 DIM:0
[21:39:44] [Server thread/WARN] [sim/]: FolkData:onUpdate() 昀然 訾 还在工作
[21:39:44] [Server thread/INFO] [sim/]: FolkData: GOTOXYZ() for 昀然 訾 to 26,237,33,0 - Method:container.sim.GotoMethod2 DIM:0
[21:39:44] [Server thread/INFO] [sim/]: FolkData: GOTOXYZ() for 昀然 訾 to 21,237,33,0 - Method:container.sim.GotoMethod2 DIM:0
[21:39:44] [Server thread/WARN] [sim/]: FolkData:onUpdate() 瑾泉 ，景 还在工作
[21:39:44] [Server thread/INFO] [sim/]: FolkData: GOTOXYZ() for 瑾泉 ，景 to 26,237,33,0 - Method:container.sim.GotoMethod2 DIM:0
[21:39:44] [Server thread/INFO] [sim/]: FolkData: GOTOXYZ() for 瑾泉 ，景 to 21,237,33,0 - Method:container.sim.GotoMethod2 DIM:0
[21:39:44] [Server thread/WARN] [sim/]: FolkData:onUpdate() 昀然 訾 还在工作
[21:39:44] [Server thread/INFO] [sim/]: FolkData: GOTOXYZ() for 昀然 訾 to 26,237,33,0 - Method:container.sim.GotoMethod2 DIM:0
[21:39:44] [Server thread/INFO] [sim/]: FolkData: GOTOXYZ() for 昀然 訾 to 21,237,33,0 - Method:container.sim.GotoMethod2 DIM:0
[21:39:44] [Server thread/WARN] [sim/]: FolkData:onUpdate() 瑾泉 ，景 还在工作
[21:39:44] [Server thread/INFO] [sim/]: FolkData: GOTOXYZ() for 瑾泉 ，景 to 26,237,33,0 - Method:container.sim.GotoMethod2 DIM:0
[21:39:44] [Server thread/INFO] [sim/]: FolkData: GOTOXYZ() for 瑾泉 ，景 to 21,237,33,0 - Method:container.sim.GotoMethod2 DIM:0
[21:39:44] [Server thread/WARN] [sim/]: FolkData:onUpdate() 昀然 訾 还在工作
[21:39:44] [Server thread/INFO] [sim/]: FolkData: GOTOXYZ() for 昀然 訾 to 26,237,33,0 - Method:container.sim.GotoMethod2 DIM:0
[21:39:44] [Server thread/INFO] [sim/]: FolkData: GOTOXYZ() for 昀然 訾 to 21,237,33,0 - Method:container.sim.GotoMethod2 DIM:0
[21:39:44] [Server thread/WARN] [sim/]: FolkData:onUpdate() 瑾泉 ，景 还在工作
[21:39:44] [Server thread/INFO] [sim/]: FolkData: GOTOXYZ() for 瑾泉 ，景 to 26,237,33,0 - Method:container.sim.GotoMethod2 DIM:0
[21:39:44] [Server thread/INFO] [sim/]: FolkData: GOTOXYZ() for 瑾泉 ，景 to 21,237,33,0 - Method:container.sim.GotoMethod2 DIM:0
[21:39:44] [Server thread/WARN] [sim/]: FolkData:onUpdate() 昀然 訾 还在工作
[21:39:44] [Server thread/INFO] [sim/]: FolkData: GOTOXYZ() for 昀然 訾 to 26,237,33,0 - Method:container.sim.GotoMethod2 DIM:0
[21:39:44] [Server thread/INFO] [sim/]: FolkData: GOTOXYZ() for 昀然 訾 to 21,237,33,0 - Method:container.sim.GotoMethod2 DIM:0
[21:39:44] [Server thread/WARN] [sim/]: FolkData:onUpdate() 瑾泉 ，景 还在工作
[21:39:44] [Server thread/INFO] [sim/]: FolkData: GOTOXYZ() for 瑾泉 ，景 to 26,237,33,0 - Method:container.sim.GotoMethod2 DIM:0
[21:39:44] [Server thread/INFO] [sim/]: FolkData: GOTOXYZ() for 瑾泉 ，景 to 21,237,33,0 - Method:container.sim.GotoMethod2 DIM:0
[21:39:44] [Server thread/WARN] [sim/]: FolkData:onUpdate() 昀然 訾 还在工作
[21:39:44] [Server thread/INFO] [sim/]: FolkData: GOTOXYZ() for 昀然 訾 to 26,237,33,0 - Method:container.sim.GotoMethod2 DIM:0
[21:39:44] [Server thread/INFO] [sim/]: FolkData: GOTOXYZ() for 昀然 訾 to 21,237,33,0 - Method:container.sim.GotoMethod2 DIM:0
[21:39:44] [Server thread/WARN] [sim/]: FolkData:onUpdate() 瑾泉 ，景 还在工作
[21:39:44] [Server thread/INFO] [sim/]: FolkData: GOTOXYZ() for 瑾泉 ，景 to 26,237,33,0 - Method:container.sim.GotoMethod2 DIM:0
[21:39:44] [Server thread/INFO] [sim/]: FolkData: GOTOXYZ() for 瑾泉 ，景 to 21,237,33,0 - Method:container.sim.GotoMethod2 DIM:0
[21:39:44] [Server thread/WARN] [sim/]: FolkData:onUpdate() 昀然 訾 还在工作
[21:39:44] [Server thread/INFO] [sim/]: FolkData: GOTOXYZ() for 昀然 訾 to 26,237,33,0 - Method:container.sim.GotoMethod2 DIM:0
[21:39:44] [Server thread/INFO] [sim/]: FolkData: GOTOXYZ() for 昀然 訾 to 21,237,33,0 - Method:container.sim.GotoMethod2 DIM:0
[21:39:44] [Server thread/WARN] [sim/]: FolkData:onUpdate() 瑾泉 ，景 还在工作
[21:39:44] [Server thread/INFO] [sim/]: FolkData: GOTOXYZ() for 瑾泉 ，景 to 26,237,33,0 - Method:container.sim.GotoMethod2 DIM:0
[21:39:44] [Server thread/INFO] [sim/]: FolkData: GOTOXYZ() for 瑾泉 ，景 to 21,237,33,0 - Method:container.sim.GotoMethod2 DIM:0
[21:39:44] [Server thread/WARN] [sim/]: FolkData:onUpdate() 昀然 訾 还在工作
[21:39:44] [Server thread/INFO] [sim/]: FolkData: GOTOXYZ() for 昀然 訾 to 26,237,33,0 - Method:container.sim.GotoMethod2 DIM:0
[21:39:44] [Server thread/INFO] [sim/]: FolkData: GOTOXYZ() for 昀然 訾 to 21,237,33,0 - Method:container.sim.GotoMethod2 DIM:0
[21:39:44] [Server thread/WARN] [sim/]: FolkData:onUpdate() 瑾泉 ，景 还在工作
[21:39:44] [Server thread/INFO] [sim/]: FolkData: GOTOXYZ() for 瑾泉 ，景 to 26,237,33,0 - Method:container.sim.GotoMethod2 DIM:0
[21:39:44] [Server thread/INFO] [sim/]: FolkData: GOTOXYZ() for 瑾泉 ，景 to 21,237,33,0 - Method:container.sim.GotoMethod2 DIM:0
[21:39:44] [Server thread/WARN] [sim/]: FolkData:onUpdate() 昀然 訾 还在工作
[21:39:44] [Server thread/INFO] [sim/]: FolkData: GOTOXYZ() for 昀然 訾 to 26,237,33,0 - Method:container.sim.GotoMethod2 DIM:0
[21:39:44] [Server thread/INFO] [sim/]: FolkData: GOTOXYZ() for 昀然 訾 to 21,237,33,0 - Method:container.sim.GotoMethod2 DIM:0
[21:39:44] [Server thread/WARN] [sim/]: FolkData:onUpdate() 瑾泉 ，景 还在工作
[21:39:44] [Server thread/INFO] [sim/]: FolkData: GOTOXYZ() for 瑾泉 ，景 to 26,237,33,0 - Method:container.sim.GotoMethod2 DIM:0
[21:39:44] [Server thread/INFO] [sim/]: FolkData: GOTOXYZ() for 瑾泉 ，景 to 21,237,33,0 - Method:container.sim.GotoMethod2 DIM:0
[21:39:44] [Server thread/WARN] [sim/]: FolkData:onUpdate() 昀然 訾 还在工作
[21:39:44] [Server thread/INFO] [sim/]: FolkData: GOTOXYZ() for 昀然 訾 to 26,237,33,0 - Method:container.sim.GotoMethod2 DIM:0
[21:39:44] [Server thread/INFO] [sim/]: FolkData: GOTOXYZ() for 昀然 訾 to 21,237,33,0 - Method:container.sim.GotoMethod2 DIM:0
[21:39:44] [Server thread/WARN] [sim/]: FolkData:onUpdate() 瑾泉 ，景 还在工作
[21:39:44] [Server thread/INFO] [sim/]: FolkData: GOTOXYZ() for 瑾泉 ，景 to 26,237,33,0 - Method:container.sim.GotoMethod2 DIM:0
[21:39:44] [Server thread/INFO] [sim/]: FolkData: GOTOXYZ() for 瑾泉 ，景 to 21,237,33,0 - Method:container.sim.GotoMethod2 DIM:0
[21:39:44] [Server thread/WARN] [sim/]: FolkData:onUpdate() 昀然 訾 还在工作
[21:39:44] [Server thread/INFO] [sim/]: FolkData: GOTOXYZ() for 昀然 訾 to 26,237,33,0 - Method:container.sim.GotoMethod2 DIM:0
[21:39:44] [Server thread/INFO] [sim/]: FolkData: GOTOXYZ() for 昀然 訾 to 21,237,33,0 - Method:container.sim.GotoMethod2 DIM:0
[21:39:44] [Server thread/WARN] [sim/]: FolkData:onUpdate() 瑾泉 ，景 还在工作
[21:39:44] [Server thread/INFO] [sim/]: FolkData: GOTOXYZ() for 瑾泉 ，景 to 26,237,33,0 - Method:container.sim.GotoMethod2 DIM:0
[21:39:44] [Server thread/INFO] [sim/]: FolkData: GOTOXYZ() for 瑾泉 ，景 to 21,237,33,0 - Method:container.sim.GotoMethod2 DIM:0
[21:39:44] [Server thread/WARN] [sim/]: FolkData:onUpdate() 昀然 訾 还在工作
[21:39:44] [Server thread/INFO] [sim/]: FolkData: GOTOXYZ() for 昀然 訾 to 26,237,33,0 - Method:container.sim.GotoMethod2 DIM:0
[21:39:44] [Server thread/INFO] [sim/]: FolkData: GOTOXYZ() for 昀然 訾 to 21,237,33,0 - Method:container.sim.GotoMethod2 DIM:0
[21:39:44] [Server thread/WARN] [sim/]: FolkData:onUpdate() 瑾泉 ，景 还在工作
[21:39:44] [Server thread/INFO] [sim/]: FolkData: GOTOXYZ() for 瑾泉 ，景 to 26,237,33,0 - Method:container.sim.GotoMethod2 DIM:0
[21:39:44] [Server thread/INFO] [sim/]: FolkData: GOTOXYZ() for 瑾泉 ，景 to 21,237,33,0 - Method:container.sim.GotoMethod2 DIM:0
[21:39:44] [Server thread/WARN] [sim/]: FolkData:onUpdate() 昀然 訾 还在工作
[21:39:44] [Server thread/INFO] [sim/]: FolkData: GOTOXYZ() for 昀然 訾 to 26,237,33,0 - Method:container.sim.GotoMethod2 DIM:0
[21:39:44] [Server thread/INFO] [sim/]: FolkData: GOTOXYZ() for 昀然 訾 to 21,237,33,0 - Method:container.sim.GotoMethod2 DIM:0
[21:39:44] [Server thread/WARN] [sim/]: FolkData:onUpdate() 瑾泉 ，景 还在工作
[21:39:44] [Server thread/INFO] [sim/]: FolkData: GOTOXYZ() for 瑾泉 ，景 to 26,237,33,0 - Method:container.sim.GotoMethod2 DIM:0
[21:39:44] [Server thread/INFO] [sim/]: FolkData: GOTOXYZ() for 瑾泉 ，景 to 21,237,33,0 - Method:container.sim.GotoMethod2 DIM:0
[21:39:44] [Server thread/WARN] [sim/]: FolkData:onUpdate() 昀然 訾 还在工作
[21:39:44] [Server thread/INFO] [sim/]: FolkData: GOTOXYZ() for 昀然 訾 to 26,237,33,0 - Method:container.sim.GotoMethod2 DIM:0
[21:39:44] [Server thread/INFO] [sim/]: FolkData: GOTOXYZ() for 昀然 訾 to 21,237,33,0 - Method:container.sim.GotoMethod2 DIM:0
[21:39:44] [Server thread/WARN] [sim/]: FolkData:onUpdate() 瑾泉 ，景 还在工作
[21:39:44] [Server thread/INFO] [sim/]: FolkData: GOTOXYZ() for 瑾泉 ，景 to 26,237,33,0 - Method:container.sim.GotoMethod2 DIM:0
[21:39:44] [Server thread/INFO] [sim/]: FolkData: GOTOXYZ() for 瑾泉 ，景 to 21,237,33,0 - Method:container.sim.GotoMethod2 DIM:0
[21:39:44] [Server thread/WARN] [sim/]: FolkData:onUpdate() 昀然 訾 还在工作
[21:39:44] [Server thread/INFO] [sim/]: FolkData: GOTOXYZ() for 昀然 訾 to 26,237,33,0 - Method:container.sim.GotoMethod2 DIM:0
[21:39:44] [Server thread/INFO] [sim/]: FolkData: GOTOXYZ() for 昀然 訾 to 21,237,33,0 - Method:container.sim.GotoMethod2 DIM:0
[21:39:44] [Server thread/WARN] [sim/]: FolkData:onUpdate() 瑾泉 ，景 还在工作
[21:39:44] [Server thread/INFO] [sim/]: FolkData: GOTOXYZ() for 瑾泉 ，景 to 26,237,33,0 - Method:container.sim.GotoMethod2 DIM:0
[21:39:44] [Server thread/INFO] [sim/]: FolkData: GOTOXYZ() for 瑾泉 ，景 to 21,237,33,0 - Method:container.sim.GotoMethod2 DIM:0
[21:39:45] [Server thread/WARN] [sim/]: FolkData:onUpdate() 昀然 訾 还在工作
[21:39:45] [Server thread/INFO] [sim/]: FolkData: GOTOXYZ() for 昀然 訾 to 26,237,33,0 - Method:container.sim.GotoMethod2 DIM:0
[21:39:45] [Server thread/INFO] [sim/]: FolkData: GOTOXYZ() for 昀然 訾 to 21,237,33,0 - Method:container.sim.GotoMethod2 DIM:0
[21:39:45] [Server thread/WARN] [sim/]: FolkData:onUpdate() 瑾泉 ，景 还在工作
[21:39:45] [Server thread/INFO] [sim/]: FolkData: GOTOXYZ() for 瑾泉 ，景 to 26,237,33,0 - Method:container.sim.GotoMethod2 DIM:0
[21:39:45] [Server thread/INFO] [sim/]: FolkData: GOTOXYZ() for 瑾泉 ，景 to 21,237,33,0 - Method:container.sim.GotoMethod2 DIM:0
[21:39:45] [Server thread/WARN] [sim/]: FolkData:onUpdate() 昀然 訾 还在工作
[21:39:45] [Server thread/INFO] [sim/]: FolkData: GOTOXYZ() for 昀然 訾 to 26,237,33,0 - Method:container.sim.GotoMethod2 DIM:0
[21:39:45] [Server thread/INFO] [sim/]: FolkData: GOTOXYZ() for 昀然 訾 to 21,237,33,0 - Method:container.sim.GotoMethod2 DIM:0
[21:39:45] [Server thread/WARN] [sim/]: FolkData:onUpdate() 瑾泉 ，景 还在工作
[21:39:45] [Server thread/INFO] [sim/]: FolkData: GOTOXYZ() for 瑾泉 ，景 to 26,237,33,0 - Method:container.sim.GotoMethod2 DIM:0
[21:39:45] [Server thread/INFO] [sim/]: FolkData: GOTOXYZ() for 瑾泉 ，景 to 21,237,33,0 - Method:container.sim.GotoMethod2 DIM:0
[21:39:45] [Server thread/WARN] [sim/]: FolkData:onUpdate() 昀然 訾 还在工作
[21:39:45] [Server thread/INFO] [sim/]: FolkData: GOTOXYZ() for 昀然 訾 to 26,237,33,0 - Method:container.sim.GotoMethod2 DIM:0
[21:39:45] [Server thread/INFO] [sim/]: FolkData: GOTOXYZ() for 昀然 訾 to 21,237,33,0 - Method:container.sim.GotoMethod2 DIM:0
[21:39:45] [Server thread/WARN] [sim/]: FolkData:onUpdate() 瑾泉 ，景 还在工作
[21:39:45] [Server thread/INFO] [sim/]: FolkData: GOTOXYZ() for 瑾泉 ，景 to 26,237,33,0 - Method:container.sim.GotoMethod2 DIM:0
[21:39:45] [Server thread/INFO] [sim/]: FolkData: GOTOXYZ() for 瑾泉 ，景 to 21,237,33,0 - Method:container.sim.GotoMethod2 DIM:0
[21:39:45] [Server thread/WARN] [sim/]: FolkData:onUpdate() 昀然 訾 还在工作
[21:39:45] [Server thread/INFO] [sim/]: FolkData: GOTOXYZ() for 昀然 訾 to 26,237,33,0 - Method:container.sim.GotoMethod2 DIM:0
[21:39:45] [Server thread/INFO] [sim/]: FolkData: GOTOXYZ() for 昀然 訾 to 21,237,33,0 - Method:container.sim.GotoMethod2 DIM:0
[21:39:45] [Server thread/WARN] [sim/]: FolkData:onUpdate() 瑾泉 ，景 还在工作
[21:39:45] [Server thread/INFO] [sim/]: FolkData: GOTOXYZ() for 瑾泉 ，景 to 26,237,33,0 - Method:container.sim.GotoMethod2 DIM:0
[21:39:45] [Server thread/INFO] [sim/]: FolkData: GOTOXYZ() for 瑾泉 ，景 to 21,237,33,0 - Method:container.sim.GotoMethod2 DIM:0
[21:39:45] [Server thread/WARN] [sim/]: FolkData:onUpdate() 昀然 訾 还在工作
[21:39:45] [Server thread/INFO] [sim/]: FolkData: GOTOXYZ() for 昀然 訾 to 26,237,33,0 - Method:container.sim.GotoMethod2 DIM:0
[21:39:45] [Server thread/INFO] [sim/]: FolkData: GOTOXYZ() for 昀然 訾 to 21,237,33,0 - Method:container.sim.GotoMethod2 DIM:0
[21:39:45] [Server thread/WARN] [sim/]: FolkData:onUpdate() 瑾泉 ，景 还在工作
[21:39:45] [Server thread/INFO] [sim/]: FolkData: GOTOXYZ() for 瑾泉 ，景 to 26,237,33,0 - Method:container.sim.GotoMethod2 DIM:0
[21:39:45] [Server thread/INFO] [sim/]: FolkData: GOTOXYZ() for 瑾泉 ，景 to 21,237,33,0 - Method:container.sim.GotoMethod2 DIM:0
[21:39:45] [Server thread/WARN] [sim/]: FolkData:onUpdate() 昀然 訾 还在工作
[21:39:45] [Server thread/INFO] [sim/]: FolkData: GOTOXYZ() for 昀然 訾 to 26,237,33,0 - Method:container.sim.GotoMethod2 DIM:0
[21:39:45] [Server thread/INFO] [sim/]: FolkData: GOTOXYZ() for 昀然 訾 to 21,237,33,0 - Method:container.sim.GotoMethod2 DIM:0
[21:39:45] [Server thread/WARN] [sim/]: FolkData:onUpdate() 瑾泉 ，景 还在工作
[21:39:45] [Server thread/INFO] [sim/]: FolkData: GOTOXYZ() for 瑾泉 ，景 to 26,237,33,0 - Method:container.sim.GotoMethod2 DIM:0
[21:39:45] [Server thread/INFO] [sim/]: FolkData: GOTOXYZ() for 瑾泉 ，景 to 21,237,33,0 - Method:container.sim.GotoMethod2 DIM:0
[21:39:45] [Server thread/WARN] [sim/]: FolkData:onUpdate() 昀然 訾 还在工作
[21:39:45] [Server thread/INFO] [sim/]: FolkData: GOTOXYZ() for 昀然 訾 to 26,237,33,0 - Method:container.sim.GotoMethod2 DIM:0
[21:39:45] [Server thread/INFO] [sim/]: FolkData: GOTOXYZ() for 昀然 訾 to 21,237,33,0 - Method:container.sim.GotoMethod2 DIM:0
[21:39:45] [Server thread/WARN] [sim/]: FolkData:onUpdate() 瑾泉 ，景 还在工作
[21:39:45] [Server thread/INFO] [sim/]: FolkData: GOTOXYZ() for 瑾泉 ，景 to 26,237,33,0 - Method:container.sim.GotoMethod2 DIM:0
[21:39:45] [Server thread/INFO] [sim/]: FolkData: GOTOXYZ() for 瑾泉 ，景 to 21,237,33,0 - Method:container.sim.GotoMethod2 DIM:0
[21:39:45] [Server thread/WARN] [sim/]: FolkData:onUpdate() 昀然 訾 还在工作
[21:39:45] [Server thread/INFO] [sim/]: FolkData: GOTOXYZ() for 昀然 訾 to 26,237,33,0 - Method:container.sim.GotoMethod2 DIM:0
[21:39:45] [Server thread/INFO] [sim/]: FolkData: GOTOXYZ() for 昀然 訾 to 21,237,33,0 - Method:container.sim.GotoMethod2 DIM:0
[21:39:45] [Server thread/WARN] [sim/]: FolkData:onUpdate() 瑾泉 ，景 还在工作
[21:39:45] [Server thread/INFO] [sim/]: FolkData: GOTOXYZ() for 瑾泉 ，景 to 26,237,33,0 - Method:container.sim.GotoMethod2 DIM:0
[21:39:45] [Server thread/INFO] [sim/]: FolkData: GOTOXYZ() for 瑾泉 ，景 to 21,237,33,0 - Method:container.sim.GotoMethod2 DIM:0
[21:39:45] [Server thread/WARN] [sim/]: FolkData:onUpdate() 昀然 訾 还在工作
[21:39:45] [Server thread/INFO] [sim/]: FolkData: GOTOXYZ() for 昀然 訾 to 26,237,33,0 - Method:container.sim.GotoMethod2 DIM:0
[21:39:45] [Server thread/INFO] [sim/]: FolkData: GOTOXYZ() for 昀然 訾 to 21,237,33,0 - Method:container.sim.GotoMethod2 DIM:0
[21:39:45] [Server thread/WARN] [sim/]: FolkData:onUpdate() 瑾泉 ，景 还在工作
[21:39:45] [Server thread/INFO] [sim/]: FolkData: GOTOXYZ() for 瑾泉 ，景 to 26,237,33,0 - Method:container.sim.GotoMethod2 DIM:0
[21:39:45] [Server thread/INFO] [sim/]: FolkData: GOTOXYZ() for 瑾泉 ，景 to 21,237,33,0 - Method:container.sim.GotoMethod2 DIM:0
[21:39:45] [Server thread/WARN] [sim/]: FolkData:onUpdate() 昀然 訾 还在工作
[21:39:45] [Server thread/INFO] [sim/]: FolkData: GOTOXYZ() for 昀然 訾 to 26,237,33,0 - Method:container.sim.GotoMethod2 DIM:0
[21:39:45] [Server thread/INFO] [sim/]: FolkData: GOTOXYZ() for 昀然 訾 to 21,237,33,0 - Method:container.sim.GotoMethod2 DIM:0
[21:39:45] [Server thread/WARN] [sim/]: FolkData:onUpdate() 瑾泉 ，景 还在工作
[21:39:45] [Server thread/INFO] [sim/]: FolkData: GOTOXYZ() for 瑾泉 ，景 to 26,237,33,0 - Method:container.sim.GotoMethod2 DIM:0
[21:39:45] [Server thread/INFO] [sim/]: FolkData: GOTOXYZ() for 瑾泉 ，景 to 21,237,33,0 - Method:container.sim.GotoMethod2 DIM:0
[21:39:45] [Server thread/WARN] [sim/]: FolkData:onUpdate() 昀然 訾 还在工作
[21:39:45] [Server thread/INFO] [sim/]: FolkData: GOTOXYZ() for 昀然 訾 to 26,237,33,0 - Method:container.sim.GotoMethod2 DIM:0
[21:39:45] [Server thread/INFO] [sim/]: FolkData: GOTOXYZ() for 昀然 訾 to 21,237,33,0 - Method:container.sim.GotoMethod2 DIM:0
[21:39:45] [Server thread/WARN] [sim/]: FolkData:onUpdate() 瑾泉 ，景 还在工作
[21:39:45] [Server thread/INFO] [sim/]: FolkData: GOTOXYZ() for 瑾泉 ，景 to 26,237,33,0 - Method:container.sim.GotoMethod2 DIM:0
[21:39:45] [Server thread/INFO] [sim/]: FolkData: GOTOXYZ() for 瑾泉 ，景 to 21,237,33,0 - Method:container.sim.GotoMethod2 DIM:0
[21:39:45] [Server thread/WARN] [sim/]: FolkData:onUpdate() 昀然 訾 还在工作
[21:39:45] [Server thread/INFO] [sim/]: FolkData: GOTOXYZ() for 昀然 訾 to 26,237,33,0 - Method:container.sim.GotoMethod2 DIM:0
[21:39:45] [Server thread/INFO] [sim/]: FolkData: GOTOXYZ() for 昀然 訾 to 21,237,33,0 - Method:container.sim.GotoMethod2 DIM:0
[21:39:45] [Server thread/WARN] [sim/]: FolkData:onUpdate() 瑾泉 ，景 还在工作
[21:39:45] [Server thread/INFO] [sim/]: FolkData: GOTOXYZ() for 瑾泉 ，景 to 26,237,33,0 - Method:container.sim.GotoMethod2 DIM:0
[21:39:45] [Server thread/INFO] [sim/]: FolkData: GOTOXYZ() for 瑾泉 ，景 to 21,237,33,0 - Method:container.sim.GotoMethod2 DIM:0
[21:39:45] [Server thread/WARN] [sim/]: FolkData:onUpdate() 昀然 訾 还在工作
[21:39:45] [Server thread/INFO] [sim/]: FolkData: GOTOXYZ() for 昀然 訾 to 26,237,33,0 - Method:container.sim.GotoMethod2 DIM:0
[21:39:45] [Server thread/INFO] [sim/]: FolkData: GOTOXYZ() for 昀然 訾 to 21,237,33,0 - Method:container.sim.GotoMethod2 DIM:0
[21:39:45] [Server thread/WARN] [sim/]: FolkData:onUpdate() 瑾泉 ，景 还在工作
[21:39:45] [Server thread/INFO] [sim/]: FolkData: GOTOXYZ() for 瑾泉 ，景 to 26,237,33,0 - Method:container.sim.GotoMethod2 DIM:0
[21:39:45] [Server thread/INFO] [sim/]: FolkData: GOTOXYZ() for 瑾泉 ，景 to 21,237,33,0 - Method:container.sim.GotoMethod2 DIM:0
[21:39:45] [Server thread/WARN] [sim/]: FolkData:onUpdate() 昀然 訾 还在工作
[21:39:45] [Server thread/INFO] [sim/]: FolkData: GOTOXYZ() for 昀然 訾 to 26,237,33,0 - Method:container.sim.GotoMethod2 DIM:0
[21:39:45] [Server thread/INFO] [sim/]: FolkData: GOTOXYZ() for 昀然 訾 to 21,237,33,0 - Method:container.sim.GotoMethod2 DIM:0
[21:39:45] [Server thread/WARN] [sim/]: FolkData:onUpdate() 瑾泉 ，景 还在工作
[21:39:45] [Server thread/INFO] [sim/]: FolkData: GOTOXYZ() for 瑾泉 ，景 to 26,237,33,0 - Method:container.sim.GotoMethod2 DIM:0
[21:39:45] [Server thread/INFO] [sim/]: FolkData: GOTOXYZ() for 瑾泉 ，景 to 21,237,33,0 - Method:container.sim.GotoMethod2 DIM:0
[21:39:45] [Server thread/WARN] [sim/]: FolkData:onUpdate() 昀然 訾 还在工作
[21:39:45] [Server thread/INFO] [sim/]: FolkData: GOTOXYZ() for 昀然 訾 to 26,237,33,0 - Method:container.sim.GotoMethod2 DIM:0
[21:39:45] [Server thread/INFO] [sim/]: FolkData: GOTOXYZ() for 昀然 訾 to 21,237,33,0 - Method:container.sim.GotoMethod2 DIM:0
[21:39:45] [Server thread/WARN] [sim/]: FolkData:onUpdate() 瑾泉 ，景 还在工作
[21:39:45] [Server thread/INFO] [sim/]: FolkData: GOTOXYZ() for 瑾泉 ，景 to 26,237,33,0 - Method:container.sim.GotoMethod2 DIM:0
[21:39:45] [Server thread/INFO] [sim/]: FolkData: GOTOXYZ() for 瑾泉 ，景 to 21,237,33,0 - Method:container.sim.GotoMethod2 DIM:0
[21:39:45] [Server thread/WARN] [sim/]: FolkData:onUpdate() 昀然 訾 还在工作
[21:39:45] [Server thread/INFO] [sim/]: FolkData: GOTOXYZ() for 昀然 訾 to 26,237,33,0 - Method:container.sim.GotoMethod2 DIM:0
[21:39:45] [Server thread/INFO] [sim/]: FolkData: GOTOXYZ() for 昀然 訾 to 21,237,33,0 - Method:container.sim.GotoMethod2 DIM:0
[21:39:45] [Server thread/WARN] [sim/]: FolkData:onUpdate() 瑾泉 ，景 还在工作
[21:39:45] [Server thread/INFO] [sim/]: FolkData: GOTOXYZ() for 瑾泉 ，景 to 26,237,33,0 - Method:container.sim.GotoMethod2 DIM:0
[21:39:45] [Server thread/INFO] [sim/]: FolkData: GOTOXYZ() for 瑾泉 ，景 to 21,237,33,0 - Method:container.sim.GotoMethod2 DIM:0
[21:39:45] [Server thread/WARN] [sim/]: FolkData:onUpdate() 昀然 訾 还在工作
[21:39:45] [Server thread/INFO] [sim/]: FolkData: GOTOXYZ() for 昀然 訾 to 26,237,33,0 - Method:container.sim.GotoMethod2 DIM:0
[21:39:45] [Server thread/INFO] [sim/]: FolkData: GOTOXYZ() for 昀然 訾 to 21,237,33,0 - Method:container.sim.GotoMethod2 DIM:0
[21:39:45] [Server thread/WARN] [sim/]: FolkData:onUpdate() 瑾泉 ，景 还在工作
[21:39:45] [Server thread/INFO] [sim/]: FolkData: GOTOXYZ() for 瑾泉 ，景 to 26,237,33,0 - Method:container.sim.GotoMethod2 DIM:0
[21:39:45] [Server thread/INFO] [sim/]: FolkData: GOTOXYZ() for 瑾泉 ，景 to 21,237,33,0 - Method:container.sim.GotoMethod2 DIM:0
[21:39:45] [Server thread/WARN] [sim/]: FolkData:onUpdate() 昀然 訾 还在工作
[21:39:45] [Server thread/INFO] [sim/]: FolkData: GOTOXYZ() for 昀然 訾 to 26,237,33,0 - Method:container.sim.GotoMethod2 DIM:0
[21:39:45] [Server thread/INFO] [sim/]: FolkData: GOTOXYZ() for 昀然 訾 to 21,237,33,0 - Method:container.sim.GotoMethod2 DIM:0
[21:39:45] [Server thread/WARN] [sim/]: FolkData:onUpdate() 瑾泉 ，景 还在工作
[21:39:45] [Server thread/INFO] [sim/]: FolkData: GOTOXYZ() for 瑾泉 ，景 to 26,237,33,0 - Method:container.sim.GotoMethod2 DIM:0
[21:39:45] [Server thread/INFO] [sim/]: FolkData: GOTOXYZ() for 瑾泉 ，景 to 21,237,33,0 - Method:container.sim.GotoMethod2 DIM:0
[21:39:45] [Server thread/WARN] [sim/]: FolkData:onUpdate() 昀然 訾 还在工作
[21:39:45] [Server thread/INFO] [sim/]: FolkData: GOTOXYZ() for 昀然 訾 to 26,237,33,0 - Method:container.sim.GotoMethod2 DIM:0
[21:39:45] [Server thread/INFO] [sim/]: FolkData: GOTOXYZ() for 昀然 訾 to 21,237,33,0 - Method:container.sim.GotoMethod2 DIM:0
[21:39:45] [Server thread/WARN] [sim/]: FolkData:onUpdate() 瑾泉 ，景 还在工作
[21:39:45] [Server thread/INFO] [sim/]: FolkData: GOTOXYZ() for 瑾泉 ，景 to 26,237,33,0 - Method:container.sim.GotoMethod2 DIM:0
[21:39:45] [Server thread/INFO] [sim/]: FolkData: GOTOXYZ() for 瑾泉 ，景 to 21,237,33,0 - Method:container.sim.GotoMethod2 DIM:0
[21:39:45] [Server thread/WARN] [sim/]: FolkData:onUpdate() 昀然 訾 还在工作
[21:39:45] [Server thread/INFO] [sim/]: FolkData: GOTOXYZ() for 昀然 訾 to 26,237,33,0 - Method:container.sim.GotoMethod2 DIM:0
[21:39:45] [Server thread/INFO] [sim/]: FolkData: GOTOXYZ() for 昀然 訾 to 21,237,33,0 - Method:container.sim.GotoMethod2 DIM:0
[21:39:45] [Server thread/WARN] [sim/]: FolkData:onUpdate() 瑾泉 ，景 还在工作
[21:39:45] [Server thread/INFO] [sim/]: FolkData: GOTOXYZ() for 瑾泉 ，景 to 26,237,33,0 - Method:container.sim.GotoMethod2 DIM:0
[21:39:45] [Server thread/INFO] [sim/]: FolkData: GOTOXYZ() for 瑾泉 ，景 to 21,237,33,0 - Method:container.sim.GotoMethod2 DIM:0
[21:39:45] [Server thread/WARN] [sim/]: FolkData:onUpdate() 昀然 訾 还在工作
[21:39:45] [Server thread/INFO] [sim/]: FolkData: GOTOXYZ() for 昀然 訾 to 26,237,33,0 - Method:container.sim.GotoMethod2 DIM:0
[21:39:45] [Server thread/INFO] [sim/]: FolkData: GOTOXYZ() for 昀然 訾 to 21,237,33,0 - Method:container.sim.GotoMethod2 DIM:0
[21:39:45] [Server thread/WARN] [sim/]: FolkData:onUpdate() 瑾泉 ，景 还在工作
[21:39:45] [Server thread/INFO] [sim/]: FolkData: GOTOXYZ() for 瑾泉 ，景 to 26,237,33,0 - Method:container.sim.GotoMethod2 DIM:0
[21:39:45] [Server thread/INFO] [sim/]: FolkData: GOTOXYZ() for 瑾泉 ，景 to 21,237,33,0 - Method:container.sim.GotoMethod2 DIM:0
[21:39:45] [Server thread/WARN] [sim/]: FolkData:onUpdate() 昀然 訾 还在工作
[21:39:45] [Server thread/INFO] [sim/]: FolkData: GOTOXYZ() for 昀然 訾 to 26,237,33,0 - Method:container.sim.GotoMethod2 DIM:0
[21:39:45] [Server thread/INFO] [sim/]: FolkData: GOTOXYZ() for 昀然 訾 to 21,237,33,0 - Method:container.sim.GotoMethod2 DIM:0
[21:39:45] [Server thread/WARN] [sim/]: FolkData:onUpdate() 瑾泉 ，景 还在工作
[21:39:45] [Server thread/INFO] [sim/]: FolkData: GOTOXYZ() for 瑾泉 ，景 to 26,237,33,0 - Method:container.sim.GotoMethod2 DIM:0
[21:39:45] [Server thread/INFO] [sim/]: FolkData: GOTOXYZ() for 瑾泉 ，景 to 21,237,33,0 - Method:container.sim.GotoMethod2 DIM:0
[21:39:45] [Server thread/WARN] [sim/]: FolkData:onUpdate() 昀然 訾 还在工作
[21:39:45] [Server thread/INFO] [sim/]: FolkData: GOTOXYZ() for 昀然 訾 to 26,237,33,0 - Method:container.sim.GotoMethod2 DIM:0
[21:39:45] [Server thread/INFO] [sim/]: FolkData: GOTOXYZ() for 昀然 訾 to 21,237,33,0 - Method:container.sim.GotoMethod2 DIM:0
[21:39:45] [Server thread/WARN] [sim/]: FolkData:onUpdate() 瑾泉 ，景 还在工作
[21:39:45] [Server thread/INFO] [sim/]: FolkData: GOTOXYZ() for 瑾泉 ，景 to 26,237,33,0 - Method:container.sim.GotoMethod2 DIM:0
[21:39:45] [Server thread/INFO] [sim/]: FolkData: GOTOXYZ() for 瑾泉 ，景 to 21,237,33,0 - Method:container.sim.GotoMethod2 DIM:0
[21:39:45] [Server thread/WARN] [sim/]: FolkData:onUpdate() 昀然 訾 还在工作
[21:39:45] [Server thread/INFO] [sim/]: FolkData: GOTOXYZ() for 昀然 訾 to 26,237,33,0 - Method:container.sim.GotoMethod2 DIM:0
[21:39:45] [Server thread/INFO] [sim/]: FolkData: GOTOXYZ() for 昀然 訾 to 21,237,33,0 - Method:container.sim.GotoMethod2 DIM:0
[21:39:45] [Server thread/WARN] [sim/]: FolkData:onUpdate() 瑾泉 ，景 还在工作
[21:39:45] [Server thread/INFO] [sim/]: FolkData: GOTOXYZ() for 瑾泉 ，景 to 26,237,33,0 - Method:container.sim.GotoMethod2 DIM:0
[21:39:45] [Server thread/INFO] [sim/]: FolkData: GOTOXYZ() for 瑾泉 ，景 to 21,237,33,0 - Method:container.sim.GotoMethod2 DIM:0
[21:39:45] [Server thread/WARN] [sim/]: FolkData:onUpdate() 昀然 訾 还在工作
[21:39:45] [Server thread/INFO] [sim/]: FolkData: GOTOXYZ() for 昀然 訾 to 26,237,33,0 - Method:container.sim.GotoMethod2 DIM:0
[21:39:45] [Server thread/INFO] [sim/]: FolkData: GOTOXYZ() for 昀然 訾 to 21,237,33,0 - Method:container.sim.GotoMethod2 DIM:0
[21:39:45] [Server thread/WARN] [sim/]: FolkData:onUpdate() 瑾泉 ，景 还在工作
[21:39:45] [Server thread/INFO] [sim/]: FolkData: GOTOXYZ() for 瑾泉 ，景 to 26,237,33,0 - Method:container.sim.GotoMethod2 DIM:0
[21:39:45] [Server thread/INFO] [sim/]: FolkData: GOTOXYZ() for 瑾泉 ，景 to 21,237,33,0 - Method:container.sim.GotoMethod2 DIM:0
[21:39:45] [Server thread/WARN] [sim/]: FolkData:onUpdate() 昀然 訾 还在工作
[21:39:45] [Server thread/INFO] [sim/]: FolkData: GOTOXYZ() for 昀然 訾 to 26,237,33,0 - Method:container.sim.GotoMethod2 DIM:0
[21:39:45] [Server thread/INFO] [sim/]: FolkData: GOTOXYZ() for 昀然 訾 to 21,237,33,0 - Method:container.sim.GotoMethod2 DIM:0
[21:39:45] [Server thread/WARN] [sim/]: FolkData:onUpdate() 瑾泉 ，景 还在工作
[21:39:45] [Server thread/INFO] [sim/]: FolkData: GOTOXYZ() for 瑾泉 ，景 to 26,237,33,0 - Method:container.sim.GotoMethod2 DIM:0
[21:39:45] [Server thread/INFO] [sim/]: FolkData: GOTOXYZ() for 瑾泉 ，景 to 21,237,33,0 - Method:container.sim.GotoMethod2 DIM:0
[21:39:45] [Server thread/WARN] [sim/]: FolkData:onUpdate() 昀然 訾 还在工作
[21:39:45] [Server thread/INFO] [sim/]: FolkData: GOTOXYZ() for 昀然 訾 to 26,237,33,0 - Method:container.sim.GotoMethod2 DIM:0
[21:39:45] [Server thread/INFO] [sim/]: FolkData: GOTOXYZ() for 昀然 訾 to 21,237,33,0 - Method:container.sim.GotoMethod2 DIM:0
[21:39:45] [Server thread/WARN] [sim/]: FolkData:onUpdate() 瑾泉 ，景 还在工作
[21:39:45] [Server thread/INFO] [sim/]: FolkData: GOTOXYZ() for 瑾泉 ，景 to 26,237,33,0 - Method:container.sim.GotoMethod2 DIM:0
[21:39:45] [Server thread/INFO] [sim/]: FolkData: GOTOXYZ() for 瑾泉 ，景 to 21,237,33,0 - Method:container.sim.GotoMethod2 DIM:0
[21:39:45] [Server thread/WARN] [sim/]: FolkData:onUpdate() 昀然 訾 还在工作
[21:39:45] [Server thread/INFO] [sim/]: FolkData: GOTOXYZ() for 昀然 訾 to 26,237,33,0 - Method:container.sim.GotoMethod2 DIM:0
[21:39:45] [Server thread/INFO] [sim/]: FolkData: GOTOXYZ() for 昀然 訾 to 21,237,33,0 - Method:container.sim.GotoMethod2 DIM:0
[21:39:45] [Server thread/WARN] [sim/]: FolkData:onUpdate() 瑾泉 ，景 还在工作
[21:39:45] [Server thread/INFO] [sim/]: FolkData: GOTOXYZ() for 瑾泉 ，景 to 26,237,33,0 - Method:container.sim.GotoMethod2 DIM:0
[21:39:45] [Server thread/INFO] [sim/]: FolkData: GOTOXYZ() for 瑾泉 ，景 to 21,237,33,0 - Method:container.sim.GotoMethod2 DIM:0
[21:39:45] [Server thread/WARN] [sim/]: FolkData:onUpdate() 昀然 訾 还在工作
[21:39:45] [Server thread/INFO] [sim/]: FolkData: GOTOXYZ() for 昀然 訾 to 26,237,33,0 - Method:container.sim.GotoMethod2 DIM:0
[21:39:45] [Server thread/INFO] [sim/]: FolkData: GOTOXYZ() for 昀然 訾 to 21,237,33,0 - Method:container.sim.GotoMethod2 DIM:0
[21:39:45] [Server thread/WARN] [sim/]: FolkData:onUpdate() 瑾泉 ，景 还在工作
[21:39:45] [Server thread/INFO] [sim/]: FolkData: GOTOXYZ() for 瑾泉 ，景 to 26,237,33,0 - Method:container.sim.GotoMethod2 DIM:0
[21:39:45] [Server thread/INFO] [sim/]: FolkData: GOTOXYZ() for 瑾泉 ，景 to 21,237,33,0 - Method:container.sim.GotoMethod2 DIM:0
[21:39:45] [Server thread/WARN] [sim/]: FolkData:onUpdate() 昀然 訾 还在工作
[21:39:45] [Server thread/INFO] [sim/]: FolkData: GOTOXYZ() for 昀然 訾 to 26,237,33,0 - Method:container.sim.GotoMethod2 DIM:0
[21:39:45] [Server thread/INFO] [sim/]: FolkData: GOTOXYZ() for 昀然 訾 to 21,237,33,0 - Method:container.sim.GotoMethod2 DIM:0
[21:39:45] [Server thread/WARN] [sim/]: FolkData:onUpdate() 瑾泉 ，景 还在工作
[21:39:45] [Server thread/INFO] [sim/]: FolkData: GOTOXYZ() for 瑾泉 ，景 to 26,237,33,0 - Method:container.sim.GotoMethod2 DIM:0
[21:39:45] [Server thread/INFO] [sim/]: FolkData: GOTOXYZ() for 瑾泉 ，景 to 21,237,33,0 - Method:container.sim.GotoMethod2 DIM:0
[21:39:45] [Server thread/WARN] [sim/]: FolkData:onUpdate() 昀然 訾 还在工作
[21:39:45] [Server thread/INFO] [sim/]: FolkData: GOTOXYZ() for 昀然 訾 to 26,237,33,0 - Method:container.sim.GotoMethod2 DIM:0
[21:39:45] [Server thread/INFO] [sim/]: FolkData: GOTOXYZ() for 昀然 訾 to 21,237,33,0 - Method:container.sim.GotoMethod2 DIM:0
[21:39:45] [Server thread/WARN] [sim/]: FolkData:onUpdate() 瑾泉 ，景 还在工作
[21:39:45] [Server thread/INFO] [sim/]: FolkData: GOTOXYZ() for 瑾泉 ，景 to 26,237,33,0 - Method:container.sim.GotoMethod2 DIM:0
[21:39:45] [Server thread/INFO] [sim/]: FolkData: GOTOXYZ() for 瑾泉 ，景 to 21,237,33,0 - Method:container.sim.GotoMethod2 DIM:0
[21:39:45] [Server thread/WARN] [sim/]: FolkData:onUpdate() 昀然 訾 还在工作
[21:39:45] [Server thread/INFO] [sim/]: FolkData: GOTOXYZ() for 昀然 訾 to 26,237,33,0 - Method:container.sim.GotoMethod2 DIM:0
[21:39:45] [Server thread/INFO] [sim/]: FolkData: GOTOXYZ() for 昀然 訾 to 21,237,33,0 - Method:container.sim.GotoMethod2 DIM:0
[21:39:45] [Server thread/WARN] [sim/]: FolkData:onUpdate() 瑾泉 ，景 还在工作
[21:39:45] [Server thread/INFO] [sim/]: FolkData: GOTOXYZ() for 瑾泉 ，景 to 26,237,33,0 - Method:container.sim.GotoMethod2 DIM:0
[21:39:45] [Server thread/INFO] [sim/]: FolkData: GOTOXYZ() for 瑾泉 ，景 to 21,237,33,0 - Method:container.sim.GotoMethod2 DIM:0
[21:39:45] [Server thread/WARN] [sim/]: FolkData:onUpdate() 昀然 訾 还在工作
[21:39:45] [Server thread/INFO] [sim/]: FolkData: GOTOXYZ() for 昀然 訾 to 26,237,33,0 - Method:container.sim.GotoMethod2 DIM:0
[21:39:45] [Server thread/INFO] [sim/]: FolkData: GOTOXYZ() for 昀然 訾 to 21,237,33,0 - Method:container.sim.GotoMethod2 DIM:0
[21:39:45] [Server thread/WARN] [sim/]: FolkData:onUpdate() 瑾泉 ，景 还在工作
[21:39:45] [Server thread/INFO] [sim/]: FolkData: GOTOXYZ() for 瑾泉 ，景 to 26,237,33,0 - Method:container.sim.GotoMethod2 DIM:0
[21:39:45] [Server thread/INFO] [sim/]: FolkData: GOTOXYZ() for 瑾泉 ，景 to 21,237,33,0 - Method:container.sim.GotoMethod2 DIM:0
[21:39:45] [Server thread/WARN] [sim/]: FolkData:onUpdate() 昀然 訾 还在工作
[21:39:45] [Server thread/INFO] [sim/]: FolkData: GOTOXYZ() for 昀然 訾 to 26,237,33,0 - Method:container.sim.GotoMethod2 DIM:0
[21:39:45] [Server thread/INFO] [sim/]: FolkData: GOTOXYZ() for 昀然 訾 to 21,237,33,0 - Method:container.sim.GotoMethod2 DIM:0
[21:39:45] [Server thread/WARN] [sim/]: FolkData:onUpdate() 瑾泉 ，景 还在工作
[21:39:45] [Server thread/INFO] [sim/]: FolkData: GOTOXYZ() for 瑾泉 ，景 to 26,237,33,0 - Method:container.sim.GotoMethod2 DIM:0
[21:39:45] [Server thread/INFO] [sim/]: FolkData: GOTOXYZ() for 瑾泉 ，景 to 21,237,33,0 - Method:container.sim.GotoMethod2 DIM:0
[21:39:45] [Server thread/WARN] [sim/]: FolkData:onUpdate() 昀然 訾 还在工作
[21:39:45] [Server thread/INFO] [sim/]: FolkData: GOTOXYZ() for 昀然 訾 to 26,237,33,0 - Method:container.sim.GotoMethod2 DIM:0
[21:39:45] [Server thread/INFO] [sim/]: FolkData: GOTOXYZ() for 昀然 訾 to 21,237,33,0 - Method:container.sim.GotoMethod2 DIM:0
[21:39:45] [Server thread/WARN] [sim/]: FolkData:onUpdate() 瑾泉 ，景 还在工作
[21:39:45] [Server thread/INFO] [sim/]: FolkData: GOTOXYZ() for 瑾泉 ，景 to 26,237,33,0 - Method:container.sim.GotoMethod2 DIM:0
[21:39:45] [Server thread/INFO] [sim/]: FolkData: GOTOXYZ() for 瑾泉 ，景 to 21,237,33,0 - Method:container.sim.GotoMethod2 DIM:0
[21:39:45] [Server thread/WARN] [sim/]: FolkData:onUpdate() 昀然 訾 还在工作
[21:39:45] [Server thread/INFO] [sim/]: FolkData: GOTOXYZ() for 昀然 訾 to 26,237,33,0 - Method:container.sim.GotoMethod2 DIM:0
[21:39:45] [Server thread/INFO] [sim/]: FolkData: GOTOXYZ() for 昀然 訾 to 21,237,33,0 - Method:container.sim.GotoMethod2 DIM:0
[21:39:45] [Server thread/WARN] [sim/]: FolkData:onUpdate() 瑾泉 ，景 还在工作
[21:39:45] [Server thread/INFO] [sim/]: FolkData: GOTOXYZ() for 瑾泉 ，景 to 26,237,33,0 - Method:container.sim.GotoMethod2 DIM:0
[21:39:45] [Server thread/INFO] [sim/]: FolkData: GOTOXYZ() for 瑾泉 ，景 to 21,237,33,0 - Method:container.sim.GotoMethod2 DIM:0
[21:39:45] [Server thread/WARN] [sim/]: FolkData:onUpdate() 昀然 訾 还在工作
[21:39:45] [Server thread/INFO] [sim/]: FolkData: GOTOXYZ() for 昀然 訾 to 26,237,33,0 - Method:container.sim.GotoMethod2 DIM:0
[21:39:45] [Server thread/INFO] [sim/]: FolkData: GOTOXYZ() for 昀然 訾 to 21,237,33,0 - Method:container.sim.GotoMethod2 DIM:0
[21:39:45] [Server thread/WARN] [sim/]: FolkData:onUpdate() 瑾泉 ，景 还在工作
[21:39:45] [Server thread/INFO] [sim/]: FolkData: GOTOXYZ() for 瑾泉 ，景 to 26,237,33,0 - Method:container.sim.GotoMethod2 DIM:0
[21:39:45] [Server thread/INFO] [sim/]: FolkData: GOTOXYZ() for 瑾泉 ，景 to 21,237,33,0 - Method:container.sim.GotoMethod2 DIM:0
[21:39:45] [Server thread/WARN] [sim/]: FolkData:onUpdate() 昀然 訾 还在工作
[21:39:45] [Server thread/INFO] [sim/]: FolkData: GOTOXYZ() for 昀然 訾 to 26,237,33,0 - Method:container.sim.GotoMethod2 DIM:0
[21:39:45] [Server thread/INFO] [sim/]: FolkData: GOTOXYZ() for 昀然 訾 to 21,237,33,0 - Method:container.sim.GotoMethod2 DIM:0
[21:39:45] [Server thread/WARN] [sim/]: FolkData:onUpdate() 瑾泉 ，景 还在工作
[21:39:45] [Server thread/INFO] [sim/]: FolkData: GOTOXYZ() for 瑾泉 ，景 to 26,237,33,0 - Method:container.sim.GotoMethod2 DIM:0
[21:39:45] [Server thread/INFO] [sim/]: FolkData: GOTOXYZ() for 瑾泉 ，景 to 21,237,33,0 - Method:container.sim.GotoMethod2 DIM:0
[21:39:45] [Server thread/WARN] [sim/]: FolkData:onUpdate() 昀然 訾 还在工作
[21:39:45] [Server thread/INFO] [sim/]: FolkData: GOTOXYZ() for 昀然 訾 to 26,237,33,0 - Method:container.sim.GotoMethod2 DIM:0
[21:39:45] [Server thread/INFO] [sim/]: FolkData: GOTOXYZ() for 昀然 訾 to 21,237,33,0 - Method:container.sim.GotoMethod2 DIM:0
[21:39:45] [Server thread/WARN] [sim/]: FolkData:onUpdate() 瑾泉 ，景 还在工作
[21:39:45] [Server thread/INFO] [sim/]: FolkData: GOTOXYZ() for 瑾泉 ，景 to 26,237,33,0 - Method:container.sim.GotoMethod2 DIM:0
[21:39:45] [Server thread/INFO] [sim/]: FolkData: GOTOXYZ() for 瑾泉 ，景 to 21,237,33,0 - Method:container.sim.GotoMethod2 DIM:0
[21:39:45] [Server thread/WARN] [sim/]: FolkData:onUpdate() 昀然 訾 还在工作
[21:39:45] [Server thread/INFO] [sim/]: FolkData: GOTOXYZ() for 昀然 訾 to 26,237,33,0 - Method:container.sim.GotoMethod2 DIM:0
[21:39:45] [Server thread/INFO] [sim/]: FolkData: GOTOXYZ() for 昀然 訾 to 21,237,33,0 - Method:container.sim.GotoMethod2 DIM:0
[21:39:45] [Server thread/WARN] [sim/]: FolkData:onUpdate() 瑾泉 ，景 还在工作
[21:39:45] [Server thread/INFO] [sim/]: FolkData: GOTOXYZ() for 瑾泉 ，景 to 26,237,33,0 - Method:container.sim.GotoMethod2 DIM:0
[21:39:45] [Server thread/INFO] [sim/]: FolkData: GOTOXYZ() for 瑾泉 ，景 to 21,237,33,0 - Method:container.sim.GotoMethod2 DIM:0
[21:39:46] [Server thread/WARN] [sim/]: FolkData:onUpdate() 昀然 訾 还在工作
[21:39:46] [Server thread/INFO] [sim/]: FolkData: GOTOXYZ() for 昀然 訾 to 26,237,33,0 - Method:container.sim.GotoMethod2 DIM:0
[21:39:46] [Server thread/INFO] [sim/]: FolkData: GOTOXYZ() for 昀然 訾 to 21,237,33,0 - Method:container.sim.GotoMethod2 DIM:0
[21:39:46] [Server thread/WARN] [sim/]: FolkData:onUpdate() 瑾泉 ，景 还在工作
[21:39:46] [Server thread/INFO] [sim/]: FolkData: GOTOXYZ() for 瑾泉 ，景 to 26,237,33,0 - Method:container.sim.GotoMethod2 DIM:0
[21:39:46] [Server thread/INFO] [sim/]: FolkData: GOTOXYZ() for 瑾泉 ，景 to 21,237,33,0 - Method:container.sim.GotoMethod2 DIM:0
[21:39:46] [Server thread/WARN] [sim/]: FolkData:onUpdate() 昀然 訾 还在工作
[21:39:46] [Server thread/INFO] [sim/]: FolkData: GOTOXYZ() for 昀然 訾 to 26,237,33,0 - Method:container.sim.GotoMethod2 DIM:0
[21:39:46] [Server thread/INFO] [sim/]: FolkData: GOTOXYZ() for 昀然 訾 to 21,237,33,0 - Method:container.sim.GotoMethod2 DIM:0
[21:39:46] [Server thread/WARN] [sim/]: FolkData:onUpdate() 瑾泉 ，景 还在工作
[21:39:46] [Server thread/INFO] [sim/]: FolkData: GOTOXYZ() for 瑾泉 ，景 to 26,237,33,0 - Method:container.sim.GotoMethod2 DIM:0
[21:39:46] [Server thread/INFO] [sim/]: FolkData: GOTOXYZ() for 瑾泉 ，景 to 21,237,33,0 - Method:container.sim.GotoMethod2 DIM:0
[21:39:46] [Server thread/WARN] [sim/]: FolkData:onUpdate() 昀然 訾 还在工作
[21:39:46] [Server thread/INFO] [sim/]: FolkData: GOTOXYZ() for 昀然 訾 to 26,237,33,0 - Method:container.sim.GotoMethod2 DIM:0
[21:39:46] [Server thread/INFO] [sim/]: FolkData: GOTOXYZ() for 昀然 訾 to 21,237,33,0 - Method:container.sim.GotoMethod2 DIM:0
[21:39:46] [Server thread/WARN] [sim/]: FolkData:onUpdate() 瑾泉 ，景 还在工作
[21:39:46] [Server thread/INFO] [sim/]: FolkData: GOTOXYZ() for 瑾泉 ，景 to 26,237,33,0 - Method:container.sim.GotoMethod2 DIM:0
[21:39:46] [Server thread/INFO] [sim/]: FolkData: GOTOXYZ() for 瑾泉 ，景 to 21,237,33,0 - Method:container.sim.GotoMethod2 DIM:0
[21:39:46] [Server thread/WARN] [sim/]: FolkData:onUpdate() 昀然 訾 还在工作
[21:39:46] [Server thread/INFO] [sim/]: FolkData: GOTOXYZ() for 昀然 訾 to 26,237,33,0 - Method:container.sim.GotoMethod2 DIM:0
[21:39:46] [Server thread/INFO] [sim/]: FolkData: GOTOXYZ() for 昀然 訾 to 21,237,33,0 - Method:container.sim.GotoMethod2 DIM:0
[21:39:46] [Server thread/WARN] [sim/]: FolkData:onUpdate() 瑾泉 ，景 还在工作
[21:39:46] [Server thread/INFO] [sim/]: FolkData: GOTOXYZ() for 瑾泉 ，景 to 26,237,33,0 - Method:container.sim.GotoMethod2 DIM:0
[21:39:46] [Server thread/INFO] [sim/]: FolkData: GOTOXYZ() for 瑾泉 ，景 to 21,237,33,0 - Method:container.sim.GotoMethod2 DIM:0
[21:39:46] [Server thread/WARN] [sim/]: FolkData:onUpdate() 昀然 訾 还在工作
[21:39:46] [Server thread/INFO] [sim/]: FolkData: GOTOXYZ() for 昀然 訾 to 26,237,33,0 - Method:container.sim.GotoMethod2 DIM:0
[21:39:46] [Server thread/INFO] [sim/]: FolkData: GOTOXYZ() for 昀然 訾 to 21,237,33,0 - Method:container.sim.GotoMethod2 DIM:0
[21:39:46] [Server thread/WARN] [sim/]: FolkData:onUpdate() 瑾泉 ，景 还在工作
[21:39:46] [Server thread/INFO] [sim/]: FolkData: GOTOXYZ() for 瑾泉 ，景 to 26,237,33,0 - Method:container.sim.GotoMethod2 DIM:0
[21:39:46] [Server thread/INFO] [sim/]: FolkData: GOTOXYZ() for 瑾泉 ，景 to 21,237,33,0 - Method:container.sim.GotoMethod2 DIM:0
[21:39:46] [Server thread/WARN] [sim/]: FolkData:onUpdate() 昀然 訾 还在工作
[21:39:46] [Server thread/INFO] [sim/]: FolkData: GOTOXYZ() for 昀然 訾 to 26,237,33,0 - Method:container.sim.GotoMethod2 DIM:0
[21:39:46] [Server thread/INFO] [sim/]: FolkData: GOTOXYZ() for 昀然 訾 to 21,237,33,0 - Method:container.sim.GotoMethod2 DIM:0
[21:39:46] [Server thread/WARN] [sim/]: FolkData:onUpdate() 瑾泉 ，景 还在工作
[21:39:46] [Server thread/INFO] [sim/]: FolkData: GOTOXYZ() for 瑾泉 ，景 to 26,237,33,0 - Method:container.sim.GotoMethod2 DIM:0
[21:39:46] [Server thread/INFO] [sim/]: FolkData: GOTOXYZ() for 瑾泉 ，景 to 21,237,33,0 - Method:container.sim.GotoMethod2 DIM:0
[21:39:46] [Server thread/WARN] [sim/]: FolkData:onUpdate() 昀然 訾 还在工作
[21:39:46] [Server thread/INFO] [sim/]: FolkData: GOTOXYZ() for 昀然 訾 to 26,237,33,0 - Method:container.sim.GotoMethod2 DIM:0
[21:39:46] [Server thread/INFO] [sim/]: FolkData: GOTOXYZ() for 昀然 訾 to 21,237,33,0 - Method:container.sim.GotoMethod2 DIM:0
[21:39:46] [Server thread/WARN] [sim/]: FolkData:onUpdate() 瑾泉 ，景 还在工作
[21:39:46] [Server thread/INFO] [sim/]: FolkData: GOTOXYZ() for 瑾泉 ，景 to 26,237,33,0 - Method:container.sim.GotoMethod2 DIM:0
[21:39:46] [Server thread/INFO] [sim/]: FolkData: GOTOXYZ() for 瑾泉 ，景 to 21,237,33,0 - Method:container.sim.GotoMethod2 DIM:0
[21:39:46] [Server thread/WARN] [sim/]: FolkData:onUpdate() 昀然 訾 还在工作
[21:39:46] [Server thread/INFO] [sim/]: FolkData: GOTOXYZ() for 昀然 訾 to 26,237,33,0 - Method:container.sim.GotoMethod2 DIM:0
[21:39:46] [Server thread/INFO] [sim/]: FolkData: GOTOXYZ() for 昀然 訾 to 21,237,33,0 - Method:container.sim.GotoMethod2 DIM:0
[21:39:46] [Server thread/WARN] [sim/]: FolkData:onUpdate() 瑾泉 ，景 还在工作
[21:39:46] [Server thread/INFO] [sim/]: FolkData: GOTOXYZ() for 瑾泉 ，景 to 26,237,33,0 - Method:container.sim.GotoMethod2 DIM:0
[21:39:46] [Server thread/INFO] [sim/]: FolkData: GOTOXYZ() for 瑾泉 ，景 to 21,237,33,0 - Method:container.sim.GotoMethod2 DIM:0
[21:39:46] [Server thread/WARN] [sim/]: FolkData:onUpdate() 昀然 訾 还在工作
[21:39:46] [Server thread/INFO] [sim/]: FolkData: GOTOXYZ() for 昀然 訾 to 26,237,33,0 - Method:container.sim.GotoMethod2 DIM:0
[21:39:46] [Server thread/INFO] [sim/]: FolkData: GOTOXYZ() for 昀然 訾 to 21,237,33,0 - Method:container.sim.GotoMethod2 DIM:0
[21:39:46] [Server thread/WARN] [sim/]: FolkData:onUpdate() 瑾泉 ，景 还在工作
[21:39:46] [Server thread/INFO] [sim/]: FolkData: GOTOXYZ() for 瑾泉 ，景 to 26,237,33,0 - Method:container.sim.GotoMethod2 DIM:0
[21:39:46] [Server thread/INFO] [sim/]: FolkData: GOTOXYZ() for 瑾泉 ，景 to 21,237,33,0 - Method:container.sim.GotoMethod2 DIM:0
[21:39:46] [Server thread/WARN] [sim/]: FolkData:onUpdate() 昀然 訾 还在工作
[21:39:46] [Server thread/INFO] [sim/]: FolkData: GOTOXYZ() for 昀然 訾 to 26,237,33,0 - Method:container.sim.GotoMethod2 DIM:0
[21:39:46] [Server thread/INFO] [sim/]: FolkData: GOTOXYZ() for 昀然 訾 to 21,237,33,0 - Method:container.sim.GotoMethod2 DIM:0
[21:39:46] [Server thread/WARN] [sim/]: FolkData:onUpdate() 瑾泉 ，景 还在工作
[21:39:46] [Server thread/INFO] [sim/]: FolkData: GOTOXYZ() for 瑾泉 ，景 to 26,237,33,0 - Method:container.sim.GotoMethod2 DIM:0
[21:39:46] [Server thread/INFO] [sim/]: FolkData: GOTOXYZ() for 瑾泉 ，景 to 21,237,33,0 - Method:container.sim.GotoMethod2 DIM:0
[21:39:46] [Server thread/WARN] [sim/]: FolkData:onUpdate() 昀然 訾 还在工作
[21:39:46] [Server thread/INFO] [sim/]: FolkData: GOTOXYZ() for 昀然 訾 to 26,237,33,0 - Method:container.sim.GotoMethod2 DIM:0
[21:39:46] [Server thread/INFO] [sim/]: FolkData: GOTOXYZ() for 昀然 訾 to 21,237,33,0 - Method:container.sim.GotoMethod2 DIM:0
[21:39:46] [Server thread/WARN] [sim/]: FolkData:onUpdate() 瑾泉 ，景 还在工作
[21:39:46] [Server thread/INFO] [sim/]: FolkData: GOTOXYZ() for 瑾泉 ，景 to 26,237,33,0 - Method:container.sim.GotoMethod2 DIM:0
[21:39:46] [Server thread/INFO] [sim/]: FolkData: GOTOXYZ() for 瑾泉 ，景 to 21,237,33,0 - Method:container.sim.GotoMethod2 DIM:0
[21:39:46] [Server thread/WARN] [sim/]: FolkData:onUpdate() 昀然 訾 还在工作
[21:39:46] [Server thread/INFO] [sim/]: FolkData: GOTOXYZ() for 昀然 訾 to 26,237,33,0 - Method:container.sim.GotoMethod2 DIM:0
[21:39:46] [Server thread/INFO] [sim/]: FolkData: GOTOXYZ() for 昀然 訾 to 21,237,33,0 - Method:container.sim.GotoMethod2 DIM:0
[21:39:46] [Server thread/WARN] [sim/]: FolkData:onUpdate() 瑾泉 ，景 还在工作
[21:39:46] [Server thread/INFO] [sim/]: FolkData: GOTOXYZ() for 瑾泉 ，景 to 26,237,33,0 - Method:container.sim.GotoMethod2 DIM:0
[21:39:46] [Server thread/INFO] [sim/]: FolkData: GOTOXYZ() for 瑾泉 ，景 to 21,237,33,0 - Method:container.sim.GotoMethod2 DIM:0
[21:39:46] [Server thread/WARN] [sim/]: FolkData:onUpdate() 昀然 訾 还在工作
[21:39:46] [Server thread/INFO] [sim/]: FolkData: GOTOXYZ() for 昀然 訾 to 26,237,33,0 - Method:container.sim.GotoMethod2 DIM:0
[21:39:46] [Server thread/INFO] [sim/]: FolkData: GOTOXYZ() for 昀然 訾 to 21,237,33,0 - Method:container.sim.GotoMethod2 DIM:0
[21:39:46] [Server thread/WARN] [sim/]: FolkData:onUpdate() 瑾泉 ，景 还在工作
[21:39:46] [Server thread/INFO] [sim/]: FolkData: GOTOXYZ() for 瑾泉 ，景 to 26,237,33,0 - Method:container.sim.GotoMethod2 DIM:0
[21:39:46] [Server thread/INFO] [sim/]: FolkData: GOTOXYZ() for 瑾泉 ，景 to 21,237,33,0 - Method:container.sim.GotoMethod2 DIM:0
[21:39:46] [Server thread/WARN] [sim/]: FolkData:onUpdate() 昀然 訾 还在工作
[21:39:46] [Server thread/INFO] [sim/]: FolkData: GOTOXYZ() for 昀然 訾 to 26,237,33,0 - Method:container.sim.GotoMethod2 DIM:0
[21:39:46] [Server thread/INFO] [sim/]: FolkData: GOTOXYZ() for 昀然 訾 to 21,237,33,0 - Method:container.sim.GotoMethod2 DIM:0
[21:39:46] [Server thread/WARN] [sim/]: FolkData:onUpdate() 瑾泉 ，景 还在工作
[21:39:46] [Server thread/INFO] [sim/]: FolkData: GOTOXYZ() for 瑾泉 ，景 to 26,237,33,0 - Method:container.sim.GotoMethod2 DIM:0
[21:39:46] [Server thread/INFO] [sim/]: FolkData: GOTOXYZ() for 瑾泉 ，景 to 21,237,33,0 - Method:container.sim.GotoMethod2 DIM:0
[21:39:46] [Server thread/WARN] [sim/]: FolkData:onUpdate() 昀然 訾 还在工作
[21:39:46] [Server thread/INFO] [sim/]: FolkData: GOTOXYZ() for 昀然 訾 to 26,237,33,0 - Method:container.sim.GotoMethod2 DIM:0
[21:39:46] [Server thread/INFO] [sim/]: FolkData: GOTOXYZ() for 昀然 訾 to 21,237,33,0 - Method:container.sim.GotoMethod2 DIM:0
[21:39:46] [Server thread/WARN] [sim/]: FolkData:onUpdate() 瑾泉 ，景 还在工作
[21:39:46] [Server thread/INFO] [sim/]: FolkData: GOTOXYZ() for 瑾泉 ，景 to 26,237,33,0 - Method:container.sim.GotoMethod2 DIM:0
[21:39:46] [Server thread/INFO] [sim/]: FolkData: GOTOXYZ() for 瑾泉 ，景 to 21,237,33,0 - Method:container.sim.GotoMethod2 DIM:0
[21:39:46] [Server thread/WARN] [sim/]: FolkData:onUpdate() 昀然 訾 还在工作
[21:39:46] [Server thread/INFO] [sim/]: FolkData: GOTOXYZ() for 昀然 訾 to 26,237,33,0 - Method:container.sim.GotoMethod2 DIM:0
[21:39:46] [Server thread/INFO] [sim/]: FolkData: GOTOXYZ() for 昀然 訾 to 21,237,33,0 - Method:container.sim.GotoMethod2 DIM:0
[21:39:46] [Server thread/WARN] [sim/]: FolkData:onUpdate() 瑾泉 ，景 还在工作
[21:39:46] [Server thread/INFO] [sim/]: FolkData: GOTOXYZ() for 瑾泉 ，景 to 26,237,33,0 - Method:container.sim.GotoMethod2 DIM:0
[21:39:46] [Server thread/INFO] [sim/]: FolkData: GOTOXYZ() for 瑾泉 ，景 to 21,237,33,0 - Method:container.sim.GotoMethod2 DIM:0
[21:39:46] [Server thread/WARN] [sim/]: FolkData:onUpdate() 昀然 訾 还在工作
[21:39:46] [Server thread/INFO] [sim/]: FolkData: GOTOXYZ() for 昀然 訾 to 26,237,33,0 - Method:container.sim.GotoMethod2 DIM:0
[21:39:46] [Server thread/INFO] [sim/]: FolkData: GOTOXYZ() for 昀然 訾 to 21,237,33,0 - Method:container.sim.GotoMethod2 DIM:0
[21:39:46] [Server thread/WARN] [sim/]: FolkData:onUpdate() 瑾泉 ，景 还在工作
[21:39:46] [Server thread/INFO] [sim/]: FolkData: GOTOXYZ() for 瑾泉 ，景 to 26,237,33,0 - Method:container.sim.GotoMethod2 DIM:0
[21:39:46] [Server thread/INFO] [sim/]: FolkData: GOTOXYZ() for 瑾泉 ，景 to 21,237,33,0 - Method:container.sim.GotoMethod2 DIM:0
[21:39:46] [Server thread/WARN] [sim/]: FolkData:onUpdate() 昀然 訾 还在工作
[21:39:46] [Server thread/INFO] [sim/]: FolkData: GOTOXYZ() for 昀然 訾 to 26,237,33,0 - Method:container.sim.GotoMethod2 DIM:0
[21:39:46] [Server thread/INFO] [sim/]: FolkData: GOTOXYZ() for 昀然 訾 to 21,237,33,0 - Method:container.sim.GotoMethod2 DIM:0
[21:39:46] [Server thread/WARN] [sim/]: FolkData:onUpdate() 瑾泉 ，景 还在工作
[21:39:46] [Server thread/INFO] [sim/]: FolkData: GOTOXYZ() for 瑾泉 ，景 to 26,237,33,0 - Method:container.sim.GotoMethod2 DIM:0
[21:39:46] [Server thread/INFO] [sim/]: FolkData: GOTOXYZ() for 瑾泉 ，景 to 21,237,33,0 - Method:container.sim.GotoMethod2 DIM:0
[21:39:46] [Server thread/WARN] [sim/]: FolkData:onUpdate() 昀然 訾 还在工作
[21:39:46] [Server thread/INFO] [sim/]: FolkData: GOTOXYZ() for 昀然 訾 to 26,237,33,0 - Method:container.sim.GotoMethod2 DIM:0
[21:39:46] [Server thread/INFO] [sim/]: FolkData: GOTOXYZ() for 昀然 訾 to 21,237,33,0 - Method:container.sim.GotoMethod2 DIM:0
[21:39:46] [Server thread/WARN] [sim/]: FolkData:onUpdate() 瑾泉 ，景 还在工作
[21:39:46] [Server thread/INFO] [sim/]: FolkData: GOTOXYZ() for 瑾泉 ，景 to 26,237,33,0 - Method:container.sim.GotoMethod2 DIM:0
[21:39:46] [Server thread/INFO] [sim/]: FolkData: GOTOXYZ() for 瑾泉 ，景 to 21,237,33,0 - Method:container.sim.GotoMethod2 DIM:0
[21:39:46] [Server thread/WARN] [sim/]: FolkData:onUpdate() 昀然 訾 还在工作
[21:39:46] [Server thread/INFO] [sim/]: FolkData: GOTOXYZ() for 昀然 訾 to 26,237,33,0 - Method:container.sim.GotoMethod2 DIM:0
[21:39:46] [Server thread/INFO] [sim/]: FolkData: GOTOXYZ() for 昀然 訾 to 21,237,33,0 - Method:container.sim.GotoMethod2 DIM:0
[21:39:46] [Server thread/WARN] [sim/]: FolkData:onUpdate() 瑾泉 ，景 还在工作
[21:39:46] [Server thread/INFO] [sim/]: FolkData: GOTOXYZ() for 瑾泉 ，景 to 26,237,33,0 - Method:container.sim.GotoMethod2 DIM:0
[21:39:46] [Server thread/INFO] [sim/]: FolkData: GOTOXYZ() for 瑾泉 ，景 to 21,237,33,0 - Method:container.sim.GotoMethod2 DIM:0
[21:39:46] [Server thread/WARN] [sim/]: FolkData:onUpdate() 昀然 訾 还在工作
[21:39:46] [Server thread/INFO] [sim/]: FolkData: GOTOXYZ() for 昀然 訾 to 26,237,33,0 - Method:container.sim.GotoMethod2 DIM:0
[21:39:46] [Server thread/INFO] [sim/]: FolkData: GOTOXYZ() for 昀然 訾 to 21,237,33,0 - Method:container.sim.GotoMethod2 DIM:0
[21:39:46] [Server thread/WARN] [sim/]: FolkData:onUpdate() 瑾泉 ，景 还在工作
[21:39:46] [Server thread/INFO] [sim/]: FolkData: GOTOXYZ() for 瑾泉 ，景 to 26,237,33,0 - Method:container.sim.GotoMethod2 DIM:0
[21:39:46] [Server thread/INFO] [sim/]: FolkData: GOTOXYZ() for 瑾泉 ，景 to 21,237,33,0 - Method:container.sim.GotoMethod2 DIM:0
[21:39:46] [Server thread/WARN] [sim/]: FolkData:onUpdate() 昀然 訾 还在工作
[21:39:46] [Server thread/INFO] [sim/]: FolkData: GOTOXYZ() for 昀然 訾 to 26,237,33,0 - Method:container.sim.GotoMethod2 DIM:0
[21:39:46] [Server thread/INFO] [sim/]: FolkData: GOTOXYZ() for 昀然 訾 to 21,237,33,0 - Method:container.sim.GotoMethod2 DIM:0
[21:39:46] [Server thread/WARN] [sim/]: FolkData:onUpdate() 瑾泉 ，景 还在工作
[21:39:46] [Server thread/INFO] [sim/]: FolkData: GOTOXYZ() for 瑾泉 ，景 to 26,237,33,0 - Method:container.sim.GotoMethod2 DIM:0
[21:39:46] [Server thread/INFO] [sim/]: FolkData: GOTOXYZ() for 瑾泉 ，景 to 21,237,33,0 - Method:container.sim.GotoMethod2 DIM:0
[21:39:46] [Server thread/WARN] [sim/]: FolkData:onUpdate() 昀然 訾 还在工作
[21:39:46] [Server thread/INFO] [sim/]: FolkData: GOTOXYZ() for 昀然 訾 to 26,237,33,0 - Method:container.sim.GotoMethod2 DIM:0
[21:39:46] [Server thread/INFO] [sim/]: FolkData: GOTOXYZ() for 昀然 訾 to 21,237,33,0 - Method:container.sim.GotoMethod2 DIM:0
[21:39:46] [Server thread/WARN] [sim/]: FolkData:onUpdate() 瑾泉 ，景 还在工作
[21:39:46] [Server thread/INFO] [sim/]: FolkData: GOTOXYZ() for 瑾泉 ，景 to 26,237,33,0 - Method:container.sim.GotoMethod2 DIM:0
[21:39:46] [Server thread/INFO] [sim/]: FolkData: GOTOXYZ() for 瑾泉 ，景 to 21,237,33,0 - Method:container.sim.GotoMethod2 DIM:0
[21:39:46] [Server thread/WARN] [sim/]: FolkData:onUpdate() 昀然 訾 还在工作
[21:39:46] [Server thread/INFO] [sim/]: FolkData: GOTOXYZ() for 昀然 訾 to 26,237,33,0 - Method:container.sim.GotoMethod2 DIM:0
[21:39:46] [Server thread/INFO] [sim/]: FolkData: GOTOXYZ() for 昀然 訾 to 21,237,33,0 - Method:container.sim.GotoMethod2 DIM:0
[21:39:46] [Server thread/WARN] [sim/]: FolkData:onUpdate() 瑾泉 ，景 还在工作
[21:39:46] [Server thread/INFO] [sim/]: FolkData: GOTOXYZ() for 瑾泉 ，景 to 26,237,33,0 - Method:container.sim.GotoMethod2 DIM:0
[21:39:46] [Server thread/INFO] [sim/]: FolkData: GOTOXYZ() for 瑾泉 ，景 to 21,237,33,0 - Method:container.sim.GotoMethod2 DIM:0
[21:39:46] [Server thread/WARN] [sim/]: FolkData:onUpdate() 昀然 訾 还在工作
[21:39:46] [Server thread/INFO] [sim/]: FolkData: GOTOXYZ() for 昀然 訾 to 26,237,33,0 - Method:container.sim.GotoMethod2 DIM:0
[21:39:46] [Server thread/INFO] [sim/]: FolkData: GOTOXYZ() for 昀然 訾 to 21,237,33,0 - Method:container.sim.GotoMethod2 DIM:0
[21:39:46] [Server thread/WARN] [sim/]: FolkData:onUpdate() 瑾泉 ，景 还在工作
[21:39:46] [Server thread/INFO] [sim/]: FolkData: GOTOXYZ() for 瑾泉 ，景 to 26,237,33,0 - Method:container.sim.GotoMethod2 DIM:0
[21:39:46] [Server thread/INFO] [sim/]: FolkData: GOTOXYZ() for 瑾泉 ，景 to 21,237,33,0 - Method:container.sim.GotoMethod2 DIM:0
[21:39:46] [Server thread/WARN] [sim/]: FolkData:onUpdate() 昀然 訾 还在工作
[21:39:46] [Server thread/INFO] [sim/]: FolkData: GOTOXYZ() for 昀然 訾 to 26,237,33,0 - Method:container.sim.GotoMethod2 DIM:0
[21:39:46] [Server thread/INFO] [sim/]: FolkData: GOTOXYZ() for 昀然 訾 to 21,237,33,0 - Method:container.sim.GotoMethod2 DIM:0
[21:39:46] [Server thread/WARN] [sim/]: FolkData:onUpdate() 瑾泉 ，景 还在工作
[21:39:46] [Server thread/INFO] [sim/]: FolkData: GOTOXYZ() for 瑾泉 ，景 to 26,237,33,0 - Method:container.sim.GotoMethod2 DIM:0
[21:39:46] [Server thread/INFO] [sim/]: FolkData: GOTOXYZ() for 瑾泉 ，景 to 21,237,33,0 - Method:container.sim.GotoMethod2 DIM:0
[21:39:46] [Server thread/WARN] [sim/]: FolkData:onUpdate() 昀然 訾 还在工作
[21:39:46] [Server thread/INFO] [sim/]: FolkData: GOTOXYZ() for 昀然 訾 to 26,237,33,0 - Method:container.sim.GotoMethod2 DIM:0
[21:39:46] [Server thread/INFO] [sim/]: FolkData: GOTOXYZ() for 昀然 訾 to 21,237,33,0 - Method:container.sim.GotoMethod2 DIM:0
[21:39:46] [Server thread/WARN] [sim/]: FolkData:onUpdate() 瑾泉 ，景 还在工作
[21:39:46] [Server thread/INFO] [sim/]: FolkData: GOTOXYZ() for 瑾泉 ，景 to 26,237,33,0 - Method:container.sim.GotoMethod2 DIM:0
[21:39:46] [Server thread/INFO] [sim/]: FolkData: GOTOXYZ() for 瑾泉 ，景 to 21,237,33,0 - Method:container.sim.GotoMethod2 DIM:0
[21:39:46] [Server thread/WARN] [sim/]: FolkData:onUpdate() 昀然 訾 还在工作
[21:39:46] [Server thread/INFO] [sim/]: FolkData: GOTOXYZ() for 昀然 訾 to 26,237,33,0 - Method:container.sim.GotoMethod2 DIM:0
[21:39:46] [Server thread/INFO] [sim/]: FolkData: GOTOXYZ() for 昀然 訾 to 21,237,33,0 - Method:container.sim.GotoMethod2 DIM:0
[21:39:46] [Server thread/WARN] [sim/]: FolkData:onUpdate() 瑾泉 ，景 还在工作
[21:39:46] [Server thread/INFO] [sim/]: FolkData: GOTOXYZ() for 瑾泉 ，景 to 26,237,33,0 - Method:container.sim.GotoMethod2 DIM:0
[21:39:46] [Server thread/INFO] [sim/]: FolkData: GOTOXYZ() for 瑾泉 ，景 to 21,237,33,0 - Method:container.sim.GotoMethod2 DIM:0
[21:39:46] [Server thread/WARN] [sim/]: FolkData:onUpdate() 昀然 訾 还在工作
[21:39:46] [Server thread/INFO] [sim/]: FolkData: GOTOXYZ() for 昀然 訾 to 26,237,33,0 - Method:container.sim.GotoMethod2 DIM:0
[21:39:46] [Server thread/INFO] [sim/]: FolkData: GOTOXYZ() for 昀然 訾 to 21,237,33,0 - Method:container.sim.GotoMethod2 DIM:0
[21:39:46] [Server thread/WARN] [sim/]: FolkData:onUpdate() 瑾泉 ，景 还在工作
[21:39:46] [Server thread/INFO] [sim/]: FolkData: GOTOXYZ() for 瑾泉 ，景 to 26,237,33,0 - Method:container.sim.GotoMethod2 DIM:0
[21:39:46] [Server thread/INFO] [sim/]: FolkData: GOTOXYZ() for 瑾泉 ，景 to 21,237,33,0 - Method:container.sim.GotoMethod2 DIM:0
[21:39:46] [Server thread/WARN] [sim/]: FolkData:onUpdate() 昀然 訾 还在工作
[21:39:46] [Server thread/INFO] [sim/]: FolkData: GOTOXYZ() for 昀然 訾 to 26,237,33,0 - Method:container.sim.GotoMethod2 DIM:0
[21:39:46] [Server thread/INFO] [sim/]: FolkData: GOTOXYZ() for 昀然 訾 to 21,237,33,0 - Method:container.sim.GotoMethod2 DIM:0
[21:39:46] [Server thread/WARN] [sim/]: FolkData:onUpdate() 瑾泉 ，景 还在工作
[21:39:46] [Server thread/INFO] [sim/]: FolkData: GOTOXYZ() for 瑾泉 ，景 to 26,237,33,0 - Method:container.sim.GotoMethod2 DIM:0
[21:39:46] [Server thread/INFO] [sim/]: FolkData: GOTOXYZ() for 瑾泉 ，景 to 21,237,33,0 - Method:container.sim.GotoMethod2 DIM:0
[21:39:46] [Server thread/WARN] [sim/]: FolkData:onUpdate() 昀然 訾 还在工作
[21:39:46] [Server thread/INFO] [sim/]: FolkData: GOTOXYZ() for 昀然 訾 to 26,237,33,0 - Method:container.sim.GotoMethod2 DIM:0
[21:39:46] [Server thread/INFO] [sim/]: FolkData: GOTOXYZ() for 昀然 訾 to 21,237,33,0 - Method:container.sim.GotoMethod2 DIM:0
[21:39:46] [Server thread/WARN] [sim/]: FolkData:onUpdate() 瑾泉 ，景 还在工作
[21:39:46] [Server thread/INFO] [sim/]: FolkData: GOTOXYZ() for 瑾泉 ，景 to 26,237,33,0 - Method:container.sim.GotoMethod2 DIM:0
[21:39:46] [Server thread/INFO] [sim/]: FolkData: GOTOXYZ() for 瑾泉 ，景 to 21,237,33,0 - Method:container.sim.GotoMethod2 DIM:0
[21:39:46] [Server thread/WARN] [sim/]: FolkData:onUpdate() 昀然 訾 还在工作
[21:39:46] [Server thread/INFO] [sim/]: FolkData: GOTOXYZ() for 昀然 訾 to 26,237,33,0 - Method:container.sim.GotoMethod2 DIM:0
[21:39:46] [Server thread/INFO] [sim/]: FolkData: GOTOXYZ() for 昀然 訾 to 21,237,33,0 - Method:container.sim.GotoMethod2 DIM:0
[21:39:46] [Server thread/WARN] [sim/]: FolkData:onUpdate() 瑾泉 ，景 还在工作
[21:39:46] [Server thread/INFO] [sim/]: FolkData: GOTOXYZ() for 瑾泉 ，景 to 26,237,33,0 - Method:container.sim.GotoMethod2 DIM:0
[21:39:46] [Server thread/INFO] [sim/]: FolkData: GOTOXYZ() for 瑾泉 ，景 to 21,237,33,0 - Method:container.sim.GotoMethod2 DIM:0
[21:39:46] [Server thread/WARN] [sim/]: FolkData:onUpdate() 昀然 訾 还在工作
[21:39:46] [Server thread/INFO] [sim/]: FolkData: GOTOXYZ() for 昀然 訾 to 26,237,33,0 - Method:container.sim.GotoMethod2 DIM:0
[21:39:46] [Server thread/INFO] [sim/]: FolkData: GOTOXYZ() for 昀然 訾 to 21,237,33,0 - Method:container.sim.GotoMethod2 DIM:0
[21:39:46] [Server thread/WARN] [sim/]: FolkData:onUpdate() 瑾泉 ，景 还在工作
[21:39:46] [Server thread/INFO] [sim/]: FolkData: GOTOXYZ() for 瑾泉 ，景 to 26,237,33,0 - Method:container.sim.GotoMethod2 DIM:0
[21:39:46] [Server thread/INFO] [sim/]: FolkData: GOTOXYZ() for 瑾泉 ，景 to 21,237,33,0 - Method:container.sim.GotoMethod2 DIM:0
[21:39:46] [Server thread/WARN] [sim/]: FolkData:onUpdate() 昀然 訾 还在工作
[21:39:46] [Server thread/INFO] [sim/]: FolkData: GOTOXYZ() for 昀然 訾 to 26,237,33,0 - Method:container.sim.GotoMethod2 DIM:0
[21:39:46] [Server thread/INFO] [sim/]: FolkData: GOTOXYZ() for 昀然 訾 to 21,237,33,0 - Method:container.sim.GotoMethod2 DIM:0
[21:39:46] [Server thread/WARN] [sim/]: FolkData:onUpdate() 瑾泉 ，景 还在工作
[21:39:46] [Server thread/INFO] [sim/]: FolkData: GOTOXYZ() for 瑾泉 ，景 to 26,237,33,0 - Method:container.sim.GotoMethod2 DIM:0
[21:39:46] [Server thread/INFO] [sim/]: FolkData: GOTOXYZ() for 瑾泉 ，景 to 21,237,33,0 - Method:container.sim.GotoMethod2 DIM:0
[21:39:46] [Server thread/WARN] [sim/]: FolkData:onUpdate() 昀然 訾 还在工作
[21:39:46] [Server thread/INFO] [sim/]: FolkData: GOTOXYZ() for 昀然 訾 to 26,237,33,0 - Method:container.sim.GotoMethod2 DIM:0
[21:39:46] [Server thread/INFO] [sim/]: FolkData: GOTOXYZ() for 昀然 訾 to 21,237,33,0 - Method:container.sim.GotoMethod2 DIM:0
[21:39:46] [Server thread/WARN] [sim/]: FolkData:onUpdate() 瑾泉 ，景 还在工作
[21:39:46] [Server thread/INFO] [sim/]: FolkData: GOTOXYZ() for 瑾泉 ，景 to 26,237,33,0 - Method:container.sim.GotoMethod2 DIM:0
[21:39:46] [Server thread/INFO] [sim/]: FolkData: GOTOXYZ() for 瑾泉 ，景 to 21,237,33,0 - Method:container.sim.GotoMethod2 DIM:0
[21:39:46] [Server thread/WARN] [sim/]: FolkData:onUpdate() 昀然 訾 还在工作
[21:39:46] [Server thread/INFO] [sim/]: FolkData: GOTOXYZ() for 昀然 訾 to 26,237,33,0 - Method:container.sim.GotoMethod2 DIM:0
[21:39:46] [Server thread/INFO] [sim/]: FolkData: GOTOXYZ() for 昀然 訾 to 21,237,33,0 - Method:container.sim.GotoMethod2 DIM:0
[21:39:46] [Server thread/WARN] [sim/]: FolkData:onUpdate() 瑾泉 ，景 还在工作
[21:39:46] [Server thread/INFO] [sim/]: FolkData: GOTOXYZ() for 瑾泉 ，景 to 26,237,33,0 - Method:container.sim.GotoMethod2 DIM:0
[21:39:46] [Server thread/INFO] [sim/]: FolkData: GOTOXYZ() for 瑾泉 ，景 to 21,237,33,0 - Method:container.sim.GotoMethod2 DIM:0
[21:39:46] [Server thread/WARN] [sim/]: FolkData:onUpdate() 昀然 訾 还在工作
[21:39:46] [Server thread/INFO] [sim/]: FolkData: GOTOXYZ() for 昀然 訾 to 26,237,33,0 - Method:container.sim.GotoMethod2 DIM:0
[21:39:46] [Server thread/INFO] [sim/]: FolkData: GOTOXYZ() for 昀然 訾 to 21,237,33,0 - Method:container.sim.GotoMethod2 DIM:0
[21:39:46] [Server thread/WARN] [sim/]: FolkData:onUpdate() 瑾泉 ，景 还在工作
[21:39:46] [Server thread/INFO] [sim/]: FolkData: GOTOXYZ() for 瑾泉 ，景 to 26,237,33,0 - Method:container.sim.GotoMethod2 DIM:0
[21:39:46] [Server thread/INFO] [sim/]: FolkData: GOTOXYZ() for 瑾泉 ，景 to 21,237,33,0 - Method:container.sim.GotoMethod2 DIM:0
[21:39:46] [Server thread/WARN] [sim/]: FolkData:onUpdate() 昀然 訾 还在工作
[21:39:46] [Server thread/INFO] [sim/]: FolkData: GOTOXYZ() for 昀然 訾 to 26,237,33,0 - Method:container.sim.GotoMethod2 DIM:0
[21:39:46] [Server thread/INFO] [sim/]: FolkData: GOTOXYZ() for 昀然 訾 to 21,237,33,0 - Method:container.sim.GotoMethod2 DIM:0
[21:39:46] [Server thread/WARN] [sim/]: FolkData:onUpdate() 瑾泉 ，景 还在工作
[21:39:46] [Server thread/INFO] [sim/]: FolkData: GOTOXYZ() for 瑾泉 ，景 to 26,237,33,0 - Method:container.sim.GotoMethod2 DIM:0
[21:39:46] [Server thread/INFO] [sim/]: FolkData: GOTOXYZ() for 瑾泉 ，景 to 21,237,33,0 - Method:container.sim.GotoMethod2 DIM:0
[21:39:46] [Server thread/WARN] [sim/]: FolkData:onUpdate() 昀然 訾 还在工作
[21:39:46] [Server thread/INFO] [sim/]: FolkData: GOTOXYZ() for 昀然 訾 to 26,237,33,0 - Method:container.sim.GotoMethod2 DIM:0
[21:39:46] [Server thread/INFO] [sim/]: FolkData: GOTOXYZ() for 昀然 訾 to 21,237,33,0 - Method:container.sim.GotoMethod2 DIM:0
[21:39:46] [Server thread/WARN] [sim/]: FolkData:onUpdate() 瑾泉 ，景 还在工作
[21:39:46] [Server thread/INFO] [sim/]: FolkData: GOTOXYZ() for 瑾泉 ，景 to 26,237,33,0 - Method:container.sim.GotoMethod2 DIM:0
[21:39:46] [Server thread/INFO] [sim/]: FolkData: GOTOXYZ() for 瑾泉 ，景 to 21,237,33,0 - Method:container.sim.GotoMethod2 DIM:0
[21:39:46] [Server thread/WARN] [sim/]: FolkData:onUpdate() 昀然 訾 还在工作
[21:39:46] [Server thread/INFO] [sim/]: FolkData: GOTOXYZ() for 昀然 訾 to 26,237,33,0 - Method:container.sim.GotoMethod2 DIM:0
[21:39:46] [Server thread/INFO] [sim/]: FolkData: GOTOXYZ() for 昀然 訾 to 21,237,33,0 - Method:container.sim.GotoMethod2 DIM:0
[21:39:46] [Server thread/WARN] [sim/]: FolkData:onUpdate() 瑾泉 ，景 还在工作
[21:39:46] [Server thread/INFO] [sim/]: FolkData: GOTOXYZ() for 瑾泉 ，景 to 26,237,33,0 - Method:container.sim.GotoMethod2 DIM:0
[21:39:46] [Server thread/INFO] [sim/]: FolkData: GOTOXYZ() for 瑾泉 ，景 to 21,237,33,0 - Method:container.sim.GotoMethod2 DIM:0
[21:39:47] [Server thread/WARN] [sim/]: FolkData:onUpdate() 昀然 訾 还在工作
[21:39:47] [Server thread/INFO] [sim/]: FolkData: GOTOXYZ() for 昀然 訾 to 26,237,33,0 - Method:container.sim.GotoMethod2 DIM:0
[21:39:47] [Server thread/INFO] [sim/]: FolkData: GOTOXYZ() for 昀然 訾 to 21,237,33,0 - Method:container.sim.GotoMethod2 DIM:0
[21:39:47] [Server thread/WARN] [sim/]: FolkData:onUpdate() 瑾泉 ，景 还在工作
[21:39:47] [Server thread/INFO] [sim/]: FolkData: GOTOXYZ() for 瑾泉 ，景 to 26,237,33,0 - Method:container.sim.GotoMethod2 DIM:0
[21:39:47] [Server thread/INFO] [sim/]: FolkData: GOTOXYZ() for 瑾泉 ，景 to 21,237,33,0 - Method:container.sim.GotoMethod2 DIM:0
[21:39:47] [Server thread/WARN] [sim/]: FolkData:onUpdate() 昀然 訾 还在工作
[21:39:47] [Server thread/INFO] [sim/]: FolkData: GOTOXYZ() for 昀然 訾 to 26,237,33,0 - Method:container.sim.GotoMethod2 DIM:0
[21:39:47] [Server thread/INFO] [sim/]: FolkData: GOTOXYZ() for 昀然 訾 to 21,237,33,0 - Method:container.sim.GotoMethod2 DIM:0
[21:39:47] [Server thread/WARN] [sim/]: FolkData:onUpdate() 瑾泉 ，景 还在工作
[21:39:47] [Server thread/INFO] [sim/]: FolkData: GOTOXYZ() for 瑾泉 ，景 to 26,237,33,0 - Method:container.sim.GotoMethod2 DIM:0
[21:39:47] [Server thread/INFO] [sim/]: FolkData: GOTOXYZ() for 瑾泉 ，景 to 21,237,33,0 - Method:container.sim.GotoMethod2 DIM:0
[21:39:47] [Server thread/WARN] [sim/]: FolkData:onUpdate() 昀然 訾 还在工作
[21:39:47] [Server thread/INFO] [sim/]: FolkData: GOTOXYZ() for 昀然 訾 to 26,237,33,0 - Method:container.sim.GotoMethod2 DIM:0
[21:39:47] [Server thread/INFO] [sim/]: FolkData: GOTOXYZ() for 昀然 訾 to 21,237,33,0 - Method:container.sim.GotoMethod2 DIM:0
[21:39:47] [Server thread/WARN] [sim/]: FolkData:onUpdate() 瑾泉 ，景 还在工作
[21:39:47] [Server thread/INFO] [sim/]: FolkData: GOTOXYZ() for 瑾泉 ，景 to 26,237,33,0 - Method:container.sim.GotoMethod2 DIM:0
[21:39:47] [Server thread/INFO] [sim/]: FolkData: GOTOXYZ() for 瑾泉 ，景 to 21,237,33,0 - Method:container.sim.GotoMethod2 DIM:0
[21:39:47] [Server thread/WARN] [sim/]: FolkData:onUpdate() 昀然 訾 还在工作
[21:39:47] [Server thread/INFO] [sim/]: FolkData: GOTOXYZ() for 昀然 訾 to 26,237,33,0 - Method:container.sim.GotoMethod2 DIM:0
[21:39:47] [Server thread/INFO] [sim/]: FolkData: GOTOXYZ() for 昀然 訾 to 21,237,33,0 - Method:container.sim.GotoMethod2 DIM:0
[21:39:47] [Server thread/WARN] [sim/]: FolkData:onUpdate() 瑾泉 ，景 还在工作
[21:39:47] [Server thread/INFO] [sim/]: FolkData: GOTOXYZ() for 瑾泉 ，景 to 26,237,33,0 - Method:container.sim.GotoMethod2 DIM:0
[21:39:47] [Server thread/INFO] [sim/]: FolkData: GOTOXYZ() for 瑾泉 ，景 to 21,237,33,0 - Method:container.sim.GotoMethod2 DIM:0
[21:39:47] [Server thread/WARN] [sim/]: FolkData:onUpdate() 昀然 訾 还在工作
[21:39:47] [Server thread/INFO] [sim/]: FolkData: GOTOXYZ() for 昀然 訾 to 26,237,33,0 - Method:container.sim.GotoMethod2 DIM:0
[21:39:47] [Server thread/INFO] [sim/]: FolkData: GOTOXYZ() for 昀然 訾 to 21,237,33,0 - Method:container.sim.GotoMethod2 DIM:0
[21:39:47] [Server thread/WARN] [sim/]: FolkData:onUpdate() 瑾泉 ，景 还在工作
[21:39:47] [Server thread/INFO] [sim/]: FolkData: GOTOXYZ() for 瑾泉 ，景 to 26,237,33,0 - Method:container.sim.GotoMethod2 DIM:0
[21:39:47] [Server thread/INFO] [sim/]: FolkData: GOTOXYZ() for 瑾泉 ，景 to 21,237,33,0 - Method:container.sim.GotoMethod2 DIM:0
[21:39:47] [Server thread/WARN] [sim/]: FolkData:onUpdate() 昀然 訾 还在工作
[21:39:47] [Server thread/INFO] [sim/]: FolkData: GOTOXYZ() for 昀然 訾 to 26,237,33,0 - Method:container.sim.GotoMethod2 DIM:0
[21:39:47] [Server thread/INFO] [sim/]: FolkData: GOTOXYZ() for 昀然 訾 to 21,237,33,0 - Method:container.sim.GotoMethod2 DIM:0
[21:39:47] [Server thread/WARN] [sim/]: FolkData:onUpdate() 瑾泉 ，景 还在工作
[21:39:47] [Server thread/INFO] [sim/]: FolkData: GOTOXYZ() for 瑾泉 ，景 to 26,237,33,0 - Method:container.sim.GotoMethod2 DIM:0
[21:39:47] [Server thread/INFO] [sim/]: FolkData: GOTOXYZ() for 瑾泉 ，景 to 21,237,33,0 - Method:container.sim.GotoMethod2 DIM:0
[21:39:47] [Server thread/WARN] [sim/]: FolkData:onUpdate() 昀然 訾 还在工作
[21:39:47] [Server thread/INFO] [sim/]: FolkData: GOTOXYZ() for 昀然 訾 to 26,237,33,0 - Method:container.sim.GotoMethod2 DIM:0
[21:39:47] [Server thread/INFO] [sim/]: FolkData: GOTOXYZ() for 昀然 訾 to 21,237,33,0 - Method:container.sim.GotoMethod2 DIM:0
[21:39:47] [Server thread/WARN] [sim/]: FolkData:onUpdate() 瑾泉 ，景 还在工作
[21:39:47] [Server thread/INFO] [sim/]: FolkData: GOTOXYZ() for 瑾泉 ，景 to 26,237,33,0 - Method:container.sim.GotoMethod2 DIM:0
[21:39:47] [Server thread/INFO] [sim/]: FolkData: GOTOXYZ() for 瑾泉 ，景 to 21,237,33,0 - Method:container.sim.GotoMethod2 DIM:0
[21:39:47] [Server thread/WARN] [sim/]: FolkData:onUpdate() 昀然 訾 还在工作
[21:39:47] [Server thread/INFO] [sim/]: FolkData: GOTOXYZ() for 昀然 訾 to 26,237,33,0 - Method:container.sim.GotoMethod2 DIM:0
[21:39:47] [Server thread/INFO] [sim/]: FolkData: GOTOXYZ() for 昀然 訾 to 21,237,33,0 - Method:container.sim.GotoMethod2 DIM:0
[21:39:47] [Server thread/WARN] [sim/]: FolkData:onUpdate() 瑾泉 ，景 还在工作
[21:39:47] [Server thread/INFO] [sim/]: FolkData: GOTOXYZ() for 瑾泉 ，景 to 26,237,33,0 - Method:container.sim.GotoMethod2 DIM:0
[21:39:47] [Server thread/INFO] [sim/]: FolkData: GOTOXYZ() for 瑾泉 ，景 to 21,237,33,0 - Method:container.sim.GotoMethod2 DIM:0
[21:39:47] [Server thread/WARN] [sim/]: FolkData:onUpdate() 昀然 訾 还在工作
[21:39:47] [Server thread/INFO] [sim/]: FolkData: GOTOXYZ() for 昀然 訾 to 26,237,33,0 - Method:container.sim.GotoMethod2 DIM:0
[21:39:47] [Server thread/INFO] [sim/]: FolkData: GOTOXYZ() for 昀然 訾 to 21,237,33,0 - Method:container.sim.GotoMethod2 DIM:0
[21:39:47] [Server thread/WARN] [sim/]: FolkData:onUpdate() 瑾泉 ，景 还在工作
[21:39:47] [Server thread/INFO] [sim/]: FolkData: GOTOXYZ() for 瑾泉 ，景 to 26,237,33,0 - Method:container.sim.GotoMethod2 DIM:0
[21:39:47] [Server thread/INFO] [sim/]: FolkData: GOTOXYZ() for 瑾泉 ，景 to 21,237,33,0 - Method:container.sim.GotoMethod2 DIM:0
[21:39:47] [Server thread/WARN] [sim/]: FolkData:onUpdate() 昀然 訾 还在工作
[21:39:47] [Server thread/INFO] [sim/]: FolkData: GOTOXYZ() for 昀然 訾 to 26,237,33,0 - Method:container.sim.GotoMethod2 DIM:0
[21:39:47] [Server thread/INFO] [sim/]: FolkData: GOTOXYZ() for 昀然 訾 to 21,237,33,0 - Method:container.sim.GotoMethod2 DIM:0
[21:39:47] [Server thread/WARN] [sim/]: FolkData:onUpdate() 瑾泉 ，景 还在工作
[21:39:47] [Server thread/INFO] [sim/]: FolkData: GOTOXYZ() for 瑾泉 ，景 to 26,237,33,0 - Method:container.sim.GotoMethod2 DIM:0
[21:39:47] [Server thread/INFO] [sim/]: FolkData: GOTOXYZ() for 瑾泉 ，景 to 21,237,33,0 - Method:container.sim.GotoMethod2 DIM:0
[21:39:47] [Server thread/WARN] [sim/]: FolkData:onUpdate() 昀然 訾 还在工作
[21:39:47] [Server thread/INFO] [sim/]: FolkData: GOTOXYZ() for 昀然 訾 to 26,237,33,0 - Method:container.sim.GotoMethod2 DIM:0
[21:39:47] [Server thread/INFO] [sim/]: FolkData: GOTOXYZ() for 昀然 訾 to 21,237,33,0 - Method:container.sim.GotoMethod2 DIM:0
[21:39:47] [Server thread/WARN] [sim/]: FolkData:onUpdate() 瑾泉 ，景 还在工作
[21:39:47] [Server thread/INFO] [sim/]: FolkData: GOTOXYZ() for 瑾泉 ，景 to 26,237,33,0 - Method:container.sim.GotoMethod2 DIM:0
[21:39:47] [Server thread/INFO] [sim/]: FolkData: GOTOXYZ() for 瑾泉 ，景 to 21,237,33,0 - Method:container.sim.GotoMethod2 DIM:0
[21:39:47] [Server thread/WARN] [sim/]: FolkData:onUpdate() 昀然 訾 还在工作
[21:39:47] [Server thread/INFO] [sim/]: FolkData: GOTOXYZ() for 昀然 訾 to 26,237,33,0 - Method:container.sim.GotoMethod2 DIM:0
[21:39:47] [Server thread/INFO] [sim/]: FolkData: GOTOXYZ() for 昀然 訾 to 21,237,33,0 - Method:container.sim.GotoMethod2 DIM:0
[21:39:47] [Server thread/WARN] [sim/]: FolkData:onUpdate() 瑾泉 ，景 还在工作
[21:39:47] [Server thread/INFO] [sim/]: FolkData: GOTOXYZ() for 瑾泉 ，景 to 26,237,33,0 - Method:container.sim.GotoMethod2 DIM:0
[21:39:47] [Server thread/INFO] [sim/]: FolkData: GOTOXYZ() for 瑾泉 ，景 to 21,237,33,0 - Method:container.sim.GotoMethod2 DIM:0
[21:39:47] [Server thread/WARN] [sim/]: FolkData:onUpdate() 昀然 訾 还在工作
[21:39:47] [Server thread/INFO] [sim/]: FolkData: GOTOXYZ() for 昀然 訾 to 26,237,33,0 - Method:container.sim.GotoMethod2 DIM:0
[21:39:47] [Server thread/INFO] [sim/]: FolkData: GOTOXYZ() for 昀然 訾 to 21,237,33,0 - Method:container.sim.GotoMethod2 DIM:0
[21:39:47] [Server thread/WARN] [sim/]: FolkData:onUpdate() 瑾泉 ，景 还在工作
[21:39:47] [Server thread/INFO] [sim/]: FolkData: GOTOXYZ() for 瑾泉 ，景 to 26,237,33,0 - Method:container.sim.GotoMethod2 DIM:0
[21:39:47] [Server thread/INFO] [sim/]: FolkData: GOTOXYZ() for 瑾泉 ，景 to 21,237,33,0 - Method:container.sim.GotoMethod2 DIM:0
[21:39:47] [Server thread/WARN] [sim/]: FolkData:onUpdate() 昀然 訾 还在工作
[21:39:47] [Server thread/INFO] [sim/]: FolkData: GOTOXYZ() for 昀然 訾 to 26,237,33,0 - Method:container.sim.GotoMethod2 DIM:0
[21:39:47] [Server thread/INFO] [sim/]: FolkData: GOTOXYZ() for 昀然 訾 to 21,237,33,0 - Method:container.sim.GotoMethod1 DIM:0
[21:39:47] [Server thread/INFO] [sim/]: FolkData: BeamMeTo() for 昀然 訾 to 21,238,33,0 Dim:0
[21:39:47] [Server thread/WARN] [sim/]: FolkData:onUpdate() 瑾泉 ，景 还在工作
[21:39:47] [Server thread/INFO] [sim/]: FolkData: GOTOXYZ() for 瑾泉 ，景 to 26,237,33,0 - Method:container.sim.GotoMethod2 DIM:0
[21:39:47] [Server thread/INFO] [sim/]: FolkData: GOTOXYZ() for 瑾泉 ，景 to 21,237,33,0 - Method:container.sim.GotoMethod1 DIM:0
[21:39:47] [Server thread/INFO] [sim/]: FolkData: BeamMeTo() for 瑾泉 ，景 to 21,238,33,0 Dim:0
[21:39:51] [Server thread/INFO] [sim/]: FolkData: doBeaming() 完成 昀然 訾 to 21,238,33,0 (dim 0)
[21:39:51] [Server thread/INFO] [sim/]: FolkData: doBeaming() 完成 瑾泉 ，景 to 21,238,33,0 (dim 0)
[21:39:59] [Server thread/INFO] [sim/]: FolkData:repawnEntity() 昀然 訾 在 21,238,33,0 昏暗中 0 ENTITY:482
[21:39:59] [Server thread/INFO] [sim/]: FolkData:repawnEntity() 瑾泉 ，景 在 21,238,33,0 昏暗中 0 ENTITY:483
[21:39:59] [Server thread/DEBUG] [FML/]: Gathering id map for writing to world save sim
[21:40:00] [Server thread/INFO] [sim/]: FolkData:onUpdate() 张二狗 徘徊在 汉堡店 30.0 个街区之外。
[21:40:00] [Server thread/INFO] [sim/]: FolkData: GOTOXYZ() for 张二狗 to 21,237,33,0 - Method:container.sim.GotoMethod3 DIM:0
[21:40:04] [Server thread/DEBUG] [FML/]: Gathering id map for writing to world save sim
[21:40:05] [Server thread/TRACE] [mcp/mcp]: Sending event FMLServerStoppingEvent to mod mcp
[21:40:05] [Server thread/TRACE] [mcp/mcp]: Sent event FMLServerStoppingEvent to mod mcp
[21:40:05] [Server thread/DEBUG] [FML/]: Bar Step: ServerStopping - Minecraft Coder Pack took 0.003s
[21:40:05] [Server thread/TRACE] [FML/FML]: Sending event FMLServerStoppingEvent to mod FML
[21:40:05] [Server thread/TRACE] [FML/FML]: Sent event FMLServerStoppingEvent to mod FML
[21:40:05] [Server thread/DEBUG] [FML/]: Bar Step: ServerStopping - Forge Mod Loader took 0.000s
[21:40:05] [Server thread/TRACE] [Forge/Forge]: Sending event FMLServerStoppingEvent to mod Forge
[21:40:05] [Server thread/TRACE] [Forge/Forge]: Sent event FMLServerStoppingEvent to mod Forge
[21:40:05] [Server thread/DEBUG] [FML/]: Bar Step: ServerStopping - Minecraft Forge took 0.000s
[21:40:05] [Server thread/TRACE] [sim/sim]: Sending event FMLServerStoppingEvent to mod sim
[21:40:05] [Server thread/TRACE] [sim/sim]: Sent event FMLServerStoppingEvent to mod sim
[21:40:05] [Server thread/DEBUG] [FML/]: Bar Step: ServerStopping - Simulated town took 0.000s
[21:40:05] [Server thread/DEBUG] [FML/]: Bar Finished: ServerStopping took 0.004s
[21:40:05] [Server thread/DEBUG] [FML/]: Gathering id map for writing to world save sim
[21:40:05] [Server thread/INFO] [FML/]: Unloading dimension 0
[21:40:05] [Server thread/INFO] [FML/]: Unloading dimension -1
[21:40:05] [Server thread/INFO] [FML/]: Unloading dimension 1
[21:40:05] [Server thread/DEBUG] [FML/]: Reverting to frozen data state.
[21:40:05] [Server thread/TRACE] [mcp/mcp]: Sending event FMLModIdMappingEvent to mod mcp
[21:40:05] [Server thread/TRACE] [mcp/mcp]: Sent event FMLModIdMappingEvent to mod mcp
[21:40:05] [Server thread/DEBUG] [FML/]: Bar Step: ModIdMapping - Minecraft Coder Pack took 0.000s
[21:40:05] [Server thread/TRACE] [FML/FML]: Sending event FMLModIdMappingEvent to mod FML
[21:40:05] [Server thread/TRACE] [FML/FML]: Sent event FMLModIdMappingEvent to mod FML
[21:40:05] [Server thread/DEBUG] [FML/]: Bar Step: ModIdMapping - Forge Mod Loader took 0.000s
[21:40:05] [Server thread/TRACE] [Forge/Forge]: Sending event FMLModIdMappingEvent to mod Forge
[21:40:05] [Server thread/TRACE] [Forge/Forge]: Sent event FMLModIdMappingEvent to mod Forge
[21:40:05] [Server thread/DEBUG] [FML/]: Bar Step: ModIdMapping - Minecraft Forge took 0.000s
[21:40:05] [Server thread/TRACE] [sim/sim]: Sending event FMLModIdMappingEvent to mod sim
[21:40:05] [Server thread/TRACE] [sim/sim]: Sent event FMLModIdMappingEvent to mod sim
[21:40:05] [Server thread/DEBUG] [FML/]: Bar Step: ModIdMapping - Simulated town took 0.000s
[21:40:05] [Server thread/DEBUG] [FML/]: Bar Finished: ModIdMapping took 0.001s
[21:40:05] [Server thread/INFO] [FML/]: Applying holder lookups
[21:40:05] [Server thread/INFO] [FML/]: Holder lookups applied
[21:40:05] [Server thread/TRACE] [mcp/mcp]: Sending event FMLServerStoppedEvent to mod mcp
[21:40:05] [Server thread/TRACE] [mcp/mcp]: Sent event FMLServerStoppedEvent to mod mcp
[21:40:05] [Server thread/DEBUG] [FML/]: Bar Step: ServerStopped - Minecraft Coder Pack took 0.000s
[21:40:05] [Server thread/TRACE] [FML/FML]: Sending event FMLServerStoppedEvent to mod FML
[21:40:05] [Server thread/TRACE] [FML/FML]: Sent event FMLServerStoppedEvent to mod FML
[21:40:05] [Server thread/DEBUG] [FML/]: Bar Step: ServerStopped - Forge Mod Loader took 0.000s
[21:40:05] [Server thread/TRACE] [Forge/Forge]: Sending event FMLServerStoppedEvent to mod Forge
[21:40:05] [Server thread/TRACE] [Forge/Forge]: Sent event FMLServerStoppedEvent to mod Forge
[21:40:05] [Server thread/DEBUG] [FML/]: Bar Step: ServerStopped - Minecraft Forge took 0.000s
[21:40:05] [Server thread/TRACE] [sim/sim]: Sending event FMLServerStoppedEvent to mod sim
[21:40:05] [Server thread/TRACE] [sim/sim]: Sent event FMLServerStoppedEvent to mod sim
[21:40:05] [Server thread/DEBUG] [FML/]: Bar Step: ServerStopped - Simulated town took 0.000s
[21:40:05] [Server thread/DEBUG] [FML/]: Bar Finished: ServerStopped took 0.001s
[21:40:06] [Client thread/INFO] [STDOUT/]: [paulscode.sound.SoundSystemLogger:message:69]: 
[21:40:06] [Client thread/INFO] [STDOUT/]: [paulscode.sound.SoundSystemLogger:message:69]: SoundSystem shutting down...
[21:40:06] [Client thread/INFO] [STDOUT/]: [paulscode.sound.SoundSystemLogger:importantMessage:90]:     Author: Paul Lamb, www.paulscode.com
[21:40:06] [Client thread/INFO] [STDOUT/]: [paulscode.sound.SoundSystemLogger:message:69]: 
