[00:13:28] [main/DEBUG] [FML/]: Injecting tracing printstreams for STDOUT/STDERR.
[00:13:28] [main/INFO] [FML/]: Forge Mod Loader version 7.99.40.1614 for Minecraft 1.7.10 loading
[00:13:28] [main/INFO] [FML/]: Java is Java HotSpot(TM) 64-Bit Server VM, version 1.8.0_181, running on Windows 10:amd64:10.0, installed at D:\Program Files\Java\jdk1.8.0_181\jre
[00:13:28] [main/DEBUG] [FML/]: Java classpath at launch is D:\work\works\mc-sim-u\libs\buildcraft-7.1.24-api.jar;D:\maven\gradle\.gradle\caches\minecraft\net\minecraftforge\forge\1.7.10-10.13.4.1614-1.7.10\start;D:\maven\gradle\.gradle\caches\minecraft\net\minecraftforge\forge\1.7.10-10.13.4.1614-1.7.10\stable\12\forgeSrc-1.7.10-10.13.4.1614-1.7.10.jar;D:\maven\gradle\.gradle\caches\modules-2\files-2.1\net.minecraft\launchwrapper\1.12\111e7bea9c968cdb3d06ef4632bf7ff0824d0f36\launchwrapper-1.12.jar;D:\maven\gradle\.gradle\caches\modules-2\files-2.1\com.google.code.findbugs\jsr305\1.3.9\40719ea6961c0cb6afaeb6a921eaa1f6afd4cfdf\jsr305-1.3.9.jar;D:\maven\gradle\.gradle\caches\modules-2\files-2.1\org.ow2.asm\asm-debug-all\5.0.3\f9e364ae2a66ce2a543012a4668856e84e5dab74\asm-debug-all-5.0.3.jar;D:\maven\gradle\.gradle\caches\modules-2\files-2.1\com.typesafe.akka\akka-actor_2.11\2.3.3\ed62e9fc709ca0f2ff1a3220daa8b70a2870078e\akka-actor_2.11-2.3.3.jar;D:\maven\gradle\.gradle\caches\modules-2\files-2.1\com.typesafe\config\1.2.1\f771f71fdae3df231bcd54d5ca2d57f0bf93f467\config-1.2.1.jar;D:\maven\gradle\.gradle\caches\modules-2\files-2.1\org.scala-lang\scala-actors-migration_2.11\1.1.0\dfa8bc42b181d5b9f1a5dd147f8ae308b893eb6f\scala-actors-migration_2.11-1.1.0.jar;D:\maven\gradle\.gradle\caches\modules-2\files-2.1\org.scala-lang.plugins\scala-continuations-plugin_2.11.1\1.0.2\f361a3283452c57fa30c1ee69448995de23c60f7\scala-continuations-plugin_2.11.1-1.0.2.jar;D:\maven\gradle\.gradle\caches\modules-2\files-2.1\org.scala-lang\scala-compiler\2.11.1\56ea2e6c025e0821f28d73ca271218b8dd04926a\scala-compiler-2.11.1.jar;D:\maven\gradle\.gradle\caches\modules-2\files-2.1\org.scala-lang.plugins\scala-continuations-library_2.11\1.0.2\e517c53a7e9acd6b1668c5a35eccbaa3bab9aac\scala-continuations-library_2.11-1.0.2.jar;D:\maven\gradle\.gradle\caches\modules-2\files-2.1\org.scala-lang\scala-reflect\2.11.1\6580347e61cc7f8e802941e7fde40fa83b8badeb\scala-reflect-2.11.1.jar;D:\maven\gradle\.gradle\caches\modules-2\files-2.1\org.scala-lang\scala-actors\2.11.0\8ccfb6541de179bb1c4d45cf414acee069b7f78b\scala-actors-2.11.0.jar;D:\maven\gradle\.gradle\caches\modules-2\files-2.1\org.scala-lang.modules\scala-xml_2.11\1.0.2\820fbca7e524b530fdadc594c39d49a21ea0337e\scala-xml_2.11-1.0.2.jar;D:\maven\gradle\.gradle\caches\modules-2\files-2.1\org.scala-lang.modules\scala-parser-combinators_2.11\1.0.1\f05d7345bf5a58924f2837c6c1f4d73a938e1ff0\scala-parser-combinators_2.11-1.0.1.jar;D:\maven\gradle\.gradle\caches\modules-2\files-2.1\org.scala-lang\scala-library\2.11.1\e11da23da3eabab9f4777b9220e60d44c1aab6a\scala-library-2.11.1.jar;D:\maven\gradle\.gradle\caches\modules-2\files-2.1\org.scala-lang\scala-parser-combinators_2.11\1.0.1\f05d7345bf5a58924f2837c6c1f4d73a938e1ff0\scala-parser-combinators_2.11-1.0.1.jar;D:\maven\gradle\.gradle\caches\modules-2\files-2.1\org.scala-lang\scala-swing_2.11\1.0.1\b1cdd92bd47b1e1837139c1c53020e86bb9112ae\scala-swing_2.11-1.0.1.jar;D:\maven\gradle\.gradle\caches\modules-2\files-2.1\org.scala-lang\scala-xml_2.11\1.0.2\7a80ec00aec122fba7cd4e0d4cdd87ff7e4cb6d0\scala-xml_2.11-1.0.2.jar;D:\maven\gradle\.gradle\caches\modules-2\files-2.1\net.sf.jopt-simple\jopt-simple\4.5\6065cc95c661255349c1d0756657be17c29a4fd3\jopt-simple-4.5.jar;D:\maven\gradle\.gradle\caches\modules-2\files-2.1\lzma\lzma\0.0.1\521616dc7487b42bef0e803bd2fa3faf668101d7\lzma-0.0.1.jar;D:\maven\gradle\.gradle\caches\modules-2\files-2.1\com.mojang\realms\1.3.5\807ae355ee63583becd7ea60e76aab1532bb42e\realms-1.3.5.jar;D:\maven\gradle\.gradle\caches\modules-2\files-2.1\org.apache.commons\commons-compress\1.8.1\a698750c16740fd5b3871425f4cb3bbaa87f529d\commons-compress-1.8.1.jar;D:\maven\gradle\.gradle\caches\modules-2\files-2.1\org.apache.httpcomponents\httpclient\4.3.3\18f4247ff4572a074444572cee34647c43e7c9c7\httpclient-4.3.3.jar;D:\maven\gradle\.gradle\caches\modules-2\files-2.1\commons-logging\commons-logging\1.1.3\f6f66e966c70a83ffbdb6f17a0919eaf7c8aca7f\commons-logging-1.1.3.jar;D:\maven\gradle\.gradle\caches\modules-2\files-2.1\org.apache.httpcomponents\httpcore\4.3.2\31fbbff1ddbf98f3aa7377c94d33b0447c646b6e\httpcore-4.3.2.jar;D:\maven\gradle\.gradle\caches\modules-2\files-2.1\java3d\vecmath\1.3.1\a0ae4f51da409fa0c20fa0ca59e6bbc9413ae71d\vecmath-1.3.1.jar;D:\maven\gradle\.gradle\caches\modules-2\files-2.1\net.sf.trove4j\trove4j\3.0.3\42ccaf4761f0dfdfa805c9e340d99a755907e2dd\trove4j-3.0.3.jar;D:\maven\gradle\.gradle\caches\modules-2\files-2.1\com.ibm.icu\icu4j-core-mojang\51.2\63d216a9311cca6be337c1e458e587f99d382b84\icu4j-core-mojang-51.2.jar;D:\maven\gradle\.gradle\caches\modules-2\files-2.1\com.paulscode\codecjorbis\20101023\c73b5636faf089d9f00e8732a829577de25237ee\codecjorbis-20101023.jar;D:\maven\gradle\.gradle\caches\modules-2\files-2.1\com.paulscode\codecwav\20101023\12f031cfe88fef5c1dd36c563c0a3a69bd7261da\codecwav-20101023.jar;D:\maven\gradle\.gradle\caches\modules-2\files-2.1\com.paulscode\libraryjavasound\20101123\5c5e304366f75f9eaa2e8cca546a1fb6109348b3\libraryjavasound-20101123.jar;D:\maven\gradle\.gradle\caches\modules-2\files-2.1\com.paulscode\librarylwjglopenal\20100824\73e80d0794c39665aec3f62eee88ca91676674ef\librarylwjglopenal-20100824.jar;D:\maven\gradle\.gradle\caches\modules-2\files-2.1\com.paulscode\soundsystem\20120107\419c05fe9be71f792b2d76cfc9b67f1ed0fec7f6\soundsystem-20120107.jar;D:\maven\gradle\.gradle\caches\modules-2\files-2.1\io.netty\netty-all\4.0.10.Final\9e50bd52ffe257a0e2cd8d971688d6ce7d174325\netty-all-4.0.10.Final.jar;D:\maven\gradle\.gradle\caches\modules-2\files-2.1\com.mojang\authlib\1.5.16\ef1582b11fd0943d069cdcb72e99008ac209a283\authlib-1.5.16.jar;D:\maven\gradle\.gradle\caches\modules-2\files-2.1\com.google.guava\guava\17.0\9c6ef172e8de35fd8d4d8783e4821e57cdef7445\guava-17.0.jar;D:\maven\gradle\.gradle\caches\modules-2\files-2.1\org.apache.commons\commons-lang3\3.3.2\90a3822c38ec8c996e84c16a3477ef632cbc87a3\commons-lang3-3.3.2.jar;D:\maven\gradle\.gradle\caches\modules-2\files-2.1\commons-io\commons-io\2.4\b1b6ea3b7e4aa4f492509a4952029cd8e48019ad\commons-io-2.4.jar;D:\maven\gradle\.gradle\caches\modules-2\files-2.1\commons-codec\commons-codec\1.9\9ce04e34240f674bc72680f8b843b1457383161a\commons-codec-1.9.jar;D:\maven\gradle\.gradle\caches\modules-2\files-2.1\org.lwjgl.lwjgl\lwjgl_util\2.9.1\290d7ba8a1bd9566f5ddf16ad06f09af5ec9b20e\lwjgl_util-2.9.1.jar;D:\maven\gradle\.gradle\caches\modules-2\files-2.1\org.lwjgl.lwjgl\lwjgl\2.9.1\f58c5aabcef0e41718a564be9f8e412fff8db847\lwjgl-2.9.1.jar;D:\maven\gradle\.gradle\caches\modules-2\files-2.1\net.java.jinput\jinput\2.0.5\39c7796b469a600f72380316f6b1f11db6c2c7c4\jinput-2.0.5.jar;D:\maven\gradle\.gradle\caches\modules-2\files-2.1\net.java.jutils\jutils\1.0.0\e12fe1fda814bd348c1579329c86943d2cd3c6a6\jutils-1.0.0.jar;D:\maven\gradle\.gradle\caches\modules-2\files-2.1\com.google.code.gson\gson\2.2.4\a60a5e993c98c864010053cb901b7eab25306568\gson-2.2.4.jar;D:\maven\gradle\.gradle\caches\modules-2\files-2.1\org.apache.logging.log4j\log4j-core\2.0-beta9\678861ba1b2e1fccb594bb0ca03114bb05da9695\log4j-core-2.0-beta9.jar;D:\maven\gradle\.gradle\caches\modules-2\files-2.1\org.apache.logging.log4j\log4j-api\2.0-beta9\1dd66e68cccd907880229f9e2de1314bd13ff785\log4j-api-2.0-beta9.jar;D:\maven\gradle\.gradle\caches\modules-2\files-2.1\tv.twitch\twitch\5.16\1f55f009c61637c10c0acfb8b5ffc600f30044b4\twitch-5.16.jar;D:\maven\gradle\.gradle\caches\modules-2\files-2.1\net.java.jinput\jinput-platform\2.0.5\7ff832a6eb9ab6a767f1ade2b548092d0fa64795\jinput-platform-2.0.5-natives-linux.jar;D:\maven\gradle\.gradle\caches\modules-2\files-2.1\net.java.jinput\jinput-platform\2.0.5\385ee093e01f587f30ee1c8a2ee7d408fd732e16\jinput-platform-2.0.5-natives-windows.jar;D:\maven\gradle\.gradle\caches\modules-2\files-2.1\net.java.jinput\jinput-platform\2.0.5\53f9c919f34d2ca9de8c51fc4e1e8282029a9232\jinput-platform-2.0.5-natives-osx.jar;D:\maven\gradle\.gradle\caches\modules-2\files-2.1\tv.twitch\twitch-platform\5.16\7c6affe439099806a4f552da14c42f9d643d8b23\twitch-platform-5.16-natives-windows-32.jar;D:\maven\gradle\.gradle\caches\modules-2\files-2.1\tv.twitch\twitch-platform\5.16\39d0c3d363735b4785598e0e7fbf8297c706a9f9\twitch-platform-5.16-natives-windows-64.jar;D:\maven\gradle\.gradle\caches\modules-2\files-2.1\tv.twitch\twitch-platform\5.16\62503ee712766cf77f97252e5902786fd834b8c5\twitch-platform-5.16-natives-osx.jar;D:\maven\gradle\.gradle\caches\modules-2\files-2.1\tv.twitch\twitch-external-platform\4.5\18215140f010c05b9f86ef6f0f8871954d2ccebf\twitch-external-platform-4.5-natives-windows-32.jar;D:\maven\gradle\.gradle\caches\modules-2\files-2.1\tv.twitch\twitch-external-platform\4.5\c3cde57891b935d41b6680a9c5e1502eeab76d86\twitch-external-platform-4.5-natives-windows-64.jar;D:\maven\gradle\.gradle\caches\modules-2\files-2.1\org.lwjgl.lwjgl\lwjgl-platform\2.9.1\4c517eca808522457dd95ee8fc1fbcdbb602efbe\lwjgl-platform-2.9.1-natives-windows.jar;D:\maven\gradle\.gradle\caches\modules-2\files-2.1\org.lwjgl.lwjgl\lwjgl-platform\2.9.1\aa9aae879af8eb378e22cfc64db56ec2ca9a44d1\lwjgl-platform-2.9.1-natives-linux.jar;D:\maven\gradle\.gradle\caches\modules-2\files-2.1\org.lwjgl.lwjgl\lwjgl-platform\2.9.1\2d12c83fdfbc04ecabf02c7bc8cc54d034f0daac\lwjgl-platform-2.9.1-natives-osx.jar;D:\work\works\mc-sim-u\build\libs\simulated-1.7.10-1.0.0 Beta.jar
[00:13:28] [main/DEBUG] [FML/]: Java library path at launch is D:\Program Files\Java\jdk1.8.0_181\bin;C:\WINDOWS\Sun\Java\bin;C:\WINDOWS\system32;C:\WINDOWS;C:\Program Files (x86)\Common Files\Oracle\Java\javapath;C:\Program Files (x86)\Intel\iCLS Client\;C:\Program Files\Intel\iCLS Client\;C:\Windows\system32;C:\Windows;C:\Windows\System32\Wbem;C:\Windows\System32\WindowsPowerShell\v1.0\;C:\Program Files (x86)\NVIDIA Corporation\PhysX\Common;C:\Program Files (x86)\Intel\Intel(R) Management Engine Components\DAL;C:\Program Files\Intel\Intel(R) Management Engine Components\DAL;C:\Program Files (x86)\Intel\Intel(R) Management Engine Components\IPT;C:\Program Files\Intel\Intel(R) Management Engine Components\IPT;C:\WINDOWS\system32;C:\WINDOWS;C:\WINDOWS\System32\Wbem;C:\WINDOWS\System32\WindowsPowerShell\v1.0\;C:\WINDOWS\System32\OpenSSH\;D:\Program Files\Git\cmd;D:\Program Files\TortoiseGit\bin;"D:\Program Files\Java\jdk1.8.0_181\bin;D:\Program Files\Java\jdk1.8.0_181\jre\bin;";;D:\Program Files (x86)\WinSCP\;C:\Program Files\Common Files\Autodesk Shared\;C:\Program Files\Microsoft SQL Server\120\Tools\Binn\;D:\Program Files\Python\Python38-32\Scripts\;D:\Program Files\Python\Python38-32\;C:\Users\Tian\AppData\Local\Microsoft\WindowsApps;D:\Program Files\JetBrains\IntelliJ IDEA 2019.2.4\bin;C:\Users\Tian\AppData\Local\BypassRuntm;;C:\Users\Tian\AppData\Local\Microsoft\WindowsApps;D:\Program Files\JetBrains\IntelliJ IDEA 2021.2.3\bin;;.;D:/maven/gradle/.gradle/caches/minecraft/net/minecraft/minecraft_natives/1.7.10
[00:13:28] [main/INFO] [FML/]: Managed to load a deobfuscated Minecraft name- we are in a deobfuscated environment. Skipping runtime deobfuscation
[00:13:28] [main/DEBUG] [FML/]: Instantiating coremod class FMLCorePlugin
[00:13:28] [main/DEBUG] [FML/]: Added access transformer class cpw.mods.fml.common.asm.transformers.AccessTransformer to enqueued access transformers
[00:13:28] [main/DEBUG] [FML/]: Enqueued coremod FMLCorePlugin
[00:13:28] [main/DEBUG] [FML/]: Instantiating coremod class FMLForgePlugin
[00:13:28] [main/DEBUG] [FML/]: Added access transformer class net.minecraftforge.transformers.ForgeAccessTransformer to enqueued access transformers
[00:13:28] [main/DEBUG] [FML/]: Enqueued coremod FMLForgePlugin
[00:13:28] [main/DEBUG] [FML/]: All fundamental core mods are successfully located
[00:13:28] [main/DEBUG] [FML/]: Attempting to load commandline specified mods, relative to D:\work\works\mc-sim-u\eclipse\.
[00:13:28] [main/DEBUG] [FML/]: Discovering coremods
[00:13:28] [main/INFO] [LaunchWrapper/]: Calling tweak class net.minecraftforge.gradle.tweakers.CoremodTweaker
[00:13:28] [main/INFO] [GradleStart/]: Injecting location in coremod cpw.mods.fml.relauncher.FMLCorePlugin
[00:13:28] [main/INFO] [GradleStart/]: Injecting location in coremod net.minecraftforge.classloading.FMLForgePlugin
[00:13:28] [main/INFO] [LaunchWrapper/]: Loading tweak class name cpw.mods.fml.common.launcher.FMLInjectionAndSortingTweaker
[00:13:28] [main/INFO] [LaunchWrapper/]: Loading tweak class name cpw.mods.fml.common.launcher.FMLDeobfTweaker
[00:13:28] [main/INFO] [LaunchWrapper/]: Loading tweak class name net.minecraftforge.gradle.tweakers.AccessTransformerTweaker
[00:13:28] [main/INFO] [LaunchWrapper/]: Calling tweak class cpw.mods.fml.common.launcher.FMLInjectionAndSortingTweaker
[00:13:28] [main/INFO] [LaunchWrapper/]: Calling tweak class cpw.mods.fml.common.launcher.FMLInjectionAndSortingTweaker
[00:13:28] [main/INFO] [LaunchWrapper/]: Calling tweak class cpw.mods.fml.relauncher.CoreModManager$FMLPluginWrapper
[00:13:28] [main/DEBUG] [FML/]: Injecting coremod FMLCorePlugin {cpw.mods.fml.relauncher.FMLCorePlugin} class transformers
[00:13:28] [main/TRACE] [FML/]: Registering transformer cpw.mods.fml.common.asm.transformers.MarkerTransformer
[00:13:28] [main/TRACE] [FML/]: Registering transformer cpw.mods.fml.common.asm.transformers.SideTransformer
[00:13:28] [main/TRACE] [FML/]: Registering transformer cpw.mods.fml.common.asm.transformers.EventSubscriptionTransformer
[00:13:28] [main/DEBUG] [FML/]: Injection complete
[00:13:28] [main/DEBUG] [FML/]: Running coremod plugin for FMLCorePlugin {cpw.mods.fml.relauncher.FMLCorePlugin}
[00:13:28] [main/DEBUG] [FML/]: Running coremod plugin FMLCorePlugin
[00:13:28] [main/ERROR] [FML/]: The binary patch set is missing. Either you are in a development environment, or things are not going to work!
[00:13:29] [main/ERROR] [FML/]: FML appears to be missing any signature data. This is not a good thing
[00:13:29] [main/DEBUG] [FML/]: Coremod plugin class FMLCorePlugin run successfully
[00:13:29] [main/INFO] [LaunchWrapper/]: Calling tweak class cpw.mods.fml.relauncher.CoreModManager$FMLPluginWrapper
[00:13:29] [main/DEBUG] [FML/]: Injecting coremod FMLForgePlugin {net.minecraftforge.classloading.FMLForgePlugin} class transformers
[00:13:29] [main/TRACE] [FML/]: Registering transformer net.minecraftforge.classloading.FluidIdTransformer
[00:13:29] [main/DEBUG] [FML/]: Injection complete
[00:13:29] [main/DEBUG] [FML/]: Running coremod plugin for FMLForgePlugin {net.minecraftforge.classloading.FMLForgePlugin}
[00:13:29] [main/DEBUG] [FML/]: Running coremod plugin FMLForgePlugin
[00:13:29] [main/DEBUG] [FML/]: Coremod plugin class FMLForgePlugin run successfully
[00:13:29] [main/INFO] [LaunchWrapper/]: Calling tweak class cpw.mods.fml.common.launcher.FMLDeobfTweaker
[00:13:29] [main/DEBUG] [FML/]: Loaded 57 rules from AccessTransformer config file fml_at.cfg
[00:13:29] [main/DEBUG] [FML/]: Loaded 89 rules from AccessTransformer config file forge_at.cfg
[00:13:29] [main/DEBUG] [FML/]: Validating minecraft
[00:13:30] [main/DEBUG] [FML/]: Minecraft validated, launching...
[00:13:30] [main/INFO] [LaunchWrapper/]: Calling tweak class net.minecraftforge.gradle.tweakers.AccessTransformerTweaker
[00:13:30] [main/INFO] [LaunchWrapper/]: Loading tweak class name cpw.mods.fml.common.launcher.TerminalTweaker
[00:13:30] [main/INFO] [LaunchWrapper/]: Calling tweak class cpw.mods.fml.common.launcher.TerminalTweaker
[00:13:30] [main/INFO] [LaunchWrapper/]: Launching wrapped minecraft {net.minecraft.client.main.Main}
[00:13:33] [Client thread/DEBUG] [FML/]: Bar Finished: Loading Resource - LanguageManager took 0.028s
[00:13:33] [Client thread/INFO] [STDOUT/]: [cpw.mods.fml.client.SplashProgress:start:188]: ---- Minecraft Crash Report ----
// This doesn't make any sense!

Time: 22-3-16 上午12:13
Description: Loading screen debug info

This is just a prompt for computer specs to be printed. THIS IS NOT A ERROR


A detailed walkthrough of the error, its code path and all known details is as follows:
---------------------------------------------------------------------------------------

-- System Details --
Details:
	Minecraft Version: 1.7.10
	Operating System: Windows 10 (amd64) version 10.0
	Java Version: 1.8.0_181, Oracle Corporation
	Java VM Version: Java HotSpot(TM) 64-Bit Server VM (mixed mode), Oracle Corporation
	Memory: 108885096 bytes (103 MB) / 211288064 bytes (201 MB) up to 1883242496 bytes (1796 MB)
	JVM Flags: 0 total; 
	AABB Pool Size: 0 (0 bytes; 0 MB) allocated, 0 (0 bytes; 0 MB) used
	IntCache: cache: 0, tcache: 0, allocated: 0, tallocated: 0
	FML: 
	GL info: ' Vendor: 'Intel' Version: '4.6.0 - Build 27.20.100.8682' Renderer: 'Intel(R) UHD Graphics 620'
[00:13:33] [Client thread/INFO] [MinecraftForge/]: Attempting early MinecraftForge initialization
[00:13:33] [Client thread/INFO] [FML/]: MinecraftForge v10.13.4.1614 Initialized
[00:13:33] [Client thread/INFO] [FML/]: Replaced 183 ore recipies
[00:13:33] [Client thread/INFO] [MinecraftForge/]: Completed early MinecraftForge initialization
[00:13:33] [Client thread/DEBUG] [FML/]: File D:\work\works\mc-sim-u\eclipse\config\injectedDependencies.json not found. No dependencies injected
[00:13:34] [Client thread/DEBUG] [FML/]: Building injected Mod Containers [cpw.mods.fml.common.FMLContainer, net.minecraftforge.common.ForgeModContainer]
[00:13:34] [Client thread/DEBUG] [FML/]: Attempting to load mods contained in the minecraft jar file and associated classes
[00:13:34] [Client thread/DEBUG] [FML/]: Found a minecraft related file at D:\work\works\mc-sim-u\libs\buildcraft-7.1.24-api.jar, examining for mod candidates
[00:13:34] [Client thread/DEBUG] [FML/]: Found a minecraft related directory at D:\maven\gradle\.gradle\caches\minecraft\net\minecraftforge\forge\1.7.10-10.13.4.1614-1.7.10\start, examining for mod candidates
[00:13:34] [Client thread/DEBUG] [FML/]: Found a minecraft related file at D:\maven\gradle\.gradle\caches\minecraft\net\minecraftforge\forge\1.7.10-10.13.4.1614-1.7.10\stable\12\forgeSrc-1.7.10-10.13.4.1614-1.7.10.jar, examining for mod candidates
[00:13:34] [Client thread/DEBUG] [FML/]: Found a minecraft related file at D:\maven\gradle\.gradle\caches\modules-2\files-2.1\net.minecraft\launchwrapper\1.12\111e7bea9c968cdb3d06ef4632bf7ff0824d0f36\launchwrapper-1.12.jar, examining for mod candidates
[00:13:34] [Client thread/DEBUG] [FML/]: Found a minecraft related file at D:\maven\gradle\.gradle\caches\modules-2\files-2.1\com.google.code.findbugs\jsr305\1.3.9\40719ea6961c0cb6afaeb6a921eaa1f6afd4cfdf\jsr305-1.3.9.jar, examining for mod candidates
[00:13:34] [Client thread/DEBUG] [FML/]: Found a minecraft related file at D:\maven\gradle\.gradle\caches\modules-2\files-2.1\org.ow2.asm\asm-debug-all\5.0.3\f9e364ae2a66ce2a543012a4668856e84e5dab74\asm-debug-all-5.0.3.jar, examining for mod candidates
[00:13:34] [Client thread/DEBUG] [FML/]: Found a minecraft related file at D:\maven\gradle\.gradle\caches\modules-2\files-2.1\com.typesafe.akka\akka-actor_2.11\2.3.3\ed62e9fc709ca0f2ff1a3220daa8b70a2870078e\akka-actor_2.11-2.3.3.jar, examining for mod candidates
[00:13:34] [Client thread/DEBUG] [FML/]: Found a minecraft related file at D:\maven\gradle\.gradle\caches\modules-2\files-2.1\com.typesafe\config\1.2.1\f771f71fdae3df231bcd54d5ca2d57f0bf93f467\config-1.2.1.jar, examining for mod candidates
[00:13:34] [Client thread/DEBUG] [FML/]: Found a minecraft related file at D:\maven\gradle\.gradle\caches\modules-2\files-2.1\org.scala-lang\scala-actors-migration_2.11\1.1.0\dfa8bc42b181d5b9f1a5dd147f8ae308b893eb6f\scala-actors-migration_2.11-1.1.0.jar, examining for mod candidates
[00:13:34] [Client thread/DEBUG] [FML/]: Found a minecraft related file at D:\maven\gradle\.gradle\caches\modules-2\files-2.1\org.scala-lang.plugins\scala-continuations-plugin_2.11.1\1.0.2\f361a3283452c57fa30c1ee69448995de23c60f7\scala-continuations-plugin_2.11.1-1.0.2.jar, examining for mod candidates
[00:13:34] [Client thread/DEBUG] [FML/]: Found a minecraft related file at D:\maven\gradle\.gradle\caches\modules-2\files-2.1\org.scala-lang\scala-compiler\2.11.1\56ea2e6c025e0821f28d73ca271218b8dd04926a\scala-compiler-2.11.1.jar, examining for mod candidates
[00:13:34] [Client thread/DEBUG] [FML/]: Found a minecraft related file at D:\maven\gradle\.gradle\caches\modules-2\files-2.1\org.scala-lang.plugins\scala-continuations-library_2.11\1.0.2\e517c53a7e9acd6b1668c5a35eccbaa3bab9aac\scala-continuations-library_2.11-1.0.2.jar, examining for mod candidates
[00:13:34] [Client thread/DEBUG] [FML/]: Found a minecraft related file at D:\maven\gradle\.gradle\caches\modules-2\files-2.1\org.scala-lang\scala-reflect\2.11.1\6580347e61cc7f8e802941e7fde40fa83b8badeb\scala-reflect-2.11.1.jar, examining for mod candidates
[00:13:34] [Client thread/DEBUG] [FML/]: Found a minecraft related file at D:\maven\gradle\.gradle\caches\modules-2\files-2.1\org.scala-lang\scala-actors\2.11.0\8ccfb6541de179bb1c4d45cf414acee069b7f78b\scala-actors-2.11.0.jar, examining for mod candidates
[00:13:34] [Client thread/DEBUG] [FML/]: Found a minecraft related file at D:\maven\gradle\.gradle\caches\modules-2\files-2.1\org.scala-lang.modules\scala-xml_2.11\1.0.2\820fbca7e524b530fdadc594c39d49a21ea0337e\scala-xml_2.11-1.0.2.jar, examining for mod candidates
[00:13:34] [Client thread/DEBUG] [FML/]: Found a minecraft related file at D:\maven\gradle\.gradle\caches\modules-2\files-2.1\org.scala-lang.modules\scala-parser-combinators_2.11\1.0.1\f05d7345bf5a58924f2837c6c1f4d73a938e1ff0\scala-parser-combinators_2.11-1.0.1.jar, examining for mod candidates
[00:13:34] [Client thread/DEBUG] [FML/]: Found a minecraft related file at D:\maven\gradle\.gradle\caches\modules-2\files-2.1\org.scala-lang\scala-library\2.11.1\e11da23da3eabab9f4777b9220e60d44c1aab6a\scala-library-2.11.1.jar, examining for mod candidates
[00:13:34] [Client thread/DEBUG] [FML/]: Found a minecraft related file at D:\maven\gradle\.gradle\caches\modules-2\files-2.1\org.scala-lang\scala-parser-combinators_2.11\1.0.1\f05d7345bf5a58924f2837c6c1f4d73a938e1ff0\scala-parser-combinators_2.11-1.0.1.jar, examining for mod candidates
[00:13:34] [Client thread/DEBUG] [FML/]: Found a minecraft related file at D:\maven\gradle\.gradle\caches\modules-2\files-2.1\org.scala-lang\scala-swing_2.11\1.0.1\b1cdd92bd47b1e1837139c1c53020e86bb9112ae\scala-swing_2.11-1.0.1.jar, examining for mod candidates
[00:13:34] [Client thread/DEBUG] [FML/]: Found a minecraft related file at D:\maven\gradle\.gradle\caches\modules-2\files-2.1\org.scala-lang\scala-xml_2.11\1.0.2\7a80ec00aec122fba7cd4e0d4cdd87ff7e4cb6d0\scala-xml_2.11-1.0.2.jar, examining for mod candidates
[00:13:34] [Client thread/DEBUG] [FML/]: Found a minecraft related file at D:\maven\gradle\.gradle\caches\modules-2\files-2.1\net.sf.jopt-simple\jopt-simple\4.5\6065cc95c661255349c1d0756657be17c29a4fd3\jopt-simple-4.5.jar, examining for mod candidates
[00:13:34] [Client thread/DEBUG] [FML/]: Found a minecraft related file at D:\maven\gradle\.gradle\caches\modules-2\files-2.1\lzma\lzma\0.0.1\521616dc7487b42bef0e803bd2fa3faf668101d7\lzma-0.0.1.jar, examining for mod candidates
[00:13:34] [Client thread/DEBUG] [FML/]: Found a minecraft related file at D:\maven\gradle\.gradle\caches\modules-2\files-2.1\com.mojang\realms\1.3.5\807ae355ee63583becd7ea60e76aab1532bb42e\realms-1.3.5.jar, examining for mod candidates
[00:13:34] [Client thread/DEBUG] [FML/]: Found a minecraft related file at D:\maven\gradle\.gradle\caches\modules-2\files-2.1\org.apache.commons\commons-compress\1.8.1\a698750c16740fd5b3871425f4cb3bbaa87f529d\commons-compress-1.8.1.jar, examining for mod candidates
[00:13:34] [Client thread/DEBUG] [FML/]: Found a minecraft related file at D:\maven\gradle\.gradle\caches\modules-2\files-2.1\org.apache.httpcomponents\httpclient\4.3.3\18f4247ff4572a074444572cee34647c43e7c9c7\httpclient-4.3.3.jar, examining for mod candidates
[00:13:34] [Client thread/DEBUG] [FML/]: Found a minecraft related file at D:\maven\gradle\.gradle\caches\modules-2\files-2.1\commons-logging\commons-logging\1.1.3\f6f66e966c70a83ffbdb6f17a0919eaf7c8aca7f\commons-logging-1.1.3.jar, examining for mod candidates
[00:13:34] [Client thread/DEBUG] [FML/]: Found a minecraft related file at D:\maven\gradle\.gradle\caches\modules-2\files-2.1\org.apache.httpcomponents\httpcore\4.3.2\31fbbff1ddbf98f3aa7377c94d33b0447c646b6e\httpcore-4.3.2.jar, examining for mod candidates
[00:13:34] [Client thread/DEBUG] [FML/]: Found a minecraft related file at D:\maven\gradle\.gradle\caches\modules-2\files-2.1\java3d\vecmath\1.3.1\a0ae4f51da409fa0c20fa0ca59e6bbc9413ae71d\vecmath-1.3.1.jar, examining for mod candidates
[00:13:34] [Client thread/DEBUG] [FML/]: Found a minecraft related file at D:\maven\gradle\.gradle\caches\modules-2\files-2.1\net.sf.trove4j\trove4j\3.0.3\42ccaf4761f0dfdfa805c9e340d99a755907e2dd\trove4j-3.0.3.jar, examining for mod candidates
[00:13:34] [Client thread/DEBUG] [FML/]: Found a minecraft related file at D:\maven\gradle\.gradle\caches\modules-2\files-2.1\com.ibm.icu\icu4j-core-mojang\51.2\63d216a9311cca6be337c1e458e587f99d382b84\icu4j-core-mojang-51.2.jar, examining for mod candidates
[00:13:34] [Client thread/DEBUG] [FML/]: Found a minecraft related file at D:\maven\gradle\.gradle\caches\modules-2\files-2.1\com.paulscode\codecjorbis\20101023\c73b5636faf089d9f00e8732a829577de25237ee\codecjorbis-20101023.jar, examining for mod candidates
[00:13:34] [Client thread/DEBUG] [FML/]: Found a minecraft related file at D:\maven\gradle\.gradle\caches\modules-2\files-2.1\com.paulscode\codecwav\20101023\12f031cfe88fef5c1dd36c563c0a3a69bd7261da\codecwav-20101023.jar, examining for mod candidates
[00:13:34] [Client thread/DEBUG] [FML/]: Found a minecraft related file at D:\maven\gradle\.gradle\caches\modules-2\files-2.1\com.paulscode\libraryjavasound\20101123\5c5e304366f75f9eaa2e8cca546a1fb6109348b3\libraryjavasound-20101123.jar, examining for mod candidates
[00:13:34] [Client thread/DEBUG] [FML/]: Found a minecraft related file at D:\maven\gradle\.gradle\caches\modules-2\files-2.1\com.paulscode\librarylwjglopenal\20100824\73e80d0794c39665aec3f62eee88ca91676674ef\librarylwjglopenal-20100824.jar, examining for mod candidates
[00:13:34] [Client thread/DEBUG] [FML/]: Found a minecraft related file at D:\maven\gradle\.gradle\caches\modules-2\files-2.1\com.paulscode\soundsystem\20120107\419c05fe9be71f792b2d76cfc9b67f1ed0fec7f6\soundsystem-20120107.jar, examining for mod candidates
[00:13:34] [Client thread/DEBUG] [FML/]: Found a minecraft related file at D:\maven\gradle\.gradle\caches\modules-2\files-2.1\io.netty\netty-all\4.0.10.Final\9e50bd52ffe257a0e2cd8d971688d6ce7d174325\netty-all-4.0.10.Final.jar, examining for mod candidates
[00:13:34] [Client thread/DEBUG] [FML/]: Found a minecraft related file at D:\maven\gradle\.gradle\caches\modules-2\files-2.1\com.mojang\authlib\1.5.16\ef1582b11fd0943d069cdcb72e99008ac209a283\authlib-1.5.16.jar, examining for mod candidates
[00:13:34] [Client thread/DEBUG] [FML/]: Found a minecraft related file at D:\maven\gradle\.gradle\caches\modules-2\files-2.1\com.google.guava\guava\17.0\9c6ef172e8de35fd8d4d8783e4821e57cdef7445\guava-17.0.jar, examining for mod candidates
[00:13:34] [Client thread/DEBUG] [FML/]: Found a minecraft related file at D:\maven\gradle\.gradle\caches\modules-2\files-2.1\org.apache.commons\commons-lang3\3.3.2\90a3822c38ec8c996e84c16a3477ef632cbc87a3\commons-lang3-3.3.2.jar, examining for mod candidates
[00:13:34] [Client thread/DEBUG] [FML/]: Found a minecraft related file at D:\maven\gradle\.gradle\caches\modules-2\files-2.1\commons-io\commons-io\2.4\b1b6ea3b7e4aa4f492509a4952029cd8e48019ad\commons-io-2.4.jar, examining for mod candidates
[00:13:34] [Client thread/DEBUG] [FML/]: Found a minecraft related file at D:\maven\gradle\.gradle\caches\modules-2\files-2.1\commons-codec\commons-codec\1.9\9ce04e34240f674bc72680f8b843b1457383161a\commons-codec-1.9.jar, examining for mod candidates
[00:13:34] [Client thread/DEBUG] [FML/]: Found a minecraft related file at D:\maven\gradle\.gradle\caches\modules-2\files-2.1\org.lwjgl.lwjgl\lwjgl_util\2.9.1\290d7ba8a1bd9566f5ddf16ad06f09af5ec9b20e\lwjgl_util-2.9.1.jar, examining for mod candidates
[00:13:34] [Client thread/DEBUG] [FML/]: Found a minecraft related file at D:\maven\gradle\.gradle\caches\modules-2\files-2.1\org.lwjgl.lwjgl\lwjgl\2.9.1\f58c5aabcef0e41718a564be9f8e412fff8db847\lwjgl-2.9.1.jar, examining for mod candidates
[00:13:34] [Client thread/DEBUG] [FML/]: Found a minecraft related file at D:\maven\gradle\.gradle\caches\modules-2\files-2.1\net.java.jinput\jinput\2.0.5\39c7796b469a600f72380316f6b1f11db6c2c7c4\jinput-2.0.5.jar, examining for mod candidates
[00:13:34] [Client thread/DEBUG] [FML/]: Found a minecraft related file at D:\maven\gradle\.gradle\caches\modules-2\files-2.1\net.java.jutils\jutils\1.0.0\e12fe1fda814bd348c1579329c86943d2cd3c6a6\jutils-1.0.0.jar, examining for mod candidates
[00:13:34] [Client thread/DEBUG] [FML/]: Found a minecraft related file at D:\maven\gradle\.gradle\caches\modules-2\files-2.1\com.google.code.gson\gson\2.2.4\a60a5e993c98c864010053cb901b7eab25306568\gson-2.2.4.jar, examining for mod candidates
[00:13:34] [Client thread/DEBUG] [FML/]: Found a minecraft related file at D:\maven\gradle\.gradle\caches\modules-2\files-2.1\org.apache.logging.log4j\log4j-core\2.0-beta9\678861ba1b2e1fccb594bb0ca03114bb05da9695\log4j-core-2.0-beta9.jar, examining for mod candidates
[00:13:34] [Client thread/DEBUG] [FML/]: Found a minecraft related file at D:\maven\gradle\.gradle\caches\modules-2\files-2.1\org.apache.logging.log4j\log4j-api\2.0-beta9\1dd66e68cccd907880229f9e2de1314bd13ff785\log4j-api-2.0-beta9.jar, examining for mod candidates
[00:13:34] [Client thread/DEBUG] [FML/]: Found a minecraft related file at D:\maven\gradle\.gradle\caches\modules-2\files-2.1\tv.twitch\twitch\5.16\1f55f009c61637c10c0acfb8b5ffc600f30044b4\twitch-5.16.jar, examining for mod candidates
[00:13:34] [Client thread/DEBUG] [FML/]: Found a minecraft related file at D:\maven\gradle\.gradle\caches\modules-2\files-2.1\net.java.jinput\jinput-platform\2.0.5\7ff832a6eb9ab6a767f1ade2b548092d0fa64795\jinput-platform-2.0.5-natives-linux.jar, examining for mod candidates
[00:13:34] [Client thread/DEBUG] [FML/]: Found a minecraft related file at D:\maven\gradle\.gradle\caches\modules-2\files-2.1\net.java.jinput\jinput-platform\2.0.5\385ee093e01f587f30ee1c8a2ee7d408fd732e16\jinput-platform-2.0.5-natives-windows.jar, examining for mod candidates
[00:13:34] [Client thread/DEBUG] [FML/]: Found a minecraft related file at D:\maven\gradle\.gradle\caches\modules-2\files-2.1\net.java.jinput\jinput-platform\2.0.5\53f9c919f34d2ca9de8c51fc4e1e8282029a9232\jinput-platform-2.0.5-natives-osx.jar, examining for mod candidates
[00:13:34] [Client thread/DEBUG] [FML/]: Found a minecraft related file at D:\maven\gradle\.gradle\caches\modules-2\files-2.1\tv.twitch\twitch-platform\5.16\7c6affe439099806a4f552da14c42f9d643d8b23\twitch-platform-5.16-natives-windows-32.jar, examining for mod candidates
[00:13:34] [Client thread/DEBUG] [FML/]: Found a minecraft related file at D:\maven\gradle\.gradle\caches\modules-2\files-2.1\tv.twitch\twitch-platform\5.16\39d0c3d363735b4785598e0e7fbf8297c706a9f9\twitch-platform-5.16-natives-windows-64.jar, examining for mod candidates
[00:13:34] [Client thread/DEBUG] [FML/]: Found a minecraft related file at D:\maven\gradle\.gradle\caches\modules-2\files-2.1\tv.twitch\twitch-platform\5.16\62503ee712766cf77f97252e5902786fd834b8c5\twitch-platform-5.16-natives-osx.jar, examining for mod candidates
[00:13:34] [Client thread/DEBUG] [FML/]: Found a minecraft related file at D:\maven\gradle\.gradle\caches\modules-2\files-2.1\tv.twitch\twitch-external-platform\4.5\18215140f010c05b9f86ef6f0f8871954d2ccebf\twitch-external-platform-4.5-natives-windows-32.jar, examining for mod candidates
[00:13:34] [Client thread/DEBUG] [FML/]: Found a minecraft related file at D:\maven\gradle\.gradle\caches\modules-2\files-2.1\tv.twitch\twitch-external-platform\4.5\c3cde57891b935d41b6680a9c5e1502eeab76d86\twitch-external-platform-4.5-natives-windows-64.jar, examining for mod candidates
[00:13:34] [Client thread/DEBUG] [FML/]: Found a minecraft related file at D:\maven\gradle\.gradle\caches\modules-2\files-2.1\org.lwjgl.lwjgl\lwjgl-platform\2.9.1\4c517eca808522457dd95ee8fc1fbcdbb602efbe\lwjgl-platform-2.9.1-natives-windows.jar, examining for mod candidates
[00:13:34] [Client thread/DEBUG] [FML/]: Found a minecraft related file at D:\maven\gradle\.gradle\caches\modules-2\files-2.1\org.lwjgl.lwjgl\lwjgl-platform\2.9.1\aa9aae879af8eb378e22cfc64db56ec2ca9a44d1\lwjgl-platform-2.9.1-natives-linux.jar, examining for mod candidates
[00:13:34] [Client thread/DEBUG] [FML/]: Found a minecraft related file at D:\maven\gradle\.gradle\caches\modules-2\files-2.1\org.lwjgl.lwjgl\lwjgl-platform\2.9.1\2d12c83fdfbc04ecabf02c7bc8cc54d034f0daac\lwjgl-platform-2.9.1-natives-osx.jar, examining for mod candidates
[00:13:34] [Client thread/DEBUG] [FML/]: Found a minecraft related file at D:\work\works\mc-sim-u\build\libs\simulated-1.7.10-1.0.0 Beta.jar, examining for mod candidates
[00:13:34] [Client thread/DEBUG] [FML/]: Minecraft jar mods loaded successfully
[00:13:34] [Client thread/INFO] [FML/]: Found 0 mods from the command line. Injecting into mod discoverer
[00:13:34] [Client thread/INFO] [FML/]: Searching D:\work\works\mc-sim-u\eclipse\mods for mods
[00:13:34] [Client thread/DEBUG] [FML/]: Found a candidate mod directory Simukraft
[00:13:34] [Client thread/DEBUG] [FML/]: Examining file buildcraft-7.1.24-api.jar for potential mods
[00:13:34] [Client thread/DEBUG] [FML/]: The mod container buildcraft-7.1.24-api.jar appears to be missing an mcmod.info file
[00:13:34] [Client thread/DEBUG] [FML/]: Examining directory start for potential mods
[00:13:34] [Client thread/DEBUG] [FML/]: No mcmod.info file found in directory start
[00:13:34] [Client thread/TRACE] [FML/]: Recursing into package net
[00:13:34] [Client thread/TRACE] [FML/]: Recursing into package net.minecraftforge
[00:13:34] [Client thread/TRACE] [FML/]: Recursing into package net.minecraftforge.gradle
[00:13:34] [Client thread/TRACE] [FML/]: Recursing into package net.minecraftforge.gradle.tweakers
[00:13:34] [Client thread/DEBUG] [FML/]: Examining file forgeSrc-1.7.10-10.13.4.1614-1.7.10.jar for potential mods
[00:13:34] [Client thread/DEBUG] [FML/]: The mod container forgeSrc-1.7.10-10.13.4.1614-1.7.10.jar appears to be missing an mcmod.info file
[00:13:35] [Client thread/DEBUG] [FML/]: Examining file launchwrapper-1.12.jar for potential mods
[00:13:35] [Client thread/DEBUG] [FML/]: The mod container launchwrapper-1.12.jar appears to be missing an mcmod.info file
[00:13:35] [Client thread/DEBUG] [FML/]: Examining file jsr305-1.3.9.jar for potential mods
[00:13:35] [Client thread/DEBUG] [FML/]: The mod container jsr305-1.3.9.jar appears to be missing an mcmod.info file
[00:13:35] [Client thread/DEBUG] [FML/]: Examining file asm-debug-all-5.0.3.jar for potential mods
[00:13:35] [Client thread/DEBUG] [FML/]: The mod container asm-debug-all-5.0.3.jar appears to be missing an mcmod.info file
[00:13:35] [Client thread/DEBUG] [FML/]: Examining file akka-actor_2.11-2.3.3.jar for potential mods
[00:13:35] [Client thread/DEBUG] [FML/]: The mod container akka-actor_2.11-2.3.3.jar appears to be missing an mcmod.info file
[00:13:36] [Client thread/DEBUG] [FML/]: Examining file config-1.2.1.jar for potential mods
[00:13:36] [Client thread/DEBUG] [FML/]: The mod container config-1.2.1.jar appears to be missing an mcmod.info file
[00:13:36] [Client thread/DEBUG] [FML/]: Examining file scala-actors-migration_2.11-1.1.0.jar for potential mods
[00:13:36] [Client thread/DEBUG] [FML/]: The mod container scala-actors-migration_2.11-1.1.0.jar appears to be missing an mcmod.info file
[00:13:36] [Client thread/DEBUG] [FML/]: Examining file scala-continuations-plugin_2.11.1-1.0.2.jar for potential mods
[00:13:36] [Client thread/DEBUG] [FML/]: The mod container scala-continuations-plugin_2.11.1-1.0.2.jar appears to be missing an mcmod.info file
[00:13:36] [Client thread/DEBUG] [FML/]: Examining file scala-compiler-2.11.1.jar for potential mods
[00:13:36] [Client thread/DEBUG] [FML/]: The mod container scala-compiler-2.11.1.jar appears to be missing an mcmod.info file
[00:13:37] [Client thread/DEBUG] [FML/]: Examining file scala-continuations-library_2.11-1.0.2.jar for potential mods
[00:13:37] [Client thread/DEBUG] [FML/]: The mod container scala-continuations-library_2.11-1.0.2.jar appears to be missing an mcmod.info file
[00:13:37] [Client thread/DEBUG] [FML/]: Examining file scala-reflect-2.11.1.jar for potential mods
[00:13:37] [Client thread/DEBUG] [FML/]: The mod container scala-reflect-2.11.1.jar appears to be missing an mcmod.info file
[00:13:37] [Client thread/DEBUG] [FML/]: Examining file scala-actors-2.11.0.jar for potential mods
[00:13:37] [Client thread/DEBUG] [FML/]: The mod container scala-actors-2.11.0.jar appears to be missing an mcmod.info file
[00:13:37] [Client thread/DEBUG] [FML/]: Examining file scala-xml_2.11-1.0.2.jar for potential mods
[00:13:37] [Client thread/DEBUG] [FML/]: The mod container scala-xml_2.11-1.0.2.jar appears to be missing an mcmod.info file
[00:13:37] [Client thread/DEBUG] [FML/]: Examining file scala-parser-combinators_2.11-1.0.1.jar for potential mods
[00:13:37] [Client thread/DEBUG] [FML/]: The mod container scala-parser-combinators_2.11-1.0.1.jar appears to be missing an mcmod.info file
[00:13:37] [Client thread/DEBUG] [FML/]: Examining file scala-library-2.11.1.jar for potential mods
[00:13:37] [Client thread/DEBUG] [FML/]: The mod container scala-library-2.11.1.jar appears to be missing an mcmod.info file
[00:13:38] [Client thread/DEBUG] [FML/]: Examining file scala-parser-combinators_2.11-1.0.1.jar for potential mods
[00:13:38] [Client thread/DEBUG] [FML/]: The mod container scala-parser-combinators_2.11-1.0.1.jar appears to be missing an mcmod.info file
[00:13:38] [Client thread/DEBUG] [FML/]: Examining file scala-swing_2.11-1.0.1.jar for potential mods
[00:13:38] [Client thread/DEBUG] [FML/]: The mod container scala-swing_2.11-1.0.1.jar appears to be missing an mcmod.info file
[00:13:38] [Client thread/DEBUG] [FML/]: Examining file scala-xml_2.11-1.0.2.jar for potential mods
[00:13:38] [Client thread/DEBUG] [FML/]: The mod container scala-xml_2.11-1.0.2.jar appears to be missing an mcmod.info file
[00:13:38] [Client thread/DEBUG] [FML/]: Examining file jopt-simple-4.5.jar for potential mods
[00:13:38] [Client thread/DEBUG] [FML/]: The mod container jopt-simple-4.5.jar appears to be missing an mcmod.info file
[00:13:38] [Client thread/DEBUG] [FML/]: Examining file lzma-0.0.1.jar for potential mods
[00:13:38] [Client thread/DEBUG] [FML/]: The mod container lzma-0.0.1.jar appears to be missing an mcmod.info file
[00:13:38] [Client thread/DEBUG] [FML/]: Examining file realms-1.3.5.jar for potential mods
[00:13:38] [Client thread/DEBUG] [FML/]: The mod container realms-1.3.5.jar appears to be missing an mcmod.info file
[00:13:38] [Client thread/DEBUG] [FML/]: Examining file commons-compress-1.8.1.jar for potential mods
[00:13:38] [Client thread/DEBUG] [FML/]: The mod container commons-compress-1.8.1.jar appears to be missing an mcmod.info file
[00:13:38] [Client thread/DEBUG] [FML/]: Examining file httpclient-4.3.3.jar for potential mods
[00:13:38] [Client thread/DEBUG] [FML/]: The mod container httpclient-4.3.3.jar appears to be missing an mcmod.info file
[00:13:38] [Client thread/DEBUG] [FML/]: Examining file commons-logging-1.1.3.jar for potential mods
[00:13:38] [Client thread/DEBUG] [FML/]: The mod container commons-logging-1.1.3.jar appears to be missing an mcmod.info file
[00:13:38] [Client thread/DEBUG] [FML/]: Examining file httpcore-4.3.2.jar for potential mods
[00:13:38] [Client thread/DEBUG] [FML/]: The mod container httpcore-4.3.2.jar appears to be missing an mcmod.info file
[00:13:38] [Client thread/DEBUG] [FML/]: Examining file vecmath-1.3.1.jar for potential mods
[00:13:38] [Client thread/DEBUG] [FML/]: The mod container vecmath-1.3.1.jar appears to be missing an mcmod.info file
[00:13:38] [Client thread/DEBUG] [FML/]: Examining file trove4j-3.0.3.jar for potential mods
[00:13:38] [Client thread/DEBUG] [FML/]: The mod container trove4j-3.0.3.jar appears to be missing an mcmod.info file
[00:13:38] [Client thread/DEBUG] [FML/]: Examining file icu4j-core-mojang-51.2.jar for potential mods
[00:13:38] [Client thread/DEBUG] [FML/]: The mod container icu4j-core-mojang-51.2.jar appears to be missing an mcmod.info file
[00:13:38] [Client thread/DEBUG] [FML/]: Examining file codecjorbis-20101023.jar for potential mods
[00:13:38] [Client thread/DEBUG] [FML/]: The mod container codecjorbis-20101023.jar appears to be missing an mcmod.info file
[00:13:38] [Client thread/DEBUG] [FML/]: Examining file codecwav-20101023.jar for potential mods
[00:13:38] [Client thread/DEBUG] [FML/]: The mod container codecwav-20101023.jar appears to be missing an mcmod.info file
[00:13:38] [Client thread/DEBUG] [FML/]: Examining file libraryjavasound-20101123.jar for potential mods
[00:13:38] [Client thread/DEBUG] [FML/]: The mod container libraryjavasound-20101123.jar appears to be missing an mcmod.info file
[00:13:38] [Client thread/DEBUG] [FML/]: Examining file librarylwjglopenal-20100824.jar for potential mods
[00:13:38] [Client thread/DEBUG] [FML/]: The mod container librarylwjglopenal-20100824.jar appears to be missing an mcmod.info file
[00:13:38] [Client thread/DEBUG] [FML/]: Examining file soundsystem-20120107.jar for potential mods
[00:13:38] [Client thread/DEBUG] [FML/]: The mod container soundsystem-20120107.jar appears to be missing an mcmod.info file
[00:13:38] [Client thread/DEBUG] [FML/]: Examining file netty-all-4.0.10.Final.jar for potential mods
[00:13:38] [Client thread/DEBUG] [FML/]: The mod container netty-all-4.0.10.Final.jar appears to be missing an mcmod.info file
[00:13:38] [Client thread/DEBUG] [FML/]: Examining file authlib-1.5.16.jar for potential mods
[00:13:38] [Client thread/DEBUG] [FML/]: The mod container authlib-1.5.16.jar appears to be missing an mcmod.info file
[00:13:38] [Client thread/DEBUG] [FML/]: Examining file guava-17.0.jar for potential mods
[00:13:38] [Client thread/DEBUG] [FML/]: The mod container guava-17.0.jar appears to be missing an mcmod.info file
[00:13:39] [Client thread/DEBUG] [FML/]: Examining file commons-lang3-3.3.2.jar for potential mods
[00:13:39] [Client thread/DEBUG] [FML/]: The mod container commons-lang3-3.3.2.jar appears to be missing an mcmod.info file
[00:13:39] [Client thread/DEBUG] [FML/]: Examining file commons-io-2.4.jar for potential mods
[00:13:39] [Client thread/DEBUG] [FML/]: The mod container commons-io-2.4.jar appears to be missing an mcmod.info file
[00:13:39] [Client thread/DEBUG] [FML/]: Examining file commons-codec-1.9.jar for potential mods
[00:13:39] [Client thread/DEBUG] [FML/]: The mod container commons-codec-1.9.jar appears to be missing an mcmod.info file
[00:13:39] [Client thread/DEBUG] [FML/]: Examining file lwjgl_util-2.9.1.jar for potential mods
[00:13:39] [Client thread/DEBUG] [FML/]: The mod container lwjgl_util-2.9.1.jar appears to be missing an mcmod.info file
[00:13:39] [Client thread/DEBUG] [FML/]: Examining file lwjgl-2.9.1.jar for potential mods
[00:13:39] [Client thread/DEBUG] [FML/]: The mod container lwjgl-2.9.1.jar appears to be missing an mcmod.info file
[00:13:39] [Client thread/DEBUG] [FML/]: Examining file jinput-2.0.5.jar for potential mods
[00:13:39] [Client thread/DEBUG] [FML/]: The mod container jinput-2.0.5.jar appears to be missing an mcmod.info file
[00:13:39] [Client thread/DEBUG] [FML/]: Examining file jutils-1.0.0.jar for potential mods
[00:13:39] [Client thread/DEBUG] [FML/]: The mod container jutils-1.0.0.jar appears to be missing an mcmod.info file
[00:13:39] [Client thread/DEBUG] [FML/]: Examining file gson-2.2.4.jar for potential mods
[00:13:39] [Client thread/DEBUG] [FML/]: The mod container gson-2.2.4.jar appears to be missing an mcmod.info file
[00:13:39] [Client thread/DEBUG] [FML/]: Examining file log4j-core-2.0-beta9.jar for potential mods
[00:13:39] [Client thread/DEBUG] [FML/]: The mod container log4j-core-2.0-beta9.jar appears to be missing an mcmod.info file
[00:13:39] [Client thread/DEBUG] [FML/]: Examining file log4j-api-2.0-beta9.jar for potential mods
[00:13:39] [Client thread/DEBUG] [FML/]: The mod container log4j-api-2.0-beta9.jar appears to be missing an mcmod.info file
[00:13:39] [Client thread/DEBUG] [FML/]: Examining file twitch-5.16.jar for potential mods
[00:13:39] [Client thread/DEBUG] [FML/]: The mod container twitch-5.16.jar appears to be missing an mcmod.info file
[00:13:39] [Client thread/DEBUG] [FML/]: Examining file jinput-platform-2.0.5-natives-linux.jar for potential mods
[00:13:39] [Client thread/DEBUG] [FML/]: The mod container jinput-platform-2.0.5-natives-linux.jar appears to be missing an mcmod.info file
[00:13:39] [Client thread/DEBUG] [FML/]: Examining file jinput-platform-2.0.5-natives-windows.jar for potential mods
[00:13:39] [Client thread/DEBUG] [FML/]: The mod container jinput-platform-2.0.5-natives-windows.jar appears to be missing an mcmod.info file
[00:13:39] [Client thread/DEBUG] [FML/]: Examining file jinput-platform-2.0.5-natives-osx.jar for potential mods
[00:13:39] [Client thread/DEBUG] [FML/]: The mod container jinput-platform-2.0.5-natives-osx.jar appears to be missing an mcmod.info file
[00:13:39] [Client thread/DEBUG] [FML/]: Examining file twitch-platform-5.16-natives-windows-32.jar for potential mods
[00:13:39] [Client thread/DEBUG] [FML/]: The mod container twitch-platform-5.16-natives-windows-32.jar appears to be missing an mcmod.info file
[00:13:39] [Client thread/DEBUG] [FML/]: Examining file twitch-platform-5.16-natives-windows-64.jar for potential mods
[00:13:39] [Client thread/DEBUG] [FML/]: The mod container twitch-platform-5.16-natives-windows-64.jar appears to be missing an mcmod.info file
[00:13:39] [Client thread/DEBUG] [FML/]: Examining file twitch-platform-5.16-natives-osx.jar for potential mods
[00:13:39] [Client thread/DEBUG] [FML/]: The mod container twitch-platform-5.16-natives-osx.jar appears to be missing an mcmod.info file
[00:13:39] [Client thread/DEBUG] [FML/]: Examining file twitch-external-platform-4.5-natives-windows-32.jar for potential mods
[00:13:39] [Client thread/DEBUG] [FML/]: The mod container twitch-external-platform-4.5-natives-windows-32.jar appears to be missing an mcmod.info file
[00:13:39] [Client thread/DEBUG] [FML/]: Examining file twitch-external-platform-4.5-natives-windows-64.jar for potential mods
[00:13:39] [Client thread/DEBUG] [FML/]: The mod container twitch-external-platform-4.5-natives-windows-64.jar appears to be missing an mcmod.info file
[00:13:39] [Client thread/DEBUG] [FML/]: Examining file lwjgl-platform-2.9.1-natives-windows.jar for potential mods
[00:13:39] [Client thread/DEBUG] [FML/]: The mod container lwjgl-platform-2.9.1-natives-windows.jar appears to be missing an mcmod.info file
[00:13:39] [Client thread/DEBUG] [FML/]: Examining file lwjgl-platform-2.9.1-natives-linux.jar for potential mods
[00:13:39] [Client thread/DEBUG] [FML/]: The mod container lwjgl-platform-2.9.1-natives-linux.jar appears to be missing an mcmod.info file
[00:13:39] [Client thread/DEBUG] [FML/]: Examining file lwjgl-platform-2.9.1-natives-osx.jar for potential mods
[00:13:39] [Client thread/DEBUG] [FML/]: The mod container lwjgl-platform-2.9.1-natives-osx.jar appears to be missing an mcmod.info file
[00:13:39] [Client thread/DEBUG] [FML/]: Examining file simulated-1.7.10-1.0.0 Beta.jar for potential mods
[00:13:39] [Client thread/TRACE] [FML/]: Located mcmod.info file in file simulated-1.7.10-1.0.0 Beta.jar
[00:13:39] [Client thread/DEBUG] [FML/]: Identified a mod of type Lcpw/mods/fml/common/Mod; (com.trhsy.sim.common.ModSim) - loading
[00:13:39] [Client thread/TRACE] [sim/]: Parsed dependency info : [Forge@[9.10,)] [Forge@[9.10,)] []
[00:13:39] [Client thread/DEBUG] [FML/]: Examining directory Simukraft for potential mods
[00:13:39] [Client thread/DEBUG] [FML/]: No mcmod.info file found in directory Simukraft
[00:13:39] [Client thread/TRACE] [FML/]: Recursing into package buildings
[00:13:39] [Client thread/TRACE] [FML/]: Recursing into package buildings.commercial
[00:13:39] [Client thread/TRACE] [FML/]: Recursing into package buildings.industrial
[00:13:39] [Client thread/TRACE] [FML/]: Recursing into package buildings.other
[00:13:39] [Client thread/TRACE] [FML/]: Recursing into package buildings.residential
[00:13:39] [Client thread/TRACE] [FML/]: Recursing into package buildings.special
[00:13:39] [Client thread/INFO] [FML/]: Forge Mod Loader has identified 4 mods to load
[00:13:39] [Client thread/TRACE] [FML/]: Removing upstream parent BuildCraft|Core from APIContainer{BuildCraftAPI|tiles:1.2}
[00:13:39] [Client thread/DEBUG] [FML/]: Creating API container dummy for API BuildCraftAPI|tiles: owner: BuildCraftAPI|core, dependents: []
[00:13:39] [Client thread/TRACE] [FML/]: Removing upstream parent BuildCraft|Core from APIContainer{BuildCraftAPI|lists:1.0}
[00:13:39] [Client thread/DEBUG] [FML/]: Creating API container dummy for API BuildCraftAPI|lists: owner: BuildCraftAPI|core, dependents: []
[00:13:39] [Client thread/TRACE] [FML/]: Removing upstream parent BuildCraft|Core from APIContainer{BuildCraftAPI|gates:4.1}
[00:13:39] [Client thread/DEBUG] [FML/]: Creating API container dummy for API BuildCraftAPI|gates: owner: BuildCraftAPI|core, dependents: []
[00:13:39] [Client thread/TRACE] [FML/]: Removing upstream parent CoFHLib from APIContainer{CoFHAPI|energy:1.7.10R1.3.1}
[00:13:39] [Client thread/DEBUG] [FML/]: Creating API container dummy for API CoFHAPI|energy: owner: CoFHAPI, dependents: []
[00:13:39] [Client thread/TRACE] [FML/]: Removing upstream parent BuildCraft|Core from APIContainer{BuildCraftAPI|transport:4.1}
[00:13:39] [Client thread/DEBUG] [FML/]: Creating API container dummy for API BuildCraftAPI|transport: owner: BuildCraftAPI|core, dependents: []
[00:13:39] [Client thread/TRACE] [FML/]: Removing upstream parent BuildCraft|Core from APIContainer{BuildCraftAPI|statements:1.1}
[00:13:39] [Client thread/DEBUG] [FML/]: Creating API container dummy for API BuildCraftAPI|statements: owner: BuildCraftAPI|core, dependents: []
[00:13:39] [Client thread/DEBUG] [FML/]: Creating API container dummy for API BuildCraftAPI|crops: owner: BuildCraftAPI|Core, dependents: []
[00:13:39] [Client thread/DEBUG] [FML/]: Creating API container dummy for API CoFHAPI: owner: CoFHLib, dependents: []
[00:13:39] [Client thread/TRACE] [FML/]: Removing upstream parent BuildCraft|Core from APIContainer{BuildCraftAPI|power:1.3}
[00:13:39] [Client thread/DEBUG] [FML/]: Creating API container dummy for API BuildCraftAPI|power: owner: BuildCraftAPI|core, dependents: []
[00:13:39] [Client thread/TRACE] [FML/]: Removing upstream parent BuildCraft|Core from APIContainer{BuildCraftAPI|blocks:1.0}
[00:13:39] [Client thread/DEBUG] [FML/]: Creating API container dummy for API BuildCraftAPI|blocks: owner: BuildCraftAPI|core, dependents: []
[00:13:39] [Client thread/TRACE] [FML/]: Removing upstream parent BuildCraft|Core from APIContainer{BuildCraftAPI|facades:1.1}
[00:13:39] [Client thread/DEBUG] [FML/]: Creating API container dummy for API BuildCraftAPI|facades: owner: BuildCraftAPI|core, dependents: []
[00:13:39] [Client thread/TRACE] [FML/]: Removing upstream parent BuildCraft|Core from APIContainer{BuildCraftAPI|tablet:1.0}
[00:13:39] [Client thread/DEBUG] [FML/]: Creating API container dummy for API BuildCraftAPI|tablet: owner: BuildCraftAPI|core, dependents: []
[00:13:39] [Client thread/TRACE] [FML/]: Removing upstream parent BuildCraft|Core from APIContainer{BuildCraftAPI|tools:1.0}
[00:13:39] [Client thread/DEBUG] [FML/]: Creating API container dummy for API BuildCraftAPI|tools: owner: BuildCraftAPI|core, dependents: []
[00:13:39] [Client thread/TRACE] [FML/]: Removing upstream parent BuildCraft|Core from APIContainer{BuildCraftAPI|events:2.0}
[00:13:39] [Client thread/DEBUG] [FML/]: Creating API container dummy for API BuildCraftAPI|events: owner: BuildCraftAPI|core, dependents: []
[00:13:39] [Client thread/TRACE] [FML/]: Removing upstream parent BuildCraft|Core from APIContainer{BuildCraftAPI|blueprints:1.5}
[00:13:39] [Client thread/DEBUG] [FML/]: Creating API container dummy for API BuildCraftAPI|blueprints: owner: BuildCraftAPI|core, dependents: []
[00:13:39] [Client thread/TRACE] [FML/]: Removing upstream parent BuildCraft|Core from APIContainer{BuildCraftAPI|items:1.1}
[00:13:39] [Client thread/DEBUG] [FML/]: Creating API container dummy for API BuildCraftAPI|items: owner: BuildCraftAPI|core, dependents: []
[00:13:39] [Client thread/TRACE] [FML/]: Removing upstream parent BuildCraft|Core from APIContainer{BuildCraftAPI|library:2.0}
[00:13:39] [Client thread/DEBUG] [FML/]: Creating API container dummy for API BuildCraftAPI|library: owner: BuildCraftAPI|core, dependents: []
[00:13:39] [Client thread/TRACE] [FML/]: Removing upstream parent BuildCraft|Core from APIContainer{BuildCraftAPI|fuels:2.0}
[00:13:39] [Client thread/DEBUG] [FML/]: Creating API container dummy for API BuildCraftAPI|fuels: owner: BuildCraftAPI|core, dependents: []
[00:13:39] [Client thread/TRACE] [FML/]: Removing upstream parent BuildCraft|Core from APIContainer{BuildCraftAPI|filler:4.0}
[00:13:39] [Client thread/DEBUG] [FML/]: Creating API container dummy for API BuildCraftAPI|filler: owner: BuildCraftAPI|core, dependents: []
[00:13:39] [Client thread/TRACE] [FML/]: Removing upstream parent BuildCraft|Core from APIContainer{BuildCraftAPI|boards:2.0}
[00:13:39] [Client thread/DEBUG] [FML/]: Creating API container dummy for API BuildCraftAPI|boards: owner: BuildCraftAPI|core, dependents: []
[00:13:39] [Client thread/TRACE] [FML/]: Removing upstream parent BuildCraft|Core from APIContainer{BuildCraftAPI|recipes:3.1}
[00:13:39] [Client thread/DEBUG] [FML/]: Creating API container dummy for API BuildCraftAPI|recipes: owner: BuildCraftAPI|core, dependents: []
[00:13:39] [Client thread/DEBUG] [FML/]: Creating API container dummy for API BuildCraftAPI|core: owner: BuildCraft|Core, dependents: []
[00:13:39] [Client thread/TRACE] [FML/]: Removing upstream parent BuildCraft|Core from APIContainer{BuildCraftAPI|robotics:3.0}
[00:13:39] [Client thread/DEBUG] [FML/]: Creating API container dummy for API BuildCraftAPI|robotics: owner: BuildCraftAPI|core, dependents: []
[00:13:39] [Client thread/TRACE] [FML/]: Received a system property request ''
[00:13:39] [Client thread/TRACE] [FML/]: System property request managing the state of 0 mods
[00:13:39] [Client thread/DEBUG] [FML/]: After merging, found state information for 0 mods
[00:13:39] [Client thread/DEBUG] [FML/]: Found translations in forgeSrc-1.7.10-10.13.4.1614-1.7.10.jar [en_US, af_ZA, ar_SA, br_FR, ca_ES, cs_CZ, da_DK, de_DE, el_GR, en_US, es_ES, fa_IR, fi_FI, fr_FR, he_IL, hu_HU, it_IT, ja_JP, ko_KR, lt_LT, nb_NO, nl_NL, nn_NO, no_NO, pl_PL, pt_BR, pt_PT, ro_RO, ru_RU, sl_SI, sr_SP, sv_SE, tr_TR, uk_UA, vi_VN, zh_CN, zh_TW, en_US]
[00:13:39] [Client thread/DEBUG] [FML/]: Found translations in forgeSrc-1.7.10-10.13.4.1614-1.7.10.jar [en_US, af_ZA, ar_SA, br_FR, ca_ES, cs_CZ, da_DK, de_DE, el_GR, en_US, es_ES, fa_IR, fi_FI, fr_FR, he_IL, hu_HU, it_IT, ja_JP, ko_KR, lt_LT, nb_NO, nl_NL, nn_NO, no_NO, pl_PL, pt_BR, pt_PT, ro_RO, ru_RU, sl_SI, sr_SP, sv_SE, tr_TR, uk_UA, vi_VN, zh_CN, zh_TW, en_US]
[00:13:39] [Client thread/DEBUG] [sim/]: Enabling mod sim
[00:13:39] [Client thread/DEBUG] [FML/]: Found translations in simulated-1.7.10-1.0.0 Beta.jar [en_US, zh_CN]
[00:13:39] [Client thread/TRACE] [FML/]: Verifying mod requirements are satisfied
[00:13:39] [Client thread/TRACE] [FML/]: All mod requirements are satisfied
[00:13:39] [Client thread/TRACE] [FML/]: Sorting mods into an ordered list
[00:13:39] [Client thread/TRACE] [FML/]: Mod sorting completed successfully
[00:13:39] [Client thread/DEBUG] [FML/]: Mod sorting data
[00:13:39] [Client thread/DEBUG] [FML/]: 	sim(Simulated town:1.1.0 Beta): simulated-1.7.10-1.0.0 Beta.jar (required-after:Forge@[9.10,))
[00:13:39] [Client thread/DEBUG] [FML/]: 	BuildCraftAPI|core(API: BuildCraftAPI|core:1.0): buildcraft-7.1.24-api.jar ()
[00:13:39] [Client thread/DEBUG] [FML/]: 	BuildCraftAPI|tiles(API: BuildCraftAPI|tiles:1.2): buildcraft-7.1.24-api.jar ()
[00:13:39] [Client thread/DEBUG] [FML/]: 	BuildCraftAPI|lists(API: BuildCraftAPI|lists:1.0): buildcraft-7.1.24-api.jar ()
[00:13:39] [Client thread/DEBUG] [FML/]: 	BuildCraftAPI|gates(API: BuildCraftAPI|gates:4.1): buildcraft-7.1.24-api.jar ()
[00:13:39] [Client thread/DEBUG] [FML/]: 	CoFHAPI(API: CoFHAPI:1.7.10R1.3.1): buildcraft-7.1.24-api.jar ()
[00:13:39] [Client thread/DEBUG] [FML/]: 	CoFHAPI|energy(API: CoFHAPI|energy:1.7.10R1.3.1): buildcraft-7.1.24-api.jar ()
[00:13:39] [Client thread/DEBUG] [FML/]: 	BuildCraftAPI|transport(API: BuildCraftAPI|transport:4.1): buildcraft-7.1.24-api.jar ()
[00:13:39] [Client thread/DEBUG] [FML/]: 	BuildCraftAPI|statements(API: BuildCraftAPI|statements:1.1): buildcraft-7.1.24-api.jar ()
[00:13:39] [Client thread/DEBUG] [FML/]: 	BuildCraftAPI|crops(API: BuildCraftAPI|crops:1.1): buildcraft-7.1.24-api.jar ()
[00:13:39] [Client thread/DEBUG] [FML/]: 	BuildCraftAPI|power(API: BuildCraftAPI|power:1.3): buildcraft-7.1.24-api.jar ()
[00:13:39] [Client thread/DEBUG] [FML/]: 	BuildCraftAPI|blocks(API: BuildCraftAPI|blocks:1.0): buildcraft-7.1.24-api.jar ()
[00:13:39] [Client thread/DEBUG] [FML/]: 	BuildCraftAPI|facades(API: BuildCraftAPI|facades:1.1): buildcraft-7.1.24-api.jar ()
[00:13:39] [Client thread/DEBUG] [FML/]: 	BuildCraftAPI|tablet(API: BuildCraftAPI|tablet:1.0): buildcraft-7.1.24-api.jar ()
[00:13:39] [Client thread/DEBUG] [FML/]: 	BuildCraftAPI|tools(API: BuildCraftAPI|tools:1.0): buildcraft-7.1.24-api.jar ()
[00:13:39] [Client thread/DEBUG] [FML/]: 	BuildCraftAPI|events(API: BuildCraftAPI|events:2.0): buildcraft-7.1.24-api.jar ()
[00:13:39] [Client thread/DEBUG] [FML/]: 	BuildCraftAPI|blueprints(API: BuildCraftAPI|blueprints:1.5): buildcraft-7.1.24-api.jar ()
[00:13:39] [Client thread/DEBUG] [FML/]: 	BuildCraftAPI|items(API: BuildCraftAPI|items:1.1): buildcraft-7.1.24-api.jar ()
[00:13:39] [Client thread/DEBUG] [FML/]: 	BuildCraftAPI|library(API: BuildCraftAPI|library:2.0): buildcraft-7.1.24-api.jar ()
[00:13:39] [Client thread/DEBUG] [FML/]: 	BuildCraftAPI|fuels(API: BuildCraftAPI|fuels:2.0): buildcraft-7.1.24-api.jar ()
[00:13:39] [Client thread/DEBUG] [FML/]: 	BuildCraftAPI|filler(API: BuildCraftAPI|filler:4.0): buildcraft-7.1.24-api.jar ()
[00:13:39] [Client thread/DEBUG] [FML/]: 	BuildCraftAPI|boards(API: BuildCraftAPI|boards:2.0): buildcraft-7.1.24-api.jar ()
[00:13:39] [Client thread/DEBUG] [FML/]: 	BuildCraftAPI|recipes(API: BuildCraftAPI|recipes:3.1): buildcraft-7.1.24-api.jar ()
[00:13:39] [Client thread/DEBUG] [FML/]: 	BuildCraftAPI|robotics(API: BuildCraftAPI|robotics:3.0): buildcraft-7.1.24-api.jar ()
[00:13:39] [Client thread/TRACE] [mcp/mcp]: Sending event FMLConstructionEvent to mod mcp
[00:13:39] [Client thread/TRACE] [mcp/mcp]: Sent event FMLConstructionEvent to mod mcp
[00:13:39] [Client thread/DEBUG] [FML/]: Bar Step: Construction - Minecraft Coder Pack took 0.002s
[00:13:39] [Client thread/TRACE] [FML/FML]: Sending event FMLConstructionEvent to mod FML
[00:13:39] [Client thread/TRACE] [FML/FML]: Mod FML is using network checker : Invoking method checkModLists
[00:13:39] [Client thread/TRACE] [FML/FML]: Testing mod FML to verify it accepts its own version in a remote connection
[00:13:39] [Client thread/TRACE] [FML/FML]: The mod FML accepts its own version (7.10.99.99)
[00:13:39] [Client thread/INFO] [FML/FML]: Attempting connection with missing mods [mcp, FML, Forge, sim] at CLIENT
[00:13:39] [Client thread/INFO] [FML/FML]: Attempting connection with missing mods [mcp, FML, Forge, sim] at SERVER
[00:13:39] [Client thread/TRACE] [FML/FML]: Sent event FMLConstructionEvent to mod FML
[00:13:39] [Client thread/DEBUG] [FML/]: Bar Step: Construction - Forge Mod Loader took 0.345s
[00:13:39] [Client thread/TRACE] [Forge/Forge]: Sending event FMLConstructionEvent to mod Forge
[00:13:39] [Client thread/TRACE] [FML/Forge]: Mod Forge is using network checker : No network checking performed
[00:13:39] [Client thread/TRACE] [FML/Forge]: Testing mod Forge to verify it accepts its own version in a remote connection
[00:13:39] [Client thread/TRACE] [FML/Forge]: The mod Forge accepts its own version (10.13.4.1614)
[00:13:39] [Client thread/TRACE] [Forge/Forge]: Sent event FMLConstructionEvent to mod Forge
[00:13:39] [Client thread/DEBUG] [FML/]: Bar Step: Construction - Minecraft Forge took 0.010s
[00:13:39] [Client thread/TRACE] [sim/sim]: Sending event FMLConstructionEvent to mod sim
[00:13:39] [Client thread/TRACE] [FML/sim]: Mod sim is using network checker : Accepting version 1.1.0 Beta
[00:13:39] [Client thread/TRACE] [FML/sim]: Testing mod sim to verify it accepts its own version in a remote connection
[00:13:39] [Client thread/TRACE] [FML/sim]: The mod sim accepts its own version (1.1.0 Beta)
[00:13:39] [Client thread/DEBUG] [FML/sim]: Attempting to inject @SidedProxy classes into sim
[00:13:39] [Client thread/TRACE] [sim/sim]: Sent event FMLConstructionEvent to mod sim
[00:13:39] [Client thread/DEBUG] [FML/]: Bar Step: Construction - Simulated town took 0.067s
[00:13:39] [Client thread/DEBUG] [FML/]: Bar Finished: Construction took 0.425s
[00:13:39] [Client thread/DEBUG] [FML/]: Mod signature data
[00:13:39] [Client thread/DEBUG] [FML/]:  	Valid Signatures:
[00:13:39] [Client thread/DEBUG] [FML/]:  	Missing Signatures:
[00:13:39] [Client thread/DEBUG] [FML/]: 		mcp	(Minecraft Coder Pack	9.05)	minecraft.jar
[00:13:39] [Client thread/DEBUG] [FML/]: 		FML	(Forge Mod Loader	7.10.99.99)	forgeSrc-1.7.10-10.13.4.1614-1.7.10.jar
[00:13:39] [Client thread/DEBUG] [FML/]: 		Forge	(Minecraft Forge	10.13.4.1614)	forgeSrc-1.7.10-10.13.4.1614-1.7.10.jar
[00:13:39] [Client thread/DEBUG] [FML/]: 		sim	(Simulated town	1.1.0 Beta)	simulated-1.7.10-1.0.0 Beta.jar
[00:13:39] [Client thread/DEBUG] [FML/]: Bar Step: Loading Resources - Default took 0.005s
[00:13:39] [Client thread/DEBUG] [FML/]: Bar Step: Loading Resources - FMLFileResourcePack:Forge Mod Loader took 0.004s
[00:13:39] [Client thread/DEBUG] [FML/]: Bar Step: Loading Resources - FMLFileResourcePack:Minecraft Forge took 0.006s
[00:13:39] [Client thread/DEBUG] [FML/]: Bar Step: Loading Resources - FMLFileResourcePack:Simulated town took 0.002s
[00:13:39] [Client thread/DEBUG] [FML/]: Bar Finished: Reloading - LanguageManager took 0.028s
[00:13:39] [Client thread/DEBUG] [FML/]: Bar Step: Loading Resources - Reloading listeners took 0.029s
[00:13:39] [Client thread/DEBUG] [FML/]: Bar Finished: Loading Resources took 0.046s
[00:13:39] [Client thread/DEBUG] [Forge Mod Loader/]: Mod Forge Mod Loader is missing a pack.mcmeta file, substituting a dummy one
[00:13:39] [Client thread/DEBUG] [Minecraft Forge/]: Mod Minecraft Forge is missing a pack.mcmeta file, substituting a dummy one
[00:13:39] [Client thread/DEBUG] [Simulated town/]: Mod Simulated town is missing a pack.mcmeta file, substituting a dummy one
[00:13:39] [Client thread/INFO] [FML/]: Processing ObjectHolder annotations
[00:13:39] [Client thread/INFO] [FML/]: Found 341 ObjectHolder annotations
[00:13:39] [Client thread/INFO] [FML/]: Identifying ItemStackHolder annotations
[00:13:39] [Client thread/INFO] [FML/]: Found 0 ItemStackHolder annotations
[00:13:39] [Client thread/TRACE] [mcp/mcp]: Sending event FMLPreInitializationEvent to mod mcp
[00:13:39] [Client thread/TRACE] [mcp/mcp]: Sent event FMLPreInitializationEvent to mod mcp
[00:13:39] [Client thread/DEBUG] [FML/]: Bar Step: PreInitialization - Minecraft Coder Pack took 0.001s
[00:13:39] [Client thread/TRACE] [FML/FML]: Sending event FMLPreInitializationEvent to mod FML
[00:13:39] [Client thread/TRACE] [FML/FML]: Sent event FMLPreInitializationEvent to mod FML
[00:13:39] [Client thread/DEBUG] [FML/]: Bar Step: PreInitialization - Forge Mod Loader took 0.001s
[00:13:39] [Client thread/TRACE] [Forge/Forge]: Sending event FMLPreInitializationEvent to mod Forge
[00:13:39] [Client thread/INFO] [FML/Forge]: Configured a dormant chunk cache size of 0
[00:13:39] [Client thread/TRACE] [Forge/Forge]: Sent event FMLPreInitializationEvent to mod Forge
[00:13:39] [Client thread/DEBUG] [FML/]: Bar Step: PreInitialization - Minecraft Forge took 0.031s
[00:13:39] [Client thread/TRACE] [sim/sim]: Sending event FMLPreInitializationEvent to mod sim
[00:13:39] [Client thread/INFO] [sim/sim]: 开始加载配置... 
[00:13:40] [Client thread/INFO] [sim/sim]: 已完成加载配置... 
[00:13:40] [Client thread/DEBUG] [FML/sim]: Skipping automatic mod sim entity registration for already registered class com.trhsy.sim.common.entity.EntityAlignBeam
[00:13:40] [Client thread/DEBUG] [FML/sim]: Skipping automatic mod sim entity registration for already registered class com.trhsy.sim.common.entity.EntityFolk
[00:13:40] [Client thread/DEBUG] [FML/sim]: Skipping automatic mod sim entity registration for already registered class com.trhsy.sim.common.entity.EntityConBox
[00:13:40] [Client thread/DEBUG] [FML/sim]: Skipping automatic mod sim entity registration for already registered class com.trhsy.sim.common.entity.EntityWindmill
[00:13:40] [Client thread/TRACE] [sim/sim]: Sent event FMLPreInitializationEvent to mod sim
[00:13:40] [Client thread/DEBUG] [FML/]: Bar Step: PreInitialization - Simulated town took 0.200s
[00:13:40] [Client thread/DEBUG] [FML/]: Bar Finished: PreInitialization took 0.232s
[00:13:40] [Client thread/INFO] [FML/]: Applying holder lookups
[00:13:40] [Client thread/INFO] [FML/]: Holder lookups applied
[00:13:40] [Client thread/INFO] [FML/]: Injecting itemstacks
[00:13:40] [Client thread/INFO] [FML/]: Itemstack injection complete
[00:13:40] [Client thread/DEBUG] [FML/]: Bar Finished: Loading Resource - TextureManager took 0.000s
[00:13:40] [Sound Library Loader/INFO] [STDOUT/]: [paulscode.sound.SoundSystemLogger:message:69]: 
[00:13:40] [Sound Library Loader/INFO] [STDOUT/]: [paulscode.sound.SoundSystemLogger:message:69]: Starting up SoundSystem...
[00:13:40] [Thread-8/INFO] [STDOUT/]: [paulscode.sound.SoundSystemLogger:message:69]: Initializing LWJGL OpenAL
[00:13:40] [Thread-8/INFO] [STDOUT/]: [paulscode.sound.SoundSystemLogger:message:69]:     (The LWJGL binding of OpenAL.  For more information, see http://www.lwjgl.org)
[00:13:40] [Forge Version Check/INFO] [STDERR/Forge]: [java.lang.Throwable$WrappedPrintStream:println:748]: com.google.gson.JsonSyntaxException: java.lang.IllegalStateException: Expected BEGIN_OBJECT but was STRING at line 1 column 1
[00:13:40] [Forge Version Check/INFO] [STDERR/Forge]: [java.lang.Throwable$WrappedPrintStream:println:748]: 	at com.google.gson.Gson.fromJson(Gson.java:815)
[00:13:40] [Forge Version Check/INFO] [STDERR/Forge]: [java.lang.Throwable$WrappedPrintStream:println:748]: 	at com.google.gson.Gson.fromJson(Gson.java:768)
[00:13:40] [Forge Version Check/INFO] [STDERR/Forge]: [java.lang.Throwable$WrappedPrintStream:println:748]: 	at com.google.gson.Gson.fromJson(Gson.java:717)
[00:13:40] [Forge Version Check/INFO] [STDERR/Forge]: [java.lang.Throwable$WrappedPrintStream:println:748]: 	at com.google.gson.Gson.fromJson(Gson.java:689)
[00:13:40] [Forge Version Check/INFO] [STDERR/Forge]: [java.lang.Throwable$WrappedPrintStream:println:748]: 	at net.minecraftforge.common.ForgeVersion$1.run(ForgeVersion.java:94)
[00:13:40] [Forge Version Check/INFO] [STDERR/Forge]: [java.lang.Throwable$WrappedPrintStream:println:748]: Caused by: java.lang.IllegalStateException: Expected BEGIN_OBJECT but was STRING at line 1 column 1
[00:13:40] [Forge Version Check/INFO] [STDERR/Forge]: [java.lang.Throwable$WrappedPrintStream:println:748]: 	at com.google.gson.stream.JsonReader.beginObject(JsonReader.java:374)
[00:13:40] [Forge Version Check/INFO] [STDERR/Forge]: [java.lang.Throwable$WrappedPrintStream:println:748]: 	at com.google.gson.internal.bind.MapTypeAdapterFactory$Adapter.read(MapTypeAdapterFactory.java:183)
[00:13:40] [Forge Version Check/INFO] [STDERR/Forge]: [java.lang.Throwable$WrappedPrintStream:println:748]: 	at com.google.gson.internal.bind.MapTypeAdapterFactory$Adapter.read(MapTypeAdapterFactory.java:145)
[00:13:40] [Forge Version Check/INFO] [STDERR/Forge]: [java.lang.Throwable$WrappedPrintStream:println:748]: 	at com.google.gson.Gson.fromJson(Gson.java:803)
[00:13:40] [Forge Version Check/INFO] [STDERR/Forge]: [java.lang.Throwable$WrappedPrintStream:println:748]: 	... 4 more
[00:13:40] [Thread-8/INFO] [STDOUT/]: [paulscode.sound.SoundSystemLogger:message:69]: OpenAL initialized.
[00:13:40] [Sound Library Loader/INFO] [STDOUT/]: [paulscode.sound.SoundSystemLogger:message:69]: 
[00:13:41] [Client thread/DEBUG] [FML/]: Bar Finished: Loading Resource - SoundHandler took 0.802s
[00:13:41] [Client thread/DEBUG] [FML/]: Bar Finished: Loading Resource - FontRenderer took 0.004s
[00:13:41] [Client thread/DEBUG] [FML/]: Bar Finished: Loading Resource - FontRenderer took 0.003s
[00:13:41] [Client thread/DEBUG] [FML/]: Bar Finished: Loading Resource - GrassColorReloadListener took 0.008s
[00:13:41] [Client thread/DEBUG] [FML/]: Bar Finished: Loading Resource - FoliageColorReloadListener took 0.007s
[00:13:41] [Client thread/DEBUG] [FML/]: Bar Step: Rendering Setup - Loading Render Manager took 0.131s
[00:13:41] [Client thread/DEBUG] [FML/]: Bar Finished: Loading Resource - EntityRenderer took 0.000s
[00:13:41] [Client thread/DEBUG] [FML/]: Bar Step: Rendering Setup - Loading Entity Renderer took 0.031s
[00:13:41] [Client thread/DEBUG] [FML/]: Bar Step: Rendering Setup - Loading GL properties took 0.002s
[00:13:41] [Client thread/DEBUG] [FML/]: Bar Step: Rendering Setup - Render Global instance took 0.049s
[00:13:41] [Client thread/DEBUG] [FML/]: Bar Step: Rendering Setup - Building Blocks Texture took 0.012s
[00:13:41] [Client thread/DEBUG] [FML/]: Bar Step: Rendering Setup - Anisotropy and Mipmaps took 0.000s
[00:13:41] [Client thread/DEBUG] [FML/]: Bar Finished: Texture stitching - missingno took 0.001s
[00:13:41] [Client thread/DEBUG] [FML/]: Bar Finished: Texture creation took 0.003s
[00:13:41] [Client thread/DEBUG] [FML/]: Bar Step: Rendering Setup - Loading Blocks Texture took 0.008s
[00:13:41] [Client thread/DEBUG] [FML/]: Bar Finished: Texture stitching - missingno took 0.000s
[00:13:41] [Client thread/DEBUG] [FML/]: Bar Finished: Texture creation took 0.001s
[00:13:41] [Client thread/DEBUG] [FML/]: Bar Step: Rendering Setup - Loading Items Texture took 0.007s
[00:13:41] [Client thread/DEBUG] [FML/]: Bar Step: Rendering Setup - Viewport took 0.003s
[00:13:41] [Client thread/DEBUG] [FML/]: Bar Finished: Rendering Setup took 0.243s
[00:13:41] [Client thread/TRACE] [mcp/mcp]: Sending event FMLInitializationEvent to mod mcp
[00:13:41] [Client thread/TRACE] [mcp/mcp]: Sent event FMLInitializationEvent to mod mcp
[00:13:41] [Client thread/DEBUG] [FML/]: Bar Step: Initialization - Minecraft Coder Pack took 0.000s
[00:13:41] [Client thread/TRACE] [FML/FML]: Sending event FMLInitializationEvent to mod FML
[00:13:41] [Client thread/TRACE] [FML/FML]: Sent event FMLInitializationEvent to mod FML
[00:13:41] [Client thread/DEBUG] [FML/]: Bar Step: Initialization - Forge Mod Loader took 0.000s
[00:13:41] [Client thread/TRACE] [Forge/Forge]: Sending event FMLInitializationEvent to mod Forge
[00:13:41] [Client thread/TRACE] [Forge/Forge]: Sent event FMLInitializationEvent to mod Forge
[00:13:41] [Client thread/DEBUG] [FML/]: Bar Step: Initialization - Minecraft Forge took 0.000s
[00:13:41] [Client thread/TRACE] [sim/sim]: Sending event FMLInitializationEvent to mod sim
[00:13:41] [Client thread/TRACE] [sim/sim]: Sent event FMLInitializationEvent to mod sim
[00:13:41] [Client thread/DEBUG] [FML/]: Bar Step: Initialization - Simulated town took 0.004s
[00:13:41] [Client thread/DEBUG] [FML/]: Bar Finished: Initialization took 0.005s
[00:13:41] [Client thread/TRACE] [FML/]: Attempting to deliver 0 IMC messages to mod mcp
[00:13:41] [Client thread/TRACE] [mcp/mcp]: Sending event IMCEvent to mod mcp
[00:13:41] [Client thread/TRACE] [mcp/mcp]: Sent event IMCEvent to mod mcp
[00:13:41] [Client thread/DEBUG] [FML/]: Bar Step: InterModComms$IMC - Minecraft Coder Pack took 0.006s
[00:13:41] [Client thread/TRACE] [FML/]: Attempting to deliver 0 IMC messages to mod FML
[00:13:41] [Client thread/TRACE] [FML/FML]: Sending event IMCEvent to mod FML
[00:13:41] [Client thread/TRACE] [FML/FML]: Sent event IMCEvent to mod FML
[00:13:41] [Client thread/DEBUG] [FML/]: Bar Step: InterModComms$IMC - Forge Mod Loader took 0.001s
[00:13:41] [Client thread/TRACE] [FML/]: Attempting to deliver 0 IMC messages to mod Forge
[00:13:41] [Client thread/TRACE] [Forge/Forge]: Sending event IMCEvent to mod Forge
[00:13:41] [Client thread/TRACE] [Forge/Forge]: Sent event IMCEvent to mod Forge
[00:13:41] [Client thread/DEBUG] [FML/]: Bar Step: InterModComms$IMC - Minecraft Forge took 0.001s
[00:13:41] [Client thread/TRACE] [FML/]: Attempting to deliver 0 IMC messages to mod sim
[00:13:41] [Client thread/TRACE] [sim/sim]: Sending event IMCEvent to mod sim
[00:13:41] [Client thread/TRACE] [sim/sim]: Sent event IMCEvent to mod sim
[00:13:41] [Client thread/DEBUG] [FML/]: Bar Step: InterModComms$IMC - Simulated town took 0.001s
[00:13:41] [Client thread/DEBUG] [FML/]: Bar Finished: InterModComms$IMC took 0.008s
[00:13:41] [Client thread/INFO] [FML/]: Injecting itemstacks
[00:13:41] [Client thread/INFO] [FML/]: Itemstack injection complete
[00:13:41] [Client thread/TRACE] [mcp/mcp]: Sending event FMLPostInitializationEvent to mod mcp
[00:13:41] [Client thread/TRACE] [mcp/mcp]: Sent event FMLPostInitializationEvent to mod mcp
[00:13:41] [Client thread/DEBUG] [FML/]: Bar Step: PostInitialization - Minecraft Coder Pack took 0.000s
[00:13:41] [Client thread/TRACE] [FML/FML]: Sending event FMLPostInitializationEvent to mod FML
[00:13:41] [Client thread/TRACE] [FML/FML]: Sent event FMLPostInitializationEvent to mod FML
[00:13:41] [Client thread/DEBUG] [FML/]: Bar Step: PostInitialization - Forge Mod Loader took 0.000s
[00:13:41] [Client thread/TRACE] [Forge/Forge]: Sending event FMLPostInitializationEvent to mod Forge
[00:13:41] [Client thread/TRACE] [Forge/Forge]: Sent event FMLPostInitializationEvent to mod Forge
[00:13:41] [Client thread/DEBUG] [FML/]: Bar Step: PostInitialization - Minecraft Forge took 0.091s
[00:13:41] [Client thread/TRACE] [sim/sim]: Sending event FMLPostInitializationEvent to mod sim
[00:13:41] [Client thread/TRACE] [sim/sim]: Sent event FMLPostInitializationEvent to mod sim
[00:13:41] [Client thread/DEBUG] [FML/]: Bar Step: PostInitialization - Simulated town took 0.000s
[00:13:41] [Client thread/DEBUG] [FML/]: Bar Finished: PostInitialization took 0.092s
[00:13:41] [Client thread/TRACE] [mcp/mcp]: Sending event FMLLoadCompleteEvent to mod mcp
[00:13:41] [Client thread/TRACE] [mcp/mcp]: Sent event FMLLoadCompleteEvent to mod mcp
[00:13:41] [Client thread/DEBUG] [FML/]: Bar Step: LoadComplete - Minecraft Coder Pack took 0.000s
[00:13:41] [Client thread/TRACE] [FML/FML]: Sending event FMLLoadCompleteEvent to mod FML
[00:13:41] [Client thread/TRACE] [FML/FML]: Sent event FMLLoadCompleteEvent to mod FML
[00:13:41] [Client thread/DEBUG] [FML/]: Bar Step: LoadComplete - Forge Mod Loader took 0.001s
[00:13:41] [Client thread/TRACE] [Forge/Forge]: Sending event FMLLoadCompleteEvent to mod Forge
[00:13:41] [Client thread/DEBUG] [FML/Forge]: Forge RecipeSorter Baking:
[00:13:41] [Client thread/DEBUG] [FML/Forge]:   11: RecipeEntry("Before", UNKNOWN, )
[00:13:41] [Client thread/DEBUG] [FML/Forge]:   10: RecipeEntry("minecraft:shaped", SHAPED, net.minecraft.item.crafting.ShapedRecipes) Before: minecraft:shapeless
[00:13:41] [Client thread/DEBUG] [FML/Forge]:   9: RecipeEntry("forge:shapedore", SHAPED, net.minecraftforge.oredict.ShapedOreRecipe) Before: minecraft:shapeless After: minecraft:shaped
[00:13:41] [Client thread/DEBUG] [FML/Forge]:   8: RecipeEntry("minecraft:mapextending", SHAPED, net.minecraft.item.crafting.RecipesMapExtending) Before: minecraft:shapeless After: minecraft:shaped
[00:13:41] [Client thread/DEBUG] [FML/Forge]:   7: RecipeEntry("minecraft:shapeless", SHAPELESS, net.minecraft.item.crafting.ShapelessRecipes) After: minecraft:shaped
[00:13:41] [Client thread/DEBUG] [FML/Forge]:   6: RecipeEntry("forge:shapelessore", SHAPELESS, net.minecraftforge.oredict.ShapelessOreRecipe) After: minecraft:shapeless
[00:13:41] [Client thread/DEBUG] [FML/Forge]:   5: RecipeEntry("minecraft:armordyes", SHAPELESS, net.minecraft.item.crafting.RecipesArmorDyes) After: minecraft:shapeless
[00:13:41] [Client thread/DEBUG] [FML/Forge]:   4: RecipeEntry("minecraft:fireworks", SHAPELESS, net.minecraft.item.crafting.RecipeFireworks) After: minecraft:shapeless
[00:13:41] [Client thread/DEBUG] [FML/Forge]:   3: RecipeEntry("minecraft:bookcloning", SHAPELESS, net.minecraft.item.crafting.RecipeBookCloning) After: minecraft:shapeless
[00:13:41] [Client thread/DEBUG] [FML/Forge]:   2: RecipeEntry("minecraft:mapcloning", SHAPELESS, net.minecraft.item.crafting.RecipesMapCloning) After: minecraft:shapeless
[00:13:41] [Client thread/DEBUG] [FML/Forge]:   1: RecipeEntry("After", UNKNOWN, )
[00:13:41] [Client thread/DEBUG] [FML/Forge]: Sorting recipies
[00:13:41] [Client thread/TRACE] [Forge/Forge]: Sent event FMLLoadCompleteEvent to mod Forge
[00:13:41] [Client thread/DEBUG] [FML/]: Bar Step: LoadComplete - Minecraft Forge took 0.009s
[00:13:41] [Client thread/TRACE] [sim/sim]: Sending event FMLLoadCompleteEvent to mod sim
[00:13:41] [Client thread/TRACE] [sim/sim]: Sent event FMLLoadCompleteEvent to mod sim
[00:13:41] [Client thread/DEBUG] [FML/]: Bar Step: LoadComplete - Simulated town took 0.000s
[00:13:41] [Client thread/DEBUG] [FML/]: Bar Finished: LoadComplete took 0.010s
[00:13:41] [Client thread/DEBUG] [FML/]: Freezing block and item id maps
[00:13:41] [Client thread/DEBUG] [FML/]: Registry consistency check successful
[00:13:41] [Client thread/DEBUG] [FML/]: Registry consistency check successful
[00:13:41] [Client thread/INFO] [FML/]: Forge Mod Loader has successfully loaded 4 mods
[00:13:41] [Client thread/DEBUG] [FML/]: Bar Step: Loading Resources - Default took 0.000s
[00:13:41] [Client thread/DEBUG] [FML/]: Bar Step: Loading Resources - FMLFileResourcePack:Forge Mod Loader took 0.007s
[00:13:41] [Client thread/DEBUG] [FML/]: Bar Step: Loading Resources - FMLFileResourcePack:Minecraft Forge took 0.006s
[00:13:41] [Client thread/DEBUG] [FML/]: Bar Step: Loading Resources - FMLFileResourcePack:Simulated town took 0.001s
[00:13:41] [Client thread/DEBUG] [FML/]: Bar Finished: Texture Loading took 0.170s
[00:13:41] [Client thread/DEBUG] [FML/]: Bar Finished: Mipmap generation took 0.167s
[00:13:41] [Client thread/DEBUG] [FML/]: Bar Finished: Texture stitching took 0.016s
[00:13:42] [Client thread/DEBUG] [FML/]: Bar Finished: Texture creation took 0.145s
[00:13:42] [Client thread/DEBUG] [FML/]: Bar Step: Reloading Texture Manager - minecraft:textures/atlas/blocks.png took 0.483s
[00:13:42] [Client thread/DEBUG] [FML/]: Bar Step: Reloading Texture Manager - minecraft:textures/font/ascii.png took 0.015s
[00:13:42] [Client thread/DEBUG] [FML/]: Bar Step: Reloading Texture Manager - minecraft:dynamic/lightMap_1 took 0.000s
[00:13:42] [Client thread/DEBUG] [FML/]: Bar Step: Reloading Texture Manager - minecraft:textures/font/ascii_sga.png took 0.003s
[00:13:42] [Client thread/DEBUG] [FML/]: Bar Finished: Texture Loading took 0.052s
[00:13:42] [Client thread/DEBUG] [FML/]: Bar Finished: Mipmap generation took 0.003s
[00:13:42] [Client thread/DEBUG] [FML/]: Bar Finished: Texture stitching took 0.007s
[00:13:42] [Client thread/DEBUG] [FML/]: Bar Finished: Texture creation took 0.023s
[00:13:42] [Client thread/DEBUG] [FML/]: Bar Step: Reloading Texture Manager - minecraft:textures/atlas/items.png took 0.079s
[00:13:42] [Client thread/DEBUG] [FML/]: Bar Finished: Reloading Texture Manager took 0.580s
[00:13:42] [Client thread/INFO] [STDOUT/]: [paulscode.sound.SoundSystemLogger:message:69]: 
[00:13:42] [Client thread/INFO] [STDOUT/]: [paulscode.sound.SoundSystemLogger:message:69]: SoundSystem shutting down...
[00:13:42] [Client thread/INFO] [STDOUT/]: [paulscode.sound.SoundSystemLogger:importantMessage:90]:     Author: Paul Lamb, www.paulscode.com
[00:13:42] [Client thread/INFO] [STDOUT/]: [paulscode.sound.SoundSystemLogger:message:69]: 
[00:13:42] [Sound Library Loader/INFO] [STDOUT/]: [paulscode.sound.SoundSystemLogger:message:69]: 
[00:13:42] [Sound Library Loader/INFO] [STDOUT/]: [paulscode.sound.SoundSystemLogger:message:69]: Starting up SoundSystem...
[00:13:42] [Thread-10/INFO] [STDOUT/]: [paulscode.sound.SoundSystemLogger:message:69]: Initializing LWJGL OpenAL
[00:13:42] [Thread-10/INFO] [STDOUT/]: [paulscode.sound.SoundSystemLogger:message:69]:     (The LWJGL binding of OpenAL.  For more information, see http://www.lwjgl.org)
[00:13:42] [Thread-10/INFO] [STDOUT/]: [paulscode.sound.SoundSystemLogger:message:69]: OpenAL initialized.
[00:13:42] [Client thread/DEBUG] [FML/]: Bar Finished: Reloading took 1.437s
[00:13:42] [Client thread/DEBUG] [FML/]: Bar Step: Loading Resources - Reloading listeners took 1.438s
[00:13:42] [Client thread/DEBUG] [FML/]: Bar Finished: Loading Resources took 1.452s
[00:13:42] [Client thread/DEBUG] [Forge Mod Loader/]: Mod Forge Mod Loader is missing a pack.mcmeta file, substituting a dummy one
[00:13:42] [Client thread/DEBUG] [Minecraft Forge/]: Mod Minecraft Forge is missing a pack.mcmeta file, substituting a dummy one
[00:13:42] [Client thread/DEBUG] [Simulated town/]: Mod Simulated town is missing a pack.mcmeta file, substituting a dummy one
[00:13:42] [Sound Library Loader/INFO] [STDOUT/]: [paulscode.sound.SoundSystemLogger:message:69]: 
[00:13:42] [Client thread/DEBUG] [FML/]: Bar Finished: Loading took 9.034s
[00:13:42] [Client thread/ERROR] [TEXTURE ERRORS/]: +=+=+=+=+=+=+=+=+=+=+=+=+=+=+=+=+=+=+=+=+=+=+=+=+=
[00:13:42] [Client thread/ERROR] [TEXTURE ERRORS/]: The following texture errors were found.
[00:13:42] [Client thread/ERROR] [TEXTURE ERRORS/]: +=+=+=+=+=+=+=+=+=+=+=+=+=+=+=+=+=+=+=+=+=+=+=+=+=
[00:13:50] [Server thread/TRACE] [mcp/mcp]: Sending event FMLServerAboutToStartEvent to mod mcp
[00:13:50] [Server thread/TRACE] [mcp/mcp]: Sent event FMLServerAboutToStartEvent to mod mcp
[00:13:50] [Server thread/DEBUG] [FML/]: Bar Step: ServerAboutToStart - Minecraft Coder Pack took 0.001s
[00:13:50] [Server thread/TRACE] [FML/FML]: Sending event FMLServerAboutToStartEvent to mod FML
[00:13:50] [Server thread/TRACE] [FML/FML]: Sent event FMLServerAboutToStartEvent to mod FML
[00:13:50] [Server thread/DEBUG] [FML/]: Bar Step: ServerAboutToStart - Forge Mod Loader took 0.001s
[00:13:50] [Server thread/TRACE] [Forge/Forge]: Sending event FMLServerAboutToStartEvent to mod Forge
[00:13:50] [Server thread/TRACE] [Forge/Forge]: Sent event FMLServerAboutToStartEvent to mod Forge
[00:13:50] [Server thread/DEBUG] [FML/]: Bar Step: ServerAboutToStart - Minecraft Forge took 0.001s
[00:13:50] [Server thread/TRACE] [sim/sim]: Sending event FMLServerAboutToStartEvent to mod sim
[00:13:50] [Server thread/TRACE] [sim/sim]: Sent event FMLServerAboutToStartEvent to mod sim
[00:13:50] [Server thread/DEBUG] [FML/]: Bar Step: ServerAboutToStart - Simulated town took 0.001s
[00:13:50] [Server thread/DEBUG] [FML/]: Bar Finished: ServerAboutToStart took 0.003s
[00:13:50] [Server thread/INFO] [FML/]: Injecting existing block and item data into this server instance
[00:13:50] [Server thread/DEBUG] [FML/]: Registry consistency check successful
[00:13:50] [Server thread/DEBUG] [FML/]: Registry consistency check successful
[00:13:50] [Server thread/TRACE] [mcp/mcp]: Sending event FMLModIdMappingEvent to mod mcp
[00:13:50] [Server thread/TRACE] [mcp/mcp]: Sent event FMLModIdMappingEvent to mod mcp
[00:13:50] [Server thread/DEBUG] [FML/]: Bar Step: ModIdMapping - Minecraft Coder Pack took 0.000s
[00:13:50] [Server thread/TRACE] [FML/FML]: Sending event FMLModIdMappingEvent to mod FML
[00:13:50] [Server thread/TRACE] [FML/FML]: Sent event FMLModIdMappingEvent to mod FML
[00:13:50] [Server thread/DEBUG] [FML/]: Bar Step: ModIdMapping - Forge Mod Loader took 0.000s
[00:13:50] [Server thread/TRACE] [Forge/Forge]: Sending event FMLModIdMappingEvent to mod Forge
[00:13:50] [Server thread/TRACE] [Forge/Forge]: Sent event FMLModIdMappingEvent to mod Forge
[00:13:50] [Server thread/DEBUG] [FML/]: Bar Step: ModIdMapping - Minecraft Forge took 0.002s
[00:13:50] [Server thread/TRACE] [sim/sim]: Sending event FMLModIdMappingEvent to mod sim
[00:13:50] [Server thread/TRACE] [sim/sim]: Sent event FMLModIdMappingEvent to mod sim
[00:13:50] [Server thread/DEBUG] [FML/]: Bar Step: ModIdMapping - Simulated town took 0.000s
[00:13:50] [Server thread/DEBUG] [FML/]: Bar Finished: ModIdMapping took 0.003s
[00:13:50] [Server thread/INFO] [FML/]: Applying holder lookups
[00:13:50] [Server thread/INFO] [FML/]: Holder lookups applied
[00:13:50] [Server thread/DEBUG] [FML/]: Loading persistent fluid defaults from world
[00:13:50] [Server thread/DEBUG] [FML/]: The fluid minecraft:lava has been selected as the default fluid for lava
[00:13:50] [Server thread/DEBUG] [FML/]: The fluid minecraft:water has been selected as the default fluid for water
[00:13:50] [Server thread/DEBUG] [FML/]: The fluid sim:fluidmilk has been selected as the default fluid for fluidmilk
[00:13:50] [Server thread/INFO] [FML/]: Loading dimension 0 (新的世界) (net.minecraft.server.integrated.IntegratedServer@219b4536)
[00:13:50] [Server thread/INFO] [FML/]: Loading dimension 1 (新的世界) (net.minecraft.server.integrated.IntegratedServer@219b4536)
[00:13:50] [Server thread/INFO] [FML/]: Loading dimension -1 (新的世界) (net.minecraft.server.integrated.IntegratedServer@219b4536)
[00:13:50] [Server thread/INFO] [sim/]: 实体人：被杀死的系统产生的人
[00:13:50] [Server thread/INFO] [sim/]: 实体人：被杀死的系统产生的人
[00:13:50] [Server thread/TRACE] [mcp/mcp]: Sending event FMLServerStartingEvent to mod mcp
[00:13:50] [Server thread/TRACE] [mcp/mcp]: Sent event FMLServerStartingEvent to mod mcp
[00:13:50] [Server thread/DEBUG] [FML/]: Bar Step: ServerStarting - Minecraft Coder Pack took 0.000s
[00:13:50] [Server thread/TRACE] [FML/FML]: Sending event FMLServerStartingEvent to mod FML
[00:13:50] [Server thread/TRACE] [FML/FML]: Sent event FMLServerStartingEvent to mod FML
[00:13:50] [Server thread/DEBUG] [FML/]: Bar Step: ServerStarting - Forge Mod Loader took 0.000s
[00:13:50] [Server thread/TRACE] [Forge/Forge]: Sending event FMLServerStartingEvent to mod Forge
[00:13:50] [Server thread/TRACE] [Forge/Forge]: Sent event FMLServerStartingEvent to mod Forge
[00:13:50] [Server thread/DEBUG] [FML/]: Bar Step: ServerStarting - Minecraft Forge took 0.002s
[00:13:50] [Server thread/TRACE] [sim/sim]: Sending event FMLServerStartingEvent to mod sim
[00:13:50] [Server thread/TRACE] [sim/sim]: Sent event FMLServerStartingEvent to mod sim
[00:13:50] [Server thread/DEBUG] [FML/]: Bar Step: ServerStarting - Simulated town took 0.000s
[00:13:50] [Server thread/DEBUG] [FML/]: Bar Finished: ServerStarting took 0.003s
[00:13:50] [Server thread/TRACE] [mcp/mcp]: Sending event FMLServerStartedEvent to mod mcp
[00:13:50] [Server thread/TRACE] [mcp/mcp]: Sent event FMLServerStartedEvent to mod mcp
[00:13:50] [Server thread/DEBUG] [FML/]: Bar Step: ServerStarted - Minecraft Coder Pack took 0.000s
[00:13:50] [Server thread/TRACE] [FML/FML]: Sending event FMLServerStartedEvent to mod FML
[00:13:50] [Server thread/TRACE] [FML/FML]: Sent event FMLServerStartedEvent to mod FML
[00:13:50] [Server thread/DEBUG] [FML/]: Bar Step: ServerStarted - Forge Mod Loader took 0.000s
[00:13:50] [Server thread/TRACE] [Forge/Forge]: Sending event FMLServerStartedEvent to mod Forge
[00:13:50] [Server thread/TRACE] [Forge/Forge]: Sent event FMLServerStartedEvent to mod Forge
[00:13:50] [Server thread/DEBUG] [FML/]: Bar Step: ServerStarted - Minecraft Forge took 0.000s
[00:13:50] [Server thread/TRACE] [sim/sim]: Sending event FMLServerStartedEvent to mod sim
[00:13:50] [Server thread/TRACE] [sim/sim]: Sent event FMLServerStartedEvent to mod sim
[00:13:50] [Server thread/DEBUG] [FML/]: Bar Step: ServerStarted - Simulated town took 0.000s
[00:13:50] [Server thread/DEBUG] [FML/]: Bar Finished: ServerStarted took 0.001s
[00:13:51] [Netty Client IO #0/DEBUG] [FML/]: Server FML protocol version 2, 4 byte dimension received 0
[00:13:51] [Netty Client IO #0/TRACE] [FML/]: $ServerHello->FMLHandshakeClientState$2:HELLO
[00:13:51] [Netty Client IO #0/INFO] [FML/]: Server protocol version 2
[00:13:51] [Netty Client IO #0/DEBUG] [FML/]: Received override dimension 0
[00:13:51] [Netty IO #1/TRACE] [FML/]: $ClientHello->FMLHandshakeServerState$2:HELLO
[00:13:51] [Netty IO #1/INFO] [FML/]: Client protocol version 2
[00:13:51] [Netty IO #1/TRACE] [FML/]: $ModList:4 mods->FMLHandshakeServerState$2:HELLO
[00:13:51] [Netty IO #1/INFO] [FML/]: Client attempting to join with 4 mods : FML@7.10.99.99,sim@1.1.0 Beta,Forge@10.13.4.1614,mcp@9.05
[00:13:51] [Netty IO #1/INFO] [FML/]: Attempting connection with missing mods [] at CLIENT
[00:13:51] [Netty Client IO #0/TRACE] [FML/]: $ModList:4 mods->FMLHandshakeClientState$3:WAITINGSERVERDATA
[00:13:51] [Netty Client IO #0/INFO] [FML/]: Attempting connection with missing mods [] at SERVER
[00:13:51] [Netty IO #1/TRACE] [FML/]: $HandshakeAck:{2}->FMLHandshakeServerState$3:WAITINGCACK
[00:13:51] [Netty Client IO #0/TRACE] [FML/]: $HandshakeAck:{2}->FMLHandshakeClientState$5:PENDINGCOMPLETE
[00:13:51] [Netty IO #1/TRACE] [FML/]: $HandshakeAck:{4}->FMLHandshakeServerState$4:COMPLETE
[00:13:51] [Netty Client IO #0/TRACE] [FML/]: $HandshakeAck:{3}->FMLHandshakeClientState$6:COMPLETE
[00:13:51] [Netty IO #1/TRACE] [FML/]: $HandshakeAck:{5}->FMLHandshakeServerState$5:DONE
[00:13:51] [Server thread/INFO] [FML/]: [Server thread] Server side modded connection established
[00:13:51] [Client thread/DEBUG] [FML/]: The fluid minecraft:lava has been selected as the default fluid for lava
[00:13:51] [Client thread/DEBUG] [FML/]: The fluid minecraft:water has been selected as the default fluid for water
[00:13:51] [Client thread/DEBUG] [FML/]: The fluid sim:fluidmilk has been selected as the default fluid for fluidmilk
[00:13:51] [Client thread/INFO] [FML/]: [Client thread] Client side modded connection established
[00:13:51] [Client thread/DEBUG] [FML/]: Overriding dimension: using 0
[00:13:53] [Server thread/INFO] [sim/]: 还没有启动——现在就这么做
[00:13:53] [Server thread/INFO] [sim/]: CommTH: 启动 - 设置 serverWorld/currentWorld
[00:13:53] [Server thread/INFO] [sim/]: 运行重置世界功能
[00:13:53] [Server thread/INFO] [sim/]: 重置并加载世界 SERVER SIDE
[00:13:53] [Server thread/INFO] [sim/]: 启动程序已经运行
[00:13:53] [Thread-14/INFO] [STDOUT/]: [com.trhsy.sim.common.entity.Building:loadStructure:216]: 控制箱
[00:13:53] [Server thread/INFO] [sim/]: FolkData: loadAndSpawnFolks() 加载 Amaranth Kettle 使用新的文件系统
[00:13:53] [Server thread/INFO] [sim/]: FolkData: hasLoaded() Amaranth Kettle (none) at  location= 0,5,0,0  0 所有人
[00:13:53] [Server thread/INFO] [sim/]: FolkData: loadAndSpawnFolks() 加载 Sharron Brandybuck 使用新的文件系统
[00:13:53] [Server thread/INFO] [sim/]: FolkData: hasLoaded() Sharron Brandybuck (none) at  location= 249,4,-1493,0  1 所有人
[00:13:53] [Server thread/INFO] [sim/]: FolkData:repawnEntity() Sharron Brandybuck 在 249,4,-1493,0 昏暗中 0 ENTITY:6944
[00:13:53] [Server thread/INFO] [sim/]: FolkData: loadAndSpawnFolks() 加载 Tammie Arsing 使用新的文件系统
[00:13:53] [Server thread/INFO] [sim/]: FolkData: hasLoaded() Tammie Arsing (none) at  location= 251,5,-1473,0  2 所有人
[00:13:53] [Server thread/INFO] [sim/]: FolkData:repawnEntity() Tammie Arsing 在 251,5,-1473,0 昏暗中 0 ENTITY:6945
[00:13:53] [Thread-14/INFO] [STDOUT/]: [com.trhsy.sim.common.entity.Building:loadStructure:216]: 控制箱
[00:13:53] [Server thread/INFO] [sim/]: FolkData:onUpdate() Sharron Brandybuck 徘徊在 Repaired House 19.0 个街区之外。
[00:13:53] [Server thread/INFO] [sim/]: FolkData: GOTOXYZ() for Sharron Brandybuck to 251,4,-1474,0 - Method:Walking DIM:0
[00:13:53] [Server thread/INFO] [sim/]: FolkData: GOTOXYZ() for Tammie Arsing to 251,4,-1474,0 - Method:Walking DIM:0
[00:13:53] [Server thread/INFO] [sim/]: FolkData:onUpdate() 漫游命令 Tammie Arsing to 237,255,-1449,0
[00:13:53] [Server thread/INFO] [sim/]: FolkData: GOTOXYZ() for Tammie Arsing to 237,255,-1449,0 - Method:Walking DIM:0
[00:13:53] [Thread-14/INFO] [STDOUT/]: [com.trhsy.sim.common.entity.Building:loadStructure:216]: 控制箱
[00:13:53] [Thread-14/INFO] [STDOUT/]: [com.trhsy.sim.common.entity.Building:loadStructure:216]: 控制箱
[00:13:53] [Thread-14/INFO] [STDOUT/]: [com.trhsy.sim.common.entity.Building:loadStructure:216]: 控制箱
[00:13:53] [Thread-14/INFO] [STDOUT/]: [com.trhsy.sim.common.entity.Building:loadStructure:216]: 控制箱
[00:13:53] [Thread-14/INFO] [STDOUT/]: [com.trhsy.sim.common.entity.Building:loadStructure:216]: 控制箱
[00:13:53] [Thread-14/INFO] [STDOUT/]: [com.trhsy.sim.common.entity.Building:loadStructure:216]: 控制箱
[00:13:53] [Thread-14/INFO] [STDOUT/]: [com.trhsy.sim.common.entity.Building:loadStructure:216]: 控制箱
[00:13:53] [Thread-14/INFO] [STDOUT/]: [com.trhsy.sim.common.entity.Building:loadStructure:216]: 控制箱
[00:13:53] [Thread-14/WARN] [sim/]: 建筑 loadStructure() 1
[00:13:53] [Thread-14/INFO] [STDOUT/]: [com.trhsy.sim.common.entity.Building:loadStructure:216]: 控制箱
[00:13:54] [Thread-14/INFO] [STDOUT/]: [com.trhsy.sim.common.entity.Building:loadStructure:216]: 控制箱
[00:13:54] [Thread-14/INFO] [STDOUT/]: [com.trhsy.sim.common.entity.Building:loadStructure:216]: 控制箱
[00:13:54] [Thread-14/INFO] [STDOUT/]: [com.trhsy.sim.common.entity.Building:loadStructure:216]: 控制箱
[00:13:54] [Thread-14/INFO] [STDOUT/]: [com.trhsy.sim.common.entity.Building:loadStructure:216]: 控制箱
[00:13:54] [Thread-14/INFO] [STDOUT/]: [com.trhsy.sim.common.entity.Building:loadStructure:216]: 控制箱
[00:13:54] [Thread-14/INFO] [STDOUT/]: [com.trhsy.sim.common.entity.Building:loadStructure:216]: 控制箱
[00:13:54] [Thread-14/INFO] [STDOUT/]: [com.trhsy.sim.common.entity.Building:loadStructure:216]: 控制箱
[00:13:54] [Thread-14/INFO] [STDOUT/]: [com.trhsy.sim.common.entity.Building:loadStructure:216]: 控制箱
[00:13:54] [Thread-14/INFO] [STDOUT/]: [com.trhsy.sim.common.entity.Building:loadStructure:216]: 控制箱
[00:13:54] [Thread-14/INFO] [STDOUT/]: [com.trhsy.sim.common.entity.Building:loadStructure:216]: 控制箱
[00:13:54] [Thread-14/INFO] [STDOUT/]: [com.trhsy.sim.common.entity.Building:loadStructure:216]: 控制箱
[00:13:54] [Thread-14/INFO] [STDOUT/]: [com.trhsy.sim.common.entity.Building:loadStructure:216]: 控制箱
[00:13:54] [Thread-14/INFO] [STDOUT/]: [com.trhsy.sim.common.entity.Building:loadStructure:216]: 控制箱
[00:13:54] [Thread-14/INFO] [STDOUT/]: [com.trhsy.sim.common.entity.Building:loadStructure:216]: 控制箱
[00:13:54] [Thread-14/INFO] [STDOUT/]: [com.trhsy.sim.common.entity.Building:loadStructure:216]: 控制箱
[00:13:54] [Thread-14/INFO] [STDOUT/]: [com.trhsy.sim.common.entity.Building:loadStructure:216]: 控制箱
[00:13:54] [Thread-14/INFO] [STDOUT/]: [com.trhsy.sim.common.entity.Building:loadStructure:216]: 控制箱
[00:13:54] [Thread-14/INFO] [STDOUT/]: [com.trhsy.sim.common.entity.Building:loadStructure:216]: 控制箱
[00:13:54] [Thread-14/INFO] [STDOUT/]: [com.trhsy.sim.common.entity.Building:loadStructure:216]: 控制箱
[00:13:54] [Thread-14/INFO] [STDOUT/]: [com.trhsy.sim.common.entity.Building:loadStructure:216]: 控制箱
[00:13:54] [Thread-14/INFO] [STDOUT/]: [com.trhsy.sim.common.entity.Building:loadStructure:216]: 控制箱
[00:13:54] [Thread-14/INFO] [STDOUT/]: [com.trhsy.sim.common.entity.Building:loadStructure:216]: 控制箱
[00:13:54] [Thread-14/INFO] [STDOUT/]: [com.trhsy.sim.common.entity.Building:loadStructure:216]: 控制箱
[00:13:54] [Thread-14/INFO] [STDOUT/]: [com.trhsy.sim.common.entity.Building:loadStructure:216]: 控制箱
[00:13:55] [Thread-14/INFO] [STDOUT/]: [com.trhsy.sim.common.entity.Building:loadStructure:216]: 控制箱
[00:13:55] [Thread-14/INFO] [STDOUT/]: [com.trhsy.sim.common.entity.Building:loadStructure:216]: 控制箱
[00:13:55] [Thread-14/INFO] [STDOUT/]: [com.trhsy.sim.common.entity.Building:loadStructure:216]: 控制箱
[00:13:55] [Thread-14/INFO] [STDOUT/]: [com.trhsy.sim.common.entity.Building:loadStructure:216]: 控制箱
[00:13:55] [Thread-14/INFO] [STDOUT/]: [com.trhsy.sim.common.entity.Building:loadStructure:216]: 控制箱
[00:13:55] [Thread-14/INFO] [STDOUT/]: [com.trhsy.sim.common.entity.Building:loadStructure:216]: 控制箱
[00:13:55] [Thread-14/INFO] [STDOUT/]: [com.trhsy.sim.common.entity.Building:loadStructure:216]: 控制箱
[00:13:55] [Thread-14/INFO] [STDOUT/]: [com.trhsy.sim.common.entity.Building:loadStructure:216]: 控制箱
[00:13:55] [Thread-14/INFO] [STDOUT/]: [com.trhsy.sim.common.entity.Building:loadStructure:216]: 控制箱
[00:13:55] [Thread-14/INFO] [STDOUT/]: [com.trhsy.sim.common.entity.Building:loadStructure:216]: 控制箱
[00:13:55] [Thread-14/INFO] [STDOUT/]: [com.trhsy.sim.common.entity.Building:loadStructure:216]: 控制箱
[00:13:55] [Thread-14/INFO] [STDOUT/]: [com.trhsy.sim.common.entity.Building:loadStructure:216]: 控制箱
[00:13:55] [Thread-14/INFO] [STDOUT/]: [com.trhsy.sim.common.entity.Building:loadStructure:216]: 控制箱
[00:13:55] [Thread-14/INFO] [STDOUT/]: [com.trhsy.sim.common.entity.Building:loadStructure:216]: 控制箱
[00:13:55] [Thread-14/INFO] [STDOUT/]: [com.trhsy.sim.common.entity.Building:loadStructure:216]: 控制箱
[00:13:55] [Thread-14/INFO] [STDOUT/]: [com.trhsy.sim.common.entity.Building:loadStructure:216]: 控制箱
[00:13:55] [Thread-14/INFO] [STDOUT/]: [com.trhsy.sim.common.entity.Building:loadStructure:216]: 控制箱
[00:13:55] [Thread-14/INFO] [STDOUT/]: [com.trhsy.sim.common.entity.Building:loadStructure:216]: 控制箱
[00:13:55] [Thread-14/INFO] [STDOUT/]: [com.trhsy.sim.common.entity.Building:loadStructure:216]: 控制箱
[00:13:55] [Thread-14/INFO] [STDOUT/]: [com.trhsy.sim.common.entity.Building:loadStructure:216]: 控制箱
[00:13:55] [Thread-14/INFO] [STDOUT/]: [com.trhsy.sim.common.entity.Building:loadStructure:216]: 控制箱
[00:13:56] [Thread-14/INFO] [STDOUT/]: [com.trhsy.sim.common.entity.Building:loadStructure:216]: 控制箱
[00:13:56] [Thread-14/INFO] [STDOUT/]: [com.trhsy.sim.common.entity.Building:loadStructure:216]: 控制箱
[00:13:56] [Thread-14/INFO] [STDOUT/]: [com.trhsy.sim.common.entity.Building:loadStructure:216]: 控制箱
[00:13:56] [Thread-14/INFO] [STDOUT/]: [com.trhsy.sim.common.entity.Building:loadStructure:216]: 控制箱
[00:13:56] [Thread-14/INFO] [STDOUT/]: [com.trhsy.sim.common.entity.Building:loadStructure:216]: 控制箱
[00:13:56] [Thread-14/INFO] [STDOUT/]: [com.trhsy.sim.common.entity.Building:loadStructure:216]: 控制箱
[00:13:56] [Thread-14/INFO] [STDOUT/]: [com.trhsy.sim.common.entity.Building:loadStructure:216]: 控制箱
[00:13:56] [Thread-14/INFO] [STDOUT/]: [com.trhsy.sim.common.entity.Building:loadStructure:216]: 控制箱
[00:13:56] [Thread-14/INFO] [STDOUT/]: [com.trhsy.sim.common.entity.Building:loadStructure:216]: 控制箱
[00:13:56] [Thread-14/INFO] [STDOUT/]: [com.trhsy.sim.common.entity.Building:loadStructure:216]: 控制箱
[00:13:56] [Thread-14/INFO] [STDOUT/]: [com.trhsy.sim.common.entity.Building:loadStructure:216]: 控制箱
[00:13:56] [Thread-14/INFO] [STDOUT/]: [com.trhsy.sim.common.entity.Building:loadStructure:216]: 控制箱
[00:13:56] [Thread-14/INFO] [STDOUT/]: [com.trhsy.sim.common.entity.Building:loadStructure:216]: 控制箱
[00:13:56] [Thread-14/INFO] [STDOUT/]: [com.trhsy.sim.common.entity.Building:loadStructure:216]: 控制箱
[00:13:56] [Thread-14/INFO] [STDOUT/]: [com.trhsy.sim.common.entity.Building:loadStructure:216]: 控制箱
[00:13:56] [Thread-14/INFO] [STDOUT/]: [com.trhsy.sim.common.entity.Building:loadStructure:216]: 控制箱
[00:13:56] [Thread-14/INFO] [STDOUT/]: [com.trhsy.sim.common.entity.Building:loadStructure:216]: 控制箱
[00:13:56] [Thread-14/INFO] [STDOUT/]: [com.trhsy.sim.common.entity.Building:loadStructure:216]: 控制箱
[00:13:56] [Thread-14/INFO] [STDOUT/]: [com.trhsy.sim.common.entity.Building:loadStructure:216]: 控制箱
[00:13:56] [Thread-14/INFO] [STDOUT/]: [com.trhsy.sim.common.entity.Building:loadStructure:216]: 控制箱
[00:13:56] [Thread-14/INFO] [STDOUT/]: [com.trhsy.sim.common.entity.Building:loadStructure:216]: 控制箱
[00:13:56] [Thread-14/INFO] [STDOUT/]: [com.trhsy.sim.common.entity.Building:loadStructure:216]: 控制箱
[00:13:56] [Thread-14/INFO] [STDOUT/]: [com.trhsy.sim.common.entity.Building:loadStructure:216]: 控制箱
[00:13:56] [Thread-14/INFO] [STDOUT/]: [com.trhsy.sim.common.entity.Building:loadStructure:216]: 控制箱
[00:13:57] [Thread-14/INFO] [STDOUT/]: [com.trhsy.sim.common.entity.Building:loadStructure:216]: 控制箱
[00:13:57] [Thread-14/INFO] [STDOUT/]: [com.trhsy.sim.common.entity.Building:loadStructure:216]: 控制箱
[00:13:57] [Thread-14/INFO] [STDOUT/]: [com.trhsy.sim.common.entity.Building:loadStructure:216]: 控制箱
[00:13:57] [Thread-14/INFO] [STDOUT/]: [com.trhsy.sim.common.entity.Building:loadStructure:216]: 控制箱
[00:13:57] [Thread-14/INFO] [STDOUT/]: [com.trhsy.sim.common.entity.Building:loadStructure:216]: 控制箱
[00:13:57] [Thread-14/INFO] [STDOUT/]: [com.trhsy.sim.common.entity.Building:loadStructure:216]: 控制箱
[00:13:57] [Thread-14/INFO] [STDOUT/]: [com.trhsy.sim.common.entity.Building:loadStructure:216]: 控制箱
[00:13:57] [Thread-14/INFO] [STDOUT/]: [com.trhsy.sim.common.entity.Building:loadStructure:216]: 控制箱
[00:13:57] [Thread-14/INFO] [STDOUT/]: [com.trhsy.sim.common.entity.Building:loadStructure:216]: 控制箱
[00:13:57] [Thread-14/INFO] [STDOUT/]: [com.trhsy.sim.common.entity.Building:loadStructure:216]: 控制箱
[00:13:57] [Thread-14/INFO] [STDOUT/]: [com.trhsy.sim.common.entity.Building:loadStructure:216]: 控制箱
[00:13:57] [Thread-14/INFO] [STDOUT/]: [com.trhsy.sim.common.entity.Building:loadStructure:216]: 控制箱
[00:13:57] [Thread-14/INFO] [STDOUT/]: [com.trhsy.sim.common.entity.Building:loadStructure:216]: 控制箱
[00:13:57] [Thread-14/INFO] [STDOUT/]: [com.trhsy.sim.common.entity.Building:loadStructure:216]: 控制箱
[00:13:57] [Thread-14/INFO] [STDOUT/]: [com.trhsy.sim.common.entity.Building:loadStructure:216]: 控制箱
[00:13:57] [Thread-14/INFO] [STDOUT/]: [com.trhsy.sim.common.entity.Building:loadStructure:216]: 控制箱
[00:13:57] [Thread-14/INFO] [STDOUT/]: [com.trhsy.sim.common.entity.Building:loadStructure:216]: 控制箱
[00:13:57] [Thread-14/INFO] [STDOUT/]: [com.trhsy.sim.common.entity.Building:loadStructure:216]: 控制箱
[00:13:57] [Thread-14/INFO] [STDOUT/]: [com.trhsy.sim.common.entity.Building:loadStructure:216]: 控制箱
[00:13:57] [Thread-14/INFO] [STDOUT/]: [com.trhsy.sim.common.entity.Building:loadStructure:216]: 控制箱
[00:13:58] [Thread-14/INFO] [STDOUT/]: [com.trhsy.sim.common.entity.Building:loadStructure:216]: 控制箱
[00:13:58] [Thread-14/INFO] [STDOUT/]: [com.trhsy.sim.common.entity.Building:loadStructure:216]: 控制箱
[00:13:58] [Thread-14/INFO] [STDOUT/]: [com.trhsy.sim.common.entity.Building:loadStructure:216]: 控制箱
[00:13:58] [Thread-14/INFO] [STDOUT/]: [com.trhsy.sim.common.entity.Building:loadStructure:216]: 控制箱
[00:13:58] [Thread-14/INFO] [STDOUT/]: [com.trhsy.sim.common.entity.Building:loadStructure:216]: 控制箱
[00:13:58] [Thread-14/INFO] [STDOUT/]: [com.trhsy.sim.common.entity.Building:loadStructure:216]: 控制箱
[00:13:58] [Thread-14/INFO] [STDOUT/]: [com.trhsy.sim.common.entity.Building:loadStructure:216]: 控制箱
[00:13:58] [Thread-14/INFO] [STDOUT/]: [com.trhsy.sim.common.entity.Building:loadStructure:216]: 控制箱
[00:13:58] [Thread-14/INFO] [STDOUT/]: [com.trhsy.sim.common.entity.Building:loadStructure:216]: 控制箱
[00:13:58] [Thread-14/INFO] [STDOUT/]: [com.trhsy.sim.common.entity.Building:loadStructure:216]: 控制箱
[00:13:58] [Thread-14/INFO] [STDOUT/]: [com.trhsy.sim.common.entity.Building:loadStructure:216]: 控制箱
[00:13:58] [Thread-14/INFO] [STDOUT/]: [com.trhsy.sim.common.entity.Building:loadStructure:216]: 控制箱
[00:13:58] [Thread-14/INFO] [STDOUT/]: [com.trhsy.sim.common.entity.Building:loadStructure:216]: 控制箱
[00:13:58] [Thread-14/INFO] [STDOUT/]: [com.trhsy.sim.common.entity.Building:loadStructure:216]: 控制箱
[00:13:58] [Thread-14/INFO] [STDOUT/]: [com.trhsy.sim.common.entity.Building:loadStructure:216]: 控制箱
[00:13:58] [Thread-14/INFO] [STDOUT/]: [com.trhsy.sim.common.entity.Building:loadStructure:216]: 控制箱
[00:13:58] [Thread-14/INFO] [STDOUT/]: [com.trhsy.sim.common.entity.Building:loadStructure:216]: 控制箱
[00:13:59] [Thread-14/INFO] [STDOUT/]: [com.trhsy.sim.common.entity.Building:loadStructure:216]: 控制箱
[00:13:59] [Thread-14/INFO] [STDOUT/]: [com.trhsy.sim.common.entity.Building:loadStructure:216]: 控制箱
[00:13:59] [Thread-14/INFO] [STDOUT/]: [com.trhsy.sim.common.entity.Building:loadStructure:216]: 控制箱
[00:13:59] [Thread-14/INFO] [STDOUT/]: [com.trhsy.sim.common.entity.Building:loadStructure:216]: 控制箱
[00:13:59] [Thread-14/INFO] [STDOUT/]: [com.trhsy.sim.common.entity.Building:loadStructure:216]: 控制箱
[00:13:59] [Thread-14/INFO] [STDOUT/]: [com.trhsy.sim.common.entity.Building:loadStructure:216]: 控制箱
[00:13:59] [Thread-14/INFO] [STDOUT/]: [com.trhsy.sim.common.entity.Building:loadStructure:216]: 控制箱
[00:13:59] [Thread-14/INFO] [STDOUT/]: [com.trhsy.sim.common.entity.Building:loadStructure:216]: 控制箱
[00:13:59] [Thread-14/INFO] [STDOUT/]: [com.trhsy.sim.common.entity.Building:loadStructure:216]: 控制箱
[00:13:59] [Thread-14/INFO] [STDOUT/]: [com.trhsy.sim.common.entity.Building:loadStructure:216]: 控制箱
[00:13:59] [Thread-14/INFO] [STDOUT/]: [com.trhsy.sim.common.entity.Building:loadStructure:216]: 控制箱
[00:13:59] [Thread-14/INFO] [STDOUT/]: [com.trhsy.sim.common.entity.Building:loadStructure:216]: 控制箱
[00:13:59] [Thread-14/INFO] [STDOUT/]: [com.trhsy.sim.common.entity.Building:loadStructure:216]: 控制箱
[00:13:59] [Thread-14/INFO] [STDOUT/]: [com.trhsy.sim.common.entity.Building:loadStructure:216]: 控制箱
[00:13:59] [Thread-14/INFO] [STDOUT/]: [com.trhsy.sim.common.entity.Building:loadStructure:216]: 控制箱
[00:13:59] [Thread-14/INFO] [STDOUT/]: [com.trhsy.sim.common.entity.Building:loadStructure:216]: 控制箱
[00:13:59] [Thread-14/INFO] [STDOUT/]: [com.trhsy.sim.common.entity.Building:loadStructure:216]: 控制箱
[00:13:59] [Thread-14/INFO] [STDOUT/]: [com.trhsy.sim.common.entity.Building:loadStructure:216]: 控制箱
[00:13:59] [Server thread/INFO] [sim/]: 实体人: Sharron Brandybuck 已经到达 251,4,-1474,0 Dim:0
[00:13:59] [Thread-14/INFO] [STDOUT/]: [com.trhsy.sim.common.entity.Building:loadStructure:216]: 控制箱
[00:13:59] [Thread-14/INFO] [STDOUT/]: [com.trhsy.sim.common.entity.Building:loadStructure:216]: 控制箱
[00:13:59] [Thread-14/INFO] [STDOUT/]: [com.trhsy.sim.common.entity.Building:loadStructure:216]: 控制箱
[00:13:59] [Thread-14/INFO] [STDOUT/]: [com.trhsy.sim.common.entity.Building:loadStructure:216]: 控制箱
[00:13:59] [Thread-14/INFO] [STDOUT/]: [com.trhsy.sim.common.entity.Building:loadStructure:216]: 控制箱
[00:13:59] [Thread-14/INFO] [STDOUT/]: [com.trhsy.sim.common.entity.Building:loadStructure:216]: 控制箱
[00:13:59] [Thread-14/INFO] [STDOUT/]: [com.trhsy.sim.common.entity.Building:loadStructure:216]: 控制箱
[00:14:00] [Thread-14/INFO] [STDOUT/]: [com.trhsy.sim.common.entity.Building:loadStructure:216]: 控制箱
[00:14:00] [Thread-14/INFO] [STDOUT/]: [com.trhsy.sim.common.entity.Building:loadStructure:216]: 控制箱
[00:14:00] [Thread-14/INFO] [STDOUT/]: [com.trhsy.sim.common.entity.Building:loadStructure:216]: 控制箱
[00:14:00] [Thread-14/INFO] [STDOUT/]: [com.trhsy.sim.common.entity.Building:loadStructure:216]: 控制箱
[00:14:00] [Thread-14/INFO] [STDOUT/]: [com.trhsy.sim.common.entity.Building:loadStructure:216]: 控制箱
[00:14:00] [Thread-14/INFO] [STDOUT/]: [com.trhsy.sim.common.entity.Building:loadStructure:216]: 控制箱
[00:14:14] [Thread-14/INFO] [STDOUT/]: [com.trhsy.sim.common.entity.Building:loadStructure:216]: 控制箱
[00:14:22] [Thread-14/WARN] [sim/]: 建筑 loadStructure() null
[00:14:35] [Server thread/DEBUG] [FML/]: Gathering id map for writing to world save 新的世界
[00:14:47] [Thread-14/INFO] [STDOUT/]: [com.trhsy.sim.common.entity.Building:loadStructure:216]: 控制箱
[00:14:47] [Thread-14/INFO] [sim/]: Building: 线程已完成从磁盘初始化所有建筑物
[00:14:48] [Client thread/INFO] [sim/]: FolkData: GOTOXYZ() for Sharron Brandybuck to 250,4,-1496,0 - Method:Walking DIM:0
[00:14:48] [Client thread/INFO] [sim/]: FolkData: GOTOXYZ() for Sharron Brandybuck to 250,4,-1496,0 - Method:Walking DIM:0
[00:14:51] [Server thread/INFO] [sim/]: FolkData:onUpdate() 漫游命令 Tammie Arsing to 270,255,-1498,0
[00:14:51] [Server thread/INFO] [sim/]: FolkData: GOTOXYZ() for Tammie Arsing to 270,255,-1498,0 - Method:Walking DIM:0
[00:14:53] [Server thread/INFO] [sim/]: GameStates: saveStates() called BOTH sides, 金额存储为 9994.684
[00:14:53] [Server thread/INFO] [sim/]: 建筑物.saveAllBuildings 2 建筑
[00:14:53] [Server thread/INFO] [sim/]: CTH: 将游戏数据保存在 2 ms
[00:14:54] [Server thread/INFO] [sim/]: FolkData: GOTOXYZ() for Sharron Brandybuck to 250,5,-1496,0 - Method:Shifting DIM:0
[00:14:56] [Client thread/INFO] [STDOUT/]: [com.trhsy.sim.common.entity.Building:loadStructure:216]: 控制箱
[00:14:58] [Client thread/INFO] [sim/]: EntityConBox: 找到人 Sharron Brandybuck
[00:15:04] [Server thread/INFO] [sim/]: ***************blockId:net.minecraft.block.Block@51bf5add
[00:15:04] [Server thread/INFO] [sim/]: *******************ItemStack:圆石
[00:15:04] [Server thread/INFO] [sim/]: ***************blockId:net.minecraft.block.Block@51bf5add
[00:15:04] [Server thread/INFO] [sim/]: *******************ItemStack:圆石
[00:15:04] [Server thread/INFO] [sim/]: ***************blockId:net.minecraft.block.BlockAir@1a5b6f42
[00:15:04] [Server thread/INFO] [sim/]: JobBuilder:wantItemStack 为空, wantIS 为空, blockID=net.minecraft.block.BlockAir@1a5b6f42
[00:15:04] [Server thread/INFO] [sim/]: ***************blockId:net.minecraft.block.Block@51bf5add
[00:15:04] [Server thread/INFO] [sim/]: *******************ItemStack:圆石
[00:15:04] [Server thread/INFO] [sim/]: ***************blockId:net.minecraft.block.Block@51bf5add
[00:15:04] [Server thread/INFO] [sim/]: *******************ItemStack:圆石
[00:15:04] [Server thread/INFO] [sim/]: ***************blockId:net.minecraft.block.Block@51bf5add
[00:15:04] [Server thread/INFO] [sim/]: *******************ItemStack:圆石
[00:15:04] [Server thread/INFO] [sim/]: ***************blockId:net.minecraft.block.BlockColored@27e47833
[00:15:04] [Server thread/INFO] [sim/]: *******************ItemStack:羊毛
[00:15:04] [Server thread/INFO] [sim/]: ***************blockId:net.minecraft.block.BlockColored@27e47833
[00:15:04] [Server thread/INFO] [sim/]: *******************ItemStack:羊毛
[00:15:04] [Server thread/INFO] [sim/]: ***************blockId:net.minecraft.block.BlockColored@27e47833
[00:15:04] [Server thread/INFO] [sim/]: *******************ItemStack:羊毛
[00:15:04] [Server thread/INFO] [sim/]: ***************blockId:net.minecraft.block.Block@51bf5add
[00:15:04] [Server thread/INFO] [sim/]: *******************ItemStack:圆石
[00:15:04] [Server thread/INFO] [sim/]: ***************blockId:net.minecraft.block.Block@51bf5add
[00:15:04] [Server thread/INFO] [sim/]: *******************ItemStack:圆石
[00:15:04] [Server thread/INFO] [sim/]: ***************blockId:net.minecraft.block.BlockColored@27e47833
[00:15:04] [Server thread/INFO] [sim/]: *******************ItemStack:羊毛
[00:15:04] [Server thread/INFO] [sim/]: ***************blockId:net.minecraft.block.BlockColored@27e47833
[00:15:04] [Server thread/INFO] [sim/]: *******************ItemStack:羊毛
[00:15:04] [Server thread/INFO] [sim/]: ***************blockId:net.minecraft.block.BlockColored@27e47833
[00:15:04] [Server thread/INFO] [sim/]: *******************ItemStack:羊毛
[00:15:04] [Server thread/INFO] [sim/]: ***************blockId:net.minecraft.block.Block@51bf5add
[00:15:04] [Server thread/INFO] [sim/]: *******************ItemStack:圆石
[00:15:04] [Server thread/INFO] [sim/]: ***************blockId:net.minecraft.block.Block@51bf5add
[00:15:04] [Server thread/INFO] [sim/]: *******************ItemStack:圆石
[00:15:04] [Server thread/INFO] [sim/]: ***************blockId:net.minecraft.block.BlockColored@27e47833
[00:15:04] [Server thread/INFO] [sim/]: *******************ItemStack:羊毛
[00:15:04] [Server thread/INFO] [sim/]: ***************blockId:net.minecraft.block.BlockColored@27e47833
[00:15:04] [Server thread/INFO] [sim/]: *******************ItemStack:羊毛
[00:15:04] [Server thread/INFO] [sim/]: ***************blockId:net.minecraft.block.BlockColored@27e47833
[00:15:04] [Server thread/INFO] [sim/]: *******************ItemStack:羊毛
[00:15:04] [Server thread/INFO] [sim/]: ***************blockId:net.minecraft.block.Block@51bf5add
[00:15:04] [Server thread/INFO] [sim/]: *******************ItemStack:圆石
[00:15:04] [Server thread/INFO] [sim/]: ***************blockId:net.minecraft.block.Block@51bf5add
[00:15:04] [Server thread/INFO] [sim/]: *******************ItemStack:圆石
[00:15:04] [Server thread/INFO] [sim/]: ***************blockId:net.minecraft.block.Block@51bf5add
[00:15:04] [Server thread/INFO] [sim/]: *******************ItemStack:圆石
[00:15:04] [Server thread/INFO] [sim/]: ***************blockId:net.minecraft.block.Block@51bf5add
[00:15:04] [Server thread/INFO] [sim/]: *******************ItemStack:圆石
[00:15:04] [Server thread/INFO] [sim/]: ***************blockId:net.minecraft.block.Block@51bf5add
[00:15:04] [Server thread/INFO] [sim/]: *******************ItemStack:圆石
[00:15:04] [Server thread/INFO] [sim/]: ***************blockId:net.minecraft.block.Block@51bf5add
[00:15:04] [Server thread/INFO] [sim/]: *******************ItemStack:圆石
[00:15:04] [Server thread/INFO] [sim/]: ***************blockId:net.minecraft.block.Block@51bf5add
[00:15:04] [Server thread/INFO] [sim/]: *******************ItemStack:圆石
[00:15:04] [Server thread/INFO] [sim/]: ***************blockId:net.minecraft.block.BlockWood@13d9cbf5
[00:15:04] [Server thread/INFO] [sim/]: *******************ItemStack:橡木木板
[00:15:04] [Server thread/INFO] [sim/]: ***************blockId:net.minecraft.block.BlockAir@1a5b6f42
[00:15:04] [Server thread/INFO] [sim/]: JobBuilder:wantItemStack 为空, wantIS 为空, blockID=net.minecraft.block.BlockAir@1a5b6f42
[00:15:04] [Server thread/INFO] [sim/]: ***************blockId:net.minecraft.block.BlockWood@13d9cbf5
[00:15:04] [Server thread/INFO] [sim/]: *******************ItemStack:橡木木板
[00:15:04] [Server thread/INFO] [sim/]: ***************blockId:net.minecraft.block.Block@51bf5add
[00:15:04] [Server thread/INFO] [sim/]: *******************ItemStack:圆石
[00:15:04] [Server thread/INFO] [sim/]: ***************blockId:net.minecraft.block.BlockWood@13d9cbf5
[00:15:04] [Server thread/INFO] [sim/]: *******************ItemStack:橡木木板
[00:15:04] [Server thread/INFO] [sim/]: ***************blockId:net.minecraft.block.BlockAir@1a5b6f42
[00:15:04] [Server thread/INFO] [sim/]: JobBuilder:wantItemStack 为空, wantIS 为空, blockID=net.minecraft.block.BlockAir@1a5b6f42
[00:15:04] [Server thread/INFO] [sim/]: ***************blockId:net.minecraft.block.BlockAir@1a5b6f42
[00:15:04] [Server thread/INFO] [sim/]: JobBuilder:wantItemStack 为空, wantIS 为空, blockID=net.minecraft.block.BlockAir@1a5b6f42
[00:15:04] [Server thread/INFO] [sim/]: ***************blockId:net.minecraft.block.BlockAir@1a5b6f42
[00:15:04] [Server thread/INFO] [sim/]: JobBuilder:wantItemStack 为空, wantIS 为空, blockID=net.minecraft.block.BlockAir@1a5b6f42
[00:15:04] [Server thread/INFO] [sim/]: ***************blockId:net.minecraft.block.BlockWood@13d9cbf5
[00:15:04] [Server thread/INFO] [sim/]: *******************ItemStack:橡木木板
[00:15:04] [Server thread/INFO] [sim/]: ***************blockId:net.minecraft.block.BlockWood@13d9cbf5
[00:15:04] [Server thread/INFO] [sim/]: *******************ItemStack:橡木木板
[00:15:04] [Server thread/INFO] [sim/]: ***************blockId:net.minecraft.block.BlockBed@a37aefe
[00:15:04] [Server thread/INFO] [sim/]: JobBuilder:wantItemStack 为空, wantIS 为空, blockID=net.minecraft.block.BlockBed@a37aefe
[00:15:04] [Server thread/INFO] [sim/]: ***************blockId:net.minecraft.block.BlockAir@1a5b6f42
[00:15:04] [Server thread/INFO] [sim/]: JobBuilder:wantItemStack 为空, wantIS 为空, blockID=net.minecraft.block.BlockAir@1a5b6f42
[00:15:04] [Server thread/INFO] [sim/]: ***************blockId:net.minecraft.block.BlockAir@1a5b6f42
[00:15:04] [Server thread/INFO] [sim/]: JobBuilder:wantItemStack 为空, wantIS 为空, blockID=net.minecraft.block.BlockAir@1a5b6f42
[00:15:04] [Server thread/INFO] [sim/]: ***************blockId:net.minecraft.block.BlockWood@13d9cbf5
[00:15:04] [Server thread/INFO] [sim/]: *******************ItemStack:橡木木板
[00:15:04] [Server thread/INFO] [sim/]: ***************blockId:net.minecraft.block.BlockWood@13d9cbf5
[00:15:04] [Server thread/INFO] [sim/]: *******************ItemStack:橡木木板
[00:15:04] [Server thread/INFO] [sim/]: ***************blockId:net.minecraft.block.BlockBed@a37aefe
[00:15:04] [Server thread/INFO] [sim/]: JobBuilder:wantItemStack 为空, wantIS 为空, blockID=net.minecraft.block.BlockBed@a37aefe
[00:15:04] [Server thread/INFO] [sim/]: ***************blockId:net.minecraft.block.BlockAir@1a5b6f42
[00:15:04] [Server thread/INFO] [sim/]: JobBuilder:wantItemStack 为空, wantIS 为空, blockID=net.minecraft.block.BlockAir@1a5b6f42
[00:15:04] [Server thread/INFO] [sim/]: ***************blockId:net.minecraft.block.BlockStairs@46271dd6
[00:15:04] [Server thread/INFO] [sim/]: *******************ItemStack:橡木楼梯
[00:15:04] [Server thread/INFO] [sim/]: ***************blockId:net.minecraft.block.BlockWood@13d9cbf5
[00:15:04] [Server thread/INFO] [sim/]: *******************ItemStack:橡木木板
[00:15:04] [Server thread/INFO] [sim/]: ***************blockId:net.minecraft.block.Block@51bf5add
[00:15:04] [Server thread/INFO] [sim/]: *******************ItemStack:圆石
[00:15:04] [Server thread/INFO] [sim/]: ***************blockId:net.minecraft.block.BlockWood@13d9cbf5
[00:15:04] [Server thread/INFO] [sim/]: *******************ItemStack:橡木木板
[00:15:04] [Server thread/INFO] [sim/]: ***************blockId:net.minecraft.block.BlockWood@13d9cbf5
[00:15:04] [Server thread/INFO] [sim/]: *******************ItemStack:橡木木板
[00:15:04] [Server thread/INFO] [sim/]: ***************blockId:net.minecraft.block.BlockWood@13d9cbf5
[00:15:04] [Server thread/INFO] [sim/]: *******************ItemStack:橡木木板
[00:15:04] [Server thread/INFO] [sim/]: ***************blockId:net.minecraft.block.Block@51bf5add
[00:15:04] [Server thread/INFO] [sim/]: *******************ItemStack:圆石
[00:15:04] [Server thread/INFO] [sim/]: ***************blockId:net.minecraft.block.Block@51bf5add
[00:15:04] [Server thread/INFO] [sim/]: *******************ItemStack:圆石
[00:15:04] [Server thread/INFO] [sim/]: ***************blockId:net.minecraft.block.BlockWood@13d9cbf5
[00:15:04] [Server thread/INFO] [sim/]: *******************ItemStack:橡木木板
[00:15:04] [Server thread/INFO] [sim/]: ***************blockId:net.minecraft.block.BlockAir@1a5b6f42
[00:15:04] [Server thread/INFO] [sim/]: JobBuilder:wantItemStack 为空, wantIS 为空, blockID=net.minecraft.block.BlockAir@1a5b6f42
[00:15:04] [Server thread/INFO] [sim/]: ***************blockId:net.minecraft.block.BlockWood@13d9cbf5
[00:15:04] [Server thread/INFO] [sim/]: *******************ItemStack:橡木木板
[00:15:04] [Server thread/INFO] [sim/]: ***************blockId:net.minecraft.block.Block@51bf5add
[00:15:04] [Server thread/INFO] [sim/]: *******************ItemStack:圆石
[00:15:04] [Server thread/INFO] [sim/]: ***************blockId:net.minecraft.block.BlockWood@13d9cbf5
[00:15:04] [Server thread/INFO] [sim/]: *******************ItemStack:橡木木板
[00:15:04] [Server thread/INFO] [sim/]: ***************blockId:net.minecraft.block.BlockAir@1a5b6f42
[00:15:04] [Server thread/INFO] [sim/]: JobBuilder:wantItemStack 为空, wantIS 为空, blockID=net.minecraft.block.BlockAir@1a5b6f42
[00:15:04] [Server thread/INFO] [sim/]: ***************blockId:net.minecraft.block.BlockAir@1a5b6f42
[00:15:04] [Server thread/INFO] [sim/]: JobBuilder:wantItemStack 为空, wantIS 为空, blockID=net.minecraft.block.BlockAir@1a5b6f42
[00:15:04] [Server thread/INFO] [sim/]: ***************blockId:net.minecraft.block.BlockAir@1a5b6f42
[00:15:04] [Server thread/INFO] [sim/]: JobBuilder:wantItemStack 为空, wantIS 为空, blockID=net.minecraft.block.BlockAir@1a5b6f42
[00:15:04] [Server thread/INFO] [sim/]: ***************blockId:net.minecraft.block.BlockWood@13d9cbf5
[00:15:04] [Server thread/INFO] [sim/]: *******************ItemStack:橡木木板
[00:15:04] [Server thread/INFO] [sim/]: ***************blockId:net.minecraft.block.BlockWood@13d9cbf5
[00:15:04] [Server thread/INFO] [sim/]: *******************ItemStack:橡木木板
[00:15:04] [Server thread/INFO] [sim/]: ***************blockId:net.minecraft.block.BlockAir@1a5b6f42
[00:15:04] [Server thread/INFO] [sim/]: JobBuilder:wantItemStack 为空, wantIS 为空, blockID=net.minecraft.block.BlockAir@1a5b6f42
[00:15:04] [Server thread/INFO] [sim/]: ***************blockId:net.minecraft.block.BlockAir@1a5b6f42
[00:15:04] [Server thread/INFO] [sim/]: JobBuilder:wantItemStack 为空, wantIS 为空, blockID=net.minecraft.block.BlockAir@1a5b6f42
[00:15:04] [Server thread/INFO] [sim/]: ***************blockId:net.minecraft.block.BlockTorch@57ad2aa7
[00:15:04] [Server thread/INFO] [sim/]: *******************ItemStack:火把
[00:15:04] [Server thread/INFO] [sim/]: ***************blockId:net.minecraft.block.BlockWood@13d9cbf5
[00:15:04] [Server thread/INFO] [sim/]: *******************ItemStack:橡木木板
[00:15:04] [Server thread/INFO] [sim/]: ***************blockId:net.minecraft.block.BlockWood@13d9cbf5
[00:15:04] [Server thread/INFO] [sim/]: *******************ItemStack:橡木木板
[00:15:04] [Server thread/INFO] [sim/]: ***************blockId:net.minecraft.block.BlockAir@1a5b6f42
[00:15:04] [Server thread/INFO] [sim/]: JobBuilder:wantItemStack 为空, wantIS 为空, blockID=net.minecraft.block.BlockAir@1a5b6f42
[00:15:04] [Server thread/INFO] [sim/]: ***************blockId:net.minecraft.block.BlockAir@1a5b6f42
[00:15:04] [Server thread/INFO] [sim/]: JobBuilder:wantItemStack 为空, wantIS 为空, blockID=net.minecraft.block.BlockAir@1a5b6f42
[00:15:04] [Server thread/INFO] [sim/]: ***************blockId:net.minecraft.block.BlockAir@1a5b6f42
[00:15:04] [Server thread/INFO] [sim/]: JobBuilder:wantItemStack 为空, wantIS 为空, blockID=net.minecraft.block.BlockAir@1a5b6f42
[00:15:04] [Server thread/INFO] [sim/]: ***************blockId:net.minecraft.block.BlockWood@13d9cbf5
[00:15:04] [Server thread/INFO] [sim/]: *******************ItemStack:橡木木板
[00:15:04] [Server thread/INFO] [sim/]: ***************blockId:net.minecraft.block.Block@51bf5add
[00:15:04] [Server thread/INFO] [sim/]: *******************ItemStack:圆石
[00:15:04] [Server thread/INFO] [sim/]: ***************blockId:net.minecraft.block.BlockWood@13d9cbf5
[00:15:04] [Server thread/INFO] [sim/]: *******************ItemStack:橡木木板
[00:15:04] [Server thread/INFO] [sim/]: ***************blockId:net.minecraft.block.BlockPane@60410cd
[00:15:04] [Server thread/INFO] [sim/]: *******************ItemStack:玻璃板
[00:15:04] [Server thread/INFO] [sim/]: ***************blockId:net.minecraft.block.BlockWood@13d9cbf5
[00:15:04] [Server thread/INFO] [sim/]: *******************ItemStack:橡木木板
[00:15:04] [Server thread/INFO] [sim/]: ***************blockId:net.minecraft.block.Block@51bf5add
[00:15:04] [Server thread/INFO] [sim/]: *******************ItemStack:圆石
[00:15:04] [Server thread/INFO] [sim/]: ***************blockId:net.minecraft.block.Block@51bf5add
[00:15:04] [Server thread/INFO] [sim/]: *******************ItemStack:圆石
[00:15:04] [Server thread/INFO] [sim/]: ***************blockId:net.minecraft.block.BlockWood@13d9cbf5
[00:15:04] [Server thread/INFO] [sim/]: *******************ItemStack:橡木木板
[00:15:04] [Server thread/INFO] [sim/]: ***************blockId:net.minecraft.block.BlockAir@1a5b6f42
[00:15:04] [Server thread/INFO] [sim/]: JobBuilder:wantItemStack 为空, wantIS 为空, blockID=net.minecraft.block.BlockAir@1a5b6f42
[00:15:04] [Server thread/INFO] [sim/]: ***************blockId:net.minecraft.block.BlockWood@13d9cbf5
[00:15:04] [Server thread/INFO] [sim/]: *******************ItemStack:橡木木板
[00:15:04] [Server thread/INFO] [sim/]: ***************blockId:net.minecraft.block.Block@51bf5add
[00:15:04] [Server thread/INFO] [sim/]: *******************ItemStack:圆石
[00:15:04] [Server thread/INFO] [sim/]: ***************blockId:net.minecraft.block.BlockWood@13d9cbf5
[00:15:04] [Server thread/INFO] [sim/]: *******************ItemStack:橡木木板
[00:15:04] [Server thread/INFO] [sim/]: ***************blockId:net.minecraft.block.BlockAir@1a5b6f42
[00:15:04] [Server thread/INFO] [sim/]: JobBuilder:wantItemStack 为空, wantIS 为空, blockID=net.minecraft.block.BlockAir@1a5b6f42
[00:15:04] [Server thread/INFO] [sim/]: ***************blockId:net.minecraft.block.BlockAir@1a5b6f42
[00:15:04] [Server thread/INFO] [sim/]: JobBuilder:wantItemStack 为空, wantIS 为空, blockID=net.minecraft.block.BlockAir@1a5b6f42
[00:15:04] [Server thread/INFO] [sim/]: ***************blockId:net.minecraft.block.BlockAir@1a5b6f42
[00:15:04] [Server thread/INFO] [sim/]: JobBuilder:wantItemStack 为空, wantIS 为空, blockID=net.minecraft.block.BlockAir@1a5b6f42
[00:15:04] [Server thread/INFO] [sim/]: ***************blockId:net.minecraft.block.BlockWood@13d9cbf5
[00:15:04] [Server thread/INFO] [sim/]: *******************ItemStack:橡木木板
[00:15:04] [Server thread/INFO] [sim/]: ***************blockId:net.minecraft.block.BlockWood@13d9cbf5
[00:15:04] [Server thread/INFO] [sim/]: *******************ItemStack:橡木木板
[00:15:04] [Server thread/INFO] [sim/]: ***************blockId:net.minecraft.block.BlockAir@1a5b6f42
[00:15:04] [Server thread/INFO] [sim/]: JobBuilder:wantItemStack 为空, wantIS 为空, blockID=net.minecraft.block.BlockAir@1a5b6f42
[00:15:04] [Server thread/INFO] [sim/]: ***************blockId:net.minecraft.block.BlockAir@1a5b6f42
[00:15:04] [Server thread/INFO] [sim/]: JobBuilder:wantItemStack 为空, wantIS 为空, blockID=net.minecraft.block.BlockAir@1a5b6f42
[00:15:04] [Server thread/INFO] [sim/]: ***************blockId:net.minecraft.block.BlockAir@1a5b6f42
[00:15:04] [Server thread/INFO] [sim/]: JobBuilder:wantItemStack 为空, wantIS 为空, blockID=net.minecraft.block.BlockAir@1a5b6f42
[00:15:04] [Server thread/INFO] [sim/]: ***************blockId:net.minecraft.block.BlockWood@13d9cbf5
[00:15:04] [Server thread/INFO] [sim/]: *******************ItemStack:橡木木板
[00:15:04] [Server thread/INFO] [sim/]: ***************blockId:net.minecraft.block.BlockWood@13d9cbf5
[00:15:04] [Server thread/INFO] [sim/]: *******************ItemStack:橡木木板
[00:15:04] [Server thread/INFO] [sim/]: ***************blockId:net.minecraft.block.BlockAir@1a5b6f42
[00:15:04] [Server thread/INFO] [sim/]: JobBuilder:wantItemStack 为空, wantIS 为空, blockID=net.minecraft.block.BlockAir@1a5b6f42
[00:15:04] [Server thread/INFO] [sim/]: ***************blockId:net.minecraft.block.BlockAir@1a5b6f42
[00:15:04] [Server thread/INFO] [sim/]: JobBuilder:wantItemStack 为空, wantIS 为空, blockID=net.minecraft.block.BlockAir@1a5b6f42
[00:15:04] [Server thread/INFO] [sim/]: ***************blockId:net.minecraft.block.BlockAir@1a5b6f42
[00:15:04] [Server thread/INFO] [sim/]: JobBuilder:wantItemStack 为空, wantIS 为空, blockID=net.minecraft.block.BlockAir@1a5b6f42
[00:15:04] [Server thread/INFO] [sim/]: ***************blockId:net.minecraft.block.BlockWood@13d9cbf5
[00:15:04] [Server thread/INFO] [sim/]: *******************ItemStack:橡木木板
[00:15:04] [Server thread/INFO] [sim/]: ***************blockId:net.minecraft.block.Block@51bf5add
[00:15:04] [Server thread/INFO] [sim/]: *******************ItemStack:圆石
[00:15:04] [Server thread/INFO] [sim/]: ***************blockId:net.minecraft.block.BlockWood@13d9cbf5
[00:15:04] [Server thread/INFO] [sim/]: *******************ItemStack:橡木木板
[00:15:04] [Server thread/INFO] [sim/]: ***************blockId:net.minecraft.block.BlockWood@13d9cbf5
[00:15:04] [Server thread/INFO] [sim/]: *******************ItemStack:橡木木板
[00:15:04] [Server thread/INFO] [sim/]: ***************blockId:net.minecraft.block.BlockWood@13d9cbf5
[00:15:04] [Server thread/INFO] [sim/]: *******************ItemStack:橡木木板
[00:15:04] [Server thread/INFO] [sim/]: ***************blockId:net.minecraft.block.Block@51bf5add
[00:15:04] [Server thread/INFO] [sim/]: *******************ItemStack:圆石
[00:15:04] [Server thread/INFO] [sim/]: FolkData: selfFire() Sharron Brandybuck
[00:15:08] [Client thread/INFO] [sim/]: EntityConBox: 建筑完成后移除conBox
[00:15:08] [Server thread/INFO] [sim/]: EntityConBox: 建筑完成后移除conBox
[00:15:20] [Server thread/DEBUG] [FML/]: Gathering id map for writing to world save 新的世界
[00:15:33] [Server thread/INFO] [sim/]: FolkData:onUpdate() Tammie Arsing 徘徊在 Repaired House 16.0 个街区之外。
[00:15:33] [Server thread/INFO] [sim/]: FolkData: GOTOXYZ() for Tammie Arsing to 250,6,-1489,0 - Method:Walking DIM:0
[00:15:33] [Server thread/INFO] [sim/]: FolkData: GOTOXYZ() for Sharron Brandybuck to 250,6,-1489,0 - Method:Walking DIM:0
[00:15:46] [Server thread/INFO] [sim/]: FolkData:onUpdate() 漫游命令 Sharron Brandybuck to 248,255,-1473,0
[00:15:46] [Server thread/INFO] [sim/]: FolkData: GOTOXYZ() for Sharron Brandybuck to 248,255,-1473,0 - Method:Walking DIM:0
[00:15:53] [Server thread/INFO] [sim/]: GameStates: saveStates() called BOTH sides, 金额存储为 9994.645
[00:15:53] [Server thread/INFO] [sim/]: 建筑物.saveAllBuildings 2 建筑
[00:15:53] [Server thread/INFO] [sim/]: CTH: 将游戏数据保存在 4 ms
[00:16:03] [Client thread/INFO] [sim/]: 建筑物.saveAllBuildings 3 建筑
[00:16:06] [Server thread/DEBUG] [FML/]: Gathering id map for writing to world save 新的世界
[00:16:16] [Server thread/INFO] [sim/]: FolkData: GOTOXYZ() for Amaranth Kettle to 252,4,-1497,0 - Method:Beaming DIM:0
[00:16:16] [Server thread/INFO] [sim/]: FolkData: BeamMeTo() for Amaranth Kettle to 252,5,-1496,0 Dim:0
[00:16:16] [Server thread/INFO] [sim/]: GameStates: saveStates() called BOTH sides, 金额存储为 9994.645
[00:16:16] [Server thread/INFO] [sim/]: 建筑物.saveAllBuildings 3 建筑
[00:16:20] [Server thread/INFO] [sim/]: FolkData:onUpdate() 漫游命令 Tammie Arsing to 246,255,-1489,0
[00:16:20] [Server thread/INFO] [sim/]: FolkData: GOTOXYZ() for Tammie Arsing to 246,255,-1489,0 - Method:Walking DIM:0
[00:16:20] [Server thread/INFO] [sim/]: FolkData: doBeaming() 完成 Amaranth Kettle to 252,5,-1496,0 (dim 0)
[00:16:20] [Server thread/INFO] [sim/]: FolkData:repawnEntity() Amaranth Kettle 在 252,5,-1496,0 昏暗中 0 ENTITY:509948
[00:16:28] [Server thread/INFO] [sim/]: FolkData:onUpdate() 漫游命令 Sharron Brandybuck to 222,255,-1482,0
[00:16:28] [Server thread/INFO] [sim/]: FolkData: GOTOXYZ() for Sharron Brandybuck to 222,255,-1482,0 - Method:Walking DIM:0
[00:16:50] [Server thread/DEBUG] [FML/]: Gathering id map for writing to world save 新的世界
[00:16:53] [Server thread/INFO] [sim/]: GameStates: saveStates() called BOTH sides, 金额存储为 9994.645
[00:16:53] [Server thread/INFO] [sim/]: 建筑物.saveAllBuildings 3 建筑
[00:16:53] [Server thread/INFO] [sim/]: CTH: 将游戏数据保存在 5 ms
[00:17:16] [Server thread/INFO] [sim/]: FolkData:onUpdate() 漫游命令 Tammie Arsing to 236,255,-1494,0
[00:17:16] [Server thread/INFO] [sim/]: FolkData: GOTOXYZ() for Tammie Arsing to 236,255,-1494,0 - Method:Walking DIM:0
[00:17:20] [Server thread/INFO] [sim/]: FolkData:onUpdate() 漫游命令 Sharron Brandybuck to 234,255,-1476,0
[00:17:20] [Server thread/INFO] [sim/]: FolkData: GOTOXYZ() for Sharron Brandybuck to 234,255,-1476,0 - Method:Walking DIM:0
[00:17:25] [Server thread/DEBUG] [FML/]: Gathering id map for writing to world save 新的世界
[00:17:34] [Client thread/INFO] [sim/]: FolkData: GOTOXYZ() for Sharron Brandybuck to 255,4,-1480,0 - Method:Walking DIM:0
[00:17:36] [Server thread/DEBUG] [FML/]: Gathering id map for writing to world save 新的世界
[00:17:37] [Server thread/INFO] [sim/]: FolkData: GOTOXYZ() for Sharron Brandybuck to 255,5,-1480,0 - Method:Shifting DIM:0
[00:17:38] [Client thread/INFO] [STDOUT/]: [com.trhsy.sim.common.entity.Building:loadStructure:216]: 控制箱
[00:17:39] [Client thread/INFO] [sim/]: EntityConBox: 找到人 Sharron Brandybuck
[00:17:45] [Server thread/INFO] [sim/]: ***************blockId:net.minecraft.block.BlockAir@1a5b6f42
[00:17:45] [Server thread/INFO] [sim/]: JobBuilder:wantItemStack 为空, wantIS 为空, blockID=net.minecraft.block.BlockAir@1a5b6f42
[00:17:45] [Server thread/INFO] [sim/]: ***************blockId:net.minecraft.block.BlockAir@1a5b6f42
[00:17:45] [Server thread/INFO] [sim/]: JobBuilder:wantItemStack 为空, wantIS 为空, blockID=net.minecraft.block.BlockAir@1a5b6f42
[00:17:45] [Server thread/INFO] [sim/]: ***************blockId:net.minecraft.block.BlockAir@1a5b6f42
[00:17:45] [Server thread/INFO] [sim/]: JobBuilder:wantItemStack 为空, wantIS 为空, blockID=net.minecraft.block.BlockAir@1a5b6f42
[00:17:45] [Server thread/INFO] [sim/]: ***************blockId:net.minecraft.block.BlockAir@1a5b6f42
[00:17:45] [Server thread/INFO] [sim/]: JobBuilder:wantItemStack 为空, wantIS 为空, blockID=net.minecraft.block.BlockAir@1a5b6f42
[00:17:45] [Server thread/INFO] [sim/]: ***************blockId:net.minecraft.block.BlockAir@1a5b6f42
[00:17:45] [Server thread/INFO] [sim/]: JobBuilder:wantItemStack 为空, wantIS 为空, blockID=net.minecraft.block.BlockAir@1a5b6f42
[00:17:45] [Server thread/INFO] [sim/]: ***************blockId:net.minecraft.block.BlockAir@1a5b6f42
[00:17:45] [Server thread/INFO] [sim/]: JobBuilder:wantItemStack 为空, wantIS 为空, blockID=net.minecraft.block.BlockAir@1a5b6f42
[00:17:45] [Server thread/INFO] [sim/]: ***************blockId:net.minecraft.block.BlockAir@1a5b6f42
[00:17:45] [Server thread/INFO] [sim/]: JobBuilder:wantItemStack 为空, wantIS 为空, blockID=net.minecraft.block.BlockAir@1a5b6f42
[00:17:45] [Server thread/INFO] [sim/]: ***************blockId:net.minecraft.block.BlockAir@1a5b6f42
[00:17:45] [Server thread/INFO] [sim/]: JobBuilder:wantItemStack 为空, wantIS 为空, blockID=net.minecraft.block.BlockAir@1a5b6f42
[00:17:45] [Server thread/INFO] [sim/]: ***************blockId:net.minecraft.block.BlockAir@1a5b6f42
[00:17:45] [Server thread/INFO] [sim/]: JobBuilder:wantItemStack 为空, wantIS 为空, blockID=net.minecraft.block.BlockAir@1a5b6f42
[00:17:45] [Server thread/INFO] [sim/]: ***************blockId:net.minecraft.block.Block@51bf5add
[00:17:45] [Server thread/INFO] [sim/]: *******************ItemStack:圆石
[00:17:45] [Server thread/INFO] [sim/]: ***************blockId:net.minecraft.block.Block@51bf5add
[00:17:45] [Server thread/INFO] [sim/]: *******************ItemStack:圆石
[00:17:51] [Server thread/INFO] [sim/]: ***************blockId:net.minecraft.block.Block@51bf5add
[00:17:51] [Server thread/INFO] [sim/]: *******************ItemStack:圆石
[00:17:51] [Server thread/INFO] [sim/]: ***************blockId:net.minecraft.block.Block@51bf5add
[00:17:51] [Server thread/INFO] [sim/]: *******************ItemStack:圆石
[00:17:51] [Server thread/INFO] [sim/]: ***************blockId:net.minecraft.block.Block@51bf5add
[00:17:51] [Server thread/INFO] [sim/]: *******************ItemStack:圆石
[00:17:52] [Server thread/INFO] [sim/]: ***************blockId:net.minecraft.block.Block@51bf5add
[00:17:52] [Server thread/INFO] [sim/]: *******************ItemStack:圆石
[00:17:52] [Server thread/INFO] [sim/]: ***************blockId:net.minecraft.block.Block@51bf5add
[00:17:52] [Server thread/INFO] [sim/]: *******************ItemStack:圆石
[00:17:52] [Server thread/INFO] [sim/]: ***************blockId:net.minecraft.block.Block@51bf5add
[00:17:52] [Server thread/INFO] [sim/]: *******************ItemStack:圆石
[00:17:52] [Server thread/INFO] [sim/]: ***************blockId:net.minecraft.block.Block@51bf5add
[00:17:52] [Server thread/INFO] [sim/]: *******************ItemStack:圆石
[00:17:52] [Server thread/INFO] [sim/]: ***************blockId:net.minecraft.block.Block@51bf5add
[00:17:52] [Server thread/INFO] [sim/]: *******************ItemStack:圆石
[00:17:52] [Server thread/INFO] [sim/]: ***************blockId:net.minecraft.block.Block@51bf5add
[00:17:52] [Server thread/INFO] [sim/]: *******************ItemStack:圆石
[00:17:52] [Server thread/INFO] [sim/]: ***************blockId:net.minecraft.block.BlockWood@13d9cbf5
[00:17:52] [Server thread/INFO] [sim/]: *******************ItemStack:橡木木板
[00:17:52] [Server thread/INFO] [sim/]: ***************blockId:net.minecraft.block.BlockWood@13d9cbf5
[00:17:52] [Server thread/INFO] [sim/]: *******************ItemStack:橡木木板
[00:17:52] [Server thread/INFO] [sim/]: ***************blockId:net.minecraft.block.BlockWood@13d9cbf5
[00:17:52] [Server thread/INFO] [sim/]: *******************ItemStack:橡木木板
[00:17:52] [Server thread/INFO] [sim/]: ***************blockId:net.minecraft.block.BlockWood@13d9cbf5
[00:17:52] [Server thread/INFO] [sim/]: *******************ItemStack:橡木木板
[00:17:52] [Server thread/INFO] [sim/]: ***************blockId:net.minecraft.block.BlockWood@13d9cbf5
[00:17:52] [Server thread/INFO] [sim/]: *******************ItemStack:橡木木板
[00:17:52] [Server thread/INFO] [sim/]: ***************blockId:net.minecraft.block.BlockWood@13d9cbf5
[00:17:52] [Server thread/INFO] [sim/]: *******************ItemStack:橡木木板
[00:17:52] [Server thread/INFO] [sim/]: ***************blockId:net.minecraft.block.BlockWood@13d9cbf5
[00:17:52] [Server thread/INFO] [sim/]: *******************ItemStack:橡木木板
[00:17:52] [Server thread/INFO] [sim/]: ***************blockId:net.minecraft.block.Block@51bf5add
[00:17:52] [Server thread/INFO] [sim/]: *******************ItemStack:圆石
[00:17:52] [Server thread/INFO] [sim/]: ***************blockId:net.minecraft.block.Block@51bf5add
[00:17:52] [Server thread/INFO] [sim/]: *******************ItemStack:圆石
[00:17:52] [Server thread/INFO] [sim/]: ***************blockId:net.minecraft.block.BlockWood@13d9cbf5
[00:17:52] [Server thread/INFO] [sim/]: *******************ItemStack:橡木木板
[00:17:52] [Server thread/INFO] [sim/]: ***************blockId:net.minecraft.block.BlockWood@13d9cbf5
[00:17:52] [Server thread/INFO] [sim/]: *******************ItemStack:橡木木板
[00:17:52] [Server thread/INFO] [sim/]: ***************blockId:net.minecraft.block.BlockWood@13d9cbf5
[00:17:52] [Server thread/INFO] [sim/]: *******************ItemStack:橡木木板
[00:17:52] [Server thread/INFO] [sim/]: ***************blockId:net.minecraft.block.BlockWood@13d9cbf5
[00:17:52] [Server thread/INFO] [sim/]: *******************ItemStack:橡木木板
[00:17:52] [Server thread/INFO] [sim/]: ***************blockId:net.minecraft.block.BlockWood@13d9cbf5
[00:17:52] [Server thread/INFO] [sim/]: *******************ItemStack:橡木木板
[00:17:52] [Server thread/INFO] [sim/]: ***************blockId:net.minecraft.block.BlockWood@13d9cbf5
[00:17:52] [Server thread/INFO] [sim/]: *******************ItemStack:橡木木板
[00:17:52] [Server thread/INFO] [sim/]: ***************blockId:net.minecraft.block.BlockWood@13d9cbf5
[00:17:52] [Server thread/INFO] [sim/]: *******************ItemStack:橡木木板
[00:17:52] [Server thread/INFO] [sim/]: ***************blockId:net.minecraft.block.Block@51bf5add
[00:17:52] [Server thread/INFO] [sim/]: *******************ItemStack:圆石
[00:17:52] [Server thread/INFO] [sim/]: ***************blockId:net.minecraft.block.Block@51bf5add
[00:17:52] [Server thread/INFO] [sim/]: *******************ItemStack:圆石
[00:17:52] [Server thread/INFO] [sim/]: ***************blockId:net.minecraft.block.BlockWood@13d9cbf5
[00:17:52] [Server thread/INFO] [sim/]: *******************ItemStack:橡木木板
[00:17:52] [Server thread/INFO] [sim/]: ***************blockId:net.minecraft.block.BlockWood@13d9cbf5
[00:17:52] [Server thread/INFO] [sim/]: *******************ItemStack:橡木木板
[00:17:53] [Server thread/INFO] [sim/]: GameStates: saveStates() called BOTH sides, 金额存储为 9994.332
[00:17:53] [Server thread/INFO] [sim/]: 建筑物.saveAllBuildings 3 建筑
[00:17:53] [Server thread/INFO] [sim/]: CTH: 将游戏数据保存在 3 ms
[00:17:58] [Server thread/INFO] [sim/]: ***************blockId:net.minecraft.block.BlockWood@13d9cbf5
[00:17:58] [Server thread/INFO] [sim/]: *******************ItemStack:橡木木板
[00:18:04] [Server thread/INFO] [sim/]: ***************blockId:net.minecraft.block.BlockWood@13d9cbf5
[00:18:04] [Server thread/INFO] [sim/]: *******************ItemStack:橡木木板
[00:18:06] [Server thread/INFO] [sim/]: FolkData:onUpdate() 漫游命令 Tammie Arsing to 232,255,-1474,0
[00:18:06] [Server thread/INFO] [sim/]: FolkData: GOTOXYZ() for Tammie Arsing to 232,255,-1474,0 - Method:Walking DIM:0
[00:18:10] [Server thread/INFO] [sim/]: ***************blockId:net.minecraft.block.BlockWood@13d9cbf5
[00:18:10] [Server thread/INFO] [sim/]: *******************ItemStack:橡木木板
[00:18:10] [Server thread/INFO] [sim/]: ***************blockId:net.minecraft.block.BlockWood@13d9cbf5
[00:18:10] [Server thread/INFO] [sim/]: *******************ItemStack:橡木木板
[00:18:10] [Server thread/INFO] [sim/]: ***************blockId:net.minecraft.block.BlockWood@13d9cbf5
[00:18:10] [Server thread/INFO] [sim/]: *******************ItemStack:橡木木板
[00:18:10] [Server thread/INFO] [sim/]: ***************blockId:net.minecraft.block.BlockWood@13d9cbf5
[00:18:10] [Server thread/INFO] [sim/]: *******************ItemStack:橡木木板
[00:18:10] [Server thread/INFO] [sim/]: ***************blockId:net.minecraft.block.BlockWood@13d9cbf5
[00:18:10] [Server thread/INFO] [sim/]: *******************ItemStack:橡木木板
[00:18:10] [Server thread/INFO] [sim/]: ***************blockId:net.minecraft.block.BlockWood@13d9cbf5
[00:18:10] [Server thread/INFO] [sim/]: *******************ItemStack:橡木木板
[00:18:10] [Server thread/INFO] [sim/]: ***************blockId:net.minecraft.block.Block@51bf5add
[00:18:10] [Server thread/INFO] [sim/]: *******************ItemStack:圆石
[00:18:10] [Server thread/INFO] [sim/]: ***************blockId:net.minecraft.block.Block@51bf5add
[00:18:10] [Server thread/INFO] [sim/]: *******************ItemStack:圆石
[00:18:10] [Server thread/INFO] [sim/]: ***************blockId:net.minecraft.block.BlockWood@13d9cbf5
[00:18:10] [Server thread/INFO] [sim/]: *******************ItemStack:橡木木板
[00:18:10] [Server thread/INFO] [sim/]: ***************blockId:net.minecraft.block.BlockAir@1a5b6f42
[00:18:10] [Server thread/INFO] [sim/]: JobBuilder:wantItemStack 为空, wantIS 为空, blockID=net.minecraft.block.BlockAir@1a5b6f42
[00:18:10] [Server thread/INFO] [sim/]: ***************blockId:net.minecraft.block.BlockWood@13d9cbf5
[00:18:10] [Server thread/INFO] [sim/]: *******************ItemStack:橡木木板
[00:18:10] [Server thread/INFO] [sim/]: ***************blockId:net.minecraft.block.BlockAir@1a5b6f42
[00:18:10] [Server thread/INFO] [sim/]: JobBuilder:wantItemStack 为空, wantIS 为空, blockID=net.minecraft.block.BlockAir@1a5b6f42
[00:18:10] [Server thread/INFO] [sim/]: ***************blockId:net.minecraft.block.BlockAir@1a5b6f42
[00:18:10] [Server thread/INFO] [sim/]: JobBuilder:wantItemStack 为空, wantIS 为空, blockID=net.minecraft.block.BlockAir@1a5b6f42
[00:18:10] [Server thread/INFO] [sim/]: ***************blockId:net.minecraft.block.BlockAir@1a5b6f42
[00:18:10] [Server thread/INFO] [sim/]: JobBuilder:wantItemStack 为空, wantIS 为空, blockID=net.minecraft.block.BlockAir@1a5b6f42
[00:18:10] [Server thread/INFO] [sim/]: ***************blockId:net.minecraft.block.BlockWood@13d9cbf5
[00:18:10] [Server thread/INFO] [sim/]: *******************ItemStack:橡木木板
[00:18:10] [Server thread/INFO] [sim/]: ***************blockId:net.minecraft.block.Block@51bf5add
[00:18:10] [Server thread/INFO] [sim/]: *******************ItemStack:圆石
[00:18:10] [Server thread/INFO] [sim/]: ***************blockId:net.minecraft.block.Block@51bf5add
[00:18:10] [Server thread/INFO] [sim/]: *******************ItemStack:圆石
[00:18:10] [Server thread/INFO] [sim/]: ***************blockId:net.minecraft.block.BlockWood@13d9cbf5
[00:18:10] [Server thread/INFO] [sim/]: *******************ItemStack:橡木木板
[00:18:10] [Server thread/INFO] [sim/]: ***************blockId:net.minecraft.block.BlockWood@13d9cbf5
[00:18:10] [Server thread/INFO] [sim/]: *******************ItemStack:橡木木板
[00:18:10] [Server thread/INFO] [sim/]: ***************blockId:net.minecraft.block.BlockWood@13d9cbf5
[00:18:10] [Server thread/INFO] [sim/]: *******************ItemStack:橡木木板
[00:18:10] [Server thread/INFO] [sim/]: ***************blockId:net.minecraft.block.BlockAir@1a5b6f42
[00:18:10] [Server thread/INFO] [sim/]: JobBuilder:wantItemStack 为空, wantIS 为空, blockID=net.minecraft.block.BlockAir@1a5b6f42
[00:18:10] [Server thread/INFO] [sim/]: ***************blockId:net.minecraft.block.BlockWood@13d9cbf5
[00:18:10] [Server thread/INFO] [sim/]: *******************ItemStack:橡木木板
[00:18:10] [Server thread/INFO] [sim/]: ***************blockId:net.minecraft.block.BlockWood@13d9cbf5
[00:18:10] [Server thread/INFO] [sim/]: *******************ItemStack:橡木木板
[00:18:11] [Server thread/INFO] [sim/]: ***************blockId:net.minecraft.block.BlockWood@13d9cbf5
[00:18:11] [Server thread/INFO] [sim/]: *******************ItemStack:橡木木板
[00:18:11] [Server thread/INFO] [sim/]: ***************blockId:net.minecraft.block.Block@51bf5add
[00:18:11] [Server thread/INFO] [sim/]: *******************ItemStack:圆石
[00:18:11] [Server thread/INFO] [sim/]: ***************blockId:net.minecraft.block.Block@51bf5add
[00:18:11] [Server thread/INFO] [sim/]: *******************ItemStack:圆石
[00:18:11] [Server thread/INFO] [sim/]: ***************blockId:net.minecraft.block.Block@51bf5add
[00:18:11] [Server thread/INFO] [sim/]: *******************ItemStack:圆石
[00:18:11] [Server thread/INFO] [sim/]: ***************blockId:net.minecraft.block.Block@51bf5add
[00:18:11] [Server thread/INFO] [sim/]: *******************ItemStack:圆石
[00:18:11] [Server thread/INFO] [sim/]: ***************blockId:net.minecraft.block.Block@51bf5add
[00:18:11] [Server thread/INFO] [sim/]: *******************ItemStack:圆石
[00:18:11] [Server thread/INFO] [sim/]: ***************blockId:net.minecraft.block.Block@51bf5add
[00:18:11] [Server thread/INFO] [sim/]: *******************ItemStack:圆石
[00:18:11] [Server thread/INFO] [sim/]: ***************blockId:net.minecraft.block.Block@51bf5add
[00:18:11] [Server thread/INFO] [sim/]: *******************ItemStack:圆石
[00:18:11] [Server thread/INFO] [sim/]: ***************blockId:net.minecraft.block.Block@51bf5add
[00:18:11] [Server thread/INFO] [sim/]: *******************ItemStack:圆石
[00:18:11] [Server thread/INFO] [sim/]: ***************blockId:net.minecraft.block.Block@51bf5add
[00:18:11] [Server thread/INFO] [sim/]: *******************ItemStack:圆石
[00:18:11] [Server thread/INFO] [sim/]: ***************blockId:net.minecraft.block.Block@51bf5add
[00:18:11] [Server thread/INFO] [sim/]: *******************ItemStack:圆石
[00:18:11] [Server thread/INFO] [sim/]: ***************blockId:net.minecraft.block.BlockAir@1a5b6f42
[00:18:11] [Server thread/INFO] [sim/]: JobBuilder:wantItemStack 为空, wantIS 为空, blockID=net.minecraft.block.BlockAir@1a5b6f42
[00:18:11] [Server thread/INFO] [sim/]: ***************blockId:net.minecraft.block.BlockAir@1a5b6f42
[00:18:11] [Server thread/INFO] [sim/]: JobBuilder:wantItemStack 为空, wantIS 为空, blockID=net.minecraft.block.BlockAir@1a5b6f42
[00:18:11] [Server thread/INFO] [sim/]: ***************blockId:net.minecraft.block.BlockAir@1a5b6f42
[00:18:11] [Server thread/INFO] [sim/]: JobBuilder:wantItemStack 为空, wantIS 为空, blockID=net.minecraft.block.BlockAir@1a5b6f42
[00:18:11] [Server thread/INFO] [sim/]: ***************blockId:net.minecraft.block.BlockAir@1a5b6f42
[00:18:11] [Server thread/INFO] [sim/]: JobBuilder:wantItemStack 为空, wantIS 为空, blockID=net.minecraft.block.BlockAir@1a5b6f42
[00:18:11] [Server thread/INFO] [sim/]: ***************blockId:net.minecraft.block.BlockAir@1a5b6f42
[00:18:11] [Server thread/INFO] [sim/]: JobBuilder:wantItemStack 为空, wantIS 为空, blockID=net.minecraft.block.BlockAir@1a5b6f42
[00:18:11] [Server thread/INFO] [sim/]: ***************blockId:net.minecraft.block.BlockWood@13d9cbf5
[00:18:11] [Server thread/INFO] [sim/]: *******************ItemStack:橡木木板
[00:18:11] [Server thread/INFO] [sim/]: ***************blockId:net.minecraft.block.BlockWood@13d9cbf5
[00:18:11] [Server thread/INFO] [sim/]: *******************ItemStack:橡木木板
[00:18:11] [Server thread/INFO] [sim/]: ***************blockId:net.minecraft.block.BlockWood@13d9cbf5
[00:18:11] [Server thread/INFO] [sim/]: *******************ItemStack:橡木木板
[00:18:11] [Server thread/INFO] [sim/]: ***************blockId:net.minecraft.block.BlockAir@1a5b6f42
[00:18:11] [Server thread/INFO] [sim/]: JobBuilder:wantItemStack 为空, wantIS 为空, blockID=net.minecraft.block.BlockAir@1a5b6f42
[00:18:11] [Server thread/INFO] [sim/]: ***************blockId:net.minecraft.block.Block@51bf5add
[00:18:11] [Server thread/INFO] [sim/]: *******************ItemStack:圆石
[00:18:11] [Server thread/INFO] [sim/]: ***************blockId:net.minecraft.block.BlockWood@13d9cbf5
[00:18:11] [Server thread/INFO] [sim/]: *******************ItemStack:橡木木板
[00:18:11] [Server thread/INFO] [sim/]: ***************blockId:net.minecraft.block.BlockAir@1a5b6f42
[00:18:11] [Server thread/INFO] [sim/]: JobBuilder:wantItemStack 为空, wantIS 为空, blockID=net.minecraft.block.BlockAir@1a5b6f42
[00:18:11] [Server thread/INFO] [sim/]: ***************blockId:net.minecraft.block.BlockAir@1a5b6f42
[00:18:11] [Server thread/INFO] [sim/]: JobBuilder:wantItemStack 为空, wantIS 为空, blockID=net.minecraft.block.BlockAir@1a5b6f42
[00:18:11] [Server thread/INFO] [sim/]: ***************blockId:net.minecraft.block.BlockWood@13d9cbf5
[00:18:11] [Server thread/INFO] [sim/]: *******************ItemStack:橡木木板
[00:18:11] [Server thread/INFO] [sim/]: ***************blockId:net.minecraft.block.Block@51bf5add
[00:18:11] [Server thread/INFO] [sim/]: *******************ItemStack:圆石
[00:18:12] [Server thread/INFO] [sim/]: ***************blockId:net.minecraft.block.Block@51bf5add
[00:18:12] [Server thread/INFO] [sim/]: *******************ItemStack:圆石
[00:18:12] [Server thread/INFO] [sim/]: ***************blockId:net.minecraft.block.Block@51bf5add
[00:18:12] [Server thread/INFO] [sim/]: *******************ItemStack:圆石
[00:18:12] [Server thread/INFO] [sim/]: ***************blockId:net.minecraft.block.Block@51bf5add
[00:18:12] [Server thread/INFO] [sim/]: *******************ItemStack:圆石
[00:18:12] [Server thread/INFO] [sim/]: ***************blockId:net.minecraft.block.Block@51bf5add
[00:18:12] [Server thread/INFO] [sim/]: *******************ItemStack:圆石
[00:18:12] [Server thread/INFO] [sim/]: ***************blockId:net.minecraft.block.BlockAir@1a5b6f42
[00:18:12] [Server thread/INFO] [sim/]: JobBuilder:wantItemStack 为空, wantIS 为空, blockID=net.minecraft.block.BlockAir@1a5b6f42
[00:18:12] [Server thread/INFO] [sim/]: ***************blockId:net.minecraft.block.BlockAir@1a5b6f42
[00:18:12] [Server thread/INFO] [sim/]: JobBuilder:wantItemStack 为空, wantIS 为空, blockID=net.minecraft.block.BlockAir@1a5b6f42
[00:18:12] [Server thread/INFO] [sim/]: ***************blockId:net.minecraft.block.BlockAir@1a5b6f42
[00:18:12] [Server thread/INFO] [sim/]: JobBuilder:wantItemStack 为空, wantIS 为空, blockID=net.minecraft.block.BlockAir@1a5b6f42
[00:18:12] [Server thread/INFO] [sim/]: ***************blockId:net.minecraft.block.BlockAir@1a5b6f42
[00:18:12] [Server thread/INFO] [sim/]: JobBuilder:wantItemStack 为空, wantIS 为空, blockID=net.minecraft.block.BlockAir@1a5b6f42
[00:18:12] [Server thread/INFO] [sim/]: ***************blockId:net.minecraft.block.BlockAir@1a5b6f42
[00:18:12] [Server thread/INFO] [sim/]: JobBuilder:wantItemStack 为空, wantIS 为空, blockID=net.minecraft.block.BlockAir@1a5b6f42
[00:18:12] [Server thread/INFO] [sim/]: ***************blockId:net.minecraft.block.BlockAir@1a5b6f42
[00:18:12] [Server thread/INFO] [sim/]: JobBuilder:wantItemStack 为空, wantIS 为空, blockID=net.minecraft.block.BlockAir@1a5b6f42
[00:18:12] [Server thread/INFO] [sim/]: ***************blockId:net.minecraft.block.BlockAir@1a5b6f42
[00:18:12] [Server thread/INFO] [sim/]: JobBuilder:wantItemStack 为空, wantIS 为空, blockID=net.minecraft.block.BlockAir@1a5b6f42
[00:18:12] [Server thread/INFO] [sim/]: ***************blockId:net.minecraft.block.Block@51bf5add
[00:18:12] [Server thread/INFO] [sim/]: *******************ItemStack:圆石
[00:18:12] [Server thread/INFO] [sim/]: ***************blockId:net.minecraft.block.Block@51bf5add
[00:18:12] [Server thread/INFO] [sim/]: *******************ItemStack:圆石
[00:18:12] [Server thread/INFO] [sim/]: ***************blockId:net.minecraft.block.BlockAir@1a5b6f42
[00:18:12] [Server thread/INFO] [sim/]: JobBuilder:wantItemStack 为空, wantIS 为空, blockID=net.minecraft.block.BlockAir@1a5b6f42
[00:18:12] [Server thread/INFO] [sim/]: ***************blockId:net.minecraft.block.BlockAir@1a5b6f42
[00:18:12] [Server thread/INFO] [sim/]: JobBuilder:wantItemStack 为空, wantIS 为空, blockID=net.minecraft.block.BlockAir@1a5b6f42
[00:18:12] [Server thread/INFO] [sim/]: ***************blockId:net.minecraft.block.BlockAir@1a5b6f42
[00:18:12] [Server thread/INFO] [sim/]: JobBuilder:wantItemStack 为空, wantIS 为空, blockID=net.minecraft.block.BlockAir@1a5b6f42
[00:18:12] [Server thread/INFO] [sim/]: ***************blockId:net.minecraft.block.BlockAir@1a5b6f42
[00:18:12] [Server thread/INFO] [sim/]: JobBuilder:wantItemStack 为空, wantIS 为空, blockID=net.minecraft.block.BlockAir@1a5b6f42
[00:18:12] [Server thread/INFO] [sim/]: ***************blockId:net.minecraft.block.BlockAir@1a5b6f42
[00:18:12] [Server thread/INFO] [sim/]: JobBuilder:wantItemStack 为空, wantIS 为空, blockID=net.minecraft.block.BlockAir@1a5b6f42
[00:18:12] [Server thread/INFO] [sim/]: ***************blockId:net.minecraft.block.BlockAir@1a5b6f42
[00:18:12] [Server thread/INFO] [sim/]: JobBuilder:wantItemStack 为空, wantIS 为空, blockID=net.minecraft.block.BlockAir@1a5b6f42
[00:18:12] [Server thread/INFO] [sim/]: ***************blockId:net.minecraft.block.BlockAir@1a5b6f42
[00:18:12] [Server thread/INFO] [sim/]: JobBuilder:wantItemStack 为空, wantIS 为空, blockID=net.minecraft.block.BlockAir@1a5b6f42
[00:18:12] [Server thread/INFO] [sim/]: ***************blockId:net.minecraft.block.Block@51bf5add
[00:18:12] [Server thread/INFO] [sim/]: *******************ItemStack:圆石
[00:18:12] [Server thread/INFO] [sim/]: ***************blockId:net.minecraft.block.Block@51bf5add
[00:18:12] [Server thread/INFO] [sim/]: *******************ItemStack:圆石
[00:18:12] [Server thread/INFO] [sim/]: ***************blockId:net.minecraft.block.BlockAir@1a5b6f42
[00:18:12] [Server thread/INFO] [sim/]: JobBuilder:wantItemStack 为空, wantIS 为空, blockID=net.minecraft.block.BlockAir@1a5b6f42
[00:18:12] [Server thread/INFO] [sim/]: ***************blockId:net.minecraft.block.BlockAir@1a5b6f42
[00:18:12] [Server thread/INFO] [sim/]: JobBuilder:wantItemStack 为空, wantIS 为空, blockID=net.minecraft.block.BlockAir@1a5b6f42
[00:18:12] [Server thread/INFO] [sim/]: ***************blockId:net.minecraft.block.BlockAir@1a5b6f42
[00:18:12] [Server thread/INFO] [sim/]: JobBuilder:wantItemStack 为空, wantIS 为空, blockID=net.minecraft.block.BlockAir@1a5b6f42
[00:18:12] [Server thread/INFO] [sim/]: ***************blockId:net.minecraft.block.BlockAir@1a5b6f42
[00:18:12] [Server thread/INFO] [sim/]: JobBuilder:wantItemStack 为空, wantIS 为空, blockID=net.minecraft.block.BlockAir@1a5b6f42
[00:18:12] [Server thread/INFO] [sim/]: ***************blockId:net.minecraft.block.BlockAir@1a5b6f42
[00:18:12] [Server thread/INFO] [sim/]: JobBuilder:wantItemStack 为空, wantIS 为空, blockID=net.minecraft.block.BlockAir@1a5b6f42
[00:18:12] [Server thread/INFO] [sim/]: ***************blockId:net.minecraft.block.BlockAir@1a5b6f42
[00:18:12] [Server thread/INFO] [sim/]: JobBuilder:wantItemStack 为空, wantIS 为空, blockID=net.minecraft.block.BlockAir@1a5b6f42
[00:18:12] [Server thread/INFO] [sim/]: ***************blockId:net.minecraft.block.BlockAir@1a5b6f42
[00:18:12] [Server thread/INFO] [sim/]: JobBuilder:wantItemStack 为空, wantIS 为空, blockID=net.minecraft.block.BlockAir@1a5b6f42
[00:18:12] [Server thread/INFO] [sim/]: ***************blockId:net.minecraft.block.Block@51bf5add
[00:18:12] [Server thread/INFO] [sim/]: *******************ItemStack:圆石
[00:18:12] [Server thread/INFO] [sim/]: ***************blockId:net.minecraft.block.Block@51bf5add
[00:18:12] [Server thread/INFO] [sim/]: *******************ItemStack:圆石
[00:18:12] [Server thread/INFO] [sim/]: ***************blockId:net.minecraft.block.BlockAir@1a5b6f42
[00:18:12] [Server thread/INFO] [sim/]: JobBuilder:wantItemStack 为空, wantIS 为空, blockID=net.minecraft.block.BlockAir@1a5b6f42
[00:18:12] [Server thread/INFO] [sim/]: ***************blockId:net.minecraft.block.BlockGlass@6f1c29b7
[00:18:12] [Server thread/INFO] [sim/]: *******************ItemStack:玻璃
[00:18:18] [Server thread/INFO] [sim/]: ***************blockId:net.minecraft.block.BlockGlass@6f1c29b7
[00:18:18] [Server thread/INFO] [sim/]: *******************ItemStack:玻璃
[00:18:18] [Server thread/INFO] [sim/]: ***************blockId:net.minecraft.block.BlockChest@2a225dd7
[00:18:18] [Server thread/INFO] [sim/]: *******************ItemStack:箱子
[00:18:18] [Server thread/INFO] [sim/]: ***************blockId:net.minecraft.block.BlockGlass@6f1c29b7
[00:18:18] [Server thread/INFO] [sim/]: *******************ItemStack:玻璃
[00:18:18] [Server thread/INFO] [sim/]: ***************blockId:net.minecraft.block.BlockGlass@6f1c29b7
[00:18:18] [Server thread/INFO] [sim/]: *******************ItemStack:玻璃
[00:18:18] [Server thread/INFO] [sim/]: ***************blockId:net.minecraft.block.BlockGlass@6f1c29b7
[00:18:18] [Server thread/INFO] [sim/]: *******************ItemStack:玻璃
[00:18:18] [Server thread/INFO] [sim/]: ***************blockId:net.minecraft.block.BlockAir@1a5b6f42
[00:18:18] [Server thread/INFO] [sim/]: JobBuilder:wantItemStack 为空, wantIS 为空, blockID=net.minecraft.block.BlockAir@1a5b6f42
[00:18:18] [Server thread/INFO] [sim/]: ***************blockId:net.minecraft.block.Block@51bf5add
[00:18:18] [Server thread/INFO] [sim/]: *******************ItemStack:圆石
[00:18:18] [Server thread/INFO] [sim/]: ***************blockId:net.minecraft.block.Block@51bf5add
[00:18:18] [Server thread/INFO] [sim/]: *******************ItemStack:圆石
[00:18:18] [Server thread/INFO] [sim/]: ***************blockId:net.minecraft.block.BlockAir@1a5b6f42
[00:18:18] [Server thread/INFO] [sim/]: JobBuilder:wantItemStack 为空, wantIS 为空, blockID=net.minecraft.block.BlockAir@1a5b6f42
[00:18:18] [Server thread/INFO] [sim/]: ***************blockId:net.minecraft.block.BlockAir@1a5b6f42
[00:18:18] [Server thread/INFO] [sim/]: JobBuilder:wantItemStack 为空, wantIS 为空, blockID=net.minecraft.block.BlockAir@1a5b6f42
[00:18:18] [Server thread/INFO] [sim/]: ***************blockId:net.minecraft.block.BlockAir@1a5b6f42
[00:18:18] [Server thread/INFO] [sim/]: JobBuilder:wantItemStack 为空, wantIS 为空, blockID=net.minecraft.block.BlockAir@1a5b6f42
[00:18:18] [Server thread/INFO] [sim/]: ***************blockId:net.minecraft.block.BlockAir@1a5b6f42
[00:18:18] [Server thread/INFO] [sim/]: JobBuilder:wantItemStack 为空, wantIS 为空, blockID=net.minecraft.block.BlockAir@1a5b6f42
[00:18:18] [Server thread/INFO] [sim/]: ***************blockId:net.minecraft.block.BlockAir@1a5b6f42
[00:18:18] [Server thread/INFO] [sim/]: JobBuilder:wantItemStack 为空, wantIS 为空, blockID=net.minecraft.block.BlockAir@1a5b6f42
[00:18:18] [Server thread/INFO] [sim/]: ***************blockId:net.minecraft.block.BlockAir@1a5b6f42
[00:18:18] [Server thread/INFO] [sim/]: JobBuilder:wantItemStack 为空, wantIS 为空, blockID=net.minecraft.block.BlockAir@1a5b6f42
[00:18:18] [Server thread/INFO] [sim/]: ***************blockId:net.minecraft.block.BlockAir@1a5b6f42
[00:18:18] [Server thread/INFO] [sim/]: JobBuilder:wantItemStack 为空, wantIS 为空, blockID=net.minecraft.block.BlockAir@1a5b6f42
[00:18:18] [Server thread/INFO] [sim/]: ***************blockId:net.minecraft.block.Block@51bf5add
[00:18:18] [Server thread/INFO] [sim/]: *******************ItemStack:圆石
[00:18:18] [Server thread/INFO] [sim/]: ***************blockId:net.minecraft.block.Block@51bf5add
[00:18:18] [Server thread/INFO] [sim/]: *******************ItemStack:圆石
[00:18:18] [Server thread/INFO] [sim/]: ***************blockId:net.minecraft.block.BlockAir@1a5b6f42
[00:18:18] [Server thread/INFO] [sim/]: JobBuilder:wantItemStack 为空, wantIS 为空, blockID=net.minecraft.block.BlockAir@1a5b6f42
[00:18:18] [Server thread/INFO] [sim/]: ***************blockId:net.minecraft.block.Block@51bf5add
[00:18:18] [Server thread/INFO] [sim/]: *******************ItemStack:圆石
[00:18:19] [Server thread/INFO] [sim/]: ***************blockId:net.minecraft.block.Block@51bf5add
[00:18:19] [Server thread/INFO] [sim/]: *******************ItemStack:圆石
[00:18:19] [Server thread/INFO] [sim/]: ***************blockId:net.minecraft.block.Block@51bf5add
[00:18:19] [Server thread/INFO] [sim/]: *******************ItemStack:圆石
[00:18:19] [Server thread/INFO] [sim/]: ***************blockId:net.minecraft.block.Block@51bf5add
[00:18:19] [Server thread/INFO] [sim/]: *******************ItemStack:圆石
[00:18:19] [Server thread/INFO] [sim/]: ***************blockId:net.minecraft.block.Block@51bf5add
[00:18:19] [Server thread/INFO] [sim/]: *******************ItemStack:圆石
[00:18:19] [Server thread/INFO] [sim/]: ***************blockId:net.minecraft.block.Block@51bf5add
[00:18:19] [Server thread/INFO] [sim/]: *******************ItemStack:圆石
[00:18:19] [Server thread/INFO] [sim/]: ***************blockId:net.minecraft.block.Block@51bf5add
[00:18:19] [Server thread/INFO] [sim/]: *******************ItemStack:圆石
[00:18:19] [Server thread/INFO] [sim/]: ***************blockId:net.minecraft.block.BlockAir@1a5b6f42
[00:18:19] [Server thread/INFO] [sim/]: JobBuilder:wantItemStack 为空, wantIS 为空, blockID=net.minecraft.block.BlockAir@1a5b6f42
[00:18:19] [Server thread/INFO] [sim/]: ***************blockId:net.minecraft.block.BlockAir@1a5b6f42
[00:18:19] [Server thread/INFO] [sim/]: JobBuilder:wantItemStack 为空, wantIS 为空, blockID=net.minecraft.block.BlockAir@1a5b6f42
[00:18:19] [Server thread/INFO] [sim/]: ***************blockId:net.minecraft.block.BlockAir@1a5b6f42
[00:18:19] [Server thread/INFO] [sim/]: JobBuilder:wantItemStack 为空, wantIS 为空, blockID=net.minecraft.block.BlockAir@1a5b6f42
[00:18:19] [Server thread/INFO] [sim/]: ***************blockId:net.minecraft.block.BlockAir@1a5b6f42
[00:18:19] [Server thread/INFO] [sim/]: JobBuilder:wantItemStack 为空, wantIS 为空, blockID=net.minecraft.block.BlockAir@1a5b6f42
[00:18:19] [Server thread/INFO] [sim/]: ***************blockId:net.minecraft.block.BlockAir@1a5b6f42
[00:18:19] [Server thread/INFO] [sim/]: JobBuilder:wantItemStack 为空, wantIS 为空, blockID=net.minecraft.block.BlockAir@1a5b6f42
[00:18:19] [Server thread/INFO] [sim/]: ***************blockId:net.minecraft.block.BlockAir@1a5b6f42
[00:18:19] [Server thread/INFO] [sim/]: JobBuilder:wantItemStack 为空, wantIS 为空, blockID=net.minecraft.block.BlockAir@1a5b6f42
[00:18:19] [Server thread/INFO] [sim/]: ***************blockId:net.minecraft.block.BlockCake@56c4278e
[00:18:19] [Server thread/INFO] [sim/]: JobBuilder:wantItemStack 为空, wantIS 为空, blockID=net.minecraft.block.BlockCake@56c4278e
[00:18:19] [Server thread/INFO] [sim/]: ***************blockId:net.minecraft.block.BlockAir@1a5b6f42
[00:18:19] [Server thread/INFO] [sim/]: JobBuilder:wantItemStack 为空, wantIS 为空, blockID=net.minecraft.block.BlockAir@1a5b6f42
[00:18:19] [Server thread/INFO] [sim/]: ***************blockId:net.minecraft.block.BlockAir@1a5b6f42
[00:18:19] [Server thread/INFO] [sim/]: JobBuilder:wantItemStack 为空, wantIS 为空, blockID=net.minecraft.block.BlockAir@1a5b6f42
[00:18:19] [Server thread/INFO] [sim/]: ***************blockId:net.minecraft.block.Block@51bf5add
[00:18:19] [Server thread/INFO] [sim/]: *******************ItemStack:圆石
[00:18:19] [Server thread/INFO] [sim/]: ***************blockId:net.minecraft.block.BlockWood@13d9cbf5
[00:18:19] [Server thread/INFO] [sim/]: *******************ItemStack:橡木木板
[00:18:19] [Server thread/INFO] [sim/]: ***************blockId:net.minecraft.block.BlockAir@1a5b6f42
[00:18:19] [Server thread/INFO] [sim/]: JobBuilder:wantItemStack 为空, wantIS 为空, blockID=net.minecraft.block.BlockAir@1a5b6f42
[00:18:19] [Server thread/INFO] [sim/]: ***************blockId:net.minecraft.block.BlockAir@1a5b6f42
[00:18:19] [Server thread/INFO] [sim/]: JobBuilder:wantItemStack 为空, wantIS 为空, blockID=net.minecraft.block.BlockAir@1a5b6f42
[00:18:19] [Server thread/INFO] [sim/]: ***************blockId:net.minecraft.block.BlockWood@13d9cbf5
[00:18:19] [Server thread/INFO] [sim/]: *******************ItemStack:橡木木板
[00:18:19] [Server thread/INFO] [sim/]: ***************blockId:net.minecraft.block.BlockGlass@6f1c29b7
[00:18:19] [Server thread/INFO] [sim/]: *******************ItemStack:玻璃
[00:18:19] [Server thread/INFO] [sim/]: ***************blockId:net.minecraft.block.BlockGlass@6f1c29b7
[00:18:19] [Server thread/INFO] [sim/]: *******************ItemStack:玻璃
[00:18:19] [Server thread/INFO] [sim/]: ***************blockId:net.minecraft.block.BlockGlass@6f1c29b7
[00:18:19] [Server thread/INFO] [sim/]: *******************ItemStack:玻璃
[00:18:19] [Server thread/INFO] [sim/]: ***************blockId:net.minecraft.block.Block@51bf5add
[00:18:19] [Server thread/INFO] [sim/]: *******************ItemStack:圆石
[00:18:19] [Server thread/INFO] [sim/]: ***************blockId:net.minecraft.block.Block@51bf5add
[00:18:19] [Server thread/INFO] [sim/]: *******************ItemStack:圆石
[00:18:19] [Server thread/INFO] [sim/]: ***************blockId:net.minecraft.block.BlockStoneSlab@4b34fff9
[00:18:19] [Server thread/INFO] [sim/]: *******************ItemStack:石台阶
[00:18:19] [Server thread/INFO] [sim/]: ***************blockId:net.minecraft.block.BlockAir@1a5b6f42
[00:18:19] [Server thread/INFO] [sim/]: JobBuilder:wantItemStack 为空, wantIS 为空, blockID=net.minecraft.block.BlockAir@1a5b6f42
[00:18:19] [Server thread/INFO] [sim/]: ***************blockId:net.minecraft.block.BlockAir@1a5b6f42
[00:18:19] [Server thread/INFO] [sim/]: JobBuilder:wantItemStack 为空, wantIS 为空, blockID=net.minecraft.block.BlockAir@1a5b6f42
[00:18:19] [Server thread/INFO] [sim/]: ***************blockId:net.minecraft.block.BlockAir@1a5b6f42
[00:18:19] [Server thread/INFO] [sim/]: JobBuilder:wantItemStack 为空, wantIS 为空, blockID=net.minecraft.block.BlockAir@1a5b6f42
[00:18:19] [Server thread/INFO] [sim/]: ***************blockId:net.minecraft.block.BlockAir@1a5b6f42
[00:18:19] [Server thread/INFO] [sim/]: JobBuilder:wantItemStack 为空, wantIS 为空, blockID=net.minecraft.block.BlockAir@1a5b6f42
[00:18:19] [Server thread/INFO] [sim/]: ***************blockId:net.minecraft.block.BlockAir@1a5b6f42
[00:18:19] [Server thread/INFO] [sim/]: JobBuilder:wantItemStack 为空, wantIS 为空, blockID=net.minecraft.block.BlockAir@1a5b6f42
[00:18:19] [Server thread/INFO] [sim/]: ***************blockId:net.minecraft.block.BlockAir@1a5b6f42
[00:18:19] [Server thread/INFO] [sim/]: JobBuilder:wantItemStack 为空, wantIS 为空, blockID=net.minecraft.block.BlockAir@1a5b6f42
[00:18:19] [Server thread/INFO] [sim/]: ***************blockId:net.minecraft.block.Block@51bf5add
[00:18:19] [Server thread/INFO] [sim/]: *******************ItemStack:圆石
[00:18:19] [Server thread/INFO] [sim/]: ***************blockId:net.minecraft.block.Block@51bf5add
[00:18:19] [Server thread/INFO] [sim/]: *******************ItemStack:圆石
[00:18:19] [Server thread/INFO] [sim/]: ***************blockId:net.minecraft.block.BlockAir@1a5b6f42
[00:18:19] [Server thread/INFO] [sim/]: JobBuilder:wantItemStack 为空, wantIS 为空, blockID=net.minecraft.block.BlockAir@1a5b6f42
[00:18:19] [Server thread/INFO] [sim/]: ***************blockId:net.minecraft.block.BlockAir@1a5b6f42
[00:18:19] [Server thread/INFO] [sim/]: JobBuilder:wantItemStack 为空, wantIS 为空, blockID=net.minecraft.block.BlockAir@1a5b6f42
[00:18:19] [Server thread/INFO] [sim/]: ***************blockId:net.minecraft.block.BlockAir@1a5b6f42
[00:18:19] [Server thread/INFO] [sim/]: JobBuilder:wantItemStack 为空, wantIS 为空, blockID=net.minecraft.block.BlockAir@1a5b6f42
[00:18:19] [Server thread/INFO] [sim/]: ***************blockId:net.minecraft.block.BlockAir@1a5b6f42
[00:18:19] [Server thread/INFO] [sim/]: JobBuilder:wantItemStack 为空, wantIS 为空, blockID=net.minecraft.block.BlockAir@1a5b6f42
[00:18:19] [Server thread/INFO] [sim/]: ***************blockId:net.minecraft.block.BlockAir@1a5b6f42
[00:18:19] [Server thread/INFO] [sim/]: JobBuilder:wantItemStack 为空, wantIS 为空, blockID=net.minecraft.block.BlockAir@1a5b6f42
[00:18:19] [Server thread/INFO] [sim/]: ***************blockId:net.minecraft.block.BlockAir@1a5b6f42
[00:18:19] [Server thread/INFO] [sim/]: JobBuilder:wantItemStack 为空, wantIS 为空, blockID=net.minecraft.block.BlockAir@1a5b6f42
[00:18:19] [Server thread/INFO] [sim/]: ***************blockId:net.minecraft.block.BlockAir@1a5b6f42
[00:18:19] [Server thread/INFO] [sim/]: JobBuilder:wantItemStack 为空, wantIS 为空, blockID=net.minecraft.block.BlockAir@1a5b6f42
[00:18:19] [Server thread/INFO] [sim/]: ***************blockId:net.minecraft.block.Block@51bf5add
[00:18:19] [Server thread/INFO] [sim/]: *******************ItemStack:圆石
[00:18:19] [Server thread/INFO] [sim/]: ***************blockId:net.minecraft.block.Block@51bf5add
[00:18:19] [Server thread/INFO] [sim/]: *******************ItemStack:圆石
[00:18:19] [Server thread/INFO] [sim/]: ***************blockId:net.minecraft.block.BlockAir@1a5b6f42
[00:18:19] [Server thread/INFO] [sim/]: JobBuilder:wantItemStack 为空, wantIS 为空, blockID=net.minecraft.block.BlockAir@1a5b6f42
[00:18:19] [Server thread/INFO] [sim/]: ***************blockId:net.minecraft.block.BlockAir@1a5b6f42
[00:18:19] [Server thread/INFO] [sim/]: JobBuilder:wantItemStack 为空, wantIS 为空, blockID=net.minecraft.block.BlockAir@1a5b6f42
[00:18:19] [Server thread/INFO] [sim/]: ***************blockId:net.minecraft.block.BlockAir@1a5b6f42
[00:18:19] [Server thread/INFO] [sim/]: JobBuilder:wantItemStack 为空, wantIS 为空, blockID=net.minecraft.block.BlockAir@1a5b6f42
[00:18:19] [Server thread/INFO] [sim/]: ***************blockId:net.minecraft.block.BlockAir@1a5b6f42
[00:18:19] [Server thread/INFO] [sim/]: JobBuilder:wantItemStack 为空, wantIS 为空, blockID=net.minecraft.block.BlockAir@1a5b6f42
[00:18:19] [Server thread/INFO] [sim/]: ***************blockId:net.minecraft.block.BlockAir@1a5b6f42
[00:18:19] [Server thread/INFO] [sim/]: JobBuilder:wantItemStack 为空, wantIS 为空, blockID=net.minecraft.block.BlockAir@1a5b6f42
[00:18:19] [Server thread/INFO] [sim/]: ***************blockId:net.minecraft.block.BlockAir@1a5b6f42
[00:18:19] [Server thread/INFO] [sim/]: JobBuilder:wantItemStack 为空, wantIS 为空, blockID=net.minecraft.block.BlockAir@1a5b6f42
[00:18:19] [Server thread/INFO] [sim/]: ***************blockId:net.minecraft.block.BlockAir@1a5b6f42
[00:18:19] [Server thread/INFO] [sim/]: JobBuilder:wantItemStack 为空, wantIS 为空, blockID=net.minecraft.block.BlockAir@1a5b6f42
[00:18:19] [Server thread/INFO] [sim/]: ***************blockId:net.minecraft.block.Block@51bf5add
[00:18:19] [Server thread/INFO] [sim/]: *******************ItemStack:圆石
[00:18:19] [Server thread/INFO] [sim/]: ***************blockId:net.minecraft.block.Block@51bf5add
[00:18:19] [Server thread/INFO] [sim/]: *******************ItemStack:圆石
[00:18:19] [Server thread/INFO] [sim/]: ***************blockId:net.minecraft.block.BlockAir@1a5b6f42
[00:18:19] [Server thread/INFO] [sim/]: JobBuilder:wantItemStack 为空, wantIS 为空, blockID=net.minecraft.block.BlockAir@1a5b6f42
[00:18:19] [Server thread/INFO] [sim/]: ***************blockId:net.minecraft.block.BlockCake@56c4278e
[00:18:19] [Server thread/INFO] [sim/]: JobBuilder:wantItemStack 为空, wantIS 为空, blockID=net.minecraft.block.BlockCake@56c4278e
[00:18:20] [Server thread/INFO] [sim/]: ***************blockId:net.minecraft.block.BlockAir@1a5b6f42
[00:18:20] [Server thread/INFO] [sim/]: JobBuilder:wantItemStack 为空, wantIS 为空, blockID=net.minecraft.block.BlockAir@1a5b6f42
[00:18:20] [Server thread/INFO] [sim/]: ***************blockId:net.minecraft.block.BlockAir@1a5b6f42
[00:18:20] [Server thread/INFO] [sim/]: JobBuilder:wantItemStack 为空, wantIS 为空, blockID=net.minecraft.block.BlockAir@1a5b6f42
[00:18:20] [Server thread/INFO] [sim/]: ***************blockId:net.minecraft.block.BlockCake@56c4278e
[00:18:20] [Server thread/INFO] [sim/]: JobBuilder:wantItemStack 为空, wantIS 为空, blockID=net.minecraft.block.BlockCake@56c4278e
[00:18:20] [Server thread/INFO] [sim/]: ***************blockId:net.minecraft.block.BlockAir@1a5b6f42
[00:18:20] [Server thread/INFO] [sim/]: JobBuilder:wantItemStack 为空, wantIS 为空, blockID=net.minecraft.block.BlockAir@1a5b6f42
[00:18:20] [Server thread/INFO] [sim/]: ***************blockId:net.minecraft.block.BlockAir@1a5b6f42
[00:18:20] [Server thread/INFO] [sim/]: JobBuilder:wantItemStack 为空, wantIS 为空, blockID=net.minecraft.block.BlockAir@1a5b6f42
[00:18:20] [Server thread/INFO] [sim/]: ***************blockId:net.minecraft.block.Block@51bf5add
[00:18:20] [Server thread/INFO] [sim/]: *******************ItemStack:圆石
[00:18:20] [Server thread/INFO] [sim/]: ***************blockId:net.minecraft.block.Block@51bf5add
[00:18:20] [Server thread/INFO] [sim/]: *******************ItemStack:圆石
[00:18:20] [Server thread/INFO] [sim/]: ***************blockId:net.minecraft.block.BlockAir@1a5b6f42
[00:18:20] [Server thread/INFO] [sim/]: JobBuilder:wantItemStack 为空, wantIS 为空, blockID=net.minecraft.block.BlockAir@1a5b6f42
[00:18:20] [Server thread/INFO] [sim/]: ***************blockId:net.minecraft.block.BlockAir@1a5b6f42
[00:18:20] [Server thread/INFO] [sim/]: JobBuilder:wantItemStack 为空, wantIS 为空, blockID=net.minecraft.block.BlockAir@1a5b6f42
[00:18:20] [Server thread/INFO] [sim/]: ***************blockId:net.minecraft.block.BlockAir@1a5b6f42
[00:18:20] [Server thread/INFO] [sim/]: JobBuilder:wantItemStack 为空, wantIS 为空, blockID=net.minecraft.block.BlockAir@1a5b6f42
[00:18:20] [Server thread/INFO] [sim/]: ***************blockId:net.minecraft.block.BlockAir@1a5b6f42
[00:18:20] [Server thread/INFO] [sim/]: JobBuilder:wantItemStack 为空, wantIS 为空, blockID=net.minecraft.block.BlockAir@1a5b6f42
[00:18:20] [Server thread/INFO] [sim/]: ***************blockId:net.minecraft.block.BlockAir@1a5b6f42
[00:18:20] [Server thread/INFO] [sim/]: JobBuilder:wantItemStack 为空, wantIS 为空, blockID=net.minecraft.block.BlockAir@1a5b6f42
[00:18:20] [Server thread/INFO] [sim/]: ***************blockId:net.minecraft.block.BlockAir@1a5b6f42
[00:18:20] [Server thread/INFO] [sim/]: JobBuilder:wantItemStack 为空, wantIS 为空, blockID=net.minecraft.block.BlockAir@1a5b6f42
[00:18:20] [Server thread/INFO] [sim/]: ***************blockId:net.minecraft.block.BlockAir@1a5b6f42
[00:18:20] [Server thread/INFO] [sim/]: JobBuilder:wantItemStack 为空, wantIS 为空, blockID=net.minecraft.block.BlockAir@1a5b6f42
[00:18:20] [Server thread/INFO] [sim/]: ***************blockId:net.minecraft.block.Block@51bf5add
[00:18:20] [Server thread/INFO] [sim/]: *******************ItemStack:圆石
[00:18:20] [Server thread/INFO] [sim/]: ***************blockId:net.minecraft.block.Block@51bf5add
[00:18:20] [Server thread/INFO] [sim/]: *******************ItemStack:圆石
[00:18:20] [Server thread/INFO] [sim/]: ***************blockId:net.minecraft.block.BlockAir@1a5b6f42
[00:18:20] [Server thread/INFO] [sim/]: JobBuilder:wantItemStack 为空, wantIS 为空, blockID=net.minecraft.block.BlockAir@1a5b6f42
[00:18:20] [Server thread/INFO] [sim/]: ***************blockId:net.minecraft.block.Block@51bf5add
[00:18:20] [Server thread/INFO] [sim/]: *******************ItemStack:圆石
[00:18:20] [Server thread/INFO] [sim/]: ***************blockId:net.minecraft.block.Block@51bf5add
[00:18:20] [Server thread/INFO] [sim/]: *******************ItemStack:圆石
[00:18:20] [Server thread/INFO] [sim/]: ***************blockId:net.minecraft.block.BlockGlass@6f1c29b7
[00:18:20] [Server thread/INFO] [sim/]: *******************ItemStack:玻璃
[00:18:20] [Server thread/INFO] [sim/]: ***************blockId:net.minecraft.block.Block@51bf5add
[00:18:20] [Server thread/INFO] [sim/]: *******************ItemStack:圆石
[00:18:20] [Server thread/INFO] [sim/]: ***************blockId:net.minecraft.block.Block@51bf5add
[00:18:20] [Server thread/INFO] [sim/]: *******************ItemStack:圆石
[00:18:20] [Server thread/INFO] [sim/]: ***************blockId:net.minecraft.block.Block@51bf5add
[00:18:20] [Server thread/INFO] [sim/]: *******************ItemStack:圆石
[00:18:20] [Server thread/INFO] [sim/]: ***************blockId:net.minecraft.block.Block@51bf5add
[00:18:20] [Server thread/INFO] [sim/]: *******************ItemStack:圆石
[00:18:20] [Server thread/INFO] [sim/]: ***************blockId:net.minecraft.block.BlockAir@1a5b6f42
[00:18:20] [Server thread/INFO] [sim/]: JobBuilder:wantItemStack 为空, wantIS 为空, blockID=net.minecraft.block.BlockAir@1a5b6f42
[00:18:20] [Server thread/INFO] [sim/]: ***************blockId:net.minecraft.block.BlockAir@1a5b6f42
[00:18:20] [Server thread/INFO] [sim/]: JobBuilder:wantItemStack 为空, wantIS 为空, blockID=net.minecraft.block.BlockAir@1a5b6f42
[00:18:20] [Server thread/INFO] [sim/]: ***************blockId:net.minecraft.block.BlockAir@1a5b6f42
[00:18:20] [Server thread/INFO] [sim/]: JobBuilder:wantItemStack 为空, wantIS 为空, blockID=net.minecraft.block.BlockAir@1a5b6f42
[00:18:20] [Server thread/INFO] [sim/]: ***************blockId:net.minecraft.block.BlockAir@1a5b6f42
[00:18:20] [Server thread/INFO] [sim/]: JobBuilder:wantItemStack 为空, wantIS 为空, blockID=net.minecraft.block.BlockAir@1a5b6f42
[00:18:20] [Server thread/INFO] [sim/]: ***************blockId:net.minecraft.block.BlockAir@1a5b6f42
[00:18:20] [Server thread/INFO] [sim/]: JobBuilder:wantItemStack 为空, wantIS 为空, blockID=net.minecraft.block.BlockAir@1a5b6f42
[00:18:20] [Server thread/INFO] [sim/]: ***************blockId:net.minecraft.block.BlockAir@1a5b6f42
[00:18:20] [Server thread/INFO] [sim/]: JobBuilder:wantItemStack 为空, wantIS 为空, blockID=net.minecraft.block.BlockAir@1a5b6f42
[00:18:20] [Server thread/INFO] [sim/]: ***************blockId:net.minecraft.block.BlockAir@1a5b6f42
[00:18:20] [Server thread/INFO] [sim/]: JobBuilder:wantItemStack 为空, wantIS 为空, blockID=net.minecraft.block.BlockAir@1a5b6f42
[00:18:21] [Server thread/INFO] [sim/]: ***************blockId:net.minecraft.block.BlockAir@1a5b6f42
[00:18:21] [Server thread/INFO] [sim/]: JobBuilder:wantItemStack 为空, wantIS 为空, blockID=net.minecraft.block.BlockAir@1a5b6f42
[00:18:21] [Server thread/INFO] [sim/]: ***************blockId:net.minecraft.block.BlockAir@1a5b6f42
[00:18:21] [Server thread/INFO] [sim/]: JobBuilder:wantItemStack 为空, wantIS 为空, blockID=net.minecraft.block.BlockAir@1a5b6f42
[00:18:21] [Server thread/INFO] [sim/]: ***************blockId:net.minecraft.block.Block@51bf5add
[00:18:21] [Server thread/INFO] [sim/]: *******************ItemStack:圆石
[00:18:21] [Server thread/INFO] [sim/]: ***************blockId:net.minecraft.block.BlockWood@13d9cbf5
[00:18:21] [Server thread/INFO] [sim/]: *******************ItemStack:橡木木板
[00:18:21] [Server thread/INFO] [sim/]: ***************blockId:net.minecraft.block.BlockAir@1a5b6f42
[00:18:21] [Server thread/INFO] [sim/]: JobBuilder:wantItemStack 为空, wantIS 为空, blockID=net.minecraft.block.BlockAir@1a5b6f42
[00:18:21] [Server thread/INFO] [sim/]: ***************blockId:net.minecraft.block.BlockAir@1a5b6f42
[00:18:21] [Server thread/INFO] [sim/]: JobBuilder:wantItemStack 为空, wantIS 为空, blockID=net.minecraft.block.BlockAir@1a5b6f42
[00:18:21] [Server thread/INFO] [sim/]: ***************blockId:net.minecraft.block.BlockWood@13d9cbf5
[00:18:21] [Server thread/INFO] [sim/]: *******************ItemStack:橡木木板
[00:18:21] [Server thread/INFO] [sim/]: ***************blockId:net.minecraft.block.BlockGlass@6f1c29b7
[00:18:21] [Server thread/INFO] [sim/]: *******************ItemStack:玻璃
[00:18:21] [Server thread/INFO] [sim/]: ***************blockId:net.minecraft.block.BlockGlass@6f1c29b7
[00:18:21] [Server thread/INFO] [sim/]: *******************ItemStack:玻璃
[00:18:21] [Server thread/INFO] [sim/]: ***************blockId:net.minecraft.block.BlockGlass@6f1c29b7
[00:18:21] [Server thread/INFO] [sim/]: *******************ItemStack:玻璃
[00:18:21] [Server thread/INFO] [sim/]: ***************blockId:net.minecraft.block.Block@51bf5add
[00:18:21] [Server thread/INFO] [sim/]: *******************ItemStack:圆石
[00:18:21] [Server thread/INFO] [sim/]: ***************blockId:net.minecraft.block.Block@51bf5add
[00:18:21] [Server thread/INFO] [sim/]: *******************ItemStack:圆石
[00:18:21] [Server thread/INFO] [sim/]: ***************blockId:net.minecraft.block.BlockAir@1a5b6f42
[00:18:21] [Server thread/INFO] [sim/]: JobBuilder:wantItemStack 为空, wantIS 为空, blockID=net.minecraft.block.BlockAir@1a5b6f42
[00:18:21] [Server thread/INFO] [sim/]: ***************blockId:net.minecraft.block.BlockAir@1a5b6f42
[00:18:21] [Server thread/INFO] [sim/]: JobBuilder:wantItemStack 为空, wantIS 为空, blockID=net.minecraft.block.BlockAir@1a5b6f42
[00:18:21] [Server thread/INFO] [sim/]: ***************blockId:net.minecraft.block.BlockAir@1a5b6f42
[00:18:21] [Server thread/INFO] [sim/]: JobBuilder:wantItemStack 为空, wantIS 为空, blockID=net.minecraft.block.BlockAir@1a5b6f42
[00:18:21] [Server thread/INFO] [sim/]: ***************blockId:net.minecraft.block.BlockAir@1a5b6f42
[00:18:21] [Server thread/INFO] [sim/]: JobBuilder:wantItemStack 为空, wantIS 为空, blockID=net.minecraft.block.BlockAir@1a5b6f42
[00:18:21] [Server thread/INFO] [sim/]: ***************blockId:net.minecraft.block.BlockAir@1a5b6f42
[00:18:21] [Server thread/INFO] [sim/]: JobBuilder:wantItemStack 为空, wantIS 为空, blockID=net.minecraft.block.BlockAir@1a5b6f42
[00:18:21] [Server thread/INFO] [sim/]: ***************blockId:net.minecraft.block.BlockAir@1a5b6f42
[00:18:21] [Server thread/INFO] [sim/]: JobBuilder:wantItemStack 为空, wantIS 为空, blockID=net.minecraft.block.BlockAir@1a5b6f42
[00:18:21] [Server thread/INFO] [sim/]: ***************blockId:net.minecraft.block.BlockAir@1a5b6f42
[00:18:21] [Server thread/INFO] [sim/]: JobBuilder:wantItemStack 为空, wantIS 为空, blockID=net.minecraft.block.BlockAir@1a5b6f42
[00:18:21] [Server thread/INFO] [sim/]: ***************blockId:net.minecraft.block.Block@51bf5add
[00:18:21] [Server thread/INFO] [sim/]: *******************ItemStack:圆石
[00:18:21] [Server thread/INFO] [sim/]: ***************blockId:net.minecraft.block.Block@51bf5add
[00:18:21] [Server thread/INFO] [sim/]: *******************ItemStack:圆石
[00:18:21] [Server thread/INFO] [sim/]: ***************blockId:net.minecraft.block.BlockAir@1a5b6f42
[00:18:21] [Server thread/INFO] [sim/]: JobBuilder:wantItemStack 为空, wantIS 为空, blockID=net.minecraft.block.BlockAir@1a5b6f42
[00:18:21] [Server thread/INFO] [sim/]: ***************blockId:net.minecraft.block.BlockAir@1a5b6f42
[00:18:21] [Server thread/INFO] [sim/]: JobBuilder:wantItemStack 为空, wantIS 为空, blockID=net.minecraft.block.BlockAir@1a5b6f42
[00:18:21] [Server thread/INFO] [sim/]: ***************blockId:net.minecraft.block.BlockAir@1a5b6f42
[00:18:21] [Server thread/INFO] [sim/]: JobBuilder:wantItemStack 为空, wantIS 为空, blockID=net.minecraft.block.BlockAir@1a5b6f42
[00:18:21] [Server thread/INFO] [sim/]: ***************blockId:net.minecraft.block.BlockAir@1a5b6f42
[00:18:21] [Server thread/INFO] [sim/]: JobBuilder:wantItemStack 为空, wantIS 为空, blockID=net.minecraft.block.BlockAir@1a5b6f42
[00:18:21] [Server thread/INFO] [sim/]: ***************blockId:net.minecraft.block.BlockAir@1a5b6f42
[00:18:21] [Server thread/INFO] [sim/]: JobBuilder:wantItemStack 为空, wantIS 为空, blockID=net.minecraft.block.BlockAir@1a5b6f42
[00:18:21] [Server thread/INFO] [sim/]: ***************blockId:net.minecraft.block.BlockAir@1a5b6f42
[00:18:21] [Server thread/INFO] [sim/]: JobBuilder:wantItemStack 为空, wantIS 为空, blockID=net.minecraft.block.BlockAir@1a5b6f42
[00:18:21] [Server thread/INFO] [sim/]: ***************blockId:net.minecraft.block.BlockAir@1a5b6f42
[00:18:21] [Server thread/INFO] [sim/]: JobBuilder:wantItemStack 为空, wantIS 为空, blockID=net.minecraft.block.BlockAir@1a5b6f42
[00:18:21] [Server thread/INFO] [sim/]: ***************blockId:net.minecraft.block.Block@51bf5add
[00:18:21] [Server thread/INFO] [sim/]: *******************ItemStack:圆石
[00:18:21] [Server thread/INFO] [sim/]: ***************blockId:net.minecraft.block.Block@51bf5add
[00:18:21] [Server thread/INFO] [sim/]: *******************ItemStack:圆石
[00:18:21] [Server thread/INFO] [sim/]: ***************blockId:net.minecraft.block.BlockAir@1a5b6f42
[00:18:21] [Server thread/INFO] [sim/]: JobBuilder:wantItemStack 为空, wantIS 为空, blockID=net.minecraft.block.BlockAir@1a5b6f42
[00:18:21] [Server thread/INFO] [sim/]: ***************blockId:net.minecraft.block.BlockAir@1a5b6f42
[00:18:21] [Server thread/INFO] [sim/]: JobBuilder:wantItemStack 为空, wantIS 为空, blockID=net.minecraft.block.BlockAir@1a5b6f42
[00:18:21] [Server thread/INFO] [sim/]: ***************blockId:net.minecraft.block.BlockAir@1a5b6f42
[00:18:21] [Server thread/INFO] [sim/]: JobBuilder:wantItemStack 为空, wantIS 为空, blockID=net.minecraft.block.BlockAir@1a5b6f42
[00:18:21] [Server thread/INFO] [sim/]: ***************blockId:net.minecraft.block.BlockAir@1a5b6f42
[00:18:21] [Server thread/INFO] [sim/]: JobBuilder:wantItemStack 为空, wantIS 为空, blockID=net.minecraft.block.BlockAir@1a5b6f42
[00:18:21] [Server thread/INFO] [sim/]: ***************blockId:net.minecraft.block.BlockAir@1a5b6f42
[00:18:21] [Server thread/INFO] [sim/]: JobBuilder:wantItemStack 为空, wantIS 为空, blockID=net.minecraft.block.BlockAir@1a5b6f42
[00:18:21] [Server thread/INFO] [sim/]: ***************blockId:net.minecraft.block.BlockAir@1a5b6f42
[00:18:21] [Server thread/INFO] [sim/]: JobBuilder:wantItemStack 为空, wantIS 为空, blockID=net.minecraft.block.BlockAir@1a5b6f42
[00:18:21] [Server thread/INFO] [sim/]: ***************blockId:net.minecraft.block.BlockAir@1a5b6f42
[00:18:21] [Server thread/INFO] [sim/]: JobBuilder:wantItemStack 为空, wantIS 为空, blockID=net.minecraft.block.BlockAir@1a5b6f42
[00:18:21] [Server thread/INFO] [sim/]: ***************blockId:net.minecraft.block.Block@51bf5add
[00:18:21] [Server thread/INFO] [sim/]: *******************ItemStack:圆石
[00:18:21] [Server thread/INFO] [sim/]: ***************blockId:net.minecraft.block.Block@51bf5add
[00:18:21] [Server thread/INFO] [sim/]: *******************ItemStack:圆石
[00:18:21] [Server thread/INFO] [sim/]: ***************blockId:net.minecraft.block.BlockAir@1a5b6f42
[00:18:21] [Server thread/INFO] [sim/]: JobBuilder:wantItemStack 为空, wantIS 为空, blockID=net.minecraft.block.BlockAir@1a5b6f42
[00:18:21] [Server thread/INFO] [sim/]: ***************blockId:net.minecraft.block.BlockAir@1a5b6f42
[00:18:21] [Server thread/INFO] [sim/]: JobBuilder:wantItemStack 为空, wantIS 为空, blockID=net.minecraft.block.BlockAir@1a5b6f42
[00:18:21] [Server thread/INFO] [sim/]: ***************blockId:net.minecraft.block.BlockAir@1a5b6f42
[00:18:21] [Server thread/INFO] [sim/]: JobBuilder:wantItemStack 为空, wantIS 为空, blockID=net.minecraft.block.BlockAir@1a5b6f42
[00:18:21] [Server thread/INFO] [sim/]: ***************blockId:net.minecraft.block.BlockAir@1a5b6f42
[00:18:21] [Server thread/INFO] [sim/]: JobBuilder:wantItemStack 为空, wantIS 为空, blockID=net.minecraft.block.BlockAir@1a5b6f42
[00:18:21] [Server thread/INFO] [sim/]: ***************blockId:net.minecraft.block.BlockAir@1a5b6f42
[00:18:21] [Server thread/INFO] [sim/]: JobBuilder:wantItemStack 为空, wantIS 为空, blockID=net.minecraft.block.BlockAir@1a5b6f42
[00:18:21] [Server thread/INFO] [sim/]: ***************blockId:net.minecraft.block.BlockAir@1a5b6f42
[00:18:21] [Server thread/INFO] [sim/]: JobBuilder:wantItemStack 为空, wantIS 为空, blockID=net.minecraft.block.BlockAir@1a5b6f42
[00:18:21] [Server thread/INFO] [sim/]: ***************blockId:net.minecraft.block.BlockAir@1a5b6f42
[00:18:21] [Server thread/INFO] [sim/]: JobBuilder:wantItemStack 为空, wantIS 为空, blockID=net.minecraft.block.BlockAir@1a5b6f42
[00:18:21] [Server thread/INFO] [sim/]: ***************blockId:net.minecraft.block.Block@51bf5add
[00:18:21] [Server thread/INFO] [sim/]: *******************ItemStack:圆石
[00:18:21] [Server thread/INFO] [sim/]: ***************blockId:net.minecraft.block.Block@51bf5add
[00:18:21] [Server thread/INFO] [sim/]: *******************ItemStack:圆石
[00:18:21] [Server thread/INFO] [sim/]: ***************blockId:net.minecraft.block.BlockAir@1a5b6f42
[00:18:21] [Server thread/INFO] [sim/]: JobBuilder:wantItemStack 为空, wantIS 为空, blockID=net.minecraft.block.BlockAir@1a5b6f42
[00:18:21] [Server thread/INFO] [sim/]: ***************blockId:net.minecraft.block.BlockAir@1a5b6f42
[00:18:21] [Server thread/INFO] [sim/]: JobBuilder:wantItemStack 为空, wantIS 为空, blockID=net.minecraft.block.BlockAir@1a5b6f42
[00:18:21] [Server thread/INFO] [sim/]: ***************blockId:net.minecraft.block.BlockAir@1a5b6f42
[00:18:21] [Server thread/INFO] [sim/]: JobBuilder:wantItemStack 为空, wantIS 为空, blockID=net.minecraft.block.BlockAir@1a5b6f42
[00:18:21] [Server thread/INFO] [sim/]: ***************blockId:net.minecraft.block.BlockAir@1a5b6f42
[00:18:21] [Server thread/INFO] [sim/]: JobBuilder:wantItemStack 为空, wantIS 为空, blockID=net.minecraft.block.BlockAir@1a5b6f42
[00:18:21] [Server thread/DEBUG] [FML/]: Gathering id map for writing to world save 新的世界
[00:18:21] [Server thread/INFO] [sim/]: ***************blockId:net.minecraft.block.BlockAir@1a5b6f42
[00:18:21] [Server thread/INFO] [sim/]: JobBuilder:wantItemStack 为空, wantIS 为空, blockID=net.minecraft.block.BlockAir@1a5b6f42
[00:18:21] [Server thread/INFO] [sim/]: ***************blockId:net.minecraft.block.BlockAir@1a5b6f42
[00:18:21] [Server thread/INFO] [sim/]: JobBuilder:wantItemStack 为空, wantIS 为空, blockID=net.minecraft.block.BlockAir@1a5b6f42
[00:18:21] [Server thread/INFO] [sim/]: ***************blockId:net.minecraft.block.BlockAir@1a5b6f42
[00:18:21] [Server thread/INFO] [sim/]: JobBuilder:wantItemStack 为空, wantIS 为空, blockID=net.minecraft.block.BlockAir@1a5b6f42
[00:18:21] [Server thread/INFO] [sim/]: ***************blockId:net.minecraft.block.Block@51bf5add
[00:18:21] [Server thread/INFO] [sim/]: *******************ItemStack:圆石
[00:18:21] [Server thread/INFO] [sim/]: ***************blockId:net.minecraft.block.Block@51bf5add
[00:18:21] [Server thread/INFO] [sim/]: *******************ItemStack:圆石
[00:18:21] [Server thread/INFO] [sim/]: ***************blockId:net.minecraft.block.Block@51bf5add
[00:18:21] [Server thread/INFO] [sim/]: *******************ItemStack:圆石
[00:18:21] [Server thread/INFO] [sim/]: ***************blockId:net.minecraft.block.Block@51bf5add
[00:18:21] [Server thread/INFO] [sim/]: *******************ItemStack:圆石
[00:18:21] [Server thread/INFO] [sim/]: ***************blockId:net.minecraft.block.Block@51bf5add
[00:18:21] [Server thread/INFO] [sim/]: *******************ItemStack:圆石
[00:18:21] [Server thread/INFO] [sim/]: ***************blockId:net.minecraft.block.Block@51bf5add
[00:18:21] [Server thread/INFO] [sim/]: *******************ItemStack:圆石
[00:18:21] [Server thread/INFO] [sim/]: ***************blockId:net.minecraft.block.Block@51bf5add
[00:18:21] [Server thread/INFO] [sim/]: *******************ItemStack:圆石
[00:18:21] [Server thread/INFO] [sim/]: ***************blockId:net.minecraft.block.Block@51bf5add
[00:18:21] [Server thread/INFO] [sim/]: *******************ItemStack:圆石
[00:18:22] [Server thread/INFO] [sim/]: ***************blockId:net.minecraft.block.Block@51bf5add
[00:18:22] [Server thread/INFO] [sim/]: *******************ItemStack:圆石
[00:18:22] [Server thread/INFO] [sim/]: ***************blockId:net.minecraft.block.Block@51bf5add
[00:18:22] [Server thread/INFO] [sim/]: *******************ItemStack:圆石
[00:18:22] [Server thread/INFO] [sim/]: ***************blockId:net.minecraft.block.BlockAir@1a5b6f42
[00:18:22] [Server thread/INFO] [sim/]: JobBuilder:wantItemStack 为空, wantIS 为空, blockID=net.minecraft.block.BlockAir@1a5b6f42
[00:18:22] [Server thread/INFO] [sim/]: ***************blockId:net.minecraft.block.BlockAir@1a5b6f42
[00:18:22] [Server thread/INFO] [sim/]: JobBuilder:wantItemStack 为空, wantIS 为空, blockID=net.minecraft.block.BlockAir@1a5b6f42
[00:18:22] [Server thread/INFO] [sim/]: ***************blockId:net.minecraft.block.BlockAir@1a5b6f42
[00:18:22] [Server thread/INFO] [sim/]: JobBuilder:wantItemStack 为空, wantIS 为空, blockID=net.minecraft.block.BlockAir@1a5b6f42
[00:18:22] [Server thread/INFO] [sim/]: ***************blockId:net.minecraft.block.BlockAir@1a5b6f42
[00:18:22] [Server thread/INFO] [sim/]: JobBuilder:wantItemStack 为空, wantIS 为空, blockID=net.minecraft.block.BlockAir@1a5b6f42
[00:18:22] [Server thread/INFO] [sim/]: ***************blockId:net.minecraft.block.BlockAir@1a5b6f42
[00:18:22] [Server thread/INFO] [sim/]: JobBuilder:wantItemStack 为空, wantIS 为空, blockID=net.minecraft.block.BlockAir@1a5b6f42
[00:18:22] [Server thread/INFO] [sim/]: ***************blockId:net.minecraft.block.BlockAir@1a5b6f42
[00:18:22] [Server thread/INFO] [sim/]: JobBuilder:wantItemStack 为空, wantIS 为空, blockID=net.minecraft.block.BlockAir@1a5b6f42
[00:18:22] [Server thread/INFO] [sim/]: ***************blockId:net.minecraft.block.BlockAir@1a5b6f42
[00:18:22] [Server thread/INFO] [sim/]: JobBuilder:wantItemStack 为空, wantIS 为空, blockID=net.minecraft.block.BlockAir@1a5b6f42
[00:18:22] [Server thread/INFO] [sim/]: ***************blockId:net.minecraft.block.BlockAir@1a5b6f42
[00:18:22] [Server thread/INFO] [sim/]: JobBuilder:wantItemStack 为空, wantIS 为空, blockID=net.minecraft.block.BlockAir@1a5b6f42
[00:18:22] [Server thread/INFO] [sim/]: ***************blockId:net.minecraft.block.BlockAir@1a5b6f42
[00:18:22] [Server thread/INFO] [sim/]: JobBuilder:wantItemStack 为空, wantIS 为空, blockID=net.minecraft.block.BlockAir@1a5b6f42
[00:18:22] [Server thread/INFO] [sim/]: ***************blockId:net.minecraft.block.Block@51bf5add
[00:18:22] [Server thread/INFO] [sim/]: *******************ItemStack:圆石
[00:18:22] [Server thread/INFO] [sim/]: ***************blockId:net.minecraft.block.BlockWood@13d9cbf5
[00:18:22] [Server thread/INFO] [sim/]: *******************ItemStack:橡木木板
[00:18:22] [Server thread/INFO] [sim/]: ***************blockId:net.minecraft.block.BlockWood@13d9cbf5
[00:18:22] [Server thread/INFO] [sim/]: *******************ItemStack:橡木木板
[00:18:22] [Server thread/INFO] [sim/]: ***************blockId:net.minecraft.block.BlockWood@13d9cbf5
[00:18:22] [Server thread/INFO] [sim/]: *******************ItemStack:橡木木板
[00:18:22] [Server thread/INFO] [sim/]: ***************blockId:net.minecraft.block.BlockWood@13d9cbf5
[00:18:22] [Server thread/INFO] [sim/]: *******************ItemStack:橡木木板
[00:18:22] [Server thread/INFO] [sim/]: ***************blockId:net.minecraft.block.BlockGlass@6f1c29b7
[00:18:22] [Server thread/INFO] [sim/]: *******************ItemStack:玻璃
[00:18:22] [Server thread/INFO] [sim/]: ***************blockId:net.minecraft.block.BlockGlass@6f1c29b7
[00:18:22] [Server thread/INFO] [sim/]: *******************ItemStack:玻璃
[00:18:22] [Server thread/INFO] [sim/]: ***************blockId:net.minecraft.block.BlockGlass@6f1c29b7
[00:18:22] [Server thread/INFO] [sim/]: *******************ItemStack:玻璃
[00:18:22] [Server thread/INFO] [sim/]: ***************blockId:net.minecraft.block.Block@51bf5add
[00:18:22] [Server thread/INFO] [sim/]: *******************ItemStack:圆石
[00:18:22] [Server thread/INFO] [sim/]: ***************blockId:net.minecraft.block.Block@51bf5add
[00:18:22] [Server thread/INFO] [sim/]: *******************ItemStack:圆石
[00:18:22] [Server thread/INFO] [sim/]: ***************blockId:net.minecraft.block.BlockTorch@57ad2aa7
[00:18:22] [Server thread/INFO] [sim/]: *******************ItemStack:火把
[00:18:22] [Server thread/INFO] [sim/]: ***************blockId:net.minecraft.block.BlockAir@1a5b6f42
[00:18:22] [Server thread/INFO] [sim/]: JobBuilder:wantItemStack 为空, wantIS 为空, blockID=net.minecraft.block.BlockAir@1a5b6f42
[00:18:22] [Server thread/INFO] [sim/]: ***************blockId:net.minecraft.block.BlockAir@1a5b6f42
[00:18:22] [Server thread/INFO] [sim/]: JobBuilder:wantItemStack 为空, wantIS 为空, blockID=net.minecraft.block.BlockAir@1a5b6f42
[00:18:22] [Server thread/INFO] [sim/]: ***************blockId:net.minecraft.block.BlockAir@1a5b6f42
[00:18:22] [Server thread/INFO] [sim/]: JobBuilder:wantItemStack 为空, wantIS 为空, blockID=net.minecraft.block.BlockAir@1a5b6f42
[00:18:22] [Server thread/INFO] [sim/]: ***************blockId:net.minecraft.block.BlockAir@1a5b6f42
[00:18:22] [Server thread/INFO] [sim/]: JobBuilder:wantItemStack 为空, wantIS 为空, blockID=net.minecraft.block.BlockAir@1a5b6f42
[00:18:22] [Server thread/INFO] [sim/]: ***************blockId:net.minecraft.block.BlockAir@1a5b6f42
[00:18:22] [Server thread/INFO] [sim/]: JobBuilder:wantItemStack 为空, wantIS 为空, blockID=net.minecraft.block.BlockAir@1a5b6f42
[00:18:22] [Server thread/INFO] [sim/]: ***************blockId:net.minecraft.block.BlockTorch@57ad2aa7
[00:18:22] [Server thread/INFO] [sim/]: *******************ItemStack:火把
[00:18:23] [Server thread/INFO] [sim/]: ***************blockId:net.minecraft.block.Block@51bf5add
[00:18:23] [Server thread/INFO] [sim/]: *******************ItemStack:圆石
[00:18:23] [Server thread/INFO] [sim/]: ***************blockId:net.minecraft.block.Block@51bf5add
[00:18:23] [Server thread/INFO] [sim/]: *******************ItemStack:圆石
[00:18:23] [Server thread/INFO] [sim/]: ***************blockId:net.minecraft.block.BlockAir@1a5b6f42
[00:18:23] [Server thread/INFO] [sim/]: JobBuilder:wantItemStack 为空, wantIS 为空, blockID=net.minecraft.block.BlockAir@1a5b6f42
[00:18:23] [Server thread/INFO] [sim/]: ***************blockId:net.minecraft.block.BlockAir@1a5b6f42
[00:18:23] [Server thread/INFO] [sim/]: JobBuilder:wantItemStack 为空, wantIS 为空, blockID=net.minecraft.block.BlockAir@1a5b6f42
[00:18:23] [Server thread/INFO] [sim/]: ***************blockId:net.minecraft.block.BlockAir@1a5b6f42
[00:18:23] [Server thread/INFO] [sim/]: JobBuilder:wantItemStack 为空, wantIS 为空, blockID=net.minecraft.block.BlockAir@1a5b6f42
[00:18:23] [Server thread/INFO] [sim/]: ***************blockId:net.minecraft.block.BlockAir@1a5b6f42
[00:18:23] [Server thread/INFO] [sim/]: JobBuilder:wantItemStack 为空, wantIS 为空, blockID=net.minecraft.block.BlockAir@1a5b6f42
[00:18:23] [Server thread/INFO] [sim/]: ***************blockId:net.minecraft.block.BlockAir@1a5b6f42
[00:18:23] [Server thread/INFO] [sim/]: JobBuilder:wantItemStack 为空, wantIS 为空, blockID=net.minecraft.block.BlockAir@1a5b6f42
[00:18:23] [Server thread/INFO] [sim/]: ***************blockId:net.minecraft.block.BlockAir@1a5b6f42
[00:18:23] [Server thread/INFO] [sim/]: JobBuilder:wantItemStack 为空, wantIS 为空, blockID=net.minecraft.block.BlockAir@1a5b6f42
[00:18:23] [Server thread/INFO] [sim/]: ***************blockId:net.minecraft.block.BlockAir@1a5b6f42
[00:18:23] [Server thread/INFO] [sim/]: JobBuilder:wantItemStack 为空, wantIS 为空, blockID=net.minecraft.block.BlockAir@1a5b6f42
[00:18:23] [Server thread/INFO] [sim/]: ***************blockId:net.minecraft.block.Block@51bf5add
[00:18:23] [Server thread/INFO] [sim/]: *******************ItemStack:圆石
[00:18:23] [Server thread/INFO] [sim/]: ***************blockId:net.minecraft.block.Block@51bf5add
[00:18:23] [Server thread/INFO] [sim/]: *******************ItemStack:圆石
[00:18:23] [Server thread/INFO] [sim/]: ***************blockId:net.minecraft.block.BlockAir@1a5b6f42
[00:18:23] [Server thread/INFO] [sim/]: JobBuilder:wantItemStack 为空, wantIS 为空, blockID=net.minecraft.block.BlockAir@1a5b6f42
[00:18:23] [Server thread/INFO] [sim/]: ***************blockId:net.minecraft.block.BlockAir@1a5b6f42
[00:18:23] [Server thread/INFO] [sim/]: JobBuilder:wantItemStack 为空, wantIS 为空, blockID=net.minecraft.block.BlockAir@1a5b6f42
[00:18:23] [Server thread/INFO] [sim/]: ***************blockId:net.minecraft.block.BlockAir@1a5b6f42
[00:18:23] [Server thread/INFO] [sim/]: JobBuilder:wantItemStack 为空, wantIS 为空, blockID=net.minecraft.block.BlockAir@1a5b6f42
[00:18:23] [Server thread/INFO] [sim/]: ***************blockId:net.minecraft.block.BlockAir@1a5b6f42
[00:18:23] [Server thread/INFO] [sim/]: JobBuilder:wantItemStack 为空, wantIS 为空, blockID=net.minecraft.block.BlockAir@1a5b6f42
[00:18:23] [Server thread/INFO] [sim/]: ***************blockId:net.minecraft.block.BlockAir@1a5b6f42
[00:18:23] [Server thread/INFO] [sim/]: JobBuilder:wantItemStack 为空, wantIS 为空, blockID=net.minecraft.block.BlockAir@1a5b6f42
[00:18:23] [Server thread/INFO] [sim/]: ***************blockId:net.minecraft.block.BlockAir@1a5b6f42
[00:18:23] [Server thread/INFO] [sim/]: JobBuilder:wantItemStack 为空, wantIS 为空, blockID=net.minecraft.block.BlockAir@1a5b6f42
[00:18:23] [Server thread/INFO] [sim/]: ***************blockId:net.minecraft.block.BlockAir@1a5b6f42
[00:18:23] [Server thread/INFO] [sim/]: JobBuilder:wantItemStack 为空, wantIS 为空, blockID=net.minecraft.block.BlockAir@1a5b6f42
[00:18:23] [Server thread/INFO] [sim/]: ***************blockId:net.minecraft.block.Block@51bf5add
[00:18:23] [Server thread/INFO] [sim/]: *******************ItemStack:圆石
[00:18:23] [Server thread/INFO] [sim/]: ***************blockId:net.minecraft.block.Block@51bf5add
[00:18:23] [Server thread/INFO] [sim/]: *******************ItemStack:圆石
[00:18:23] [Server thread/INFO] [sim/]: ***************blockId:net.minecraft.block.BlockAir@1a5b6f42
[00:18:23] [Server thread/INFO] [sim/]: JobBuilder:wantItemStack 为空, wantIS 为空, blockID=net.minecraft.block.BlockAir@1a5b6f42
[00:18:23] [Server thread/INFO] [sim/]: ***************blockId:net.minecraft.block.BlockAir@1a5b6f42
[00:18:23] [Server thread/INFO] [sim/]: JobBuilder:wantItemStack 为空, wantIS 为空, blockID=net.minecraft.block.BlockAir@1a5b6f42
[00:18:23] [Server thread/INFO] [sim/]: ***************blockId:net.minecraft.block.BlockAir@1a5b6f42
[00:18:23] [Server thread/INFO] [sim/]: JobBuilder:wantItemStack 为空, wantIS 为空, blockID=net.minecraft.block.BlockAir@1a5b6f42
[00:18:23] [Server thread/INFO] [sim/]: ***************blockId:net.minecraft.block.BlockAir@1a5b6f42
[00:18:23] [Server thread/INFO] [sim/]: JobBuilder:wantItemStack 为空, wantIS 为空, blockID=net.minecraft.block.BlockAir@1a5b6f42
[00:18:23] [Server thread/INFO] [sim/]: ***************blockId:net.minecraft.block.BlockAir@1a5b6f42
[00:18:23] [Server thread/INFO] [sim/]: JobBuilder:wantItemStack 为空, wantIS 为空, blockID=net.minecraft.block.BlockAir@1a5b6f42
[00:18:23] [Server thread/INFO] [sim/]: ***************blockId:net.minecraft.block.BlockAir@1a5b6f42
[00:18:23] [Server thread/INFO] [sim/]: JobBuilder:wantItemStack 为空, wantIS 为空, blockID=net.minecraft.block.BlockAir@1a5b6f42
[00:18:23] [Server thread/INFO] [sim/]: ***************blockId:net.minecraft.block.BlockAir@1a5b6f42
[00:18:23] [Server thread/INFO] [sim/]: JobBuilder:wantItemStack 为空, wantIS 为空, blockID=net.minecraft.block.BlockAir@1a5b6f42
[00:18:23] [Server thread/INFO] [sim/]: ***************blockId:net.minecraft.block.Block@51bf5add
[00:18:23] [Server thread/INFO] [sim/]: *******************ItemStack:圆石
[00:18:23] [Server thread/INFO] [sim/]: ***************blockId:net.minecraft.block.Block@51bf5add
[00:18:23] [Server thread/INFO] [sim/]: *******************ItemStack:圆石
[00:18:23] [Server thread/INFO] [sim/]: ***************blockId:net.minecraft.block.BlockTorch@57ad2aa7
[00:18:23] [Server thread/INFO] [sim/]: *******************ItemStack:火把
[00:18:23] [Server thread/INFO] [sim/]: ***************blockId:net.minecraft.block.BlockAir@1a5b6f42
[00:18:23] [Server thread/INFO] [sim/]: JobBuilder:wantItemStack 为空, wantIS 为空, blockID=net.minecraft.block.BlockAir@1a5b6f42
[00:18:23] [Server thread/INFO] [sim/]: ***************blockId:net.minecraft.block.BlockAir@1a5b6f42
[00:18:23] [Server thread/INFO] [sim/]: JobBuilder:wantItemStack 为空, wantIS 为空, blockID=net.minecraft.block.BlockAir@1a5b6f42
[00:18:23] [Server thread/INFO] [sim/]: ***************blockId:net.minecraft.block.BlockAir@1a5b6f42
[00:18:23] [Server thread/INFO] [sim/]: JobBuilder:wantItemStack 为空, wantIS 为空, blockID=net.minecraft.block.BlockAir@1a5b6f42
[00:18:23] [Server thread/INFO] [sim/]: ***************blockId:net.minecraft.block.BlockAir@1a5b6f42
[00:18:23] [Server thread/INFO] [sim/]: JobBuilder:wantItemStack 为空, wantIS 为空, blockID=net.minecraft.block.BlockAir@1a5b6f42
[00:18:23] [Server thread/INFO] [sim/]: ***************blockId:net.minecraft.block.BlockAir@1a5b6f42
[00:18:23] [Server thread/INFO] [sim/]: JobBuilder:wantItemStack 为空, wantIS 为空, blockID=net.minecraft.block.BlockAir@1a5b6f42
[00:18:23] [Server thread/INFO] [sim/]: ***************blockId:net.minecraft.block.BlockTorch@57ad2aa7
[00:18:23] [Server thread/INFO] [sim/]: *******************ItemStack:火把
[00:18:23] [Server thread/INFO] [sim/]: ***************blockId:net.minecraft.block.Block@51bf5add
[00:18:23] [Server thread/INFO] [sim/]: *******************ItemStack:圆石
[00:18:23] [Server thread/INFO] [sim/]: ***************blockId:net.minecraft.block.Block@51bf5add
[00:18:23] [Server thread/INFO] [sim/]: *******************ItemStack:圆石
[00:18:23] [Server thread/INFO] [sim/]: ***************blockId:net.minecraft.block.Block@51bf5add
[00:18:23] [Server thread/INFO] [sim/]: *******************ItemStack:圆石
[00:18:23] [Server thread/INFO] [sim/]: ***************blockId:net.minecraft.block.Block@51bf5add
[00:18:23] [Server thread/INFO] [sim/]: *******************ItemStack:圆石
[00:18:23] [Server thread/INFO] [sim/]: ***************blockId:net.minecraft.block.Block@51bf5add
[00:18:23] [Server thread/INFO] [sim/]: *******************ItemStack:圆石
[00:18:23] [Server thread/INFO] [sim/]: ***************blockId:net.minecraft.block.Block@51bf5add
[00:18:23] [Server thread/INFO] [sim/]: *******************ItemStack:圆石
[00:18:23] [Server thread/INFO] [sim/]: ***************blockId:net.minecraft.block.Block@51bf5add
[00:18:23] [Server thread/INFO] [sim/]: *******************ItemStack:圆石
[00:18:23] [Server thread/INFO] [sim/]: ***************blockId:net.minecraft.block.Block@51bf5add
[00:18:23] [Server thread/INFO] [sim/]: *******************ItemStack:圆石
[00:18:23] [Server thread/INFO] [sim/]: ***************blockId:net.minecraft.block.Block@51bf5add
[00:18:23] [Server thread/INFO] [sim/]: *******************ItemStack:圆石
[00:18:23] [Server thread/INFO] [sim/]: ***************blockId:net.minecraft.block.Block@51bf5add
[00:18:23] [Server thread/INFO] [sim/]: *******************ItemStack:圆石
[00:18:23] [Server thread/INFO] [sim/]: ***************blockId:net.minecraft.block.BlockStoneSlab@4b34fff9
[00:18:23] [Server thread/INFO] [sim/]: *******************ItemStack:石台阶
[00:18:23] [Server thread/INFO] [sim/]: ***************blockId:net.minecraft.block.BlockStoneSlab@4b34fff9
[00:18:23] [Server thread/INFO] [sim/]: *******************ItemStack:石台阶
[00:18:23] [Server thread/INFO] [sim/]: ***************blockId:net.minecraft.block.BlockStoneSlab@4b34fff9
[00:18:23] [Server thread/INFO] [sim/]: *******************ItemStack:石台阶
[00:18:24] [Server thread/INFO] [sim/]: ***************blockId:net.minecraft.block.BlockStoneSlab@4b34fff9
[00:18:24] [Server thread/INFO] [sim/]: *******************ItemStack:石台阶
[00:18:24] [Server thread/INFO] [sim/]: ***************blockId:net.minecraft.block.BlockStoneSlab@4b34fff9
[00:18:24] [Server thread/INFO] [sim/]: *******************ItemStack:石台阶
[00:18:24] [Server thread/INFO] [sim/]: ***************blockId:net.minecraft.block.BlockStoneSlab@4b34fff9
[00:18:24] [Server thread/INFO] [sim/]: *******************ItemStack:石台阶
[00:18:24] [Server thread/INFO] [sim/]: ***************blockId:net.minecraft.block.BlockStoneSlab@4b34fff9
[00:18:24] [Server thread/INFO] [sim/]: *******************ItemStack:石台阶
[00:18:24] [Server thread/INFO] [sim/]: ***************blockId:net.minecraft.block.BlockStoneSlab@4b34fff9
[00:18:24] [Server thread/INFO] [sim/]: *******************ItemStack:石台阶
[00:18:24] [Server thread/INFO] [sim/]: ***************blockId:net.minecraft.block.BlockStoneSlab@4b34fff9
[00:18:24] [Server thread/INFO] [sim/]: *******************ItemStack:石台阶
[00:18:24] [Server thread/INFO] [sim/]: ***************blockId:net.minecraft.block.Block@51bf5add
[00:18:24] [Server thread/INFO] [sim/]: *******************ItemStack:圆石
[00:18:24] [Server thread/INFO] [sim/]: ***************blockId:net.minecraft.block.Block@51bf5add
[00:18:24] [Server thread/INFO] [sim/]: *******************ItemStack:圆石
[00:18:24] [Server thread/INFO] [sim/]: ***************blockId:net.minecraft.block.Block@51bf5add
[00:18:24] [Server thread/INFO] [sim/]: *******************ItemStack:圆石
[00:18:24] [Server thread/INFO] [sim/]: ***************blockId:net.minecraft.block.Block@51bf5add
[00:18:24] [Server thread/INFO] [sim/]: *******************ItemStack:圆石
[00:18:24] [Server thread/INFO] [sim/]: ***************blockId:net.minecraft.block.Block@51bf5add
[00:18:24] [Server thread/INFO] [sim/]: *******************ItemStack:圆石
[00:18:24] [Server thread/INFO] [sim/]: ***************blockId:net.minecraft.block.Block@51bf5add
[00:18:24] [Server thread/INFO] [sim/]: *******************ItemStack:圆石
[00:18:24] [Server thread/INFO] [sim/]: ***************blockId:net.minecraft.block.Block@51bf5add
[00:18:24] [Server thread/INFO] [sim/]: *******************ItemStack:圆石
[00:18:24] [Server thread/INFO] [sim/]: ***************blockId:net.minecraft.block.Block@51bf5add
[00:18:24] [Server thread/INFO] [sim/]: *******************ItemStack:圆石
[00:18:24] [Server thread/INFO] [sim/]: ***************blockId:net.minecraft.block.Block@51bf5add
[00:18:24] [Server thread/INFO] [sim/]: *******************ItemStack:圆石
[00:18:24] [Server thread/INFO] [sim/]: ***************blockId:net.minecraft.block.Block@51bf5add
[00:18:24] [Server thread/INFO] [sim/]: *******************ItemStack:圆石
[00:18:24] [Server thread/INFO] [sim/]: ***************blockId:net.minecraft.block.Block@51bf5add
[00:18:24] [Server thread/INFO] [sim/]: *******************ItemStack:圆石
[00:18:24] [Server thread/INFO] [sim/]: ***************blockId:net.minecraft.block.Block@51bf5add
[00:18:24] [Server thread/INFO] [sim/]: *******************ItemStack:圆石
[00:18:24] [Server thread/INFO] [sim/]: ***************blockId:net.minecraft.block.Block@51bf5add
[00:18:24] [Server thread/INFO] [sim/]: *******************ItemStack:圆石
[00:18:24] [Server thread/INFO] [sim/]: ***************blockId:net.minecraft.block.Block@51bf5add
[00:18:24] [Server thread/INFO] [sim/]: *******************ItemStack:圆石
[00:18:24] [Server thread/INFO] [sim/]: ***************blockId:net.minecraft.block.Block@51bf5add
[00:18:24] [Server thread/INFO] [sim/]: *******************ItemStack:圆石
[00:18:24] [Server thread/INFO] [sim/]: ***************blockId:net.minecraft.block.Block@51bf5add
[00:18:24] [Server thread/INFO] [sim/]: *******************ItemStack:圆石
[00:18:24] [Server thread/INFO] [sim/]: ***************blockId:net.minecraft.block.Block@51bf5add
[00:18:24] [Server thread/INFO] [sim/]: *******************ItemStack:圆石
[00:18:24] [Server thread/INFO] [sim/]: ***************blockId:net.minecraft.block.Block@51bf5add
[00:18:24] [Server thread/INFO] [sim/]: *******************ItemStack:圆石
[00:18:24] [Server thread/INFO] [sim/]: ***************blockId:net.minecraft.block.Block@51bf5add
[00:18:24] [Server thread/INFO] [sim/]: *******************ItemStack:圆石
[00:18:24] [Server thread/INFO] [sim/]: ***************blockId:net.minecraft.block.Block@51bf5add
[00:18:24] [Server thread/INFO] [sim/]: *******************ItemStack:圆石
[00:18:24] [Server thread/INFO] [sim/]: ***************blockId:net.minecraft.block.Block@51bf5add
[00:18:24] [Server thread/INFO] [sim/]: *******************ItemStack:圆石
[00:18:24] [Server thread/INFO] [sim/]: ***************blockId:net.minecraft.block.Block@51bf5add
[00:18:24] [Server thread/INFO] [sim/]: *******************ItemStack:圆石
[00:18:24] [Server thread/INFO] [sim/]: ***************blockId:net.minecraft.block.Block@51bf5add
[00:18:24] [Server thread/INFO] [sim/]: *******************ItemStack:圆石
[00:18:24] [Server thread/INFO] [sim/]: ***************blockId:net.minecraft.block.Block@51bf5add
[00:18:24] [Server thread/INFO] [sim/]: *******************ItemStack:圆石
[00:18:24] [Server thread/INFO] [sim/]: ***************blockId:net.minecraft.block.Block@51bf5add
[00:18:24] [Server thread/INFO] [sim/]: *******************ItemStack:圆石
[00:18:24] [Server thread/INFO] [sim/]: ***************blockId:net.minecraft.block.Block@51bf5add
[00:18:24] [Server thread/INFO] [sim/]: *******************ItemStack:圆石
[00:18:24] [Server thread/INFO] [sim/]: ***************blockId:net.minecraft.block.Block@51bf5add
[00:18:24] [Server thread/INFO] [sim/]: *******************ItemStack:圆石
[00:18:24] [Server thread/INFO] [sim/]: ***************blockId:net.minecraft.block.Block@51bf5add
[00:18:24] [Server thread/INFO] [sim/]: *******************ItemStack:圆石
[00:18:24] [Server thread/INFO] [sim/]: ***************blockId:net.minecraft.block.Block@51bf5add
[00:18:24] [Server thread/INFO] [sim/]: *******************ItemStack:圆石
[00:18:24] [Server thread/INFO] [sim/]: ***************blockId:net.minecraft.block.Block@51bf5add
[00:18:24] [Server thread/INFO] [sim/]: *******************ItemStack:圆石
[00:18:24] [Server thread/INFO] [sim/]: ***************blockId:net.minecraft.block.Block@51bf5add
[00:18:24] [Server thread/INFO] [sim/]: *******************ItemStack:圆石
[00:18:24] [Server thread/INFO] [sim/]: ***************blockId:net.minecraft.block.Block@51bf5add
[00:18:24] [Server thread/INFO] [sim/]: *******************ItemStack:圆石
[00:18:24] [Server thread/INFO] [sim/]: ***************blockId:net.minecraft.block.Block@51bf5add
[00:18:24] [Server thread/INFO] [sim/]: *******************ItemStack:圆石
[00:18:24] [Server thread/INFO] [sim/]: ***************blockId:net.minecraft.block.Block@51bf5add
[00:18:24] [Server thread/INFO] [sim/]: *******************ItemStack:圆石
[00:18:24] [Server thread/INFO] [sim/]: ***************blockId:net.minecraft.block.Block@51bf5add
[00:18:24] [Server thread/INFO] [sim/]: *******************ItemStack:圆石
[00:18:24] [Server thread/INFO] [sim/]: ***************blockId:net.minecraft.block.Block@51bf5add
[00:18:24] [Server thread/INFO] [sim/]: *******************ItemStack:圆石
[00:18:24] [Server thread/INFO] [sim/]: ***************blockId:net.minecraft.block.Block@51bf5add
[00:18:24] [Server thread/INFO] [sim/]: *******************ItemStack:圆石
[00:18:24] [Server thread/INFO] [sim/]: ***************blockId:net.minecraft.block.Block@51bf5add
[00:18:24] [Server thread/INFO] [sim/]: *******************ItemStack:圆石
[00:18:24] [Server thread/INFO] [sim/]: ***************blockId:net.minecraft.block.Block@51bf5add
[00:18:24] [Server thread/INFO] [sim/]: *******************ItemStack:圆石
[00:18:24] [Server thread/INFO] [sim/]: ***************blockId:net.minecraft.block.Block@51bf5add
[00:18:24] [Server thread/INFO] [sim/]: *******************ItemStack:圆石
[00:18:24] [Server thread/INFO] [sim/]: ***************blockId:net.minecraft.block.Block@51bf5add
[00:18:24] [Server thread/INFO] [sim/]: *******************ItemStack:圆石
[00:18:24] [Server thread/INFO] [sim/]: ***************blockId:net.minecraft.block.Block@51bf5add
[00:18:24] [Server thread/INFO] [sim/]: *******************ItemStack:圆石
[00:18:24] [Server thread/INFO] [sim/]: ***************blockId:net.minecraft.block.Block@51bf5add
[00:18:24] [Server thread/INFO] [sim/]: *******************ItemStack:圆石
[00:18:24] [Server thread/INFO] [sim/]: ***************blockId:net.minecraft.block.Block@51bf5add
[00:18:24] [Server thread/INFO] [sim/]: *******************ItemStack:圆石
[00:18:24] [Server thread/INFO] [sim/]: ***************blockId:net.minecraft.block.Block@51bf5add
[00:18:24] [Server thread/INFO] [sim/]: *******************ItemStack:圆石
[00:18:24] [Server thread/INFO] [sim/]: ***************blockId:net.minecraft.block.Block@51bf5add
[00:18:24] [Server thread/INFO] [sim/]: *******************ItemStack:圆石
[00:18:24] [Server thread/INFO] [sim/]: ***************blockId:net.minecraft.block.Block@51bf5add
[00:18:24] [Server thread/INFO] [sim/]: *******************ItemStack:圆石
[00:18:24] [Server thread/INFO] [sim/]: ***************blockId:net.minecraft.block.Block@51bf5add
[00:18:24] [Server thread/INFO] [sim/]: *******************ItemStack:圆石
[00:18:24] [Server thread/INFO] [sim/]: ***************blockId:net.minecraft.block.Block@51bf5add
[00:18:24] [Server thread/INFO] [sim/]: *******************ItemStack:圆石
[00:18:24] [Server thread/INFO] [sim/]: ***************blockId:net.minecraft.block.Block@51bf5add
[00:18:24] [Server thread/INFO] [sim/]: *******************ItemStack:圆石
[00:18:24] [Server thread/INFO] [sim/]: ***************blockId:net.minecraft.block.Block@51bf5add
[00:18:24] [Server thread/INFO] [sim/]: *******************ItemStack:圆石
[00:18:24] [Server thread/INFO] [sim/]: ***************blockId:net.minecraft.block.Block@51bf5add
[00:18:24] [Server thread/INFO] [sim/]: *******************ItemStack:圆石
[00:18:24] [Server thread/INFO] [sim/]: ***************blockId:net.minecraft.block.Block@51bf5add
[00:18:24] [Server thread/INFO] [sim/]: *******************ItemStack:圆石
[00:18:24] [Server thread/INFO] [sim/]: ***************blockId:net.minecraft.block.Block@51bf5add
[00:18:24] [Server thread/INFO] [sim/]: *******************ItemStack:圆石
[00:18:24] [Server thread/INFO] [sim/]: ***************blockId:net.minecraft.block.Block@51bf5add
[00:18:24] [Server thread/INFO] [sim/]: *******************ItemStack:圆石
[00:18:24] [Server thread/INFO] [sim/]: ***************blockId:net.minecraft.block.Block@51bf5add
[00:18:24] [Server thread/INFO] [sim/]: *******************ItemStack:圆石
[00:18:24] [Server thread/INFO] [sim/]: ***************blockId:net.minecraft.block.Block@51bf5add
[00:18:24] [Server thread/INFO] [sim/]: *******************ItemStack:圆石
[00:18:24] [Server thread/INFO] [sim/]: ***************blockId:net.minecraft.block.Block@51bf5add
[00:18:24] [Server thread/INFO] [sim/]: *******************ItemStack:圆石
[00:18:24] [Server thread/INFO] [sim/]: ***************blockId:net.minecraft.block.Block@51bf5add
[00:18:24] [Server thread/INFO] [sim/]: *******************ItemStack:圆石
[00:18:24] [Server thread/INFO] [sim/]: ***************blockId:net.minecraft.block.Block@51bf5add
[00:18:24] [Server thread/INFO] [sim/]: *******************ItemStack:圆石
[00:18:24] [Server thread/INFO] [sim/]: ***************blockId:net.minecraft.block.Block@51bf5add
[00:18:24] [Server thread/INFO] [sim/]: *******************ItemStack:圆石
[00:18:24] [Server thread/INFO] [sim/]: ***************blockId:net.minecraft.block.Block@51bf5add
[00:18:24] [Server thread/INFO] [sim/]: *******************ItemStack:圆石
[00:18:24] [Server thread/INFO] [sim/]: ***************blockId:net.minecraft.block.Block@51bf5add
[00:18:24] [Server thread/INFO] [sim/]: *******************ItemStack:圆石
[00:18:24] [Server thread/INFO] [sim/]: FolkData: selfFire() Sharron Brandybuck
[00:18:29] [Client thread/INFO] [sim/]: EntityConBox: 建筑完成后移除conBox
[00:18:29] [Server thread/INFO] [sim/]: EntityConBox: 建筑完成后移除conBox
[00:18:49] [Server thread/INFO] [sim/]: FolkData:onUpdate() Tammie Arsing 徘徊在 Repaired House 2.0 个街区之外。
[00:18:49] [Server thread/INFO] [sim/]: FolkData: GOTOXYZ() for Tammie Arsing to 250,6,-1489,0 - Method:Walking DIM:0
[00:18:49] [Server thread/INFO] [sim/]: FolkData: GOTOXYZ() for Sharron Brandybuck to 250,6,-1489,0 - Method:Walking DIM:0
[00:18:51] [Server thread/INFO] [sim/]: FolkData:onUpdate() 漫游命令 Sharron Brandybuck to 246,255,-1477,0
[00:18:51] [Server thread/INFO] [sim/]: FolkData: GOTOXYZ() for Sharron Brandybuck to 246,255,-1477,0 - Method:Walking DIM:0
[00:18:53] [Server thread/INFO] [sim/]: GameStates: saveStates() called BOTH sides, 金额存储为 9991.012
[00:18:53] [Server thread/INFO] [sim/]: 建筑物.saveAllBuildings 3 建筑
[00:18:53] [Server thread/INFO] [sim/]: CTH: 将游戏数据保存在 3 ms
[00:19:03] [Server thread/DEBUG] [FML/]: Gathering id map for writing to world save 新的世界
[00:19:04] [Server thread/TRACE] [mcp/mcp]: Sending event FMLServerStoppingEvent to mod mcp
[00:19:04] [Server thread/TRACE] [mcp/mcp]: Sent event FMLServerStoppingEvent to mod mcp
[00:19:04] [Server thread/DEBUG] [FML/]: Bar Step: ServerStopping - Minecraft Coder Pack took 0.000s
[00:19:04] [Server thread/TRACE] [FML/FML]: Sending event FMLServerStoppingEvent to mod FML
[00:19:04] [Server thread/TRACE] [FML/FML]: Sent event FMLServerStoppingEvent to mod FML
[00:19:04] [Server thread/DEBUG] [FML/]: Bar Step: ServerStopping - Forge Mod Loader took 0.000s
[00:19:04] [Server thread/TRACE] [Forge/Forge]: Sending event FMLServerStoppingEvent to mod Forge
[00:19:04] [Server thread/TRACE] [Forge/Forge]: Sent event FMLServerStoppingEvent to mod Forge
[00:19:04] [Server thread/DEBUG] [FML/]: Bar Step: ServerStopping - Minecraft Forge took 0.000s
[00:19:04] [Server thread/TRACE] [sim/sim]: Sending event FMLServerStoppingEvent to mod sim
[00:19:04] [Server thread/TRACE] [sim/sim]: Sent event FMLServerStoppingEvent to mod sim
[00:19:04] [Server thread/DEBUG] [FML/]: Bar Step: ServerStopping - Simulated town took 0.000s
[00:19:04] [Server thread/DEBUG] [FML/]: Bar Finished: ServerStopping took 0.001s
[00:19:04] [Server thread/DEBUG] [FML/]: Gathering id map for writing to world save 新的世界
[00:19:04] [Server thread/INFO] [FML/]: Unloading dimension 0
[00:19:04] [Server thread/INFO] [FML/]: Unloading dimension -1
[00:19:04] [Server thread/INFO] [FML/]: Unloading dimension 1
[00:19:04] [Server thread/DEBUG] [FML/]: Reverting to frozen data state.
[00:19:04] [Server thread/TRACE] [mcp/mcp]: Sending event FMLModIdMappingEvent to mod mcp
[00:19:04] [Server thread/TRACE] [mcp/mcp]: Sent event FMLModIdMappingEvent to mod mcp
[00:19:04] [Server thread/DEBUG] [FML/]: Bar Step: ModIdMapping - Minecraft Coder Pack took 0.000s
[00:19:04] [Server thread/TRACE] [FML/FML]: Sending event FMLModIdMappingEvent to mod FML
[00:19:04] [Server thread/TRACE] [FML/FML]: Sent event FMLModIdMappingEvent to mod FML
[00:19:04] [Server thread/DEBUG] [FML/]: Bar Step: ModIdMapping - Forge Mod Loader took 0.000s
[00:19:04] [Server thread/TRACE] [Forge/Forge]: Sending event FMLModIdMappingEvent to mod Forge
[00:19:04] [Server thread/TRACE] [Forge/Forge]: Sent event FMLModIdMappingEvent to mod Forge
[00:19:04] [Server thread/DEBUG] [FML/]: Bar Step: ModIdMapping - Minecraft Forge took 0.000s
[00:19:04] [Server thread/TRACE] [sim/sim]: Sending event FMLModIdMappingEvent to mod sim
[00:19:04] [Server thread/TRACE] [sim/sim]: Sent event FMLModIdMappingEvent to mod sim
[00:19:04] [Server thread/DEBUG] [FML/]: Bar Step: ModIdMapping - Simulated town took 0.000s
[00:19:04] [Server thread/DEBUG] [FML/]: Bar Finished: ModIdMapping took 0.001s
[00:19:04] [Server thread/INFO] [FML/]: Applying holder lookups
[00:19:04] [Server thread/INFO] [FML/]: Holder lookups applied
[00:19:04] [Server thread/TRACE] [mcp/mcp]: Sending event FMLServerStoppedEvent to mod mcp
[00:19:04] [Server thread/TRACE] [mcp/mcp]: Sent event FMLServerStoppedEvent to mod mcp
[00:19:04] [Server thread/DEBUG] [FML/]: Bar Step: ServerStopped - Minecraft Coder Pack took 0.000s
[00:19:04] [Server thread/TRACE] [FML/FML]: Sending event FMLServerStoppedEvent to mod FML
[00:19:04] [Server thread/TRACE] [FML/FML]: Sent event FMLServerStoppedEvent to mod FML
[00:19:04] [Server thread/DEBUG] [FML/]: Bar Step: ServerStopped - Forge Mod Loader took 0.000s
[00:19:04] [Server thread/TRACE] [Forge/Forge]: Sending event FMLServerStoppedEvent to mod Forge
[00:19:04] [Server thread/TRACE] [Forge/Forge]: Sent event FMLServerStoppedEvent to mod Forge
[00:19:04] [Server thread/DEBUG] [FML/]: Bar Step: ServerStopped - Minecraft Forge took 0.000s
[00:19:04] [Server thread/TRACE] [sim/sim]: Sending event FMLServerStoppedEvent to mod sim
[00:19:04] [Server thread/TRACE] [sim/sim]: Sent event FMLServerStoppedEvent to mod sim
[00:19:04] [Server thread/DEBUG] [FML/]: Bar Step: ServerStopped - Simulated town took 0.000s
[00:19:04] [Server thread/DEBUG] [FML/]: Bar Finished: ServerStopped took 0.001s
[00:19:05] [Client thread/INFO] [STDOUT/]: [paulscode.sound.SoundSystemLogger:message:69]: 
[00:19:05] [Client thread/INFO] [STDOUT/]: [paulscode.sound.SoundSystemLogger:message:69]: SoundSystem shutting down...
[00:19:06] [Client thread/INFO] [STDOUT/]: [paulscode.sound.SoundSystemLogger:importantMessage:90]:     Author: Paul Lamb, www.paulscode.com
[00:19:06] [Client thread/INFO] [STDOUT/]: [paulscode.sound.SoundSystemLogger:message:69]: 
