[21:41:07] [main/DEBUG] [FML/]: Injecting tracing printstreams for STDOUT/STDERR.
[21:41:07] [main/INFO] [FML/]: Forge Mod Loader version 7.99.40.1614 for Minecraft 1.7.10 loading
[21:41:07] [main/INFO] [FML/]: Java is Java HotSpot(TM) 64-Bit Server VM, version 1.8.0_181, running on Windows 10:amd64:10.0, installed at D:\Program Files\Java\jdk1.8.0_181\jre
[21:41:07] [main/DEBUG] [FML/]: Java classpath at launch is D:\work\works\mc-sim-u\libs\buildcraft-7.1.24-api.jar;D:\work\works\mc-sim-u\libs\run.bat;D:\work\works\mc-sim-u\libs\simpledeobf-0.6.jar;D:\maven\gradle\.gradle\caches\minecraft\net\minecraftforge\forge\1.7.10-10.13.4.1614-1.7.10\start;D:\maven\gradle\.gradle\caches\minecraft\net\minecraftforge\forge\1.7.10-10.13.4.1614-1.7.10\stable\12\forgeSrc-1.7.10-10.13.4.1614-1.7.10.jar;D:\maven\gradle\.gradle\caches\modules-2\files-2.1\net.minecraft\launchwrapper\1.12\111e7bea9c968cdb3d06ef4632bf7ff0824d0f36\launchwrapper-1.12.jar;D:\maven\gradle\.gradle\caches\modules-2\files-2.1\com.google.code.findbugs\jsr305\1.3.9\40719ea6961c0cb6afaeb6a921eaa1f6afd4cfdf\jsr305-1.3.9.jar;D:\maven\gradle\.gradle\caches\modules-2\files-2.1\org.ow2.asm\asm-debug-all\5.0.3\f9e364ae2a66ce2a543012a4668856e84e5dab74\asm-debug-all-5.0.3.jar;D:\maven\gradle\.gradle\caches\modules-2\files-2.1\com.typesafe.akka\akka-actor_2.11\2.3.3\ed62e9fc709ca0f2ff1a3220daa8b70a2870078e\akka-actor_2.11-2.3.3.jar;D:\maven\gradle\.gradle\caches\modules-2\files-2.1\com.typesafe\config\1.2.1\f771f71fdae3df231bcd54d5ca2d57f0bf93f467\config-1.2.1.jar;D:\maven\gradle\.gradle\caches\modules-2\files-2.1\org.scala-lang\scala-actors-migration_2.11\1.1.0\dfa8bc42b181d5b9f1a5dd147f8ae308b893eb6f\scala-actors-migration_2.11-1.1.0.jar;D:\maven\gradle\.gradle\caches\modules-2\files-2.1\org.scala-lang.plugins\scala-continuations-plugin_2.11.1\1.0.2\f361a3283452c57fa30c1ee69448995de23c60f7\scala-continuations-plugin_2.11.1-1.0.2.jar;D:\maven\gradle\.gradle\caches\modules-2\files-2.1\org.scala-lang\scala-compiler\2.11.1\56ea2e6c025e0821f28d73ca271218b8dd04926a\scala-compiler-2.11.1.jar;D:\maven\gradle\.gradle\caches\modules-2\files-2.1\org.scala-lang.plugins\scala-continuations-library_2.11\1.0.2\e517c53a7e9acd6b1668c5a35eccbaa3bab9aac\scala-continuations-library_2.11-1.0.2.jar;D:\maven\gradle\.gradle\caches\modules-2\files-2.1\org.scala-lang\scala-reflect\2.11.1\6580347e61cc7f8e802941e7fde40fa83b8badeb\scala-reflect-2.11.1.jar;D:\maven\gradle\.gradle\caches\modules-2\files-2.1\org.scala-lang\scala-actors\2.11.0\8ccfb6541de179bb1c4d45cf414acee069b7f78b\scala-actors-2.11.0.jar;D:\maven\gradle\.gradle\caches\modules-2\files-2.1\org.scala-lang.modules\scala-xml_2.11\1.0.2\820fbca7e524b530fdadc594c39d49a21ea0337e\scala-xml_2.11-1.0.2.jar;D:\maven\gradle\.gradle\caches\modules-2\files-2.1\org.scala-lang.modules\scala-parser-combinators_2.11\1.0.1\f05d7345bf5a58924f2837c6c1f4d73a938e1ff0\scala-parser-combinators_2.11-1.0.1.jar;D:\maven\gradle\.gradle\caches\modules-2\files-2.1\org.scala-lang\scala-library\2.11.1\e11da23da3eabab9f4777b9220e60d44c1aab6a\scala-library-2.11.1.jar;D:\maven\gradle\.gradle\caches\modules-2\files-2.1\org.scala-lang\scala-parser-combinators_2.11\1.0.1\f05d7345bf5a58924f2837c6c1f4d73a938e1ff0\scala-parser-combinators_2.11-1.0.1.jar;D:\maven\gradle\.gradle\caches\modules-2\files-2.1\org.scala-lang\scala-swing_2.11\1.0.1\b1cdd92bd47b1e1837139c1c53020e86bb9112ae\scala-swing_2.11-1.0.1.jar;D:\maven\gradle\.gradle\caches\modules-2\files-2.1\org.scala-lang\scala-xml_2.11\1.0.2\7a80ec00aec122fba7cd4e0d4cdd87ff7e4cb6d0\scala-xml_2.11-1.0.2.jar;D:\maven\gradle\.gradle\caches\modules-2\files-2.1\net.sf.jopt-simple\jopt-simple\4.5\6065cc95c661255349c1d0756657be17c29a4fd3\jopt-simple-4.5.jar;D:\maven\gradle\.gradle\caches\modules-2\files-2.1\lzma\lzma\0.0.1\521616dc7487b42bef0e803bd2fa3faf668101d7\lzma-0.0.1.jar;D:\maven\gradle\.gradle\caches\modules-2\files-2.1\com.mojang\realms\1.3.5\807ae355ee63583becd7ea60e76aab1532bb42e\realms-1.3.5.jar;D:\maven\gradle\.gradle\caches\modules-2\files-2.1\org.apache.commons\commons-compress\1.8.1\a698750c16740fd5b3871425f4cb3bbaa87f529d\commons-compress-1.8.1.jar;D:\maven\gradle\.gradle\caches\modules-2\files-2.1\org.apache.httpcomponents\httpclient\4.3.3\18f4247ff4572a074444572cee34647c43e7c9c7\httpclient-4.3.3.jar;D:\maven\gradle\.gradle\caches\modules-2\files-2.1\commons-logging\commons-logging\1.1.3\f6f66e966c70a83ffbdb6f17a0919eaf7c8aca7f\commons-logging-1.1.3.jar;D:\maven\gradle\.gradle\caches\modules-2\files-2.1\org.apache.httpcomponents\httpcore\4.3.2\31fbbff1ddbf98f3aa7377c94d33b0447c646b6e\httpcore-4.3.2.jar;D:\maven\gradle\.gradle\caches\modules-2\files-2.1\java3d\vecmath\1.3.1\a0ae4f51da409fa0c20fa0ca59e6bbc9413ae71d\vecmath-1.3.1.jar;D:\maven\gradle\.gradle\caches\modules-2\files-2.1\net.sf.trove4j\trove4j\3.0.3\42ccaf4761f0dfdfa805c9e340d99a755907e2dd\trove4j-3.0.3.jar;D:\maven\gradle\.gradle\caches\modules-2\files-2.1\com.ibm.icu\icu4j-core-mojang\51.2\63d216a9311cca6be337c1e458e587f99d382b84\icu4j-core-mojang-51.2.jar;D:\maven\gradle\.gradle\caches\modules-2\files-2.1\com.paulscode\codecjorbis\20101023\c73b5636faf089d9f00e8732a829577de25237ee\codecjorbis-20101023.jar;D:\maven\gradle\.gradle\caches\modules-2\files-2.1\com.paulscode\codecwav\20101023\12f031cfe88fef5c1dd36c563c0a3a69bd7261da\codecwav-20101023.jar;D:\maven\gradle\.gradle\caches\modules-2\files-2.1\com.paulscode\libraryjavasound\20101123\5c5e304366f75f9eaa2e8cca546a1fb6109348b3\libraryjavasound-20101123.jar;D:\maven\gradle\.gradle\caches\modules-2\files-2.1\com.paulscode\librarylwjglopenal\20100824\73e80d0794c39665aec3f62eee88ca91676674ef\librarylwjglopenal-20100824.jar;D:\maven\gradle\.gradle\caches\modules-2\files-2.1\com.paulscode\soundsystem\20120107\419c05fe9be71f792b2d76cfc9b67f1ed0fec7f6\soundsystem-20120107.jar;D:\maven\gradle\.gradle\caches\modules-2\files-2.1\io.netty\netty-all\4.0.10.Final\9e50bd52ffe257a0e2cd8d971688d6ce7d174325\netty-all-4.0.10.Final.jar;D:\maven\gradle\.gradle\caches\modules-2\files-2.1\com.mojang\authlib\1.5.16\ef1582b11fd0943d069cdcb72e99008ac209a283\authlib-1.5.16.jar;D:\maven\gradle\.gradle\caches\modules-2\files-2.1\com.google.guava\guava\17.0\9c6ef172e8de35fd8d4d8783e4821e57cdef7445\guava-17.0.jar;D:\maven\gradle\.gradle\caches\modules-2\files-2.1\org.apache.commons\commons-lang3\3.3.2\90a3822c38ec8c996e84c16a3477ef632cbc87a3\commons-lang3-3.3.2.jar;D:\maven\gradle\.gradle\caches\modules-2\files-2.1\commons-io\commons-io\2.4\b1b6ea3b7e4aa4f492509a4952029cd8e48019ad\commons-io-2.4.jar;D:\maven\gradle\.gradle\caches\modules-2\files-2.1\commons-codec\commons-codec\1.9\9ce04e34240f674bc72680f8b843b1457383161a\commons-codec-1.9.jar;D:\maven\gradle\.gradle\caches\modules-2\files-2.1\org.lwjgl.lwjgl\lwjgl_util\2.9.1\290d7ba8a1bd9566f5ddf16ad06f09af5ec9b20e\lwjgl_util-2.9.1.jar;D:\maven\gradle\.gradle\caches\modules-2\files-2.1\org.lwjgl.lwjgl\lwjgl\2.9.1\f58c5aabcef0e41718a564be9f8e412fff8db847\lwjgl-2.9.1.jar;D:\maven\gradle\.gradle\caches\modules-2\files-2.1\net.java.jinput\jinput\2.0.5\39c7796b469a600f72380316f6b1f11db6c2c7c4\jinput-2.0.5.jar;D:\maven\gradle\.gradle\caches\modules-2\files-2.1\net.java.jutils\jutils\1.0.0\e12fe1fda814bd348c1579329c86943d2cd3c6a6\jutils-1.0.0.jar;D:\maven\gradle\.gradle\caches\modules-2\files-2.1\com.google.code.gson\gson\2.2.4\a60a5e993c98c864010053cb901b7eab25306568\gson-2.2.4.jar;D:\maven\gradle\.gradle\caches\modules-2\files-2.1\org.apache.logging.log4j\log4j-core\2.0-beta9\678861ba1b2e1fccb594bb0ca03114bb05da9695\log4j-core-2.0-beta9.jar;D:\maven\gradle\.gradle\caches\modules-2\files-2.1\org.apache.logging.log4j\log4j-api\2.0-beta9\1dd66e68cccd907880229f9e2de1314bd13ff785\log4j-api-2.0-beta9.jar;D:\maven\gradle\.gradle\caches\modules-2\files-2.1\tv.twitch\twitch\5.16\1f55f009c61637c10c0acfb8b5ffc600f30044b4\twitch-5.16.jar;D:\maven\gradle\.gradle\caches\modules-2\files-2.1\net.java.jinput\jinput-platform\2.0.5\7ff832a6eb9ab6a767f1ade2b548092d0fa64795\jinput-platform-2.0.5-natives-linux.jar;D:\maven\gradle\.gradle\caches\modules-2\files-2.1\net.java.jinput\jinput-platform\2.0.5\385ee093e01f587f30ee1c8a2ee7d408fd732e16\jinput-platform-2.0.5-natives-windows.jar;D:\maven\gradle\.gradle\caches\modules-2\files-2.1\net.java.jinput\jinput-platform\2.0.5\53f9c919f34d2ca9de8c51fc4e1e8282029a9232\jinput-platform-2.0.5-natives-osx.jar;D:\maven\gradle\.gradle\caches\modules-2\files-2.1\tv.twitch\twitch-platform\5.16\7c6affe439099806a4f552da14c42f9d643d8b23\twitch-platform-5.16-natives-windows-32.jar;D:\maven\gradle\.gradle\caches\modules-2\files-2.1\tv.twitch\twitch-platform\5.16\39d0c3d363735b4785598e0e7fbf8297c706a9f9\twitch-platform-5.16-natives-windows-64.jar;D:\maven\gradle\.gradle\caches\modules-2\files-2.1\tv.twitch\twitch-platform\5.16\62503ee712766cf77f97252e5902786fd834b8c5\twitch-platform-5.16-natives-osx.jar;D:\maven\gradle\.gradle\caches\modules-2\files-2.1\tv.twitch\twitch-external-platform\4.5\18215140f010c05b9f86ef6f0f8871954d2ccebf\twitch-external-platform-4.5-natives-windows-32.jar;D:\maven\gradle\.gradle\caches\modules-2\files-2.1\tv.twitch\twitch-external-platform\4.5\c3cde57891b935d41b6680a9c5e1502eeab76d86\twitch-external-platform-4.5-natives-windows-64.jar;D:\maven\gradle\.gradle\caches\modules-2\files-2.1\org.lwjgl.lwjgl\lwjgl-platform\2.9.1\4c517eca808522457dd95ee8fc1fbcdbb602efbe\lwjgl-platform-2.9.1-natives-windows.jar;D:\maven\gradle\.gradle\caches\modules-2\files-2.1\org.lwjgl.lwjgl\lwjgl-platform\2.9.1\aa9aae879af8eb378e22cfc64db56ec2ca9a44d1\lwjgl-platform-2.9.1-natives-linux.jar;D:\maven\gradle\.gradle\caches\modules-2\files-2.1\org.lwjgl.lwjgl\lwjgl-platform\2.9.1\2d12c83fdfbc04ecabf02c7bc8cc54d034f0daac\lwjgl-platform-2.9.1-natives-osx.jar;D:\work\works\mc-sim-u\build\libs\simulated-1.7.10-1.0.0 Beta.jar
[21:41:07] [main/DEBUG] [FML/]: Java library path at launch is D:\Program Files\Java\jdk1.8.0_181\bin;C:\WINDOWS\Sun\Java\bin;C:\WINDOWS\system32;C:\WINDOWS;C:\Program Files (x86)\Common Files\Oracle\Java\javapath;C:\Program Files (x86)\Intel\iCLS Client\;C:\Program Files\Intel\iCLS Client\;C:\Windows\system32;C:\Windows;C:\Windows\System32\Wbem;C:\Windows\System32\WindowsPowerShell\v1.0\;C:\Program Files (x86)\NVIDIA Corporation\PhysX\Common;C:\Program Files (x86)\Intel\Intel(R) Management Engine Components\DAL;C:\Program Files\Intel\Intel(R) Management Engine Components\DAL;C:\Program Files (x86)\Intel\Intel(R) Management Engine Components\IPT;C:\Program Files\Intel\Intel(R) Management Engine Components\IPT;C:\WINDOWS\system32;C:\WINDOWS;C:\WINDOWS\System32\Wbem;C:\WINDOWS\System32\WindowsPowerShell\v1.0\;C:\WINDOWS\System32\OpenSSH\;D:\Program Files\Git\cmd;D:\Program Files\TortoiseGit\bin;"D:\Program Files\Java\jdk1.8.0_181\bin;D:\Program Files\Java\jdk1.8.0_181\jre\bin;";;D:\Program Files (x86)\WinSCP\;C:\Program Files\Common Files\Autodesk Shared\;C:\Program Files\Microsoft SQL Server\120\Tools\Binn\;D:\Program Files\Python\Python38-32\Scripts\;D:\Program Files\Python\Python38-32\;C:\Users\Tian\AppData\Local\Microsoft\WindowsApps;D:\Program Files\JetBrains\IntelliJ IDEA 2019.2.4\bin;C:\Users\Tian\AppData\Local\BypassRuntm;;C:\Users\Tian\AppData\Local\Microsoft\WindowsApps;D:\Program Files\JetBrains\IntelliJ IDEA 2021.2.3\bin;;.;D:/maven/gradle/.gradle/caches/minecraft/net/minecraft/minecraft_natives/1.7.10
[21:41:07] [main/INFO] [FML/]: Managed to load a deobfuscated Minecraft name- we are in a deobfuscated environment. Skipping runtime deobfuscation
[21:41:07] [main/DEBUG] [FML/]: Instantiating coremod class FMLCorePlugin
[21:41:07] [main/DEBUG] [FML/]: Added access transformer class cpw.mods.fml.common.asm.transformers.AccessTransformer to enqueued access transformers
[21:41:07] [main/DEBUG] [FML/]: Enqueued coremod FMLCorePlugin
[21:41:07] [main/DEBUG] [FML/]: Instantiating coremod class FMLForgePlugin
[21:41:07] [main/DEBUG] [FML/]: Added access transformer class net.minecraftforge.transformers.ForgeAccessTransformer to enqueued access transformers
[21:41:07] [main/DEBUG] [FML/]: Enqueued coremod FMLForgePlugin
[21:41:07] [main/DEBUG] [FML/]: All fundamental core mods are successfully located
[21:41:07] [main/DEBUG] [FML/]: Attempting to load commandline specified mods, relative to D:\work\works\mc-sim-u\eclipse\.
[21:41:07] [main/DEBUG] [FML/]: Discovering coremods
[21:41:07] [main/DEBUG] [FML/]: Examining for coremod candidacy buildcraft-7.1.24-dev.jar
[21:41:07] [main/DEBUG] [FML/]: Not found coremod data in buildcraft-7.1.24-dev.jar
[21:41:07] [main/INFO] [LaunchWrapper/]: Calling tweak class net.minecraftforge.gradle.tweakers.CoremodTweaker
[21:41:07] [main/INFO] [GradleStart/]: Injecting location in coremod cpw.mods.fml.relauncher.FMLCorePlugin
[21:41:07] [main/INFO] [GradleStart/]: Injecting location in coremod net.minecraftforge.classloading.FMLForgePlugin
[21:41:07] [main/INFO] [LaunchWrapper/]: Loading tweak class name cpw.mods.fml.common.launcher.FMLInjectionAndSortingTweaker
[21:41:07] [main/INFO] [LaunchWrapper/]: Loading tweak class name cpw.mods.fml.common.launcher.FMLDeobfTweaker
[21:41:07] [main/INFO] [LaunchWrapper/]: Loading tweak class name net.minecraftforge.gradle.tweakers.AccessTransformerTweaker
[21:41:07] [main/INFO] [LaunchWrapper/]: Calling tweak class cpw.mods.fml.common.launcher.FMLInjectionAndSortingTweaker
[21:41:07] [main/INFO] [LaunchWrapper/]: Calling tweak class cpw.mods.fml.common.launcher.FMLInjectionAndSortingTweaker
[21:41:07] [main/INFO] [LaunchWrapper/]: Calling tweak class cpw.mods.fml.relauncher.CoreModManager$FMLPluginWrapper
[21:41:07] [main/DEBUG] [FML/]: Injecting coremod FMLCorePlugin {cpw.mods.fml.relauncher.FMLCorePlugin} class transformers
[21:41:07] [main/TRACE] [FML/]: Registering transformer cpw.mods.fml.common.asm.transformers.MarkerTransformer
[21:41:07] [main/TRACE] [FML/]: Registering transformer cpw.mods.fml.common.asm.transformers.SideTransformer
[21:41:07] [main/TRACE] [FML/]: Registering transformer cpw.mods.fml.common.asm.transformers.EventSubscriptionTransformer
[21:41:07] [main/DEBUG] [FML/]: Injection complete
[21:41:07] [main/DEBUG] [FML/]: Running coremod plugin for FMLCorePlugin {cpw.mods.fml.relauncher.FMLCorePlugin}
[21:41:07] [main/DEBUG] [FML/]: Running coremod plugin FMLCorePlugin
[21:41:08] [main/ERROR] [FML/]: The binary patch set is missing. Either you are in a development environment, or things are not going to work!
[21:41:08] [main/ERROR] [FML/]: FML appears to be missing any signature data. This is not a good thing
[21:41:08] [main/DEBUG] [FML/]: Coremod plugin class FMLCorePlugin run successfully
[21:41:08] [main/INFO] [LaunchWrapper/]: Calling tweak class cpw.mods.fml.relauncher.CoreModManager$FMLPluginWrapper
[21:41:08] [main/DEBUG] [FML/]: Injecting coremod FMLForgePlugin {net.minecraftforge.classloading.FMLForgePlugin} class transformers
[21:41:08] [main/TRACE] [FML/]: Registering transformer net.minecraftforge.classloading.FluidIdTransformer
[21:41:08] [main/DEBUG] [FML/]: Injection complete
[21:41:08] [main/DEBUG] [FML/]: Running coremod plugin for FMLForgePlugin {net.minecraftforge.classloading.FMLForgePlugin}
[21:41:08] [main/DEBUG] [FML/]: Running coremod plugin FMLForgePlugin
[21:41:08] [main/DEBUG] [FML/]: Coremod plugin class FMLForgePlugin run successfully
[21:41:08] [main/INFO] [LaunchWrapper/]: Calling tweak class cpw.mods.fml.common.launcher.FMLDeobfTweaker
[21:41:08] [main/DEBUG] [FML/]: Loaded 57 rules from AccessTransformer config file fml_at.cfg
[21:41:08] [main/DEBUG] [FML/]: Loaded 89 rules from AccessTransformer config file forge_at.cfg
[21:41:08] [main/DEBUG] [FML/]: Validating minecraft
[21:41:08] [main/DEBUG] [FML/]: Minecraft validated, launching...
[21:41:08] [main/INFO] [LaunchWrapper/]: Calling tweak class net.minecraftforge.gradle.tweakers.AccessTransformerTweaker
[21:41:08] [main/INFO] [LaunchWrapper/]: Loading tweak class name cpw.mods.fml.common.launcher.TerminalTweaker
[21:41:08] [main/INFO] [LaunchWrapper/]: Calling tweak class cpw.mods.fml.common.launcher.TerminalTweaker
[21:41:08] [main/INFO] [LaunchWrapper/]: Launching wrapped minecraft {net.minecraft.client.main.Main}
[21:41:12] [Client thread/DEBUG] [FML/]: Bar Finished: Loading Resource - LanguageManager took 0.023s
[21:41:12] [Client thread/INFO] [STDOUT/]: [cpw.mods.fml.client.SplashProgress:start:188]: ---- Minecraft Crash Report ----
// This doesn't make any sense!

Time: 22-3-17 下午9:41
Description: Loading screen debug info

This is just a prompt for computer specs to be printed. THIS IS NOT A ERROR


A detailed walkthrough of the error, its code path and all known details is as follows:
---------------------------------------------------------------------------------------

-- System Details --
Details:
	Minecraft Version: 1.7.10
	Operating System: Windows 10 (amd64) version 10.0
	Java Version: 1.8.0_181, Oracle Corporation
	Java VM Version: Java HotSpot(TM) 64-Bit Server VM (mixed mode), Oracle Corporation
	Memory: 103346960 bytes (98 MB) / 206569472 bytes (197 MB) up to 1883242496 bytes (1796 MB)
	JVM Flags: 0 total; 
	AABB Pool Size: 0 (0 bytes; 0 MB) allocated, 0 (0 bytes; 0 MB) used
	IntCache: cache: 0, tcache: 0, allocated: 0, tallocated: 0
	FML: 
	GL info: ' Vendor: 'Intel' Version: '4.6.0 - Build 27.20.100.8682' Renderer: 'Intel(R) UHD Graphics 620'
[21:41:12] [Client thread/INFO] [MinecraftForge/]: Attempting early MinecraftForge initialization
[21:41:12] [Client thread/INFO] [FML/]: MinecraftForge v10.13.4.1614 Initialized
[21:41:12] [Client thread/INFO] [FML/]: Replaced 183 ore recipies
[21:41:13] [Client thread/INFO] [MinecraftForge/]: Completed early MinecraftForge initialization
[21:41:13] [Client thread/DEBUG] [FML/]: File D:\work\works\mc-sim-u\eclipse\config\injectedDependencies.json not found. No dependencies injected
[21:41:13] [Client thread/DEBUG] [FML/]: Building injected Mod Containers [cpw.mods.fml.common.FMLContainer, net.minecraftforge.common.ForgeModContainer]
[21:41:13] [Client thread/DEBUG] [FML/]: Attempting to load mods contained in the minecraft jar file and associated classes
[21:41:13] [Client thread/DEBUG] [FML/]: Found a minecraft related file at D:\work\works\mc-sim-u\libs\buildcraft-7.1.24-api.jar, examining for mod candidates
[21:41:13] [Client thread/DEBUG] [FML/]: Found a minecraft related file at D:\work\works\mc-sim-u\libs\run.bat, examining for mod candidates
[21:41:13] [Client thread/DEBUG] [FML/]: Found a minecraft related file at D:\work\works\mc-sim-u\libs\simpledeobf-0.6.jar, examining for mod candidates
[21:41:13] [Client thread/DEBUG] [FML/]: Found a minecraft related directory at D:\maven\gradle\.gradle\caches\minecraft\net\minecraftforge\forge\1.7.10-10.13.4.1614-1.7.10\start, examining for mod candidates
[21:41:13] [Client thread/DEBUG] [FML/]: Found a minecraft related file at D:\maven\gradle\.gradle\caches\minecraft\net\minecraftforge\forge\1.7.10-10.13.4.1614-1.7.10\stable\12\forgeSrc-1.7.10-10.13.4.1614-1.7.10.jar, examining for mod candidates
[21:41:13] [Client thread/DEBUG] [FML/]: Found a minecraft related file at D:\maven\gradle\.gradle\caches\modules-2\files-2.1\net.minecraft\launchwrapper\1.12\111e7bea9c968cdb3d06ef4632bf7ff0824d0f36\launchwrapper-1.12.jar, examining for mod candidates
[21:41:13] [Client thread/DEBUG] [FML/]: Found a minecraft related file at D:\maven\gradle\.gradle\caches\modules-2\files-2.1\com.google.code.findbugs\jsr305\1.3.9\40719ea6961c0cb6afaeb6a921eaa1f6afd4cfdf\jsr305-1.3.9.jar, examining for mod candidates
[21:41:13] [Client thread/DEBUG] [FML/]: Found a minecraft related file at D:\maven\gradle\.gradle\caches\modules-2\files-2.1\org.ow2.asm\asm-debug-all\5.0.3\f9e364ae2a66ce2a543012a4668856e84e5dab74\asm-debug-all-5.0.3.jar, examining for mod candidates
[21:41:13] [Client thread/DEBUG] [FML/]: Found a minecraft related file at D:\maven\gradle\.gradle\caches\modules-2\files-2.1\com.typesafe.akka\akka-actor_2.11\2.3.3\ed62e9fc709ca0f2ff1a3220daa8b70a2870078e\akka-actor_2.11-2.3.3.jar, examining for mod candidates
[21:41:13] [Client thread/DEBUG] [FML/]: Found a minecraft related file at D:\maven\gradle\.gradle\caches\modules-2\files-2.1\com.typesafe\config\1.2.1\f771f71fdae3df231bcd54d5ca2d57f0bf93f467\config-1.2.1.jar, examining for mod candidates
[21:41:13] [Client thread/DEBUG] [FML/]: Found a minecraft related file at D:\maven\gradle\.gradle\caches\modules-2\files-2.1\org.scala-lang\scala-actors-migration_2.11\1.1.0\dfa8bc42b181d5b9f1a5dd147f8ae308b893eb6f\scala-actors-migration_2.11-1.1.0.jar, examining for mod candidates
[21:41:13] [Client thread/DEBUG] [FML/]: Found a minecraft related file at D:\maven\gradle\.gradle\caches\modules-2\files-2.1\org.scala-lang.plugins\scala-continuations-plugin_2.11.1\1.0.2\f361a3283452c57fa30c1ee69448995de23c60f7\scala-continuations-plugin_2.11.1-1.0.2.jar, examining for mod candidates
[21:41:13] [Client thread/DEBUG] [FML/]: Found a minecraft related file at D:\maven\gradle\.gradle\caches\modules-2\files-2.1\org.scala-lang\scala-compiler\2.11.1\56ea2e6c025e0821f28d73ca271218b8dd04926a\scala-compiler-2.11.1.jar, examining for mod candidates
[21:41:13] [Client thread/DEBUG] [FML/]: Found a minecraft related file at D:\maven\gradle\.gradle\caches\modules-2\files-2.1\org.scala-lang.plugins\scala-continuations-library_2.11\1.0.2\e517c53a7e9acd6b1668c5a35eccbaa3bab9aac\scala-continuations-library_2.11-1.0.2.jar, examining for mod candidates
[21:41:13] [Client thread/DEBUG] [FML/]: Found a minecraft related file at D:\maven\gradle\.gradle\caches\modules-2\files-2.1\org.scala-lang\scala-reflect\2.11.1\6580347e61cc7f8e802941e7fde40fa83b8badeb\scala-reflect-2.11.1.jar, examining for mod candidates
[21:41:13] [Client thread/DEBUG] [FML/]: Found a minecraft related file at D:\maven\gradle\.gradle\caches\modules-2\files-2.1\org.scala-lang\scala-actors\2.11.0\8ccfb6541de179bb1c4d45cf414acee069b7f78b\scala-actors-2.11.0.jar, examining for mod candidates
[21:41:13] [Client thread/DEBUG] [FML/]: Found a minecraft related file at D:\maven\gradle\.gradle\caches\modules-2\files-2.1\org.scala-lang.modules\scala-xml_2.11\1.0.2\820fbca7e524b530fdadc594c39d49a21ea0337e\scala-xml_2.11-1.0.2.jar, examining for mod candidates
[21:41:13] [Client thread/DEBUG] [FML/]: Found a minecraft related file at D:\maven\gradle\.gradle\caches\modules-2\files-2.1\org.scala-lang.modules\scala-parser-combinators_2.11\1.0.1\f05d7345bf5a58924f2837c6c1f4d73a938e1ff0\scala-parser-combinators_2.11-1.0.1.jar, examining for mod candidates
[21:41:13] [Client thread/DEBUG] [FML/]: Found a minecraft related file at D:\maven\gradle\.gradle\caches\modules-2\files-2.1\org.scala-lang\scala-library\2.11.1\e11da23da3eabab9f4777b9220e60d44c1aab6a\scala-library-2.11.1.jar, examining for mod candidates
[21:41:13] [Client thread/DEBUG] [FML/]: Found a minecraft related file at D:\maven\gradle\.gradle\caches\modules-2\files-2.1\org.scala-lang\scala-parser-combinators_2.11\1.0.1\f05d7345bf5a58924f2837c6c1f4d73a938e1ff0\scala-parser-combinators_2.11-1.0.1.jar, examining for mod candidates
[21:41:13] [Client thread/DEBUG] [FML/]: Found a minecraft related file at D:\maven\gradle\.gradle\caches\modules-2\files-2.1\org.scala-lang\scala-swing_2.11\1.0.1\b1cdd92bd47b1e1837139c1c53020e86bb9112ae\scala-swing_2.11-1.0.1.jar, examining for mod candidates
[21:41:13] [Client thread/DEBUG] [FML/]: Found a minecraft related file at D:\maven\gradle\.gradle\caches\modules-2\files-2.1\org.scala-lang\scala-xml_2.11\1.0.2\7a80ec00aec122fba7cd4e0d4cdd87ff7e4cb6d0\scala-xml_2.11-1.0.2.jar, examining for mod candidates
[21:41:13] [Client thread/DEBUG] [FML/]: Found a minecraft related file at D:\maven\gradle\.gradle\caches\modules-2\files-2.1\net.sf.jopt-simple\jopt-simple\4.5\6065cc95c661255349c1d0756657be17c29a4fd3\jopt-simple-4.5.jar, examining for mod candidates
[21:41:13] [Client thread/DEBUG] [FML/]: Found a minecraft related file at D:\maven\gradle\.gradle\caches\modules-2\files-2.1\lzma\lzma\0.0.1\521616dc7487b42bef0e803bd2fa3faf668101d7\lzma-0.0.1.jar, examining for mod candidates
[21:41:13] [Client thread/DEBUG] [FML/]: Found a minecraft related file at D:\maven\gradle\.gradle\caches\modules-2\files-2.1\com.mojang\realms\1.3.5\807ae355ee63583becd7ea60e76aab1532bb42e\realms-1.3.5.jar, examining for mod candidates
[21:41:13] [Client thread/DEBUG] [FML/]: Found a minecraft related file at D:\maven\gradle\.gradle\caches\modules-2\files-2.1\org.apache.commons\commons-compress\1.8.1\a698750c16740fd5b3871425f4cb3bbaa87f529d\commons-compress-1.8.1.jar, examining for mod candidates
[21:41:13] [Client thread/DEBUG] [FML/]: Found a minecraft related file at D:\maven\gradle\.gradle\caches\modules-2\files-2.1\org.apache.httpcomponents\httpclient\4.3.3\18f4247ff4572a074444572cee34647c43e7c9c7\httpclient-4.3.3.jar, examining for mod candidates
[21:41:13] [Client thread/DEBUG] [FML/]: Found a minecraft related file at D:\maven\gradle\.gradle\caches\modules-2\files-2.1\commons-logging\commons-logging\1.1.3\f6f66e966c70a83ffbdb6f17a0919eaf7c8aca7f\commons-logging-1.1.3.jar, examining for mod candidates
[21:41:13] [Client thread/DEBUG] [FML/]: Found a minecraft related file at D:\maven\gradle\.gradle\caches\modules-2\files-2.1\org.apache.httpcomponents\httpcore\4.3.2\31fbbff1ddbf98f3aa7377c94d33b0447c646b6e\httpcore-4.3.2.jar, examining for mod candidates
[21:41:13] [Client thread/DEBUG] [FML/]: Found a minecraft related file at D:\maven\gradle\.gradle\caches\modules-2\files-2.1\java3d\vecmath\1.3.1\a0ae4f51da409fa0c20fa0ca59e6bbc9413ae71d\vecmath-1.3.1.jar, examining for mod candidates
[21:41:13] [Client thread/DEBUG] [FML/]: Found a minecraft related file at D:\maven\gradle\.gradle\caches\modules-2\files-2.1\net.sf.trove4j\trove4j\3.0.3\42ccaf4761f0dfdfa805c9e340d99a755907e2dd\trove4j-3.0.3.jar, examining for mod candidates
[21:41:13] [Client thread/DEBUG] [FML/]: Found a minecraft related file at D:\maven\gradle\.gradle\caches\modules-2\files-2.1\com.ibm.icu\icu4j-core-mojang\51.2\63d216a9311cca6be337c1e458e587f99d382b84\icu4j-core-mojang-51.2.jar, examining for mod candidates
[21:41:13] [Client thread/DEBUG] [FML/]: Found a minecraft related file at D:\maven\gradle\.gradle\caches\modules-2\files-2.1\com.paulscode\codecjorbis\20101023\c73b5636faf089d9f00e8732a829577de25237ee\codecjorbis-20101023.jar, examining for mod candidates
[21:41:13] [Client thread/DEBUG] [FML/]: Found a minecraft related file at D:\maven\gradle\.gradle\caches\modules-2\files-2.1\com.paulscode\codecwav\20101023\12f031cfe88fef5c1dd36c563c0a3a69bd7261da\codecwav-20101023.jar, examining for mod candidates
[21:41:13] [Client thread/DEBUG] [FML/]: Found a minecraft related file at D:\maven\gradle\.gradle\caches\modules-2\files-2.1\com.paulscode\libraryjavasound\20101123\5c5e304366f75f9eaa2e8cca546a1fb6109348b3\libraryjavasound-20101123.jar, examining for mod candidates
[21:41:13] [Client thread/DEBUG] [FML/]: Found a minecraft related file at D:\maven\gradle\.gradle\caches\modules-2\files-2.1\com.paulscode\librarylwjglopenal\20100824\73e80d0794c39665aec3f62eee88ca91676674ef\librarylwjglopenal-20100824.jar, examining for mod candidates
[21:41:13] [Client thread/DEBUG] [FML/]: Found a minecraft related file at D:\maven\gradle\.gradle\caches\modules-2\files-2.1\com.paulscode\soundsystem\20120107\419c05fe9be71f792b2d76cfc9b67f1ed0fec7f6\soundsystem-20120107.jar, examining for mod candidates
[21:41:13] [Client thread/DEBUG] [FML/]: Found a minecraft related file at D:\maven\gradle\.gradle\caches\modules-2\files-2.1\io.netty\netty-all\4.0.10.Final\9e50bd52ffe257a0e2cd8d971688d6ce7d174325\netty-all-4.0.10.Final.jar, examining for mod candidates
[21:41:13] [Client thread/DEBUG] [FML/]: Found a minecraft related file at D:\maven\gradle\.gradle\caches\modules-2\files-2.1\com.mojang\authlib\1.5.16\ef1582b11fd0943d069cdcb72e99008ac209a283\authlib-1.5.16.jar, examining for mod candidates
[21:41:13] [Client thread/DEBUG] [FML/]: Found a minecraft related file at D:\maven\gradle\.gradle\caches\modules-2\files-2.1\com.google.guava\guava\17.0\9c6ef172e8de35fd8d4d8783e4821e57cdef7445\guava-17.0.jar, examining for mod candidates
[21:41:13] [Client thread/DEBUG] [FML/]: Found a minecraft related file at D:\maven\gradle\.gradle\caches\modules-2\files-2.1\org.apache.commons\commons-lang3\3.3.2\90a3822c38ec8c996e84c16a3477ef632cbc87a3\commons-lang3-3.3.2.jar, examining for mod candidates
[21:41:13] [Client thread/DEBUG] [FML/]: Found a minecraft related file at D:\maven\gradle\.gradle\caches\modules-2\files-2.1\commons-io\commons-io\2.4\b1b6ea3b7e4aa4f492509a4952029cd8e48019ad\commons-io-2.4.jar, examining for mod candidates
[21:41:13] [Client thread/DEBUG] [FML/]: Found a minecraft related file at D:\maven\gradle\.gradle\caches\modules-2\files-2.1\commons-codec\commons-codec\1.9\9ce04e34240f674bc72680f8b843b1457383161a\commons-codec-1.9.jar, examining for mod candidates
[21:41:13] [Client thread/DEBUG] [FML/]: Found a minecraft related file at D:\maven\gradle\.gradle\caches\modules-2\files-2.1\org.lwjgl.lwjgl\lwjgl_util\2.9.1\290d7ba8a1bd9566f5ddf16ad06f09af5ec9b20e\lwjgl_util-2.9.1.jar, examining for mod candidates
[21:41:13] [Client thread/DEBUG] [FML/]: Found a minecraft related file at D:\maven\gradle\.gradle\caches\modules-2\files-2.1\org.lwjgl.lwjgl\lwjgl\2.9.1\f58c5aabcef0e41718a564be9f8e412fff8db847\lwjgl-2.9.1.jar, examining for mod candidates
[21:41:13] [Client thread/DEBUG] [FML/]: Found a minecraft related file at D:\maven\gradle\.gradle\caches\modules-2\files-2.1\net.java.jinput\jinput\2.0.5\39c7796b469a600f72380316f6b1f11db6c2c7c4\jinput-2.0.5.jar, examining for mod candidates
[21:41:13] [Client thread/DEBUG] [FML/]: Found a minecraft related file at D:\maven\gradle\.gradle\caches\modules-2\files-2.1\net.java.jutils\jutils\1.0.0\e12fe1fda814bd348c1579329c86943d2cd3c6a6\jutils-1.0.0.jar, examining for mod candidates
[21:41:13] [Client thread/DEBUG] [FML/]: Found a minecraft related file at D:\maven\gradle\.gradle\caches\modules-2\files-2.1\com.google.code.gson\gson\2.2.4\a60a5e993c98c864010053cb901b7eab25306568\gson-2.2.4.jar, examining for mod candidates
[21:41:13] [Client thread/DEBUG] [FML/]: Found a minecraft related file at D:\maven\gradle\.gradle\caches\modules-2\files-2.1\org.apache.logging.log4j\log4j-core\2.0-beta9\678861ba1b2e1fccb594bb0ca03114bb05da9695\log4j-core-2.0-beta9.jar, examining for mod candidates
[21:41:13] [Client thread/DEBUG] [FML/]: Found a minecraft related file at D:\maven\gradle\.gradle\caches\modules-2\files-2.1\org.apache.logging.log4j\log4j-api\2.0-beta9\1dd66e68cccd907880229f9e2de1314bd13ff785\log4j-api-2.0-beta9.jar, examining for mod candidates
[21:41:13] [Client thread/DEBUG] [FML/]: Found a minecraft related file at D:\maven\gradle\.gradle\caches\modules-2\files-2.1\tv.twitch\twitch\5.16\1f55f009c61637c10c0acfb8b5ffc600f30044b4\twitch-5.16.jar, examining for mod candidates
[21:41:13] [Client thread/DEBUG] [FML/]: Found a minecraft related file at D:\maven\gradle\.gradle\caches\modules-2\files-2.1\net.java.jinput\jinput-platform\2.0.5\7ff832a6eb9ab6a767f1ade2b548092d0fa64795\jinput-platform-2.0.5-natives-linux.jar, examining for mod candidates
[21:41:13] [Client thread/DEBUG] [FML/]: Found a minecraft related file at D:\maven\gradle\.gradle\caches\modules-2\files-2.1\net.java.jinput\jinput-platform\2.0.5\385ee093e01f587f30ee1c8a2ee7d408fd732e16\jinput-platform-2.0.5-natives-windows.jar, examining for mod candidates
[21:41:13] [Client thread/DEBUG] [FML/]: Found a minecraft related file at D:\maven\gradle\.gradle\caches\modules-2\files-2.1\net.java.jinput\jinput-platform\2.0.5\53f9c919f34d2ca9de8c51fc4e1e8282029a9232\jinput-platform-2.0.5-natives-osx.jar, examining for mod candidates
[21:41:13] [Client thread/DEBUG] [FML/]: Found a minecraft related file at D:\maven\gradle\.gradle\caches\modules-2\files-2.1\tv.twitch\twitch-platform\5.16\7c6affe439099806a4f552da14c42f9d643d8b23\twitch-platform-5.16-natives-windows-32.jar, examining for mod candidates
[21:41:13] [Client thread/DEBUG] [FML/]: Found a minecraft related file at D:\maven\gradle\.gradle\caches\modules-2\files-2.1\tv.twitch\twitch-platform\5.16\39d0c3d363735b4785598e0e7fbf8297c706a9f9\twitch-platform-5.16-natives-windows-64.jar, examining for mod candidates
[21:41:13] [Client thread/DEBUG] [FML/]: Found a minecraft related file at D:\maven\gradle\.gradle\caches\modules-2\files-2.1\tv.twitch\twitch-platform\5.16\62503ee712766cf77f97252e5902786fd834b8c5\twitch-platform-5.16-natives-osx.jar, examining for mod candidates
[21:41:13] [Client thread/DEBUG] [FML/]: Found a minecraft related file at D:\maven\gradle\.gradle\caches\modules-2\files-2.1\tv.twitch\twitch-external-platform\4.5\18215140f010c05b9f86ef6f0f8871954d2ccebf\twitch-external-platform-4.5-natives-windows-32.jar, examining for mod candidates
[21:41:13] [Client thread/DEBUG] [FML/]: Found a minecraft related file at D:\maven\gradle\.gradle\caches\modules-2\files-2.1\tv.twitch\twitch-external-platform\4.5\c3cde57891b935d41b6680a9c5e1502eeab76d86\twitch-external-platform-4.5-natives-windows-64.jar, examining for mod candidates
[21:41:13] [Client thread/DEBUG] [FML/]: Found a minecraft related file at D:\maven\gradle\.gradle\caches\modules-2\files-2.1\org.lwjgl.lwjgl\lwjgl-platform\2.9.1\4c517eca808522457dd95ee8fc1fbcdbb602efbe\lwjgl-platform-2.9.1-natives-windows.jar, examining for mod candidates
[21:41:13] [Client thread/DEBUG] [FML/]: Found a minecraft related file at D:\maven\gradle\.gradle\caches\modules-2\files-2.1\org.lwjgl.lwjgl\lwjgl-platform\2.9.1\aa9aae879af8eb378e22cfc64db56ec2ca9a44d1\lwjgl-platform-2.9.1-natives-linux.jar, examining for mod candidates
[21:41:13] [Client thread/DEBUG] [FML/]: Found a minecraft related file at D:\maven\gradle\.gradle\caches\modules-2\files-2.1\org.lwjgl.lwjgl\lwjgl-platform\2.9.1\2d12c83fdfbc04ecabf02c7bc8cc54d034f0daac\lwjgl-platform-2.9.1-natives-osx.jar, examining for mod candidates
[21:41:13] [Client thread/DEBUG] [FML/]: Found a minecraft related file at D:\work\works\mc-sim-u\build\libs\simulated-1.7.10-1.0.0 Beta.jar, examining for mod candidates
[21:41:13] [Client thread/DEBUG] [FML/]: Minecraft jar mods loaded successfully
[21:41:13] [Client thread/INFO] [FML/]: Found 0 mods from the command line. Injecting into mod discoverer
[21:41:13] [Client thread/INFO] [FML/]: Searching D:\work\works\mc-sim-u\eclipse\mods for mods
[21:41:13] [Client thread/DEBUG] [FML/]: Found a candidate zip or jar file buildcraft-7.1.24-dev.jar
[21:41:13] [Client thread/DEBUG] [FML/]: Found a candidate mod directory Simukraft
[21:41:13] [Client thread/DEBUG] [FML/]: Examining file buildcraft-7.1.24-api.jar for potential mods
[21:41:13] [Client thread/DEBUG] [FML/]: The mod container buildcraft-7.1.24-api.jar appears to be missing an mcmod.info file
[21:41:13] [Client thread/DEBUG] [FML/]: Examining file run.bat for potential mods
[21:41:13] [Client thread/WARN] [FML/]: Zip file run.bat failed to read properly, it will be ignored
java.util.zip.ZipException: error in opening zip file
	at java.util.zip.ZipFile.open(Native Method) ~[?:1.8.0_181]
	at java.util.zip.ZipFile.<init>(ZipFile.java:225) ~[?:1.8.0_181]
	at java.util.zip.ZipFile.<init>(ZipFile.java:155) ~[?:1.8.0_181]
	at java.util.jar.JarFile.<init>(JarFile.java:166) ~[?:1.8.0_181]
	at java.util.jar.JarFile.<init>(JarFile.java:130) ~[?:1.8.0_181]
	at cpw.mods.fml.common.discovery.JarDiscoverer.discover(JarDiscoverer.java:41) [JarDiscoverer.class:?]
	at cpw.mods.fml.common.discovery.ContainerType.findMods(ContainerType.java:42) [ContainerType.class:?]
	at cpw.mods.fml.common.discovery.ModCandidate.explore(ModCandidate.java:71) [ModCandidate.class:?]
	at cpw.mods.fml.common.discovery.ModDiscoverer.identifyMods(ModDiscoverer.java:131) [ModDiscoverer.class:?]
	at cpw.mods.fml.common.Loader.identifyMods(Loader.java:364) [Loader.class:?]
	at cpw.mods.fml.common.Loader.loadMods(Loader.java:489) [Loader.class:?]
	at cpw.mods.fml.client.FMLClientHandler.beginMinecraftLoading(FMLClientHandler.java:208) [FMLClientHandler.class:?]
	at net.minecraft.client.Minecraft.startGame(Minecraft.java:523) [Minecraft.class:?]
	at net.minecraft.client.Minecraft.run(Minecraft.java:943) [Minecraft.class:?]
	at net.minecraft.client.main.Main.main(Main.java:164) [Main.class:?]
	at sun.reflect.NativeMethodAccessorImpl.invoke0(Native Method) ~[?:1.8.0_181]
	at sun.reflect.NativeMethodAccessorImpl.invoke(NativeMethodAccessorImpl.java:62) ~[?:1.8.0_181]
	at sun.reflect.DelegatingMethodAccessorImpl.invoke(DelegatingMethodAccessorImpl.java:43) ~[?:1.8.0_181]
	at java.lang.reflect.Method.invoke(Method.java:498) ~[?:1.8.0_181]
	at net.minecraft.launchwrapper.Launch.launch(Launch.java:135) [launchwrapper-1.12.jar:?]
	at net.minecraft.launchwrapper.Launch.main(Launch.java:28) [launchwrapper-1.12.jar:?]
	at net.minecraftforge.gradle.GradleStartCommon.launch(Unknown Source) [start/:?]
	at GradleStart.main(Unknown Source) [start/:?]
[21:41:13] [Client thread/DEBUG] [FML/]: Examining file simpledeobf-0.6.jar for potential mods
[21:41:13] [Client thread/DEBUG] [FML/]: The mod container simpledeobf-0.6.jar appears to be missing an mcmod.info file
[21:41:13] [Client thread/DEBUG] [FML/]: Examining directory start for potential mods
[21:41:13] [Client thread/DEBUG] [FML/]: No mcmod.info file found in directory start
[21:41:13] [Client thread/TRACE] [FML/]: Recursing into package net
[21:41:13] [Client thread/TRACE] [FML/]: Recursing into package net.minecraftforge
[21:41:13] [Client thread/TRACE] [FML/]: Recursing into package net.minecraftforge.gradle
[21:41:13] [Client thread/TRACE] [FML/]: Recursing into package net.minecraftforge.gradle.tweakers
[21:41:13] [Client thread/DEBUG] [FML/]: Examining file forgeSrc-1.7.10-10.13.4.1614-1.7.10.jar for potential mods
[21:41:13] [Client thread/DEBUG] [FML/]: The mod container forgeSrc-1.7.10-10.13.4.1614-1.7.10.jar appears to be missing an mcmod.info file
[21:41:14] [Client thread/DEBUG] [FML/]: Examining file launchwrapper-1.12.jar for potential mods
[21:41:14] [Client thread/DEBUG] [FML/]: The mod container launchwrapper-1.12.jar appears to be missing an mcmod.info file
[21:41:14] [Client thread/DEBUG] [FML/]: Examining file jsr305-1.3.9.jar for potential mods
[21:41:14] [Client thread/DEBUG] [FML/]: The mod container jsr305-1.3.9.jar appears to be missing an mcmod.info file
[21:41:14] [Client thread/DEBUG] [FML/]: Examining file asm-debug-all-5.0.3.jar for potential mods
[21:41:14] [Client thread/DEBUG] [FML/]: The mod container asm-debug-all-5.0.3.jar appears to be missing an mcmod.info file
[21:41:14] [Client thread/DEBUG] [FML/]: Examining file akka-actor_2.11-2.3.3.jar for potential mods
[21:41:14] [Client thread/DEBUG] [FML/]: The mod container akka-actor_2.11-2.3.3.jar appears to be missing an mcmod.info file
[21:41:14] [Client thread/DEBUG] [FML/]: Examining file config-1.2.1.jar for potential mods
[21:41:14] [Client thread/DEBUG] [FML/]: The mod container config-1.2.1.jar appears to be missing an mcmod.info file
[21:41:14] [Client thread/DEBUG] [FML/]: Examining file scala-actors-migration_2.11-1.1.0.jar for potential mods
[21:41:14] [Client thread/DEBUG] [FML/]: The mod container scala-actors-migration_2.11-1.1.0.jar appears to be missing an mcmod.info file
[21:41:14] [Client thread/DEBUG] [FML/]: Examining file scala-continuations-plugin_2.11.1-1.0.2.jar for potential mods
[21:41:14] [Client thread/DEBUG] [FML/]: The mod container scala-continuations-plugin_2.11.1-1.0.2.jar appears to be missing an mcmod.info file
[21:41:14] [Client thread/DEBUG] [FML/]: Examining file scala-compiler-2.11.1.jar for potential mods
[21:41:14] [Client thread/DEBUG] [FML/]: The mod container scala-compiler-2.11.1.jar appears to be missing an mcmod.info file
[21:41:16] [Client thread/DEBUG] [FML/]: Examining file scala-continuations-library_2.11-1.0.2.jar for potential mods
[21:41:16] [Client thread/DEBUG] [FML/]: The mod container scala-continuations-library_2.11-1.0.2.jar appears to be missing an mcmod.info file
[21:41:16] [Client thread/DEBUG] [FML/]: Examining file scala-reflect-2.11.1.jar for potential mods
[21:41:16] [Client thread/DEBUG] [FML/]: The mod container scala-reflect-2.11.1.jar appears to be missing an mcmod.info file
[21:41:17] [Client thread/DEBUG] [FML/]: Examining file scala-actors-2.11.0.jar for potential mods
[21:41:17] [Client thread/DEBUG] [FML/]: The mod container scala-actors-2.11.0.jar appears to be missing an mcmod.info file
[21:41:17] [Client thread/DEBUG] [FML/]: Examining file scala-xml_2.11-1.0.2.jar for potential mods
[21:41:17] [Client thread/DEBUG] [FML/]: The mod container scala-xml_2.11-1.0.2.jar appears to be missing an mcmod.info file
[21:41:17] [Client thread/DEBUG] [FML/]: Examining file scala-parser-combinators_2.11-1.0.1.jar for potential mods
[21:41:17] [Client thread/DEBUG] [FML/]: The mod container scala-parser-combinators_2.11-1.0.1.jar appears to be missing an mcmod.info file
[21:41:17] [Client thread/DEBUG] [FML/]: Examining file scala-library-2.11.1.jar for potential mods
[21:41:17] [Client thread/DEBUG] [FML/]: The mod container scala-library-2.11.1.jar appears to be missing an mcmod.info file
[21:41:17] [Client thread/DEBUG] [FML/]: Examining file scala-parser-combinators_2.11-1.0.1.jar for potential mods
[21:41:17] [Client thread/DEBUG] [FML/]: The mod container scala-parser-combinators_2.11-1.0.1.jar appears to be missing an mcmod.info file
[21:41:18] [Client thread/DEBUG] [FML/]: Examining file scala-swing_2.11-1.0.1.jar for potential mods
[21:41:18] [Client thread/DEBUG] [FML/]: The mod container scala-swing_2.11-1.0.1.jar appears to be missing an mcmod.info file
[21:41:18] [Client thread/DEBUG] [FML/]: Examining file scala-xml_2.11-1.0.2.jar for potential mods
[21:41:18] [Client thread/DEBUG] [FML/]: The mod container scala-xml_2.11-1.0.2.jar appears to be missing an mcmod.info file
[21:41:18] [Client thread/DEBUG] [FML/]: Examining file jopt-simple-4.5.jar for potential mods
[21:41:18] [Client thread/DEBUG] [FML/]: The mod container jopt-simple-4.5.jar appears to be missing an mcmod.info file
[21:41:18] [Client thread/DEBUG] [FML/]: Examining file lzma-0.0.1.jar for potential mods
[21:41:18] [Client thread/DEBUG] [FML/]: The mod container lzma-0.0.1.jar appears to be missing an mcmod.info file
[21:41:18] [Client thread/DEBUG] [FML/]: Examining file realms-1.3.5.jar for potential mods
[21:41:18] [Client thread/DEBUG] [FML/]: The mod container realms-1.3.5.jar appears to be missing an mcmod.info file
[21:41:18] [Client thread/DEBUG] [FML/]: Examining file commons-compress-1.8.1.jar for potential mods
[21:41:18] [Client thread/DEBUG] [FML/]: The mod container commons-compress-1.8.1.jar appears to be missing an mcmod.info file
[21:41:18] [Client thread/DEBUG] [FML/]: Examining file httpclient-4.3.3.jar for potential mods
[21:41:18] [Client thread/DEBUG] [FML/]: The mod container httpclient-4.3.3.jar appears to be missing an mcmod.info file
[21:41:18] [Client thread/DEBUG] [FML/]: Examining file commons-logging-1.1.3.jar for potential mods
[21:41:18] [Client thread/DEBUG] [FML/]: The mod container commons-logging-1.1.3.jar appears to be missing an mcmod.info file
[21:41:18] [Client thread/DEBUG] [FML/]: Examining file httpcore-4.3.2.jar for potential mods
[21:41:18] [Client thread/DEBUG] [FML/]: The mod container httpcore-4.3.2.jar appears to be missing an mcmod.info file
[21:41:18] [Client thread/DEBUG] [FML/]: Examining file vecmath-1.3.1.jar for potential mods
[21:41:18] [Client thread/DEBUG] [FML/]: The mod container vecmath-1.3.1.jar appears to be missing an mcmod.info file
[21:41:18] [Client thread/DEBUG] [FML/]: Examining file trove4j-3.0.3.jar for potential mods
[21:41:18] [Client thread/DEBUG] [FML/]: The mod container trove4j-3.0.3.jar appears to be missing an mcmod.info file
[21:41:18] [Client thread/DEBUG] [FML/]: Examining file icu4j-core-mojang-51.2.jar for potential mods
[21:41:18] [Client thread/DEBUG] [FML/]: The mod container icu4j-core-mojang-51.2.jar appears to be missing an mcmod.info file
[21:41:18] [Client thread/DEBUG] [FML/]: Examining file codecjorbis-20101023.jar for potential mods
[21:41:18] [Client thread/DEBUG] [FML/]: The mod container codecjorbis-20101023.jar appears to be missing an mcmod.info file
[21:41:18] [Client thread/DEBUG] [FML/]: Examining file codecwav-20101023.jar for potential mods
[21:41:18] [Client thread/DEBUG] [FML/]: The mod container codecwav-20101023.jar appears to be missing an mcmod.info file
[21:41:18] [Client thread/DEBUG] [FML/]: Examining file libraryjavasound-20101123.jar for potential mods
[21:41:18] [Client thread/DEBUG] [FML/]: The mod container libraryjavasound-20101123.jar appears to be missing an mcmod.info file
[21:41:18] [Client thread/DEBUG] [FML/]: Examining file librarylwjglopenal-20100824.jar for potential mods
[21:41:18] [Client thread/DEBUG] [FML/]: The mod container librarylwjglopenal-20100824.jar appears to be missing an mcmod.info file
[21:41:18] [Client thread/DEBUG] [FML/]: Examining file soundsystem-20120107.jar for potential mods
[21:41:18] [Client thread/DEBUG] [FML/]: The mod container soundsystem-20120107.jar appears to be missing an mcmod.info file
[21:41:18] [Client thread/DEBUG] [FML/]: Examining file netty-all-4.0.10.Final.jar for potential mods
[21:41:18] [Client thread/DEBUG] [FML/]: The mod container netty-all-4.0.10.Final.jar appears to be missing an mcmod.info file
[21:41:19] [Client thread/DEBUG] [FML/]: Examining file authlib-1.5.16.jar for potential mods
[21:41:19] [Client thread/DEBUG] [FML/]: The mod container authlib-1.5.16.jar appears to be missing an mcmod.info file
[21:41:19] [Client thread/DEBUG] [FML/]: Examining file guava-17.0.jar for potential mods
[21:41:19] [Client thread/DEBUG] [FML/]: The mod container guava-17.0.jar appears to be missing an mcmod.info file
[21:41:19] [Client thread/DEBUG] [FML/]: Examining file commons-lang3-3.3.2.jar for potential mods
[21:41:19] [Client thread/DEBUG] [FML/]: The mod container commons-lang3-3.3.2.jar appears to be missing an mcmod.info file
[21:41:19] [Client thread/DEBUG] [FML/]: Examining file commons-io-2.4.jar for potential mods
[21:41:19] [Client thread/DEBUG] [FML/]: The mod container commons-io-2.4.jar appears to be missing an mcmod.info file
[21:41:19] [Client thread/DEBUG] [FML/]: Examining file commons-codec-1.9.jar for potential mods
[21:41:19] [Client thread/DEBUG] [FML/]: The mod container commons-codec-1.9.jar appears to be missing an mcmod.info file
[21:41:19] [Client thread/DEBUG] [FML/]: Examining file lwjgl_util-2.9.1.jar for potential mods
[21:41:19] [Client thread/DEBUG] [FML/]: The mod container lwjgl_util-2.9.1.jar appears to be missing an mcmod.info file
[21:41:19] [Client thread/DEBUG] [FML/]: Examining file lwjgl-2.9.1.jar for potential mods
[21:41:19] [Client thread/DEBUG] [FML/]: The mod container lwjgl-2.9.1.jar appears to be missing an mcmod.info file
[21:41:19] [Client thread/DEBUG] [FML/]: Examining file jinput-2.0.5.jar for potential mods
[21:41:19] [Client thread/DEBUG] [FML/]: The mod container jinput-2.0.5.jar appears to be missing an mcmod.info file
[21:41:19] [Client thread/DEBUG] [FML/]: Examining file jutils-1.0.0.jar for potential mods
[21:41:19] [Client thread/DEBUG] [FML/]: The mod container jutils-1.0.0.jar appears to be missing an mcmod.info file
[21:41:19] [Client thread/DEBUG] [FML/]: Examining file gson-2.2.4.jar for potential mods
[21:41:19] [Client thread/DEBUG] [FML/]: The mod container gson-2.2.4.jar appears to be missing an mcmod.info file
[21:41:19] [Client thread/DEBUG] [FML/]: Examining file log4j-core-2.0-beta9.jar for potential mods
[21:41:19] [Client thread/DEBUG] [FML/]: The mod container log4j-core-2.0-beta9.jar appears to be missing an mcmod.info file
[21:41:19] [Client thread/DEBUG] [FML/]: Examining file log4j-api-2.0-beta9.jar for potential mods
[21:41:19] [Client thread/DEBUG] [FML/]: The mod container log4j-api-2.0-beta9.jar appears to be missing an mcmod.info file
[21:41:19] [Client thread/DEBUG] [FML/]: Examining file twitch-5.16.jar for potential mods
[21:41:19] [Client thread/DEBUG] [FML/]: The mod container twitch-5.16.jar appears to be missing an mcmod.info file
[21:41:19] [Client thread/DEBUG] [FML/]: Examining file jinput-platform-2.0.5-natives-linux.jar for potential mods
[21:41:19] [Client thread/DEBUG] [FML/]: The mod container jinput-platform-2.0.5-natives-linux.jar appears to be missing an mcmod.info file
[21:41:19] [Client thread/DEBUG] [FML/]: Examining file jinput-platform-2.0.5-natives-windows.jar for potential mods
[21:41:19] [Client thread/DEBUG] [FML/]: The mod container jinput-platform-2.0.5-natives-windows.jar appears to be missing an mcmod.info file
[21:41:19] [Client thread/DEBUG] [FML/]: Examining file jinput-platform-2.0.5-natives-osx.jar for potential mods
[21:41:19] [Client thread/DEBUG] [FML/]: The mod container jinput-platform-2.0.5-natives-osx.jar appears to be missing an mcmod.info file
[21:41:19] [Client thread/DEBUG] [FML/]: Examining file twitch-platform-5.16-natives-windows-32.jar for potential mods
[21:41:19] [Client thread/DEBUG] [FML/]: The mod container twitch-platform-5.16-natives-windows-32.jar appears to be missing an mcmod.info file
[21:41:19] [Client thread/DEBUG] [FML/]: Examining file twitch-platform-5.16-natives-windows-64.jar for potential mods
[21:41:19] [Client thread/DEBUG] [FML/]: The mod container twitch-platform-5.16-natives-windows-64.jar appears to be missing an mcmod.info file
[21:41:19] [Client thread/DEBUG] [FML/]: Examining file twitch-platform-5.16-natives-osx.jar for potential mods
[21:41:19] [Client thread/DEBUG] [FML/]: The mod container twitch-platform-5.16-natives-osx.jar appears to be missing an mcmod.info file
[21:41:19] [Client thread/DEBUG] [FML/]: Examining file twitch-external-platform-4.5-natives-windows-32.jar for potential mods
[21:41:19] [Client thread/DEBUG] [FML/]: The mod container twitch-external-platform-4.5-natives-windows-32.jar appears to be missing an mcmod.info file
[21:41:19] [Client thread/DEBUG] [FML/]: Examining file twitch-external-platform-4.5-natives-windows-64.jar for potential mods
[21:41:19] [Client thread/DEBUG] [FML/]: The mod container twitch-external-platform-4.5-natives-windows-64.jar appears to be missing an mcmod.info file
[21:41:19] [Client thread/DEBUG] [FML/]: Examining file lwjgl-platform-2.9.1-natives-windows.jar for potential mods
[21:41:19] [Client thread/DEBUG] [FML/]: The mod container lwjgl-platform-2.9.1-natives-windows.jar appears to be missing an mcmod.info file
[21:41:19] [Client thread/DEBUG] [FML/]: Examining file lwjgl-platform-2.9.1-natives-linux.jar for potential mods
[21:41:19] [Client thread/DEBUG] [FML/]: The mod container lwjgl-platform-2.9.1-natives-linux.jar appears to be missing an mcmod.info file
[21:41:19] [Client thread/DEBUG] [FML/]: Examining file lwjgl-platform-2.9.1-natives-osx.jar for potential mods
[21:41:19] [Client thread/DEBUG] [FML/]: The mod container lwjgl-platform-2.9.1-natives-osx.jar appears to be missing an mcmod.info file
[21:41:19] [Client thread/DEBUG] [FML/]: Examining file simulated-1.7.10-1.0.0 Beta.jar for potential mods
[21:41:19] [Client thread/TRACE] [FML/]: Located mcmod.info file in file simulated-1.7.10-1.0.0 Beta.jar
[21:41:19] [Client thread/DEBUG] [FML/]: Identified a mod of type Lcpw/mods/fml/common/Mod; (com.trhsy.sim.common.ModSim) - loading
[21:41:19] [Client thread/TRACE] [sim/]: Parsed dependency info : [Forge@[9.10,)] [Forge@[9.10,)] []
[21:41:19] [Client thread/DEBUG] [FML/]: Examining file buildcraft-7.1.24-dev.jar for potential mods
[21:41:19] [Client thread/TRACE] [FML/]: Located mcmod.info file in file buildcraft-7.1.24-dev.jar
[21:41:19] [Client thread/DEBUG] [FML/]: Identified a mod of type Lcpw/mods/fml/common/Mod; (buildcraft.BuildCraftBuilders) - loading
[21:41:19] [Client thread/TRACE] [BuildCraft|Builders/]: Parsed dependency info : [BuildCraft|Core@7.1.24] [BuildCraft|Core@7.1.24] []
[21:41:19] [Client thread/DEBUG] [FML/]: Identified a mod of type Lcpw/mods/fml/common/Mod; (buildcraft.BuildCraftRobotics) - loading
[21:41:19] [Client thread/TRACE] [BuildCraft|Robotics/]: Parsed dependency info : [BuildCraft|Core@7.1.24] [BuildCraft|Core@7.1.24] []
[21:41:19] [Client thread/DEBUG] [FML/]: Identified a mod of type Lcpw/mods/fml/common/Mod; (buildcraft.BuildCraftSilicon) - loading
[21:41:19] [Client thread/TRACE] [BuildCraft|Silicon/]: Parsed dependency info : [BuildCraft|Core@7.1.24] [BuildCraft|Core@7.1.24] []
[21:41:19] [Client thread/DEBUG] [FML/]: Identified a mod of type Lcpw/mods/fml/common/Mod; (buildcraft.BuildCraftEnergy) - loading
[21:41:19] [Client thread/TRACE] [BuildCraft|Energy/]: Parsed dependency info : [BuildCraft|Core@7.1.24] [BuildCraft|Core@7.1.24] []
[21:41:19] [Client thread/DEBUG] [FML/]: Identified a mod of type Lcpw/mods/fml/common/Mod; (buildcraft.BuildCraftTransport) - loading
[21:41:19] [Client thread/TRACE] [BuildCraft|Transport/]: Parsed dependency info : [BuildCraft|Core@7.1.24] [BuildCraft|Core@7.1.24] []
[21:41:19] [Client thread/DEBUG] [FML/]: Identified a mod of type Lcpw/mods/fml/common/Mod; (buildcraft.BuildCraftCore) - loading
[21:41:19] [Client thread/TRACE] [BuildCraft|Core/]: Parsed dependency info : [Forge@[10.13.2.1236,)] [Forge@[10.13.2.1236,)] []
[21:41:19] [Client thread/DEBUG] [FML/]: Identified a mod of type Lcpw/mods/fml/common/Mod; (buildcraft.BuildCraftFactory) - loading
[21:41:19] [Client thread/TRACE] [BuildCraft|Factory/]: Parsed dependency info : [BuildCraft|Core@7.1.24] [BuildCraft|Core@7.1.24] []
[21:41:19] [Client thread/DEBUG] [FML/]: Examining directory Simukraft for potential mods
[21:41:19] [Client thread/DEBUG] [FML/]: No mcmod.info file found in directory Simukraft
[21:41:19] [Client thread/TRACE] [FML/]: Recursing into package buildings
[21:41:19] [Client thread/TRACE] [FML/]: Recursing into package buildings.commercial
[21:41:19] [Client thread/TRACE] [FML/]: Recursing into package buildings.industrial
[21:41:19] [Client thread/TRACE] [FML/]: Recursing into package buildings.other
[21:41:19] [Client thread/TRACE] [FML/]: Recursing into package buildings.residential
[21:41:19] [Client thread/INFO] [FML/]: Forge Mod Loader has identified 11 mods to load
[21:41:19] [Client thread/DEBUG] [FML/]: Found API buildcraft.api.transport (owned by BuildCraftAPI|core providing BuildCraftAPI|transport) embedded in BuildCraft|Builders
[21:41:19] [Client thread/DEBUG] [FML/]: Found API buildcraft.api.transport (owned by BuildCraftAPI|core providing BuildCraftAPI|transport) embedded in BuildCraft|Robotics
[21:41:19] [Client thread/DEBUG] [FML/]: Found API buildcraft.api.transport (owned by BuildCraftAPI|core providing BuildCraftAPI|transport) embedded in BuildCraft|Silicon
[21:41:19] [Client thread/DEBUG] [FML/]: Found API buildcraft.api.transport (owned by BuildCraftAPI|core providing BuildCraftAPI|transport) embedded in BuildCraft|Energy
[21:41:19] [Client thread/DEBUG] [FML/]: Found API buildcraft.api.transport (owned by BuildCraftAPI|core providing BuildCraftAPI|transport) embedded in BuildCraft|Transport
[21:41:19] [Client thread/DEBUG] [FML/]: Found API buildcraft.api.transport (owned by BuildCraftAPI|core providing BuildCraftAPI|transport) embedded in BuildCraft|Core
[21:41:19] [Client thread/DEBUG] [FML/]: Found API buildcraft.api.transport (owned by BuildCraftAPI|core providing BuildCraftAPI|transport) embedded in BuildCraft|Factory
[21:41:19] [Client thread/DEBUG] [FML/]: Found API buildcraft.api.gates (owned by BuildCraftAPI|core providing BuildCraftAPI|gates) embedded in BuildCraft|Builders
[21:41:19] [Client thread/DEBUG] [FML/]: Found API buildcraft.api.gates (owned by BuildCraftAPI|core providing BuildCraftAPI|gates) embedded in BuildCraft|Robotics
[21:41:19] [Client thread/DEBUG] [FML/]: Found API buildcraft.api.gates (owned by BuildCraftAPI|core providing BuildCraftAPI|gates) embedded in BuildCraft|Silicon
[21:41:19] [Client thread/DEBUG] [FML/]: Found API buildcraft.api.gates (owned by BuildCraftAPI|core providing BuildCraftAPI|gates) embedded in BuildCraft|Energy
[21:41:19] [Client thread/DEBUG] [FML/]: Found API buildcraft.api.gates (owned by BuildCraftAPI|core providing BuildCraftAPI|gates) embedded in BuildCraft|Transport
[21:41:19] [Client thread/DEBUG] [FML/]: Found API buildcraft.api.gates (owned by BuildCraftAPI|core providing BuildCraftAPI|gates) embedded in BuildCraft|Core
[21:41:19] [Client thread/DEBUG] [FML/]: Found API buildcraft.api.gates (owned by BuildCraftAPI|core providing BuildCraftAPI|gates) embedded in BuildCraft|Factory
[21:41:19] [Client thread/DEBUG] [FML/]: Found API buildcraft.api.lists (owned by BuildCraftAPI|core providing BuildCraftAPI|lists) embedded in BuildCraft|Builders
[21:41:19] [Client thread/DEBUG] [FML/]: Found API buildcraft.api.lists (owned by BuildCraftAPI|core providing BuildCraftAPI|lists) embedded in BuildCraft|Robotics
[21:41:19] [Client thread/DEBUG] [FML/]: Found API buildcraft.api.lists (owned by BuildCraftAPI|core providing BuildCraftAPI|lists) embedded in BuildCraft|Silicon
[21:41:19] [Client thread/DEBUG] [FML/]: Found API buildcraft.api.lists (owned by BuildCraftAPI|core providing BuildCraftAPI|lists) embedded in BuildCraft|Energy
[21:41:19] [Client thread/DEBUG] [FML/]: Found API buildcraft.api.lists (owned by BuildCraftAPI|core providing BuildCraftAPI|lists) embedded in BuildCraft|Transport
[21:41:19] [Client thread/DEBUG] [FML/]: Found API buildcraft.api.lists (owned by BuildCraftAPI|core providing BuildCraftAPI|lists) embedded in BuildCraft|Core
[21:41:19] [Client thread/DEBUG] [FML/]: Found API buildcraft.api.lists (owned by BuildCraftAPI|core providing BuildCraftAPI|lists) embedded in BuildCraft|Factory
[21:41:19] [Client thread/DEBUG] [FML/]: Found API buildcraft.api.tablet (owned by BuildCraftAPI|core providing BuildCraftAPI|tablet) embedded in BuildCraft|Builders
[21:41:19] [Client thread/DEBUG] [FML/]: Found API buildcraft.api.tablet (owned by BuildCraftAPI|core providing BuildCraftAPI|tablet) embedded in BuildCraft|Robotics
[21:41:19] [Client thread/DEBUG] [FML/]: Found API buildcraft.api.tablet (owned by BuildCraftAPI|core providing BuildCraftAPI|tablet) embedded in BuildCraft|Silicon
[21:41:19] [Client thread/DEBUG] [FML/]: Found API buildcraft.api.tablet (owned by BuildCraftAPI|core providing BuildCraftAPI|tablet) embedded in BuildCraft|Energy
[21:41:19] [Client thread/DEBUG] [FML/]: Found API buildcraft.api.tablet (owned by BuildCraftAPI|core providing BuildCraftAPI|tablet) embedded in BuildCraft|Transport
[21:41:19] [Client thread/DEBUG] [FML/]: Found API buildcraft.api.tablet (owned by BuildCraftAPI|core providing BuildCraftAPI|tablet) embedded in BuildCraft|Core
[21:41:19] [Client thread/DEBUG] [FML/]: Found API buildcraft.api.tablet (owned by BuildCraftAPI|core providing BuildCraftAPI|tablet) embedded in BuildCraft|Factory
[21:41:19] [Client thread/DEBUG] [FML/]: Found API buildcraft.api.events (owned by BuildCraftAPI|core providing BuildCraftAPI|events) embedded in BuildCraft|Builders
[21:41:19] [Client thread/DEBUG] [FML/]: Found API buildcraft.api.events (owned by BuildCraftAPI|core providing BuildCraftAPI|events) embedded in BuildCraft|Robotics
[21:41:19] [Client thread/DEBUG] [FML/]: Found API buildcraft.api.events (owned by BuildCraftAPI|core providing BuildCraftAPI|events) embedded in BuildCraft|Silicon
[21:41:19] [Client thread/DEBUG] [FML/]: Found API buildcraft.api.events (owned by BuildCraftAPI|core providing BuildCraftAPI|events) embedded in BuildCraft|Energy
[21:41:19] [Client thread/DEBUG] [FML/]: Found API buildcraft.api.events (owned by BuildCraftAPI|core providing BuildCraftAPI|events) embedded in BuildCraft|Transport
[21:41:19] [Client thread/DEBUG] [FML/]: Found API buildcraft.api.events (owned by BuildCraftAPI|core providing BuildCraftAPI|events) embedded in BuildCraft|Core
[21:41:19] [Client thread/DEBUG] [FML/]: Found API buildcraft.api.events (owned by BuildCraftAPI|core providing BuildCraftAPI|events) embedded in BuildCraft|Factory
[21:41:19] [Client thread/DEBUG] [FML/]: Found API buildcraft.api (owned by BuildCraft|Core providing BuildCraftAPI|core) embedded in BuildCraft|Builders
[21:41:19] [Client thread/DEBUG] [FML/]: Found API buildcraft.api (owned by BuildCraft|Core providing BuildCraftAPI|core) embedded in BuildCraft|Robotics
[21:41:19] [Client thread/DEBUG] [FML/]: Found API buildcraft.api (owned by BuildCraft|Core providing BuildCraftAPI|core) embedded in BuildCraft|Silicon
[21:41:19] [Client thread/DEBUG] [FML/]: Found API buildcraft.api (owned by BuildCraft|Core providing BuildCraftAPI|core) embedded in BuildCraft|Energy
[21:41:19] [Client thread/DEBUG] [FML/]: Found API buildcraft.api (owned by BuildCraft|Core providing BuildCraftAPI|core) embedded in BuildCraft|Transport
[21:41:19] [Client thread/DEBUG] [FML/]: Found API buildcraft.api (owned by BuildCraft|Core providing BuildCraftAPI|core) embedded in BuildCraft|Core
[21:41:19] [Client thread/DEBUG] [FML/]: Found API buildcraft.api (owned by BuildCraft|Core providing BuildCraftAPI|core) embedded in BuildCraft|Factory
[21:41:19] [Client thread/DEBUG] [FML/]: Found API buildcraft.api.filler (owned by BuildCraftAPI|core providing BuildCraftAPI|filler) embedded in BuildCraft|Builders
[21:41:19] [Client thread/DEBUG] [FML/]: Found API buildcraft.api.filler (owned by BuildCraftAPI|core providing BuildCraftAPI|filler) embedded in BuildCraft|Robotics
[21:41:19] [Client thread/DEBUG] [FML/]: Found API buildcraft.api.filler (owned by BuildCraftAPI|core providing BuildCraftAPI|filler) embedded in BuildCraft|Silicon
[21:41:19] [Client thread/DEBUG] [FML/]: Found API buildcraft.api.filler (owned by BuildCraftAPI|core providing BuildCraftAPI|filler) embedded in BuildCraft|Energy
[21:41:19] [Client thread/DEBUG] [FML/]: Found API buildcraft.api.filler (owned by BuildCraftAPI|core providing BuildCraftAPI|filler) embedded in BuildCraft|Transport
[21:41:19] [Client thread/DEBUG] [FML/]: Found API buildcraft.api.filler (owned by BuildCraftAPI|core providing BuildCraftAPI|filler) embedded in BuildCraft|Core
[21:41:19] [Client thread/DEBUG] [FML/]: Found API buildcraft.api.filler (owned by BuildCraftAPI|core providing BuildCraftAPI|filler) embedded in BuildCraft|Factory
[21:41:19] [Client thread/DEBUG] [FML/]: Found API buildcraft.api.tiles (owned by BuildCraftAPI|core providing BuildCraftAPI|tiles) embedded in BuildCraft|Builders
[21:41:19] [Client thread/DEBUG] [FML/]: Found API buildcraft.api.tiles (owned by BuildCraftAPI|core providing BuildCraftAPI|tiles) embedded in BuildCraft|Robotics
[21:41:19] [Client thread/DEBUG] [FML/]: Found API buildcraft.api.tiles (owned by BuildCraftAPI|core providing BuildCraftAPI|tiles) embedded in BuildCraft|Silicon
[21:41:19] [Client thread/DEBUG] [FML/]: Found API buildcraft.api.tiles (owned by BuildCraftAPI|core providing BuildCraftAPI|tiles) embedded in BuildCraft|Energy
[21:41:19] [Client thread/DEBUG] [FML/]: Found API buildcraft.api.tiles (owned by BuildCraftAPI|core providing BuildCraftAPI|tiles) embedded in BuildCraft|Transport
[21:41:19] [Client thread/DEBUG] [FML/]: Found API buildcraft.api.tiles (owned by BuildCraftAPI|core providing BuildCraftAPI|tiles) embedded in BuildCraft|Core
[21:41:19] [Client thread/DEBUG] [FML/]: Found API buildcraft.api.tiles (owned by BuildCraftAPI|core providing BuildCraftAPI|tiles) embedded in BuildCraft|Factory
[21:41:19] [Client thread/DEBUG] [FML/]: Found API buildcraft.api.library (owned by BuildCraftAPI|core providing BuildCraftAPI|library) embedded in BuildCraft|Builders
[21:41:19] [Client thread/DEBUG] [FML/]: Found API buildcraft.api.library (owned by BuildCraftAPI|core providing BuildCraftAPI|library) embedded in BuildCraft|Robotics
[21:41:19] [Client thread/DEBUG] [FML/]: Found API buildcraft.api.library (owned by BuildCraftAPI|core providing BuildCraftAPI|library) embedded in BuildCraft|Silicon
[21:41:19] [Client thread/DEBUG] [FML/]: Found API buildcraft.api.library (owned by BuildCraftAPI|core providing BuildCraftAPI|library) embedded in BuildCraft|Energy
[21:41:19] [Client thread/DEBUG] [FML/]: Found API buildcraft.api.library (owned by BuildCraftAPI|core providing BuildCraftAPI|library) embedded in BuildCraft|Transport
[21:41:19] [Client thread/DEBUG] [FML/]: Found API buildcraft.api.library (owned by BuildCraftAPI|core providing BuildCraftAPI|library) embedded in BuildCraft|Core
[21:41:19] [Client thread/DEBUG] [FML/]: Found API buildcraft.api.library (owned by BuildCraftAPI|core providing BuildCraftAPI|library) embedded in BuildCraft|Factory
[21:41:19] [Client thread/DEBUG] [FML/]: Found API buildcraft.api.items (owned by BuildCraftAPI|core providing BuildCraftAPI|items) embedded in BuildCraft|Builders
[21:41:19] [Client thread/DEBUG] [FML/]: Found API buildcraft.api.items (owned by BuildCraftAPI|core providing BuildCraftAPI|items) embedded in BuildCraft|Robotics
[21:41:19] [Client thread/DEBUG] [FML/]: Found API buildcraft.api.items (owned by BuildCraftAPI|core providing BuildCraftAPI|items) embedded in BuildCraft|Silicon
[21:41:19] [Client thread/DEBUG] [FML/]: Found API buildcraft.api.items (owned by BuildCraftAPI|core providing BuildCraftAPI|items) embedded in BuildCraft|Energy
[21:41:19] [Client thread/DEBUG] [FML/]: Found API buildcraft.api.items (owned by BuildCraftAPI|core providing BuildCraftAPI|items) embedded in BuildCraft|Transport
[21:41:19] [Client thread/DEBUG] [FML/]: Found API buildcraft.api.items (owned by BuildCraftAPI|core providing BuildCraftAPI|items) embedded in BuildCraft|Core
[21:41:19] [Client thread/DEBUG] [FML/]: Found API buildcraft.api.items (owned by BuildCraftAPI|core providing BuildCraftAPI|items) embedded in BuildCraft|Factory
[21:41:19] [Client thread/DEBUG] [FML/]: Found API buildcraft.api.power (owned by BuildCraftAPI|core providing BuildCraftAPI|power) embedded in BuildCraft|Builders
[21:41:19] [Client thread/DEBUG] [FML/]: Found API buildcraft.api.power (owned by BuildCraftAPI|core providing BuildCraftAPI|power) embedded in BuildCraft|Robotics
[21:41:19] [Client thread/DEBUG] [FML/]: Found API buildcraft.api.power (owned by BuildCraftAPI|core providing BuildCraftAPI|power) embedded in BuildCraft|Silicon
[21:41:19] [Client thread/DEBUG] [FML/]: Found API buildcraft.api.power (owned by BuildCraftAPI|core providing BuildCraftAPI|power) embedded in BuildCraft|Energy
[21:41:19] [Client thread/DEBUG] [FML/]: Found API buildcraft.api.power (owned by BuildCraftAPI|core providing BuildCraftAPI|power) embedded in BuildCraft|Transport
[21:41:19] [Client thread/DEBUG] [FML/]: Found API buildcraft.api.power (owned by BuildCraftAPI|core providing BuildCraftAPI|power) embedded in BuildCraft|Core
[21:41:19] [Client thread/DEBUG] [FML/]: Found API buildcraft.api.power (owned by BuildCraftAPI|core providing BuildCraftAPI|power) embedded in BuildCraft|Factory
[21:41:19] [Client thread/DEBUG] [FML/]: Found API cofh.api.energy (owned by CoFHAPI providing CoFHAPI|energy) embedded in BuildCraft|Builders
[21:41:19] [Client thread/DEBUG] [FML/]: Found API cofh.api.energy (owned by CoFHAPI providing CoFHAPI|energy) embedded in BuildCraft|Robotics
[21:41:19] [Client thread/DEBUG] [FML/]: Found API cofh.api.energy (owned by CoFHAPI providing CoFHAPI|energy) embedded in BuildCraft|Silicon
[21:41:19] [Client thread/DEBUG] [FML/]: Found API cofh.api.energy (owned by CoFHAPI providing CoFHAPI|energy) embedded in BuildCraft|Energy
[21:41:19] [Client thread/DEBUG] [FML/]: Found API cofh.api.energy (owned by CoFHAPI providing CoFHAPI|energy) embedded in BuildCraft|Transport
[21:41:19] [Client thread/DEBUG] [FML/]: Found API cofh.api.energy (owned by CoFHAPI providing CoFHAPI|energy) embedded in BuildCraft|Core
[21:41:19] [Client thread/DEBUG] [FML/]: Found API cofh.api.energy (owned by CoFHAPI providing CoFHAPI|energy) embedded in BuildCraft|Factory
[21:41:19] [Client thread/DEBUG] [FML/]: Found API cofh.api (owned by CoFHLib providing CoFHAPI) embedded in BuildCraft|Builders
[21:41:19] [Client thread/DEBUG] [FML/]: Found API cofh.api (owned by CoFHLib providing CoFHAPI) embedded in BuildCraft|Robotics
[21:41:19] [Client thread/DEBUG] [FML/]: Found API cofh.api (owned by CoFHLib providing CoFHAPI) embedded in BuildCraft|Silicon
[21:41:19] [Client thread/DEBUG] [FML/]: Found API cofh.api (owned by CoFHLib providing CoFHAPI) embedded in BuildCraft|Energy
[21:41:19] [Client thread/DEBUG] [FML/]: Found API cofh.api (owned by CoFHLib providing CoFHAPI) embedded in BuildCraft|Transport
[21:41:19] [Client thread/DEBUG] [FML/]: Found API cofh.api (owned by CoFHLib providing CoFHAPI) embedded in BuildCraft|Core
[21:41:19] [Client thread/DEBUG] [FML/]: Found API cofh.api (owned by CoFHLib providing CoFHAPI) embedded in BuildCraft|Factory
[21:41:19] [Client thread/DEBUG] [FML/]: Found API buildcraft.api.blueprints (owned by BuildCraftAPI|core providing BuildCraftAPI|blueprints) embedded in BuildCraft|Builders
[21:41:19] [Client thread/DEBUG] [FML/]: Found API buildcraft.api.blueprints (owned by BuildCraftAPI|core providing BuildCraftAPI|blueprints) embedded in BuildCraft|Robotics
[21:41:19] [Client thread/DEBUG] [FML/]: Found API buildcraft.api.blueprints (owned by BuildCraftAPI|core providing BuildCraftAPI|blueprints) embedded in BuildCraft|Silicon
[21:41:19] [Client thread/DEBUG] [FML/]: Found API buildcraft.api.blueprints (owned by BuildCraftAPI|core providing BuildCraftAPI|blueprints) embedded in BuildCraft|Energy
[21:41:19] [Client thread/DEBUG] [FML/]: Found API buildcraft.api.blueprints (owned by BuildCraftAPI|core providing BuildCraftAPI|blueprints) embedded in BuildCraft|Transport
[21:41:19] [Client thread/DEBUG] [FML/]: Found API buildcraft.api.blueprints (owned by BuildCraftAPI|core providing BuildCraftAPI|blueprints) embedded in BuildCraft|Core
[21:41:19] [Client thread/DEBUG] [FML/]: Found API buildcraft.api.blueprints (owned by BuildCraftAPI|core providing BuildCraftAPI|blueprints) embedded in BuildCraft|Factory
[21:41:19] [Client thread/DEBUG] [FML/]: Found API buildcraft.api.core (owned by BuildCraft|Core providing BuildCraftAPI|core) embedded in BuildCraft|Core
[21:41:19] [Client thread/DEBUG] [FML/]: Found API buildcraft.api.statements (owned by BuildCraftAPI|core providing BuildCraftAPI|statements) embedded in BuildCraft|Builders
[21:41:19] [Client thread/DEBUG] [FML/]: Found API buildcraft.api.statements (owned by BuildCraftAPI|core providing BuildCraftAPI|statements) embedded in BuildCraft|Robotics
[21:41:19] [Client thread/DEBUG] [FML/]: Found API buildcraft.api.statements (owned by BuildCraftAPI|core providing BuildCraftAPI|statements) embedded in BuildCraft|Silicon
[21:41:19] [Client thread/DEBUG] [FML/]: Found API buildcraft.api.statements (owned by BuildCraftAPI|core providing BuildCraftAPI|statements) embedded in BuildCraft|Energy
[21:41:19] [Client thread/DEBUG] [FML/]: Found API buildcraft.api.statements (owned by BuildCraftAPI|core providing BuildCraftAPI|statements) embedded in BuildCraft|Transport
[21:41:19] [Client thread/DEBUG] [FML/]: Found API buildcraft.api.statements (owned by BuildCraftAPI|core providing BuildCraftAPI|statements) embedded in BuildCraft|Core
[21:41:19] [Client thread/DEBUG] [FML/]: Found API buildcraft.api.statements (owned by BuildCraftAPI|core providing BuildCraftAPI|statements) embedded in BuildCraft|Factory
[21:41:19] [Client thread/DEBUG] [FML/]: Found API buildcraft.api.crops (owned by BuildCraftAPI|Core providing BuildCraftAPI|crops) embedded in BuildCraft|Builders
[21:41:19] [Client thread/DEBUG] [FML/]: Found API buildcraft.api.crops (owned by BuildCraftAPI|Core providing BuildCraftAPI|crops) embedded in BuildCraft|Robotics
[21:41:19] [Client thread/DEBUG] [FML/]: Found API buildcraft.api.crops (owned by BuildCraftAPI|Core providing BuildCraftAPI|crops) embedded in BuildCraft|Silicon
[21:41:19] [Client thread/DEBUG] [FML/]: Found API buildcraft.api.crops (owned by BuildCraftAPI|Core providing BuildCraftAPI|crops) embedded in BuildCraft|Energy
[21:41:19] [Client thread/DEBUG] [FML/]: Found API buildcraft.api.crops (owned by BuildCraftAPI|Core providing BuildCraftAPI|crops) embedded in BuildCraft|Transport
[21:41:19] [Client thread/DEBUG] [FML/]: Found API buildcraft.api.crops (owned by BuildCraftAPI|Core providing BuildCraftAPI|crops) embedded in BuildCraft|Core
[21:41:19] [Client thread/DEBUG] [FML/]: Found API buildcraft.api.crops (owned by BuildCraftAPI|Core providing BuildCraftAPI|crops) embedded in BuildCraft|Factory
[21:41:19] [Client thread/DEBUG] [FML/]: Found API buildcraft.api.blocks (owned by BuildCraftAPI|core providing BuildCraftAPI|blocks) embedded in BuildCraft|Builders
[21:41:19] [Client thread/DEBUG] [FML/]: Found API buildcraft.api.blocks (owned by BuildCraftAPI|core providing BuildCraftAPI|blocks) embedded in BuildCraft|Robotics
[21:41:19] [Client thread/DEBUG] [FML/]: Found API buildcraft.api.blocks (owned by BuildCraftAPI|core providing BuildCraftAPI|blocks) embedded in BuildCraft|Silicon
[21:41:19] [Client thread/DEBUG] [FML/]: Found API buildcraft.api.blocks (owned by BuildCraftAPI|core providing BuildCraftAPI|blocks) embedded in BuildCraft|Energy
[21:41:19] [Client thread/DEBUG] [FML/]: Found API buildcraft.api.blocks (owned by BuildCraftAPI|core providing BuildCraftAPI|blocks) embedded in BuildCraft|Transport
[21:41:19] [Client thread/DEBUG] [FML/]: Found API buildcraft.api.blocks (owned by BuildCraftAPI|core providing BuildCraftAPI|blocks) embedded in BuildCraft|Core
[21:41:19] [Client thread/DEBUG] [FML/]: Found API buildcraft.api.blocks (owned by BuildCraftAPI|core providing BuildCraftAPI|blocks) embedded in BuildCraft|Factory
[21:41:19] [Client thread/DEBUG] [FML/]: Found API buildcraft.api.boards (owned by BuildCraftAPI|core providing BuildCraftAPI|boards) embedded in BuildCraft|Builders
[21:41:19] [Client thread/DEBUG] [FML/]: Found API buildcraft.api.boards (owned by BuildCraftAPI|core providing BuildCraftAPI|boards) embedded in BuildCraft|Robotics
[21:41:19] [Client thread/DEBUG] [FML/]: Found API buildcraft.api.boards (owned by BuildCraftAPI|core providing BuildCraftAPI|boards) embedded in BuildCraft|Silicon
[21:41:19] [Client thread/DEBUG] [FML/]: Found API buildcraft.api.boards (owned by BuildCraftAPI|core providing BuildCraftAPI|boards) embedded in BuildCraft|Energy
[21:41:19] [Client thread/DEBUG] [FML/]: Found API buildcraft.api.boards (owned by BuildCraftAPI|core providing BuildCraftAPI|boards) embedded in BuildCraft|Transport
[21:41:19] [Client thread/DEBUG] [FML/]: Found API buildcraft.api.boards (owned by BuildCraftAPI|core providing BuildCraftAPI|boards) embedded in BuildCraft|Core
[21:41:19] [Client thread/DEBUG] [FML/]: Found API buildcraft.api.boards (owned by BuildCraftAPI|core providing BuildCraftAPI|boards) embedded in BuildCraft|Factory
[21:41:19] [Client thread/DEBUG] [FML/]: Found API buildcraft.api.robots (owned by BuildCraftAPI|core providing BuildCraftAPI|robotics) embedded in BuildCraft|Builders
[21:41:19] [Client thread/DEBUG] [FML/]: Found API buildcraft.api.robots (owned by BuildCraftAPI|core providing BuildCraftAPI|robotics) embedded in BuildCraft|Robotics
[21:41:19] [Client thread/DEBUG] [FML/]: Found API buildcraft.api.robots (owned by BuildCraftAPI|core providing BuildCraftAPI|robotics) embedded in BuildCraft|Silicon
[21:41:19] [Client thread/DEBUG] [FML/]: Found API buildcraft.api.robots (owned by BuildCraftAPI|core providing BuildCraftAPI|robotics) embedded in BuildCraft|Energy
[21:41:19] [Client thread/DEBUG] [FML/]: Found API buildcraft.api.robots (owned by BuildCraftAPI|core providing BuildCraftAPI|robotics) embedded in BuildCraft|Transport
[21:41:19] [Client thread/DEBUG] [FML/]: Found API buildcraft.api.robots (owned by BuildCraftAPI|core providing BuildCraftAPI|robotics) embedded in BuildCraft|Core
[21:41:19] [Client thread/DEBUG] [FML/]: Found API buildcraft.api.robots (owned by BuildCraftAPI|core providing BuildCraftAPI|robotics) embedded in BuildCraft|Factory
[21:41:19] [Client thread/DEBUG] [FML/]: Found API buildcraft.api.facades (owned by BuildCraftAPI|core providing BuildCraftAPI|facades) embedded in BuildCraft|Builders
[21:41:19] [Client thread/DEBUG] [FML/]: Found API buildcraft.api.facades (owned by BuildCraftAPI|core providing BuildCraftAPI|facades) embedded in BuildCraft|Robotics
[21:41:19] [Client thread/DEBUG] [FML/]: Found API buildcraft.api.facades (owned by BuildCraftAPI|core providing BuildCraftAPI|facades) embedded in BuildCraft|Silicon
[21:41:19] [Client thread/DEBUG] [FML/]: Found API buildcraft.api.facades (owned by BuildCraftAPI|core providing BuildCraftAPI|facades) embedded in BuildCraft|Energy
[21:41:19] [Client thread/DEBUG] [FML/]: Found API buildcraft.api.facades (owned by BuildCraftAPI|core providing BuildCraftAPI|facades) embedded in BuildCraft|Transport
[21:41:19] [Client thread/DEBUG] [FML/]: Found API buildcraft.api.facades (owned by BuildCraftAPI|core providing BuildCraftAPI|facades) embedded in BuildCraft|Core
[21:41:19] [Client thread/DEBUG] [FML/]: Found API buildcraft.api.facades (owned by BuildCraftAPI|core providing BuildCraftAPI|facades) embedded in BuildCraft|Factory
[21:41:19] [Client thread/DEBUG] [FML/]: Found API buildcraft.api.recipes (owned by BuildCraftAPI|core providing BuildCraftAPI|recipes) embedded in BuildCraft|Builders
[21:41:19] [Client thread/DEBUG] [FML/]: Found API buildcraft.api.recipes (owned by BuildCraftAPI|core providing BuildCraftAPI|recipes) embedded in BuildCraft|Robotics
[21:41:19] [Client thread/DEBUG] [FML/]: Found API buildcraft.api.recipes (owned by BuildCraftAPI|core providing BuildCraftAPI|recipes) embedded in BuildCraft|Silicon
[21:41:19] [Client thread/DEBUG] [FML/]: Found API buildcraft.api.recipes (owned by BuildCraftAPI|core providing BuildCraftAPI|recipes) embedded in BuildCraft|Energy
[21:41:19] [Client thread/DEBUG] [FML/]: Found API buildcraft.api.recipes (owned by BuildCraftAPI|core providing BuildCraftAPI|recipes) embedded in BuildCraft|Transport
[21:41:19] [Client thread/DEBUG] [FML/]: Found API buildcraft.api.recipes (owned by BuildCraftAPI|core providing BuildCraftAPI|recipes) embedded in BuildCraft|Core
[21:41:19] [Client thread/DEBUG] [FML/]: Found API buildcraft.api.recipes (owned by BuildCraftAPI|core providing BuildCraftAPI|recipes) embedded in BuildCraft|Factory
[21:41:19] [Client thread/DEBUG] [FML/]: Found API buildcraft.api.fuels (owned by BuildCraftAPI|core providing BuildCraftAPI|fuels) embedded in BuildCraft|Builders
[21:41:19] [Client thread/DEBUG] [FML/]: Found API buildcraft.api.fuels (owned by BuildCraftAPI|core providing BuildCraftAPI|fuels) embedded in BuildCraft|Robotics
[21:41:19] [Client thread/DEBUG] [FML/]: Found API buildcraft.api.fuels (owned by BuildCraftAPI|core providing BuildCraftAPI|fuels) embedded in BuildCraft|Silicon
[21:41:19] [Client thread/DEBUG] [FML/]: Found API buildcraft.api.fuels (owned by BuildCraftAPI|core providing BuildCraftAPI|fuels) embedded in BuildCraft|Energy
[21:41:19] [Client thread/DEBUG] [FML/]: Found API buildcraft.api.fuels (owned by BuildCraftAPI|core providing BuildCraftAPI|fuels) embedded in BuildCraft|Transport
[21:41:19] [Client thread/DEBUG] [FML/]: Found API buildcraft.api.fuels (owned by BuildCraftAPI|core providing BuildCraftAPI|fuels) embedded in BuildCraft|Core
[21:41:19] [Client thread/DEBUG] [FML/]: Found API buildcraft.api.fuels (owned by BuildCraftAPI|core providing BuildCraftAPI|fuels) embedded in BuildCraft|Factory
[21:41:19] [Client thread/DEBUG] [FML/]: Found API buildcraft.api.tools (owned by BuildCraftAPI|core providing BuildCraftAPI|tools) embedded in BuildCraft|Builders
[21:41:19] [Client thread/DEBUG] [FML/]: Found API buildcraft.api.tools (owned by BuildCraftAPI|core providing BuildCraftAPI|tools) embedded in BuildCraft|Robotics
[21:41:19] [Client thread/DEBUG] [FML/]: Found API buildcraft.api.tools (owned by BuildCraftAPI|core providing BuildCraftAPI|tools) embedded in BuildCraft|Silicon
[21:41:19] [Client thread/DEBUG] [FML/]: Found API buildcraft.api.tools (owned by BuildCraftAPI|core providing BuildCraftAPI|tools) embedded in BuildCraft|Energy
[21:41:19] [Client thread/DEBUG] [FML/]: Found API buildcraft.api.tools (owned by BuildCraftAPI|core providing BuildCraftAPI|tools) embedded in BuildCraft|Transport
[21:41:19] [Client thread/DEBUG] [FML/]: Found API buildcraft.api.tools (owned by BuildCraftAPI|core providing BuildCraftAPI|tools) embedded in BuildCraft|Core
[21:41:19] [Client thread/DEBUG] [FML/]: Found API buildcraft.api.tools (owned by BuildCraftAPI|core providing BuildCraftAPI|tools) embedded in BuildCraft|Factory
[21:41:19] [Client thread/TRACE] [FML/]: Removing upstream parent BuildCraft|Core from APIContainer{BuildCraftAPI|tiles:1.2}
[21:41:19] [Client thread/DEBUG] [FML/]: Creating API container dummy for API BuildCraftAPI|tiles: owner: BuildCraftAPI|core, dependents: [BuildCraft|Builders, BuildCraft|Robotics, BuildCraft|Silicon, BuildCraft|Energy, BuildCraft|Transport, BuildCraft|Factory]
[21:41:19] [Client thread/TRACE] [FML/]: Removing upstream parent BuildCraft|Core from APIContainer{BuildCraftAPI|lists:1.0}
[21:41:19] [Client thread/DEBUG] [FML/]: Creating API container dummy for API BuildCraftAPI|lists: owner: BuildCraftAPI|core, dependents: [BuildCraft|Builders, BuildCraft|Robotics, BuildCraft|Silicon, BuildCraft|Energy, BuildCraft|Transport, BuildCraft|Factory]
[21:41:19] [Client thread/TRACE] [FML/]: Removing upstream parent BuildCraft|Core from APIContainer{BuildCraftAPI|gates:4.1}
[21:41:19] [Client thread/DEBUG] [FML/]: Creating API container dummy for API BuildCraftAPI|gates: owner: BuildCraftAPI|core, dependents: [BuildCraft|Builders, BuildCraft|Robotics, BuildCraft|Silicon, BuildCraft|Energy, BuildCraft|Transport, BuildCraft|Factory]
[21:41:19] [Client thread/TRACE] [FML/]: Removing upstream parent CoFHLib from APIContainer{CoFHAPI|energy:1.7.10R1.3.1}
[21:41:19] [Client thread/DEBUG] [FML/]: Creating API container dummy for API CoFHAPI|energy: owner: CoFHAPI, dependents: [BuildCraft|Builders, BuildCraft|Robotics, BuildCraft|Silicon, BuildCraft|Energy, BuildCraft|Transport, BuildCraft|Core, BuildCraft|Factory]
[21:41:19] [Client thread/TRACE] [FML/]: Removing upstream parent BuildCraft|Core from APIContainer{BuildCraftAPI|transport:4.1}
[21:41:19] [Client thread/DEBUG] [FML/]: Creating API container dummy for API BuildCraftAPI|transport: owner: BuildCraftAPI|core, dependents: [BuildCraft|Builders, BuildCraft|Robotics, BuildCraft|Silicon, BuildCraft|Energy, BuildCraft|Transport, BuildCraft|Factory]
[21:41:19] [Client thread/TRACE] [FML/]: Removing upstream parent BuildCraft|Core from APIContainer{BuildCraftAPI|statements:1.1}
[21:41:19] [Client thread/DEBUG] [FML/]: Creating API container dummy for API BuildCraftAPI|statements: owner: BuildCraftAPI|core, dependents: [BuildCraft|Builders, BuildCraft|Robotics, BuildCraft|Silicon, BuildCraft|Energy, BuildCraft|Transport, BuildCraft|Factory]
[21:41:19] [Client thread/DEBUG] [FML/]: Creating API container dummy for API BuildCraftAPI|crops: owner: BuildCraftAPI|Core, dependents: [BuildCraft|Builders, BuildCraft|Robotics, BuildCraft|Silicon, BuildCraft|Energy, BuildCraft|Transport, BuildCraft|Core, BuildCraft|Factory]
[21:41:19] [Client thread/DEBUG] [FML/]: Creating API container dummy for API CoFHAPI: owner: CoFHLib, dependents: [BuildCraft|Builders, BuildCraft|Robotics, BuildCraft|Silicon, BuildCraft|Energy, BuildCraft|Transport, BuildCraft|Core, BuildCraft|Factory]
[21:41:19] [Client thread/TRACE] [FML/]: Removing upstream parent BuildCraft|Core from APIContainer{BuildCraftAPI|power:1.3}
[21:41:19] [Client thread/DEBUG] [FML/]: Creating API container dummy for API BuildCraftAPI|power: owner: BuildCraftAPI|core, dependents: [BuildCraft|Builders, BuildCraft|Robotics, BuildCraft|Silicon, BuildCraft|Energy, BuildCraft|Transport, BuildCraft|Factory]
[21:41:19] [Client thread/TRACE] [FML/]: Removing upstream parent BuildCraft|Core from APIContainer{BuildCraftAPI|blocks:1.0}
[21:41:19] [Client thread/DEBUG] [FML/]: Creating API container dummy for API BuildCraftAPI|blocks: owner: BuildCraftAPI|core, dependents: [BuildCraft|Builders, BuildCraft|Robotics, BuildCraft|Silicon, BuildCraft|Energy, BuildCraft|Transport, BuildCraft|Factory]
[21:41:19] [Client thread/TRACE] [FML/]: Removing upstream parent BuildCraft|Core from APIContainer{BuildCraftAPI|facades:1.1}
[21:41:19] [Client thread/DEBUG] [FML/]: Creating API container dummy for API BuildCraftAPI|facades: owner: BuildCraftAPI|core, dependents: [BuildCraft|Builders, BuildCraft|Robotics, BuildCraft|Silicon, BuildCraft|Energy, BuildCraft|Transport, BuildCraft|Factory]
[21:41:19] [Client thread/TRACE] [FML/]: Removing upstream parent BuildCraft|Core from APIContainer{BuildCraftAPI|tablet:1.0}
[21:41:19] [Client thread/DEBUG] [FML/]: Creating API container dummy for API BuildCraftAPI|tablet: owner: BuildCraftAPI|core, dependents: [BuildCraft|Builders, BuildCraft|Robotics, BuildCraft|Silicon, BuildCraft|Energy, BuildCraft|Transport, BuildCraft|Factory]
[21:41:19] [Client thread/TRACE] [FML/]: Removing upstream parent BuildCraft|Core from APIContainer{BuildCraftAPI|tools:1.0}
[21:41:19] [Client thread/DEBUG] [FML/]: Creating API container dummy for API BuildCraftAPI|tools: owner: BuildCraftAPI|core, dependents: [BuildCraft|Builders, BuildCraft|Robotics, BuildCraft|Silicon, BuildCraft|Energy, BuildCraft|Transport, BuildCraft|Factory]
[21:41:19] [Client thread/TRACE] [FML/]: Removing upstream parent BuildCraft|Core from APIContainer{BuildCraftAPI|events:2.0}
[21:41:19] [Client thread/DEBUG] [FML/]: Creating API container dummy for API BuildCraftAPI|events: owner: BuildCraftAPI|core, dependents: [BuildCraft|Builders, BuildCraft|Robotics, BuildCraft|Silicon, BuildCraft|Energy, BuildCraft|Transport, BuildCraft|Factory]
[21:41:19] [Client thread/TRACE] [FML/]: Removing upstream parent BuildCraft|Core from APIContainer{BuildCraftAPI|library:2.0}
[21:41:19] [Client thread/DEBUG] [FML/]: Creating API container dummy for API BuildCraftAPI|library: owner: BuildCraftAPI|core, dependents: [BuildCraft|Builders, BuildCraft|Robotics, BuildCraft|Silicon, BuildCraft|Energy, BuildCraft|Transport, BuildCraft|Factory]
[21:41:19] [Client thread/TRACE] [FML/]: Removing upstream parent BuildCraft|Core from APIContainer{BuildCraftAPI|blueprints:1.5}
[21:41:19] [Client thread/DEBUG] [FML/]: Creating API container dummy for API BuildCraftAPI|blueprints: owner: BuildCraftAPI|core, dependents: [BuildCraft|Builders, BuildCraft|Robotics, BuildCraft|Silicon, BuildCraft|Energy, BuildCraft|Transport, BuildCraft|Factory]
[21:41:19] [Client thread/TRACE] [FML/]: Removing upstream parent BuildCraft|Core from APIContainer{BuildCraftAPI|items:1.1}
[21:41:19] [Client thread/DEBUG] [FML/]: Creating API container dummy for API BuildCraftAPI|items: owner: BuildCraftAPI|core, dependents: [BuildCraft|Builders, BuildCraft|Robotics, BuildCraft|Silicon, BuildCraft|Energy, BuildCraft|Transport, BuildCraft|Factory]
[21:41:19] [Client thread/TRACE] [FML/]: Removing upstream parent BuildCraft|Core from APIContainer{BuildCraftAPI|fuels:2.0}
[21:41:19] [Client thread/DEBUG] [FML/]: Creating API container dummy for API BuildCraftAPI|fuels: owner: BuildCraftAPI|core, dependents: [BuildCraft|Builders, BuildCraft|Robotics, BuildCraft|Silicon, BuildCraft|Energy, BuildCraft|Transport, BuildCraft|Factory]
[21:41:19] [Client thread/TRACE] [FML/]: Removing upstream parent BuildCraft|Core from APIContainer{BuildCraftAPI|filler:4.0}
[21:41:19] [Client thread/DEBUG] [FML/]: Creating API container dummy for API BuildCraftAPI|filler: owner: BuildCraftAPI|core, dependents: [BuildCraft|Builders, BuildCraft|Robotics, BuildCraft|Silicon, BuildCraft|Energy, BuildCraft|Transport, BuildCraft|Factory]
[21:41:19] [Client thread/TRACE] [FML/]: Removing upstream parent BuildCraft|Core from APIContainer{BuildCraftAPI|boards:2.0}
[21:41:19] [Client thread/DEBUG] [FML/]: Creating API container dummy for API BuildCraftAPI|boards: owner: BuildCraftAPI|core, dependents: [BuildCraft|Builders, BuildCraft|Robotics, BuildCraft|Silicon, BuildCraft|Energy, BuildCraft|Transport, BuildCraft|Factory]
[21:41:19] [Client thread/TRACE] [FML/]: Removing upstream parent BuildCraft|Core from APIContainer{BuildCraftAPI|recipes:3.1}
[21:41:19] [Client thread/DEBUG] [FML/]: Creating API container dummy for API BuildCraftAPI|recipes: owner: BuildCraftAPI|core, dependents: [BuildCraft|Builders, BuildCraft|Robotics, BuildCraft|Silicon, BuildCraft|Energy, BuildCraft|Transport, BuildCraft|Factory]
[21:41:19] [Client thread/DEBUG] [FML/]: Creating API container dummy for API BuildCraftAPI|core: owner: BuildCraft|Core, dependents: [BuildCraft|Builders, BuildCraft|Robotics, BuildCraft|Silicon, BuildCraft|Energy, BuildCraft|Transport, BuildCraft|Factory]
[21:41:19] [Client thread/TRACE] [FML/]: Removing upstream parent BuildCraft|Core from APIContainer{BuildCraftAPI|robotics:3.0}
[21:41:19] [Client thread/DEBUG] [FML/]: Creating API container dummy for API BuildCraftAPI|robotics: owner: BuildCraftAPI|core, dependents: [BuildCraft|Builders, BuildCraft|Robotics, BuildCraft|Silicon, BuildCraft|Energy, BuildCraft|Transport, BuildCraft|Factory]
[21:41:19] [Client thread/TRACE] [FML/]: Received a system property request ''
[21:41:19] [Client thread/TRACE] [FML/]: System property request managing the state of 0 mods
[21:41:19] [Client thread/DEBUG] [FML/]: After merging, found state information for 0 mods
[21:41:19] [Client thread/DEBUG] [FML/]: Found translations in forgeSrc-1.7.10-10.13.4.1614-1.7.10.jar [en_US, af_ZA, ar_SA, br_FR, ca_ES, cs_CZ, da_DK, de_DE, el_GR, en_US, es_ES, fa_IR, fi_FI, fr_FR, he_IL, hu_HU, it_IT, ja_JP, ko_KR, lt_LT, nb_NO, nl_NL, nn_NO, no_NO, pl_PL, pt_BR, pt_PT, ro_RO, ru_RU, sl_SI, sr_SP, sv_SE, tr_TR, uk_UA, vi_VN, zh_CN, zh_TW, en_US]
[21:41:20] [Client thread/DEBUG] [FML/]: Found translations in forgeSrc-1.7.10-10.13.4.1614-1.7.10.jar [en_US, af_ZA, ar_SA, br_FR, ca_ES, cs_CZ, da_DK, de_DE, el_GR, en_US, es_ES, fa_IR, fi_FI, fr_FR, he_IL, hu_HU, it_IT, ja_JP, ko_KR, lt_LT, nb_NO, nl_NL, nn_NO, no_NO, pl_PL, pt_BR, pt_PT, ro_RO, ru_RU, sl_SI, sr_SP, sv_SE, tr_TR, uk_UA, vi_VN, zh_CN, zh_TW, en_US]
[21:41:20] [Client thread/DEBUG] [sim/]: Enabling mod sim
[21:41:20] [Client thread/DEBUG] [FML/]: Found translations in simulated-1.7.10-1.0.0 Beta.jar [en_US, zh_CN]
[21:41:20] [Client thread/DEBUG] [BuildCraft|Builders/]: Enabling mod BuildCraft|Builders
[21:41:20] [Client thread/DEBUG] [FML/]: Found translations in buildcraft-7.1.24-dev.jar [tr_TR, da_DK, zh_CN, sv_SE, et_EE, es_AR, fi_FI, lt_LT, es_MX, no_NO, cs_CZ, es_UY, es_VE, es_ES, hu_HU, zh_TW, it_IT, en_US, hr_HR, ru_RU, ja_JP, fr_FR, fr_CA, pl_PL, ko_KR, nl_NL, de_DE, sk_SK, sr_SP, pt_BR, pt_PT]
[21:41:20] [Client thread/DEBUG] [BuildCraft|Robotics/]: Enabling mod BuildCraft|Robotics
[21:41:20] [Client thread/DEBUG] [FML/]: Found translations in buildcraft-7.1.24-dev.jar [tr_TR, da_DK, zh_CN, sv_SE, et_EE, es_AR, fi_FI, lt_LT, es_MX, no_NO, cs_CZ, es_UY, es_VE, es_ES, hu_HU, zh_TW, it_IT, en_US, hr_HR, ru_RU, ja_JP, fr_FR, fr_CA, pl_PL, ko_KR, nl_NL, de_DE, sk_SK, sr_SP, pt_BR, pt_PT]
[21:41:20] [Client thread/DEBUG] [BuildCraft|Silicon/]: Enabling mod BuildCraft|Silicon
[21:41:20] [Client thread/DEBUG] [FML/]: Found translations in buildcraft-7.1.24-dev.jar [tr_TR, da_DK, zh_CN, sv_SE, et_EE, es_AR, fi_FI, lt_LT, es_MX, no_NO, cs_CZ, es_UY, es_VE, es_ES, hu_HU, zh_TW, it_IT, en_US, hr_HR, ru_RU, ja_JP, fr_FR, fr_CA, pl_PL, ko_KR, nl_NL, de_DE, sk_SK, sr_SP, pt_BR, pt_PT]
[21:41:20] [Client thread/DEBUG] [BuildCraft|Energy/]: Enabling mod BuildCraft|Energy
[21:41:20] [Client thread/DEBUG] [FML/]: Found translations in buildcraft-7.1.24-dev.jar [tr_TR, da_DK, zh_CN, sv_SE, et_EE, es_AR, fi_FI, lt_LT, es_MX, no_NO, cs_CZ, es_UY, es_VE, es_ES, hu_HU, zh_TW, it_IT, en_US, hr_HR, ru_RU, ja_JP, fr_FR, fr_CA, pl_PL, ko_KR, nl_NL, de_DE, sk_SK, sr_SP, pt_BR, pt_PT]
[21:41:20] [Client thread/DEBUG] [BuildCraft|Transport/]: Enabling mod BuildCraft|Transport
[21:41:20] [Client thread/DEBUG] [FML/]: Found translations in buildcraft-7.1.24-dev.jar [tr_TR, da_DK, zh_CN, sv_SE, et_EE, es_AR, fi_FI, lt_LT, es_MX, no_NO, cs_CZ, es_UY, es_VE, es_ES, hu_HU, zh_TW, it_IT, en_US, hr_HR, ru_RU, ja_JP, fr_FR, fr_CA, pl_PL, ko_KR, nl_NL, de_DE, sk_SK, sr_SP, pt_BR, pt_PT]
[21:41:20] [Client thread/DEBUG] [BuildCraft|Core/]: Enabling mod BuildCraft|Core
[21:41:20] [Client thread/DEBUG] [FML/]: Found translations in buildcraft-7.1.24-dev.jar [tr_TR, da_DK, zh_CN, sv_SE, et_EE, es_AR, fi_FI, lt_LT, es_MX, no_NO, cs_CZ, es_UY, es_VE, es_ES, hu_HU, zh_TW, it_IT, en_US, hr_HR, ru_RU, ja_JP, fr_FR, fr_CA, pl_PL, ko_KR, nl_NL, de_DE, sk_SK, sr_SP, pt_BR, pt_PT]
[21:41:20] [Client thread/DEBUG] [BuildCraft|Factory/]: Enabling mod BuildCraft|Factory
[21:41:20] [Client thread/DEBUG] [FML/]: Found translations in buildcraft-7.1.24-dev.jar [tr_TR, da_DK, zh_CN, sv_SE, et_EE, es_AR, fi_FI, lt_LT, es_MX, no_NO, cs_CZ, es_UY, es_VE, es_ES, hu_HU, zh_TW, it_IT, en_US, hr_HR, ru_RU, ja_JP, fr_FR, fr_CA, pl_PL, ko_KR, nl_NL, de_DE, sk_SK, sr_SP, pt_BR, pt_PT]
[21:41:20] [Client thread/TRACE] [FML/]: Verifying mod requirements are satisfied
[21:41:20] [Client thread/TRACE] [FML/]: All mod requirements are satisfied
[21:41:20] [Client thread/TRACE] [FML/]: Sorting mods into an ordered list
[21:41:20] [Client thread/TRACE] [FML/]: Mod sorting completed successfully
[21:41:20] [Client thread/DEBUG] [FML/]: Mod sorting data
[21:41:20] [Client thread/DEBUG] [FML/]: 	sim(Simulated town:1.1.0 Beta): simulated-1.7.10-1.0.0 Beta.jar (required-after:Forge@[9.10,))
[21:41:20] [Client thread/DEBUG] [FML/]: 	CoFHAPI(API: CoFHAPI:1.7.10R1.3.1): buildcraft-7.1.24-dev.jar ()
[21:41:20] [Client thread/DEBUG] [FML/]: 	CoFHAPI|energy(API: CoFHAPI|energy:1.7.10R1.3.1): buildcraft-7.1.24-dev.jar ()
[21:41:20] [Client thread/DEBUG] [FML/]: 	BuildCraftAPI|crops(API: BuildCraftAPI|crops:1.1): buildcraft-7.1.24-api.jar ()
[21:41:20] [Client thread/DEBUG] [FML/]: 	BuildCraft|Core(BuildCraft:7.1.24): buildcraft-7.1.24-dev.jar (required-after:Forge@[10.13.2.1236,))
[21:41:20] [Client thread/DEBUG] [FML/]: 	BuildCraftAPI|core(API: BuildCraftAPI|core:2.0): buildcraft-7.1.24-api.jar ()
[21:41:20] [Client thread/DEBUG] [FML/]: 	BuildCraftAPI|tiles(API: BuildCraftAPI|tiles:1.2): buildcraft-7.1.24-dev.jar ()
[21:41:20] [Client thread/DEBUG] [FML/]: 	BuildCraftAPI|lists(API: BuildCraftAPI|lists:1.0): buildcraft-7.1.24-dev.jar ()
[21:41:20] [Client thread/DEBUG] [FML/]: 	BuildCraftAPI|gates(API: BuildCraftAPI|gates:4.1): buildcraft-7.1.24-dev.jar ()
[21:41:20] [Client thread/DEBUG] [FML/]: 	BuildCraftAPI|transport(API: BuildCraftAPI|transport:4.1): buildcraft-7.1.24-dev.jar ()
[21:41:20] [Client thread/DEBUG] [FML/]: 	BuildCraftAPI|statements(API: BuildCraftAPI|statements:1.1): buildcraft-7.1.24-api.jar ()
[21:41:20] [Client thread/DEBUG] [FML/]: 	BuildCraftAPI|power(API: BuildCraftAPI|power:1.3): buildcraft-7.1.24-dev.jar ()
[21:41:20] [Client thread/DEBUG] [FML/]: 	BuildCraftAPI|blocks(API: BuildCraftAPI|blocks:1.0): buildcraft-7.1.24-api.jar ()
[21:41:20] [Client thread/DEBUG] [FML/]: 	BuildCraftAPI|facades(API: BuildCraftAPI|facades:1.1): buildcraft-7.1.24-api.jar ()
[21:41:20] [Client thread/DEBUG] [FML/]: 	BuildCraftAPI|tablet(API: BuildCraftAPI|tablet:1.0): buildcraft-7.1.24-dev.jar ()
[21:41:20] [Client thread/DEBUG] [FML/]: 	BuildCraftAPI|tools(API: BuildCraftAPI|tools:1.0): buildcraft-7.1.24-api.jar ()
[21:41:20] [Client thread/DEBUG] [FML/]: 	BuildCraftAPI|events(API: BuildCraftAPI|events:2.0): buildcraft-7.1.24-dev.jar ()
[21:41:20] [Client thread/DEBUG] [FML/]: 	BuildCraftAPI|library(API: BuildCraftAPI|library:2.0): buildcraft-7.1.24-api.jar ()
[21:41:20] [Client thread/DEBUG] [FML/]: 	BuildCraftAPI|blueprints(API: BuildCraftAPI|blueprints:1.5): buildcraft-7.1.24-api.jar ()
[21:41:20] [Client thread/DEBUG] [FML/]: 	BuildCraftAPI|items(API: BuildCraftAPI|items:1.1): buildcraft-7.1.24-dev.jar ()
[21:41:20] [Client thread/DEBUG] [FML/]: 	BuildCraftAPI|fuels(API: BuildCraftAPI|fuels:2.0): buildcraft-7.1.24-api.jar ()
[21:41:20] [Client thread/DEBUG] [FML/]: 	BuildCraftAPI|filler(API: BuildCraftAPI|filler:4.0): buildcraft-7.1.24-dev.jar ()
[21:41:20] [Client thread/DEBUG] [FML/]: 	BuildCraftAPI|boards(API: BuildCraftAPI|boards:2.0): buildcraft-7.1.24-api.jar ()
[21:41:20] [Client thread/DEBUG] [FML/]: 	BuildCraftAPI|recipes(API: BuildCraftAPI|recipes:3.1): buildcraft-7.1.24-api.jar ()
[21:41:20] [Client thread/DEBUG] [FML/]: 	BuildCraftAPI|robotics(API: BuildCraftAPI|robotics:3.0): buildcraft-7.1.24-api.jar ()
[21:41:20] [Client thread/DEBUG] [FML/]: 	BuildCraft|Builders(BC Builders:7.1.24): buildcraft-7.1.24-dev.jar (required-after:BuildCraft|Core@7.1.24)
[21:41:20] [Client thread/DEBUG] [FML/]: 	BuildCraft|Robotics(BC Robotics:7.1.24): buildcraft-7.1.24-dev.jar (required-after:BuildCraft|Core@7.1.24)
[21:41:20] [Client thread/DEBUG] [FML/]: 	BuildCraft|Silicon(BC Silicon:7.1.24): buildcraft-7.1.24-dev.jar (required-after:BuildCraft|Core@7.1.24)
[21:41:20] [Client thread/DEBUG] [FML/]: 	BuildCraft|Energy(BC Energy:7.1.24): buildcraft-7.1.24-dev.jar (required-after:BuildCraft|Core@7.1.24)
[21:41:20] [Client thread/DEBUG] [FML/]: 	BuildCraft|Transport(BC Transport:7.1.24): buildcraft-7.1.24-dev.jar (required-after:BuildCraft|Core@7.1.24)
[21:41:20] [Client thread/DEBUG] [FML/]: 	BuildCraft|Factory(BC Factory:7.1.24): buildcraft-7.1.24-dev.jar (required-after:BuildCraft|Core@7.1.24)
[21:41:20] [Client thread/TRACE] [mcp/mcp]: Sending event FMLConstructionEvent to mod mcp
[21:41:20] [Client thread/TRACE] [mcp/mcp]: Sent event FMLConstructionEvent to mod mcp
[21:41:20] [Client thread/DEBUG] [FML/]: Bar Step: Construction - Minecraft Coder Pack took 0.017s
[21:41:20] [Client thread/TRACE] [FML/FML]: Sending event FMLConstructionEvent to mod FML
[21:41:20] [Client thread/TRACE] [FML/FML]: Mod FML is using network checker : Invoking method checkModLists
[21:41:20] [Client thread/TRACE] [FML/FML]: Testing mod FML to verify it accepts its own version in a remote connection
[21:41:20] [Client thread/TRACE] [FML/FML]: The mod FML accepts its own version (7.10.99.99)
[21:41:20] [Client thread/INFO] [FML/FML]: Attempting connection with missing mods [mcp, FML, Forge, sim, BuildCraft|Builders, BuildCraft|Robotics, BuildCraft|Silicon, BuildCraft|Energy, BuildCraft|Transport, BuildCraft|Core, BuildCraft|Factory] at CLIENT
[21:41:20] [Client thread/INFO] [FML/FML]: Attempting connection with missing mods [mcp, FML, Forge, sim, BuildCraft|Builders, BuildCraft|Robotics, BuildCraft|Silicon, BuildCraft|Energy, BuildCraft|Transport, BuildCraft|Core, BuildCraft|Factory] at SERVER
[21:41:20] [Client thread/TRACE] [FML/FML]: Sent event FMLConstructionEvent to mod FML
[21:41:20] [Client thread/DEBUG] [FML/]: Bar Step: Construction - Forge Mod Loader took 0.337s
[21:41:20] [Client thread/TRACE] [Forge/Forge]: Sending event FMLConstructionEvent to mod Forge
[21:41:20] [Client thread/TRACE] [FML/Forge]: Mod Forge is using network checker : No network checking performed
[21:41:20] [Client thread/TRACE] [FML/Forge]: Testing mod Forge to verify it accepts its own version in a remote connection
[21:41:20] [Client thread/TRACE] [FML/Forge]: The mod Forge accepts its own version (10.13.4.1614)
[21:41:20] [Client thread/TRACE] [Forge/Forge]: Sent event FMLConstructionEvent to mod Forge
[21:41:20] [Client thread/DEBUG] [FML/]: Bar Step: Construction - Minecraft Forge took 0.009s
[21:41:20] [Client thread/TRACE] [sim/sim]: Sending event FMLConstructionEvent to mod sim
[21:41:20] [Client thread/TRACE] [FML/sim]: Mod sim is using network checker : Accepting version 1.1.0 Beta
[21:41:20] [Client thread/TRACE] [FML/sim]: Testing mod sim to verify it accepts its own version in a remote connection
[21:41:20] [Client thread/TRACE] [FML/sim]: The mod sim accepts its own version (1.1.0 Beta)
[21:41:20] [Client thread/DEBUG] [FML/sim]: Attempting to inject @SidedProxy classes into sim
[21:41:20] [Client thread/TRACE] [sim/sim]: Sent event FMLConstructionEvent to mod sim
[21:41:20] [Client thread/DEBUG] [FML/]: Bar Step: Construction - Simulated town took 0.056s
[21:41:20] [Client thread/TRACE] [BuildCraft|Core/BuildCraft|Core]: Sending event FMLConstructionEvent to mod BuildCraft|Core
[21:41:20] [Client thread/TRACE] [FML/BuildCraft|Core]: Mod BuildCraft|Core is using network checker : Accepting version 7.1.24
[21:41:20] [Client thread/TRACE] [FML/BuildCraft|Core]: Testing mod BuildCraft|Core to verify it accepts its own version in a remote connection
[21:41:20] [Client thread/TRACE] [FML/BuildCraft|Core]: The mod BuildCraft|Core accepts its own version (7.1.24)
[21:41:20] [Client thread/DEBUG] [FML/BuildCraft|Core]: Attempting to inject @SidedProxy classes into BuildCraft|Core
[21:41:20] [Client thread/TRACE] [BuildCraft|Core/BuildCraft|Core]: Sent event FMLConstructionEvent to mod BuildCraft|Core
[21:41:20] [Client thread/DEBUG] [FML/]: Bar Step: Construction - BuildCraft took 0.269s
[21:41:20] [Client thread/TRACE] [BuildCraft|Builders/BuildCraft|Builders]: Sending event FMLConstructionEvent to mod BuildCraft|Builders
[21:41:20] [Client thread/TRACE] [FML/BuildCraft|Builders]: Mod BuildCraft|Builders is using network checker : Accepting version 7.1.24
[21:41:20] [Client thread/TRACE] [FML/BuildCraft|Builders]: Testing mod BuildCraft|Builders to verify it accepts its own version in a remote connection
[21:41:20] [Client thread/TRACE] [FML/BuildCraft|Builders]: The mod BuildCraft|Builders accepts its own version (7.1.24)
[21:41:20] [Client thread/DEBUG] [FML/BuildCraft|Builders]: Attempting to inject @SidedProxy classes into BuildCraft|Builders
[21:41:20] [Client thread/TRACE] [BuildCraft|Builders/BuildCraft|Builders]: Sent event FMLConstructionEvent to mod BuildCraft|Builders
[21:41:20] [Client thread/DEBUG] [FML/]: Bar Step: Construction - BC Builders took 0.004s
[21:41:20] [Client thread/TRACE] [BuildCraft|Robotics/BuildCraft|Robotics]: Sending event FMLConstructionEvent to mod BuildCraft|Robotics
[21:41:20] [Client thread/TRACE] [FML/BuildCraft|Robotics]: Mod BuildCraft|Robotics is using network checker : Accepting version 7.1.24
[21:41:20] [Client thread/TRACE] [FML/BuildCraft|Robotics]: Testing mod BuildCraft|Robotics to verify it accepts its own version in a remote connection
[21:41:20] [Client thread/TRACE] [FML/BuildCraft|Robotics]: The mod BuildCraft|Robotics accepts its own version (7.1.24)
[21:41:20] [Client thread/DEBUG] [FML/BuildCraft|Robotics]: Attempting to inject @SidedProxy classes into BuildCraft|Robotics
[21:41:20] [Client thread/TRACE] [BuildCraft|Robotics/BuildCraft|Robotics]: Sent event FMLConstructionEvent to mod BuildCraft|Robotics
[21:41:20] [Client thread/DEBUG] [FML/]: Bar Step: Construction - BC Robotics took 0.003s
[21:41:20] [Client thread/TRACE] [BuildCraft|Silicon/BuildCraft|Silicon]: Sending event FMLConstructionEvent to mod BuildCraft|Silicon
[21:41:20] [Client thread/TRACE] [FML/BuildCraft|Silicon]: Mod BuildCraft|Silicon is using network checker : Accepting version 7.1.24
[21:41:20] [Client thread/TRACE] [FML/BuildCraft|Silicon]: Testing mod BuildCraft|Silicon to verify it accepts its own version in a remote connection
[21:41:20] [Client thread/TRACE] [FML/BuildCraft|Silicon]: The mod BuildCraft|Silicon accepts its own version (7.1.24)
[21:41:20] [Client thread/DEBUG] [FML/BuildCraft|Silicon]: Attempting to inject @SidedProxy classes into BuildCraft|Silicon
[21:41:20] [Client thread/TRACE] [BuildCraft|Silicon/BuildCraft|Silicon]: Sent event FMLConstructionEvent to mod BuildCraft|Silicon
[21:41:20] [Client thread/DEBUG] [FML/]: Bar Step: Construction - BC Silicon took 0.004s
[21:41:20] [Client thread/TRACE] [BuildCraft|Energy/BuildCraft|Energy]: Sending event FMLConstructionEvent to mod BuildCraft|Energy
[21:41:20] [Client thread/TRACE] [FML/BuildCraft|Energy]: Mod BuildCraft|Energy is using network checker : Accepting version 7.1.24
[21:41:20] [Client thread/TRACE] [FML/BuildCraft|Energy]: Testing mod BuildCraft|Energy to verify it accepts its own version in a remote connection
[21:41:20] [Client thread/TRACE] [FML/BuildCraft|Energy]: The mod BuildCraft|Energy accepts its own version (7.1.24)
[21:41:20] [Client thread/DEBUG] [FML/BuildCraft|Energy]: Attempting to inject @SidedProxy classes into BuildCraft|Energy
[21:41:20] [Client thread/TRACE] [BuildCraft|Energy/BuildCraft|Energy]: Sent event FMLConstructionEvent to mod BuildCraft|Energy
[21:41:20] [Client thread/DEBUG] [FML/]: Bar Step: Construction - BC Energy took 0.002s
[21:41:20] [Client thread/TRACE] [BuildCraft|Transport/BuildCraft|Transport]: Sending event FMLConstructionEvent to mod BuildCraft|Transport
[21:41:20] [Client thread/TRACE] [FML/BuildCraft|Transport]: Mod BuildCraft|Transport is using network checker : Accepting version 7.1.24
[21:41:20] [Client thread/TRACE] [FML/BuildCraft|Transport]: Testing mod BuildCraft|Transport to verify it accepts its own version in a remote connection
[21:41:20] [Client thread/TRACE] [FML/BuildCraft|Transport]: The mod BuildCraft|Transport accepts its own version (7.1.24)
[21:41:20] [Client thread/DEBUG] [FML/BuildCraft|Transport]: Attempting to inject @SidedProxy classes into BuildCraft|Transport
[21:41:20] [Client thread/TRACE] [BuildCraft|Transport/BuildCraft|Transport]: Sent event FMLConstructionEvent to mod BuildCraft|Transport
[21:41:20] [Client thread/DEBUG] [FML/]: Bar Step: Construction - BC Transport took 0.012s
[21:41:20] [Client thread/TRACE] [BuildCraft|Factory/BuildCraft|Factory]: Sending event FMLConstructionEvent to mod BuildCraft|Factory
[21:41:20] [Client thread/TRACE] [FML/BuildCraft|Factory]: Mod BuildCraft|Factory is using network checker : Accepting version 7.1.24
[21:41:20] [Client thread/TRACE] [FML/BuildCraft|Factory]: Testing mod BuildCraft|Factory to verify it accepts its own version in a remote connection
[21:41:20] [Client thread/TRACE] [FML/BuildCraft|Factory]: The mod BuildCraft|Factory accepts its own version (7.1.24)
[21:41:20] [Client thread/DEBUG] [FML/BuildCraft|Factory]: Attempting to inject @SidedProxy classes into BuildCraft|Factory
[21:41:20] [Client thread/TRACE] [BuildCraft|Factory/BuildCraft|Factory]: Sent event FMLConstructionEvent to mod BuildCraft|Factory
[21:41:20] [Client thread/DEBUG] [FML/]: Bar Step: Construction - BC Factory took 0.004s
[21:41:20] [Client thread/DEBUG] [FML/]: Bar Finished: Construction took 0.717s
[21:41:20] [Client thread/DEBUG] [FML/]: Mod signature data
[21:41:20] [Client thread/DEBUG] [FML/]:  	Valid Signatures:
[21:41:20] [Client thread/DEBUG] [FML/]:  	Missing Signatures:
[21:41:20] [Client thread/DEBUG] [FML/]: 		mcp	(Minecraft Coder Pack	9.05)	minecraft.jar
[21:41:20] [Client thread/DEBUG] [FML/]: 		FML	(Forge Mod Loader	7.10.99.99)	forgeSrc-1.7.10-10.13.4.1614-1.7.10.jar
[21:41:20] [Client thread/DEBUG] [FML/]: 		Forge	(Minecraft Forge	10.13.4.1614)	forgeSrc-1.7.10-10.13.4.1614-1.7.10.jar
[21:41:20] [Client thread/DEBUG] [FML/]: 		sim	(Simulated town	1.1.0 Beta)	simulated-1.7.10-1.0.0 Beta.jar
[21:41:20] [Client thread/DEBUG] [FML/]: 		BuildCraft|Core	(BuildCraft	7.1.24)	buildcraft-7.1.24-dev.jar
[21:41:20] [Client thread/DEBUG] [FML/]: 		BuildCraft|Builders	(BC Builders	7.1.24)	buildcraft-7.1.24-dev.jar
[21:41:20] [Client thread/DEBUG] [FML/]: 		BuildCraft|Robotics	(BC Robotics	7.1.24)	buildcraft-7.1.24-dev.jar
[21:41:20] [Client thread/DEBUG] [FML/]: 		BuildCraft|Silicon	(BC Silicon	7.1.24)	buildcraft-7.1.24-dev.jar
[21:41:20] [Client thread/DEBUG] [FML/]: 		BuildCraft|Energy	(BC Energy	7.1.24)	buildcraft-7.1.24-dev.jar
[21:41:20] [Client thread/DEBUG] [FML/]: 		BuildCraft|Transport	(BC Transport	7.1.24)	buildcraft-7.1.24-dev.jar
[21:41:20] [Client thread/DEBUG] [FML/]: 		BuildCraft|Factory	(BC Factory	7.1.24)	buildcraft-7.1.24-dev.jar
[21:41:20] [Client thread/DEBUG] [FML/]: Bar Step: Loading Resources - Default took 0.003s
[21:41:20] [Client thread/DEBUG] [FML/]: Bar Step: Loading Resources - FMLFileResourcePack:Forge Mod Loader took 0.004s
[21:41:20] [Client thread/DEBUG] [FML/]: Bar Step: Loading Resources - FMLFileResourcePack:Minecraft Forge took 0.003s
[21:41:20] [Client thread/DEBUG] [FML/]: Bar Step: Loading Resources - FMLFileResourcePack:Simulated town took 0.002s
[21:41:20] [Client thread/DEBUG] [FML/]: Bar Step: Loading Resources - FMLFileResourcePack:BC Builders took 0.002s
[21:41:20] [Client thread/DEBUG] [FML/]: Bar Step: Loading Resources - FMLFileResourcePack:BC Robotics took 0.002s
[21:41:20] [Client thread/DEBUG] [FML/]: Bar Step: Loading Resources - FMLFileResourcePack:BC Silicon took 0.002s
[21:41:20] [Client thread/DEBUG] [FML/]: Bar Step: Loading Resources - FMLFileResourcePack:BC Energy took 0.002s
[21:41:20] [Client thread/DEBUG] [FML/]: Bar Step: Loading Resources - FMLFileResourcePack:BC Transport took 0.002s
[21:41:20] [Client thread/DEBUG] [FML/]: Bar Step: Loading Resources - FMLFileResourcePack:BuildCraft took 0.002s
[21:41:20] [Client thread/DEBUG] [FML/]: Bar Step: Loading Resources - FMLFileResourcePack:BC Factory took 0.003s
[21:41:20] [Client thread/DEBUG] [FML/]: Bar Finished: Reloading - LanguageManager took 0.066s
[21:41:20] [Client thread/DEBUG] [FML/]: Bar Step: Loading Resources - Reloading listeners took 0.068s
[21:41:20] [Client thread/DEBUG] [FML/]: Bar Finished: Loading Resources took 0.094s
[21:41:21] [Client thread/DEBUG] [Forge Mod Loader/]: Mod Forge Mod Loader is missing a pack.mcmeta file, substituting a dummy one
[21:41:21] [Client thread/DEBUG] [Minecraft Forge/]: Mod Minecraft Forge is missing a pack.mcmeta file, substituting a dummy one
[21:41:21] [Client thread/DEBUG] [Simulated town/]: Mod Simulated town is missing a pack.mcmeta file, substituting a dummy one
[21:41:21] [Client thread/DEBUG] [BC Builders/]: Mod BC Builders is missing a pack.mcmeta file, substituting a dummy one
[21:41:21] [Client thread/DEBUG] [BC Robotics/]: Mod BC Robotics is missing a pack.mcmeta file, substituting a dummy one
[21:41:21] [Client thread/DEBUG] [BC Silicon/]: Mod BC Silicon is missing a pack.mcmeta file, substituting a dummy one
[21:41:21] [Client thread/DEBUG] [BC Energy/]: Mod BC Energy is missing a pack.mcmeta file, substituting a dummy one
[21:41:21] [Client thread/DEBUG] [BC Transport/]: Mod BC Transport is missing a pack.mcmeta file, substituting a dummy one
[21:41:21] [Client thread/DEBUG] [BuildCraft/]: Mod BuildCraft is missing a pack.mcmeta file, substituting a dummy one
[21:41:21] [Client thread/DEBUG] [BC Factory/]: Mod BC Factory is missing a pack.mcmeta file, substituting a dummy one
[21:41:21] [Client thread/INFO] [FML/]: Processing ObjectHolder annotations
[21:41:21] [Client thread/INFO] [FML/]: Found 341 ObjectHolder annotations
[21:41:21] [Client thread/INFO] [FML/]: Identifying ItemStackHolder annotations
[21:41:21] [Client thread/INFO] [FML/]: Found 0 ItemStackHolder annotations
[21:41:21] [Client thread/TRACE] [mcp/mcp]: Sending event FMLPreInitializationEvent to mod mcp
[21:41:21] [Client thread/TRACE] [mcp/mcp]: Sent event FMLPreInitializationEvent to mod mcp
[21:41:21] [Client thread/DEBUG] [FML/]: Bar Step: PreInitialization - Minecraft Coder Pack took 0.000s
[21:41:21] [Client thread/TRACE] [FML/FML]: Sending event FMLPreInitializationEvent to mod FML
[21:41:21] [Client thread/TRACE] [FML/FML]: Sent event FMLPreInitializationEvent to mod FML
[21:41:21] [Client thread/DEBUG] [FML/]: Bar Step: PreInitialization - Forge Mod Loader took 0.000s
[21:41:21] [Client thread/TRACE] [Forge/Forge]: Sending event FMLPreInitializationEvent to mod Forge
[21:41:21] [Client thread/INFO] [FML/Forge]: Configured a dormant chunk cache size of 0
[21:41:21] [Client thread/TRACE] [Forge/Forge]: Sent event FMLPreInitializationEvent to mod Forge
[21:41:21] [Client thread/DEBUG] [FML/]: Bar Step: PreInitialization - Minecraft Forge took 0.019s
[21:41:21] [Client thread/TRACE] [sim/sim]: Sending event FMLPreInitializationEvent to mod sim
[21:41:21] [Client thread/INFO] [sim/sim]: 开始加载配置... 
[21:41:21] [Client thread/INFO] [sim/sim]: 已完成加载配置... 
[21:41:21] [Client thread/DEBUG] [FML/sim]: Skipping automatic mod sim entity registration for already registered class com.trhsy.sim.common.entity.EntityAlignBeam
[21:41:21] [Client thread/DEBUG] [FML/sim]: Skipping automatic mod sim entity registration for already registered class com.trhsy.sim.common.entity.EntityFolk
[21:41:21] [Client thread/DEBUG] [FML/sim]: Skipping automatic mod sim entity registration for already registered class com.trhsy.sim.common.entity.EntityConBox
[21:41:21] [Client thread/DEBUG] [FML/sim]: Skipping automatic mod sim entity registration for already registered class com.trhsy.sim.common.entity.EntityWindmill
[21:41:21] [Client thread/TRACE] [sim/sim]: Sent event FMLPreInitializationEvent to mod sim
[21:41:21] [Client thread/DEBUG] [FML/]: Bar Step: PreInitialization - Simulated town took 0.208s
[21:41:21] [Forge Version Check/INFO] [STDERR/Forge]: [java.lang.Throwable$WrappedPrintStream:println:748]: com.google.gson.JsonSyntaxException: java.lang.IllegalStateException: Expected BEGIN_OBJECT but was STRING at line 1 column 1
[21:41:21] [Forge Version Check/INFO] [STDERR/Forge]: [java.lang.Throwable$WrappedPrintStream:println:748]: 	at com.google.gson.Gson.fromJson(Gson.java:815)
[21:41:21] [Forge Version Check/INFO] [STDERR/Forge]: [java.lang.Throwable$WrappedPrintStream:println:748]: 	at com.google.gson.Gson.fromJson(Gson.java:768)
[21:41:21] [Forge Version Check/INFO] [STDERR/Forge]: [java.lang.Throwable$WrappedPrintStream:println:748]: 	at com.google.gson.Gson.fromJson(Gson.java:717)
[21:41:21] [Forge Version Check/INFO] [STDERR/Forge]: [java.lang.Throwable$WrappedPrintStream:println:748]: 	at com.google.gson.Gson.fromJson(Gson.java:689)
[21:41:21] [Forge Version Check/INFO] [STDERR/Forge]: [java.lang.Throwable$WrappedPrintStream:println:748]: 	at net.minecraftforge.common.ForgeVersion$1.run(ForgeVersion.java:94)
[21:41:21] [Forge Version Check/INFO] [STDERR/Forge]: [java.lang.Throwable$WrappedPrintStream:println:748]: Caused by: java.lang.IllegalStateException: Expected BEGIN_OBJECT but was STRING at line 1 column 1
[21:41:21] [Forge Version Check/INFO] [STDERR/Forge]: [java.lang.Throwable$WrappedPrintStream:println:748]: 	at com.google.gson.stream.JsonReader.beginObject(JsonReader.java:374)
[21:41:21] [Forge Version Check/INFO] [STDERR/Forge]: [java.lang.Throwable$WrappedPrintStream:println:748]: 	at com.google.gson.internal.bind.MapTypeAdapterFactory$Adapter.read(MapTypeAdapterFactory.java:183)
[21:41:21] [Forge Version Check/INFO] [STDERR/Forge]: [java.lang.Throwable$WrappedPrintStream:println:748]: 	at com.google.gson.internal.bind.MapTypeAdapterFactory$Adapter.read(MapTypeAdapterFactory.java:145)
[21:41:21] [Forge Version Check/INFO] [STDERR/Forge]: [java.lang.Throwable$WrappedPrintStream:println:748]: 	at com.google.gson.Gson.fromJson(Gson.java:803)
[21:41:21] [Forge Version Check/INFO] [STDERR/Forge]: [java.lang.Throwable$WrappedPrintStream:println:748]: 	... 4 more
[21:41:22] [Client thread/TRACE] [BuildCraft|Core/BuildCraft|Core]: Sending event FMLPreInitializationEvent to mod BuildCraft|Core
[21:41:22] [Client thread/INFO] [BuildCraft/BuildCraft|Core]: Starting BuildCraft 7.1.24
[21:41:22] [Client thread/INFO] [BuildCraft/BuildCraft|Core]: Copyright (c) the BuildCraft team, 2011-2017
[21:41:22] [Client thread/INFO] [BuildCraft/BuildCraft|Core]: http://www.mod-buildcraft.com
[21:41:22] [Thread-9/INFO] [BuildCraft/BuildCraft|Core]: Beginning version check
[21:41:22] [Client thread/TRACE] [BuildCraft|Core/BuildCraft|Core]: Sent event FMLPreInitializationEvent to mod BuildCraft|Core
[21:41:22] [Client thread/DEBUG] [FML/]: Bar Step: PreInitialization - BuildCraft took 0.913s
[21:41:22] [Client thread/ERROR] [BuildCraft|Builders/]: Skipping event FMLPreInitializationEvent and marking errored mod BuildCraft|Builders since required dependency BuildCraft|Core has errored
[21:41:22] [Client thread/DEBUG] [FML/]: Bar Step: PreInitialization - BC Builders took 0.000s
[21:41:22] [Client thread/ERROR] [BuildCraft|Robotics/]: Skipping event FMLPreInitializationEvent and marking errored mod BuildCraft|Robotics since required dependency BuildCraft|Core has errored
[21:41:22] [Client thread/DEBUG] [FML/]: Bar Step: PreInitialization - BC Robotics took 0.000s
[21:41:22] [Client thread/ERROR] [BuildCraft|Silicon/]: Skipping event FMLPreInitializationEvent and marking errored mod BuildCraft|Silicon since required dependency BuildCraft|Core has errored
[21:41:22] [Client thread/DEBUG] [FML/]: Bar Step: PreInitialization - BC Silicon took 0.000s
[21:41:22] [Client thread/ERROR] [BuildCraft|Energy/]: Skipping event FMLPreInitializationEvent and marking errored mod BuildCraft|Energy since required dependency BuildCraft|Core has errored
[21:41:22] [Client thread/DEBUG] [FML/]: Bar Step: PreInitialization - BC Energy took 0.000s
[21:41:22] [Client thread/ERROR] [BuildCraft|Transport/]: Skipping event FMLPreInitializationEvent and marking errored mod BuildCraft|Transport since required dependency BuildCraft|Core has errored
[21:41:22] [Client thread/DEBUG] [FML/]: Bar Step: PreInitialization - BC Transport took 0.000s
[21:41:22] [Client thread/ERROR] [BuildCraft|Factory/]: Skipping event FMLPreInitializationEvent and marking errored mod BuildCraft|Factory since required dependency BuildCraft|Core has errored
[21:41:22] [Client thread/DEBUG] [FML/]: Bar Step: PreInitialization - BC Factory took 0.000s
[21:41:22] [Client thread/DEBUG] [FML/]: Bar Finished: PreInitialization took 1.142s
[21:41:22] [Client thread/INFO] [FML/]: Applying holder lookups
[21:41:22] [Client thread/INFO] [FML/]: Holder lookups applied
[21:41:22] [Client thread/INFO] [FML/]: Injecting itemstacks
[21:41:22] [Client thread/INFO] [FML/]: Itemstack injection complete
[21:41:22] [Client thread/ERROR] [FML/]: Fatal errors were detected during the transition from PREINITIALIZATION to INITIALIZATION. Loading cannot continue
[21:41:22] [Client thread/ERROR] [FML/]: 
	States: 'U' = Unloaded 'L' = Loaded 'C' = Constructed 'H' = Pre-initialized 'I' = Initialized 'J' = Post-initialized 'A' = Available 'D' = Disabled 'E' = Errored
	UCH	mcp{9.05} [Minecraft Coder Pack] (minecraft.jar) 
	UCH	FML{7.10.99.99} [Forge Mod Loader] (forgeSrc-1.7.10-10.13.4.1614-1.7.10.jar) 
	UCH	Forge{10.13.4.1614} [Minecraft Forge] (forgeSrc-1.7.10-10.13.4.1614-1.7.10.jar) 
	UCH	sim{1.1.0 Beta} [Simulated town] (simulated-1.7.10-1.0.0 Beta.jar) 
	UCE	BuildCraft|Core{7.1.24} [BuildCraft] (buildcraft-7.1.24-dev.jar) 
	UCE	BuildCraft|Builders{7.1.24} [BC Builders] (buildcraft-7.1.24-dev.jar) 
	UCE	BuildCraft|Robotics{7.1.24} [BC Robotics] (buildcraft-7.1.24-dev.jar) 
	UCE	BuildCraft|Silicon{7.1.24} [BC Silicon] (buildcraft-7.1.24-dev.jar) 
	UCE	BuildCraft|Energy{7.1.24} [BC Energy] (buildcraft-7.1.24-dev.jar) 
	UCE	BuildCraft|Transport{7.1.24} [BC Transport] (buildcraft-7.1.24-dev.jar) 
	UCE	BuildCraft|Factory{7.1.24} [BC Factory] (buildcraft-7.1.24-dev.jar) 
[21:41:22] [Client thread/ERROR] [FML/]: The following problems were captured during this phase
[21:41:22] [Client thread/ERROR] [FML/]: Caught exception from BuildCraft|Core
java.lang.NoSuchMethodError: buildcraft.core.BlockSpring.setBlockName(Ljava/lang/String;)Lnet/minecraft/block/Block;
	at buildcraft.BuildCraftCore.loadConfiguration(BuildCraftCore.java:341) ~[BuildCraftCore.class:?]
	at sun.reflect.NativeMethodAccessorImpl.invoke0(Native Method) ~[?:1.8.0_181]
	at sun.reflect.NativeMethodAccessorImpl.invoke(NativeMethodAccessorImpl.java:62) ~[?:1.8.0_181]
	at sun.reflect.DelegatingMethodAccessorImpl.invoke(DelegatingMethodAccessorImpl.java:43) ~[?:1.8.0_181]
	at java.lang.reflect.Method.invoke(Method.java:498) ~[?:1.8.0_181]
	at cpw.mods.fml.common.FMLModContainer.handleModStateEvent(FMLModContainer.java:532) ~[forgeSrc-1.7.10-10.13.4.1614-1.7.10.jar:?]
	at sun.reflect.GeneratedMethodAccessor4.invoke(Unknown Source) ~[?:?]
	at sun.reflect.DelegatingMethodAccessorImpl.invoke(DelegatingMethodAccessorImpl.java:43) ~[?:1.8.0_181]
	at java.lang.reflect.Method.invoke(Method.java:498) ~[?:1.8.0_181]
	at com.google.common.eventbus.EventSubscriber.handleEvent(EventSubscriber.java:74) ~[guava-17.0.jar:?]
	at com.google.common.eventbus.SynchronizedEventSubscriber.handleEvent(SynchronizedEventSubscriber.java:47) ~[guava-17.0.jar:?]
	at com.google.common.eventbus.EventBus.dispatch(EventBus.java:322) ~[guava-17.0.jar:?]
	at com.google.common.eventbus.EventBus.dispatchQueuedEvents(EventBus.java:304) ~[guava-17.0.jar:?]
	at com.google.common.eventbus.EventBus.post(EventBus.java:275) ~[guava-17.0.jar:?]
	at cpw.mods.fml.common.LoadController.sendEventToModContainer(LoadController.java:212) ~[forgeSrc-1.7.10-10.13.4.1614-1.7.10.jar:?]
	at cpw.mods.fml.common.LoadController.propogateStateMessage(LoadController.java:190) ~[forgeSrc-1.7.10-10.13.4.1614-1.7.10.jar:?]
	at sun.reflect.NativeMethodAccessorImpl.invoke0(Native Method) ~[?:1.8.0_181]
	at sun.reflect.NativeMethodAccessorImpl.invoke(NativeMethodAccessorImpl.java:62) ~[?:1.8.0_181]
	at sun.reflect.DelegatingMethodAccessorImpl.invoke(DelegatingMethodAccessorImpl.java:43) ~[?:1.8.0_181]
	at java.lang.reflect.Method.invoke(Method.java:498) ~[?:1.8.0_181]
	at com.google.common.eventbus.EventSubscriber.handleEvent(EventSubscriber.java:74) ~[guava-17.0.jar:?]
	at com.google.common.eventbus.SynchronizedEventSubscriber.handleEvent(SynchronizedEventSubscriber.java:47) ~[guava-17.0.jar:?]
	at com.google.common.eventbus.EventBus.dispatch(EventBus.java:322) ~[guava-17.0.jar:?]
	at com.google.common.eventbus.EventBus.dispatchQueuedEvents(EventBus.java:304) ~[guava-17.0.jar:?]
	at com.google.common.eventbus.EventBus.post(EventBus.java:275) ~[guava-17.0.jar:?]
	at cpw.mods.fml.common.LoadController.distributeStateMessage(LoadController.java:119) [LoadController.class:?]
	at cpw.mods.fml.common.Loader.preinitializeMods(Loader.java:556) [Loader.class:?]
	at cpw.mods.fml.client.FMLClientHandler.beginMinecraftLoading(FMLClientHandler.java:243) [FMLClientHandler.class:?]
	at net.minecraft.client.Minecraft.startGame(Minecraft.java:523) [Minecraft.class:?]
	at net.minecraft.client.Minecraft.run(Minecraft.java:943) [Minecraft.class:?]
	at net.minecraft.client.main.Main.main(Main.java:164) [Main.class:?]
	at sun.reflect.NativeMethodAccessorImpl.invoke0(Native Method) ~[?:1.8.0_181]
	at sun.reflect.NativeMethodAccessorImpl.invoke(NativeMethodAccessorImpl.java:62) ~[?:1.8.0_181]
	at sun.reflect.DelegatingMethodAccessorImpl.invoke(DelegatingMethodAccessorImpl.java:43) ~[?:1.8.0_181]
	at java.lang.reflect.Method.invoke(Method.java:498) ~[?:1.8.0_181]
	at net.minecraft.launchwrapper.Launch.launch(Launch.java:135) [launchwrapper-1.12.jar:?]
	at net.minecraft.launchwrapper.Launch.main(Launch.java:28) [launchwrapper-1.12.jar:?]
	at net.minecraftforge.gradle.GradleStartCommon.launch(Unknown Source) [start/:?]
	at GradleStart.main(Unknown Source) [start/:?]
[21:41:22] [Client thread/INFO] [STDOUT/]: [net.minecraft.client.Minecraft:displayCrashReport:389]: ---- Minecraft Crash Report ----
// My bad.

Time: 22-3-17 下午9:41
Description: There was a severe problem during mod loading that has caused the game to fail

cpw.mods.fml.common.LoaderException: java.lang.NoSuchMethodError: buildcraft.core.BlockSpring.setBlockName(Ljava/lang/String;)Lnet/minecraft/block/Block;
	at cpw.mods.fml.common.LoadController.transition(LoadController.java:163)
	at cpw.mods.fml.common.Loader.preinitializeMods(Loader.java:559)
	at cpw.mods.fml.client.FMLClientHandler.beginMinecraftLoading(FMLClientHandler.java:243)
	at net.minecraft.client.Minecraft.startGame(Minecraft.java:523)
	at net.minecraft.client.Minecraft.run(Minecraft.java:943)
	at net.minecraft.client.main.Main.main(Main.java:164)
	at sun.reflect.NativeMethodAccessorImpl.invoke0(Native Method)
	at sun.reflect.NativeMethodAccessorImpl.invoke(NativeMethodAccessorImpl.java:62)
	at sun.reflect.DelegatingMethodAccessorImpl.invoke(DelegatingMethodAccessorImpl.java:43)
	at java.lang.reflect.Method.invoke(Method.java:498)
	at net.minecraft.launchwrapper.Launch.launch(Launch.java:135)
	at net.minecraft.launchwrapper.Launch.main(Launch.java:28)
	at net.minecraftforge.gradle.GradleStartCommon.launch(Unknown Source)
	at GradleStart.main(Unknown Source)
Caused by: java.lang.NoSuchMethodError: buildcraft.core.BlockSpring.setBlockName(Ljava/lang/String;)Lnet/minecraft/block/Block;
	at buildcraft.BuildCraftCore.loadConfiguration(BuildCraftCore.java:341)
	at sun.reflect.NativeMethodAccessorImpl.invoke0(Native Method)
	at sun.reflect.NativeMethodAccessorImpl.invoke(NativeMethodAccessorImpl.java:62)
	at sun.reflect.DelegatingMethodAccessorImpl.invoke(DelegatingMethodAccessorImpl.java:43)
	at java.lang.reflect.Method.invoke(Method.java:498)
	at cpw.mods.fml.common.FMLModContainer.handleModStateEvent(FMLModContainer.java:532)
	at sun.reflect.GeneratedMethodAccessor4.invoke(Unknown Source)
	at sun.reflect.DelegatingMethodAccessorImpl.invoke(DelegatingMethodAccessorImpl.java:43)
	at java.lang.reflect.Method.invoke(Method.java:498)
	at com.google.common.eventbus.EventSubscriber.handleEvent(EventSubscriber.java:74)
	at com.google.common.eventbus.SynchronizedEventSubscriber.handleEvent(SynchronizedEventSubscriber.java:47)
	at com.google.common.eventbus.EventBus.dispatch(EventBus.java:322)
	at com.google.common.eventbus.EventBus.dispatchQueuedEvents(EventBus.java:304)
	at com.google.common.eventbus.EventBus.post(EventBus.java:275)
	at cpw.mods.fml.common.LoadController.sendEventToModContainer(LoadController.java:212)
	at cpw.mods.fml.common.LoadController.propogateStateMessage(LoadController.java:190)
	at sun.reflect.NativeMethodAccessorImpl.invoke0(Native Method)
	at sun.reflect.NativeMethodAccessorImpl.invoke(NativeMethodAccessorImpl.java:62)
	at sun.reflect.DelegatingMethodAccessorImpl.invoke(DelegatingMethodAccessorImpl.java:43)
	at java.lang.reflect.Method.invoke(Method.java:498)
	at com.google.common.eventbus.EventSubscriber.handleEvent(EventSubscriber.java:74)
	at com.google.common.eventbus.SynchronizedEventSubscriber.handleEvent(SynchronizedEventSubscriber.java:47)
	at com.google.common.eventbus.EventBus.dispatch(EventBus.java:322)
	at com.google.common.eventbus.EventBus.dispatchQueuedEvents(EventBus.java:304)
	at com.google.common.eventbus.EventBus.post(EventBus.java:275)
	at cpw.mods.fml.common.LoadController.distributeStateMessage(LoadController.java:119)
	at cpw.mods.fml.common.Loader.preinitializeMods(Loader.java:556)
	... 12 more


A detailed walkthrough of the error, its code path and all known details is as follows:
---------------------------------------------------------------------------------------

-- System Details --
Details:
	Minecraft Version: 1.7.10
	Operating System: Windows 10 (amd64) version 10.0
	Java Version: 1.8.0_181, Oracle Corporation
	Java VM Version: Java HotSpot(TM) 64-Bit Server VM (mixed mode), Oracle Corporation
	Memory: 317025064 bytes (302 MB) / 467664896 bytes (446 MB) up to 1883242496 bytes (1796 MB)
	JVM Flags: 0 total; 
	AABB Pool Size: 0 (0 bytes; 0 MB) allocated, 0 (0 bytes; 0 MB) used
	IntCache: cache: 0, tcache: 0, allocated: 0, tallocated: 0
	FML: MCP v9.05 FML v7.10.99.99 Minecraft Forge 10.13.4.1614 11 mods loaded, 11 mods active
	States: 'U' = Unloaded 'L' = Loaded 'C' = Constructed 'H' = Pre-initialized 'I' = Initialized 'J' = Post-initialized 'A' = Available 'D' = Disabled 'E' = Errored
	UCH	mcp{9.05} [Minecraft Coder Pack] (minecraft.jar) 
	UCH	FML{7.10.99.99} [Forge Mod Loader] (forgeSrc-1.7.10-10.13.4.1614-1.7.10.jar) 
	UCH	Forge{10.13.4.1614} [Minecraft Forge] (forgeSrc-1.7.10-10.13.4.1614-1.7.10.jar) 
	UCH	sim{1.1.0 Beta} [Simulated town] (simulated-1.7.10-1.0.0 Beta.jar) 
	UCE	BuildCraft|Core{7.1.24} [BuildCraft] (buildcraft-7.1.24-dev.jar) 
	UCE	BuildCraft|Builders{7.1.24} [BC Builders] (buildcraft-7.1.24-dev.jar) 
	UCE	BuildCraft|Robotics{7.1.24} [BC Robotics] (buildcraft-7.1.24-dev.jar) 
	UCE	BuildCraft|Silicon{7.1.24} [BC Silicon] (buildcraft-7.1.24-dev.jar) 
	UCE	BuildCraft|Energy{7.1.24} [BC Energy] (buildcraft-7.1.24-dev.jar) 
	UCE	BuildCraft|Transport{7.1.24} [BC Transport] (buildcraft-7.1.24-dev.jar) 
	UCE	BuildCraft|Factory{7.1.24} [BC Factory] (buildcraft-7.1.24-dev.jar) 
	GL info: ' Vendor: 'Intel' Version: '4.6.0 - Build 27.20.100.8682' Renderer: 'Intel(R) UHD Graphics 620'
[21:41:22] [Client thread/INFO] [STDOUT/]: [net.minecraft.client.Minecraft:displayCrashReport:399]: #@!@# Game crashed! Crash report saved to: #@!@# D:\work\works\mc-sim-u\eclipse\.\crash-reports\crash-2022-03-17_21.41.22-client.txt
