[10:36:17] [main/DEBUG] [FML]: Instantiating coremod class FMLCorePlugin
[10:36:17] [main/INFO] [FML]: Ignoring missing certificate for coremod FMLCorePlugin (net.minecraftforge.fml.relauncher.FMLCorePlugin), we are in deobf and it's a forge core plugin
[10:36:17] [main/DEBUG] [FML]: Added access transformer class net.minecraftforge.fml.common.asm.transformers.AccessTransformer to enqueued access transformers
[10:36:17] [main/DEBUG] [FML]: Enqueued coremod FMLCorePlugin
[10:36:17] [main/DEBUG] [FML]: Instantiating coremod class FMLForgePlugin
[10:36:17] [main/INFO] [FML]: Ignoring missing certificate for coremod FMLForgePlugin (net.minecraftforge.classloading.FMLForgePlugin), we are in deobf and it's a forge core plugin
[10:36:17] [main/DEBUG] [FML]: Enqueued coremod FMLForgePlugin
[10:36:17] [main/DEBUG] [FML]: All fundamental core mods are successfully located
[10:36:17] [main/DEBUG] [FML]: Discovering coremods
[10:36:17] [main/INFO] [FML]: Searching G:\Game\work\sim-u\Trhsy-sim-u\mc-sim-u-1.12.2\run\.\mods for mods
[10:36:17] [main/DEBUG] [FML]:   Adding jei_1.12.2-4.16.1.1012.jar to the mod list
[10:36:17] [main/DEBUG] [FML]:   Adding lightore-2.0.0.jar to the mod list
[10:36:17] [main/DEBUG] [FML]: Examining for coremod candidacy jei_1.12.2-4.16.1.1012.jar
[10:36:18] [main/DEBUG] [FML]: Not found coremod data in jei_1.12.2-4.16.1.1012.jar
[10:36:18] [main/DEBUG] [FML]: Examining for coremod candidacy lightore-2.0.0.jar
[10:36:18] [main/DEBUG] [FML]: Not found coremod data in lightore-2.0.0.jar
[10:36:18] [main/INFO] [LaunchWrapper]: Calling tweak class net.minecraftforge.gradle.tweakers.CoremodTweaker
[10:36:18] [main/INFO] [GradleStart]: Injecting location in coremod net.minecraftforge.fml.relauncher.FMLCorePlugin
[10:36:18] [main/INFO] [GradleStart]: Injecting location in coremod net.minecraftforge.classloading.FMLForgePlugin
[10:36:18] [main/INFO] [LaunchWrapper]: Loading tweak class name net.minecraftforge.fml.common.launcher.FMLInjectionAndSortingTweaker
[10:36:18] [main/INFO] [LaunchWrapper]: Loading tweak class name net.minecraftforge.fml.common.launcher.FMLDeobfTweaker
[10:36:18] [main/INFO] [LaunchWrapper]: Loading tweak class name net.minecraftforge.gradle.tweakers.AccessTransformerTweaker
[10:36:19] [main/INFO] [LaunchWrapper]: Calling tweak class net.minecraftforge.fml.common.launcher.FMLInjectionAndSortingTweaker
[10:36:19] [main/INFO] [LaunchWrapper]: Calling tweak class net.minecraftforge.fml.common.launcher.FMLInjectionAndSortingTweaker
[10:36:19] [main/INFO] [LaunchWrapper]: Calling tweak class net.minecraftforge.fml.relauncher.CoreModManager$FMLPluginWrapper
[10:36:19] [main/DEBUG] [FML]: Injecting coremod FMLCorePlugin \{net.minecraftforge.fml.relauncher.FMLCorePlugin\} class transformers
[10:36:19] [main/TRACE] [FML]: Registering transformer net.minecraftforge.fml.common.asm.transformers.SideTransformer
[10:36:19] [main/TRACE] [FML]: Registering transformer net.minecraftforge.fml.common.asm.transformers.EventSubscriptionTransformer
[10:36:19] [main/TRACE] [FML]: Registering transformer net.minecraftforge.fml.common.asm.transformers.EventSubscriberTransformer
[10:36:19] [main/TRACE] [FML]: Registering transformer net.minecraftforge.fml.common.asm.transformers.SoundEngineFixTransformer
[10:36:19] [main/DEBUG] [FML]: Injection complete
[10:36:19] [main/DEBUG] [FML]: Running coremod plugin for FMLCorePlugin \{net.minecraftforge.fml.relauncher.FMLCorePlugin\}
[10:36:19] [main/DEBUG] [FML]: Running coremod plugin FMLCorePlugin
[10:36:20] [main/DEBUG] [FML]: Loading deobfuscation resource F:\maven\.grable\caches\minecraft\de\oceanlabs\mcp\mcp_snapshot\20171003\1.12.2\srgs\srg-mcp.srg with 36076 records
[10:36:22] [main/ERROR] [FML]: FML appears to be missing any signature data. This is not a good thing
[10:36:22] [main/DEBUG] [FML]: Coremod plugin class FMLCorePlugin run successfully
[10:36:22] [main/INFO] [LaunchWrapper]: Calling tweak class net.minecraftforge.fml.relauncher.CoreModManager$FMLPluginWrapper
[10:36:22] [main/DEBUG] [FML]: Injecting coremod FMLForgePlugin \{net.minecraftforge.classloading.FMLForgePlugin\} class transformers
[10:36:22] [main/DEBUG] [FML]: Injection complete
[10:36:22] [main/DEBUG] [FML]: Running coremod plugin for FMLForgePlugin \{net.minecraftforge.classloading.FMLForgePlugin\}
[10:36:22] [main/DEBUG] [FML]: Running coremod plugin FMLForgePlugin
[10:36:22] [main/DEBUG] [FML]: Coremod plugin class FMLForgePlugin run successfully
[10:36:22] [main/INFO] [LaunchWrapper]: Calling tweak class net.minecraftforge.fml.common.launcher.FMLDeobfTweaker
[10:36:22] [main/DEBUG] [FML]: Loaded 215 rules from AccessTransformer config file forge_at.cfg
[10:36:22] [main/DEBUG] [FML]: Loaded 13 rules from AccessTransformer mod jar file .\mods\jei_1.12.2-4.16.1.1012.jar!META-INF/jei_at.cfg

[10:36:22] [main/DEBUG] [FML]: Validating minecraft
[10:36:22] [main/DEBUG] [FML]: Minecraft validated, launching...
[10:36:22] [main/INFO] [LaunchWrapper]: Calling tweak class net.minecraftforge.gradle.tweakers.AccessTransformerTweaker
[10:36:22] [main/DEBUG] [GradleStart]: Reading CSV file: F:\maven\.grable\caches\minecraft\de\oceanlabs\mcp\mcp_snapshot\20171003\fields.csv
[10:36:23] [main/DEBUG] [GradleStart]: Reading CSV file: F:\maven\.grable\caches\minecraft\de\oceanlabs\mcp\mcp_snapshot\20171003\methods.csv
[10:36:24] [main/INFO] [GradleStart]: Remapping AccessTransformer rules...
[10:36:24] [main/INFO] [LaunchWrapper]: Loading tweak class name net.minecraftforge.fml.common.launcher.TerminalTweaker
[10:36:24] [main/INFO] [LaunchWrapper]: Calling tweak class net.minecraftforge.fml.common.launcher.TerminalTweaker
[10:36:24] [main/INFO] [LaunchWrapper]: Launching wrapped minecraft {net.minecraft.client.main.Main}
[10:36:28] [Client thread/INFO] [net.minecraft.client.Minecraft]: Setting user: Player239
[10:36:33] [Client thread/DEBUG] [FML]: Creating vanilla freeze snapshot
[10:36:33] [Client thread/DEBUG] [FML]: Vanilla freeze snapshot created
[10:36:33] [Client thread/WARN] [net.minecraft.client.settings.GameSettings]: Skipping bad option: lastServer:
[10:36:33] [Client thread/INFO] [net.minecraft.client.Minecraft]: LWJGL Version: 2.9.4
[10:36:39] [Client thread/DEBUG] [FML]: Bar Finished: Loading Resource - LanguageManager took 0.001s
[10:36:39] [Client thread/INFO] [FML]: -- System Details --
Details:
	Minecraft Version: 1.12.2
	Operating System: Windows 10 (amd64) version 10.0
	Java Version: 1.8.0_271, Oracle Corporation
	Java VM Version: Java HotSpot(TM) 64-Bit Server VM (mixed mode), Oracle Corporation
	Memory: 159113208 bytes (151 MB) / 477626368 bytes (455 MB) up to 7626293248 bytes (7273 MB)
	JVM Flags: 0 total; 
	IntCache: cache: 0, tcache: 0, allocated: 0, tallocated: 0
	FML: 
	Loaded coremods (and transformers): 
	GL info: ' Vendor: 'NVIDIA Corporation' Version: '4.6.0 NVIDIA 555.99' Renderer: 'NVIDIA GeForce GTX 1050 Ti/PCIe/SSE2'
[10:36:40] [Client thread/INFO] [FML]: MinecraftForge v14.23.5.2847 Initialized
[10:36:40] [Client thread/INFO] [FML]: Starts to replace vanilla recipe ingredients with ore ingredients.
[10:36:40] [Client thread/INFO] [FML]: Invalid recipe found with multiple oredict ingredients in the same ingredient...
[10:36:40] [Client thread/INFO] [FML]: Replaced 1227 ore ingredients
[10:36:40] [Client thread/DEBUG] [FML]: File G:\Game\work\sim-u\Trhsy-sim-u\mc-sim-u-1.12.2\run\config\injectedDependencies.json not found. No dependencies injected
[10:36:41] [Client thread/DEBUG] [FML]: Building injected Mod Containers [net.minecraftforge.fml.common.FMLContainer, net.minecraftforge.common.ForgeModContainer]
[10:36:41] [Client thread/DEBUG] [FML]: Attempting to load mods contained in the minecraft jar file and associated classes
[10:36:41] [Client thread/DEBUG] [FML]: Found a minecraft related file at D:\java\jdk1.8.0_271\jre\lib\charsets.jar, examining for mod candidates
[10:36:41] [Client thread/DEBUG] [FML]: Found a minecraft related file at D:\java\jdk1.8.0_271\jre\lib\deploy.jar, examining for mod candidates
[10:36:41] [Client thread/DEBUG] [FML]: Found a minecraft related file at D:\java\jdk1.8.0_271\jre\lib\ext\access-bridge-64.jar, examining for mod candidates
[10:36:41] [Client thread/DEBUG] [FML]: Found a minecraft related file at D:\java\jdk1.8.0_271\jre\lib\ext\cldrdata.jar, examining for mod candidates
[10:36:41] [Client thread/DEBUG] [FML]: Found a minecraft related file at D:\java\jdk1.8.0_271\jre\lib\ext\dnsns.jar, examining for mod candidates
[10:36:41] [Client thread/DEBUG] [FML]: Found a minecraft related file at D:\java\jdk1.8.0_271\jre\lib\ext\jaccess.jar, examining for mod candidates
[10:36:41] [Client thread/DEBUG] [FML]: Found a minecraft related file at D:\java\jdk1.8.0_271\jre\lib\ext\jfxrt.jar, examining for mod candidates
[10:36:41] [Client thread/DEBUG] [FML]: Found a minecraft related file at D:\java\jdk1.8.0_271\jre\lib\ext\localedata.jar, examining for mod candidates
[10:36:41] [Client thread/DEBUG] [FML]: Found a minecraft related file at D:\java\jdk1.8.0_271\jre\lib\ext\nashorn.jar, examining for mod candidates
[10:36:41] [Client thread/DEBUG] [FML]: Found a minecraft related file at D:\java\jdk1.8.0_271\jre\lib\ext\sunec.jar, examining for mod candidates
[10:36:41] [Client thread/DEBUG] [FML]: Found a minecraft related file at D:\java\jdk1.8.0_271\jre\lib\ext\sunjce_provider.jar, examining for mod candidates
[10:36:41] [Client thread/DEBUG] [FML]: Found a minecraft related file at D:\java\jdk1.8.0_271\jre\lib\ext\sunmscapi.jar, examining for mod candidates
[10:36:41] [Client thread/DEBUG] [FML]: Found a minecraft related file at D:\java\jdk1.8.0_271\jre\lib\ext\sunpkcs11.jar, examining for mod candidates
[10:36:41] [Client thread/DEBUG] [FML]: Found a minecraft related file at D:\java\jdk1.8.0_271\jre\lib\ext\zipfs.jar, examining for mod candidates
[10:36:41] [Client thread/DEBUG] [FML]: Found a minecraft related file at D:\java\jdk1.8.0_271\jre\lib\javaws.jar, examining for mod candidates
[10:36:41] [Client thread/DEBUG] [FML]: Found a minecraft related file at D:\java\jdk1.8.0_271\jre\lib\jce.jar, examining for mod candidates
[10:36:41] [Client thread/DEBUG] [FML]: Found a minecraft related file at D:\java\jdk1.8.0_271\jre\lib\jfr.jar, examining for mod candidates
[10:36:41] [Client thread/DEBUG] [FML]: Found a minecraft related file at D:\java\jdk1.8.0_271\jre\lib\jfxswt.jar, examining for mod candidates
[10:36:41] [Client thread/DEBUG] [FML]: Found a minecraft related file at D:\java\jdk1.8.0_271\jre\lib\jsse.jar, examining for mod candidates
[10:36:41] [Client thread/DEBUG] [FML]: Found a minecraft related file at D:\java\jdk1.8.0_271\jre\lib\management-agent.jar, examining for mod candidates
[10:36:41] [Client thread/DEBUG] [FML]: Found a minecraft related file at D:\java\jdk1.8.0_271\jre\lib\plugin.jar, examining for mod candidates
[10:36:41] [Client thread/DEBUG] [FML]: Found a minecraft related file at D:\java\jdk1.8.0_271\jre\lib\resources.jar, examining for mod candidates
[10:36:41] [Client thread/TRACE] [FML]: Skipping known library file D:\java\jdk1.8.0_271\jre\lib\rt.jar
[10:36:41] [Client thread/DEBUG] [FML]: Found a minecraft related directory at G:\Game\work\sim-u\Trhsy-sim-u\mc-sim-u-1.12.2\out\production\mc-sim-u-1.12.2, examining for mod candidates
[10:36:41] [Client thread/DEBUG] [FML]: Found a minecraft related file at F:\maven\.grable\caches\minecraft\deobfedDeps\compileDummy.jar, examining for mod candidates
[10:36:41] [Client thread/DEBUG] [FML]: Found a minecraft related file at F:\maven\.grable\caches\minecraft\deobfedDeps\providedDummy.jar, examining for mod candidates
[10:36:41] [Client thread/DEBUG] [FML]: Found a minecraft related file at F:\maven\.grable\caches\modules-2\files-2.1\com.google.code.findbugs\jsr305\3.0.1\f7be08ec23c21485b9b5a1cf1654c2ec8c58168d\jsr305-3.0.1.jar, examining for mod candidates
[10:36:41] [Client thread/DEBUG] [FML]: Found a minecraft related file at F:\maven\.grable\caches\modules-2\files-2.1\com.mojang\patchy\1.3.9\eb8bb7b66fa0e2152b1b40b3856e82f7619439ee\patchy-1.3.9.jar, examining for mod candidates
[10:36:41] [Client thread/TRACE] [FML]: Skipping known library file F:\maven\.grable\caches\modules-2\files-2.1\oshi-project\oshi-core\1.1\9ddf7b048a8d701be231c0f4f95fd986198fd2d8\oshi-core-1.1.jar
[10:36:41] [Client thread/TRACE] [FML]: Skipping known library file F:\maven\.grable\caches\modules-2\files-2.1\net.java.dev.jna\jna\4.4.0\cb208278274bf12ebdb56c61bd7407e6f774d65a\jna-4.4.0.jar
[10:36:41] [Client thread/TRACE] [FML]: Skipping known library file F:\maven\.grable\caches\modules-2\files-2.1\net.java.dev.jna\platform\3.4.0\e3f70017be8100d3d6923f50b3d2ee17714e9c13\platform-3.4.0.jar
[10:36:41] [Client thread/TRACE] [FML]: Skipping known library file F:\maven\.grable\caches\modules-2\files-2.1\com.ibm.icu\icu4j-core-mojang\51.2\63d216a9311cca6be337c1e458e587f99d382b84\icu4j-core-mojang-51.2.jar
[10:36:41] [Client thread/TRACE] [FML]: Skipping known library file F:\maven\.grable\caches\modules-2\files-2.1\net.sf.jopt-simple\jopt-simple\5.0.3\cdd846cfc4e0f7eefafc02c0f5dce32b9303aa2a\jopt-simple-5.0.3.jar
[10:36:41] [Client thread/TRACE] [FML]: Skipping known library file F:\maven\.grable\caches\modules-2\files-2.1\io.netty\netty-all\4.1.9.Final\97860965d6a0a6b98e7f569f3f966727b8db75\netty-all-4.1.9.Final.jar
[10:36:41] [Client thread/TRACE] [FML]: Skipping known library file F:\maven\.grable\caches\modules-2\files-2.1\com.google.guava\guava\21.0\3a3d111be1be1b745edfa7d91678a12d7ed38709\guava-21.0.jar
[10:36:41] [Client thread/TRACE] [FML]: Skipping known library file F:\maven\.grable\caches\modules-2\files-2.1\org.apache.commons\commons-lang3\3.5\6c6c702c89bfff3cd9e80b04d668c5e190d588c6\commons-lang3-3.5.jar
[10:36:41] [Client thread/TRACE] [FML]: Skipping known library file F:\maven\.grable\caches\modules-2\files-2.1\commons-io\commons-io\2.5\2852e6e05fbb95076fc091f6d1780f1f8fe35e0f\commons-io-2.5.jar
[10:36:41] [Client thread/TRACE] [FML]: Skipping known library file F:\maven\.grable\caches\modules-2\files-2.1\commons-codec\commons-codec\1.10\4b95f4897fa13f2cd904aee711aeafc0c5295cd8\commons-codec-1.10.jar
[10:36:41] [Client thread/TRACE] [FML]: Skipping known library file F:\maven\.grable\caches\modules-2\files-2.1\net.java.jutils\jutils\1.0.0\e12fe1fda814bd348c1579329c86943d2cd3c6a6\jutils-1.0.0.jar
[10:36:41] [Client thread/TRACE] [FML]: Skipping known library file F:\maven\.grable\caches\modules-2\files-2.1\com.google.code.gson\gson\2.8.0\c4ba5371a29ac9b2ad6129b1d39ea38750043eff\gson-2.8.0.jar
[10:36:41] [Client thread/TRACE] [FML]: Skipping known library file F:\maven\.grable\caches\modules-2\files-2.1\com.mojang\authlib\1.5.25\9834cdf236c22e84b946bba989e2f94ef5897c3c\authlib-1.5.25.jar
[10:36:41] [Client thread/TRACE] [FML]: Skipping known library file F:\maven\.grable\caches\modules-2\files-2.1\com.mojang\realms\1.10.22\bd0dccebdf3744c75f1ca20063f16e8f7d5e663f\realms-1.10.22.jar
[10:36:41] [Client thread/TRACE] [FML]: Skipping known library file F:\maven\.grable\caches\modules-2\files-2.1\org.apache.commons\commons-compress\1.8.1\a698750c16740fd5b3871425f4cb3bbaa87f529d\commons-compress-1.8.1.jar
[10:36:41] [Client thread/TRACE] [FML]: Skipping known library file F:\maven\.grable\caches\modules-2\files-2.1\org.apache.httpcomponents\httpclient\4.3.3\18f4247ff4572a074444572cee34647c43e7c9c7\httpclient-4.3.3.jar
[10:36:41] [Client thread/TRACE] [FML]: Skipping known library file F:\maven\.grable\caches\modules-2\files-2.1\commons-logging\commons-logging\1.1.3\f6f66e966c70a83ffbdb6f17a0919eaf7c8aca7f\commons-logging-1.1.3.jar
[10:36:41] [Client thread/TRACE] [FML]: Skipping known library file F:\maven\.grable\caches\modules-2\files-2.1\org.apache.httpcomponents\httpcore\4.3.2\31fbbff1ddbf98f3aa7377c94d33b0447c646b6e\httpcore-4.3.2.jar
[10:36:41] [Client thread/TRACE] [FML]: Skipping known library file F:\maven\.grable\caches\modules-2\files-2.1\it.unimi.dsi\fastutil\7.1.0\9835253257524c1be7ab50c057aa2d418fb72082\fastutil-7.1.0.jar
[10:36:41] [Client thread/TRACE] [FML]: Skipping known library file F:\maven\.grable\caches\modules-2\files-2.1\org.apache.logging.log4j\log4j-api\2.8.1\e801d13612e22cad62a3f4f3fe7fdbe6334a8e72\log4j-api-2.8.1.jar
[10:36:41] [Client thread/TRACE] [FML]: Skipping known library file F:\maven\.grable\caches\modules-2\files-2.1\org.apache.logging.log4j\log4j-core\2.8.1\4ac28ff2f1ddf05dae3043a190451e8c46b73c31\log4j-core-2.8.1.jar
[10:36:41] [Client thread/DEBUG] [FML]: Found a minecraft related file at F:\maven\.grable\caches\modules-2\files-2.1\com.mojang\text2speech\1.10.3\48fd510879dff266c3815947de66e3d4809f8668\text2speech-1.10.3.jar, examining for mod candidates
[10:36:41] [Client thread/TRACE] [FML]: Skipping known library file F:\maven\.grable\caches\modules-2\files-2.1\net.minecraft\launchwrapper\1.12\111e7bea9c968cdb3d06ef4632bf7ff0824d0f36\launchwrapper-1.12.jar
[10:36:41] [Client thread/TRACE] [FML]: Skipping known library file F:\maven\.grable\caches\modules-2\files-2.1\org.jline\jline\3.5.1\51800e9d7a13608894a5a28eed0f5c7fa2f300fb\jline-3.5.1.jar
[10:36:41] [Client thread/DEBUG] [FML]: Found a minecraft related file at F:\maven\.grable\caches\modules-2\files-2.1\org.ow2.asm\asm-debug-all\5.2\3354e11e2b34215f06dab629ab88e06aca477c19\asm-debug-all-5.2.jar, examining for mod candidates
[10:36:41] [Client thread/TRACE] [FML]: Skipping known library file F:\maven\.grable\caches\modules-2\files-2.1\com.typesafe.akka\akka-actor_2.11\2.3.3\ed62e9fc709ca0f2ff1a3220daa8b70a2870078e\akka-actor_2.11-2.3.3.jar
[10:36:41] [Client thread/TRACE] [FML]: Skipping known library file F:\maven\.grable\caches\modules-2\files-2.1\com.typesafe\config\1.2.1\f771f71fdae3df231bcd54d5ca2d57f0bf93f467\config-1.2.1.jar
[10:36:41] [Client thread/TRACE] [FML]: Skipping known library file F:\maven\.grable\caches\modules-2\files-2.1\org.scala-lang\scala-actors-migration_2.11\1.1.0\dfa8bc42b181d5b9f1a5dd147f8ae308b893eb6f\scala-actors-migration_2.11-1.1.0.jar
[10:36:41] [Client thread/TRACE] [FML]: Skipping known library file F:\maven\.grable\caches\modules-2\files-2.1\org.scala-lang\scala-compiler\2.11.1\56ea2e6c025e0821f28d73ca271218b8dd04926a\scala-compiler-2.11.1.jar
[10:36:41] [Client thread/TRACE] [FML]: Skipping known library file F:\maven\.grable\caches\modules-2\files-2.1\org.scala-lang.plugins\scala-continuations-library_2.11\1.0.2\e517c53a7e9acd6b1668c5a35eccbaa3bab9aac\scala-continuations-library_2.11-1.0.2.jar
[10:36:41] [Client thread/TRACE] [FML]: Skipping known library file F:\maven\.grable\caches\modules-2\files-2.1\org.scala-lang.plugins\scala-continuations-plugin_2.11.1\1.0.2\f361a3283452c57fa30c1ee69448995de23c60f7\scala-continuations-plugin_2.11.1-1.0.2.jar
[10:36:41] [Client thread/TRACE] [FML]: Skipping known library file F:\maven\.grable\caches\modules-2\files-2.1\org.scala-lang\scala-library\2.11.1\e11da23da3eabab9f4777b9220e60d44c1aab6a\scala-library-2.11.1.jar
[10:36:41] [Client thread/TRACE] [FML]: Skipping known library file F:\maven\.grable\caches\modules-2\files-2.1\org.scala-lang.modules\scala-parser-combinators_2.11\1.0.1\f05d7345bf5a58924f2837c6c1f4d73a938e1ff0\scala-parser-combinators_2.11-1.0.1.jar
[10:36:41] [Client thread/TRACE] [FML]: Skipping known library file F:\maven\.grable\caches\modules-2\files-2.1\org.scala-lang\scala-reflect\2.11.1\6580347e61cc7f8e802941e7fde40fa83b8badeb\scala-reflect-2.11.1.jar
[10:36:41] [Client thread/TRACE] [FML]: Skipping known library file F:\maven\.grable\caches\modules-2\files-2.1\org.scala-lang.modules\scala-swing_2.11\1.0.1\b1cdd92bd47b1e1837139c1c53020e86bb9112ae\scala-swing_2.11-1.0.1.jar
[10:36:41] [Client thread/TRACE] [FML]: Skipping known library file F:\maven\.grable\caches\modules-2\files-2.1\org.scala-lang.modules\scala-xml_2.11\1.0.2\820fbca7e524b530fdadc594c39d49a21ea0337e\scala-xml_2.11-1.0.2.jar
[10:36:41] [Client thread/TRACE] [FML]: Skipping known library file F:\maven\.grable\caches\modules-2\files-2.1\lzma\lzma\0.0.1\521616dc7487b42bef0e803bd2fa3faf668101d7\lzma-0.0.1.jar
[10:36:41] [Client thread/TRACE] [FML]: Skipping known library file F:\maven\.grable\caches\modules-2\files-2.1\net.sf.trove4j\trove4j\3.0.3\42ccaf4761f0dfdfa805c9e340d99a755907e2dd\trove4j-3.0.3.jar
[10:36:41] [Client thread/DEBUG] [FML]: Found a minecraft related file at F:\maven\.grable\caches\modules-2\files-2.1\org.apache.maven\maven-artifact\3.5.3\7dc72b6d6d8a6dced3d294ed54c2cc3515ade9f4\maven-artifact-3.5.3.jar, examining for mod candidates
[10:36:41] [Client thread/TRACE] [FML]: Skipping known library file F:\maven\.grable\caches\modules-2\files-2.1\com.paulscode\codecjorbis\20101023\c73b5636faf089d9f00e8732a829577de25237ee\codecjorbis-20101023.jar
[10:36:41] [Client thread/TRACE] [FML]: Skipping known library file F:\maven\.grable\caches\modules-2\files-2.1\com.paulscode\codecwav\20101023\12f031cfe88fef5c1dd36c563c0a3a69bd7261da\codecwav-20101023.jar
[10:36:41] [Client thread/TRACE] [FML]: Skipping known library file F:\maven\.grable\caches\modules-2\files-2.1\com.paulscode\libraryjavasound\20101123\5c5e304366f75f9eaa2e8cca546a1fb6109348b3\libraryjavasound-20101123.jar
[10:36:41] [Client thread/TRACE] [FML]: Skipping known library file F:\maven\.grable\caches\modules-2\files-2.1\com.paulscode\librarylwjglopenal\20100824\73e80d0794c39665aec3f62eee88ca91676674ef\librarylwjglopenal-20100824.jar
[10:36:41] [Client thread/TRACE] [FML]: Skipping known library file F:\maven\.grable\caches\modules-2\files-2.1\com.paulscode\soundsystem\20120107\419c05fe9be71f792b2d76cfc9b67f1ed0fec7f6\soundsystem-20120107.jar
[10:36:41] [Client thread/TRACE] [FML]: Skipping known library file F:\maven\.grable\caches\modules-2\files-2.1\net.java.jinput\jinput\2.0.5\39c7796b469a600f72380316f6b1f11db6c2c7c4\jinput-2.0.5.jar
[10:36:41] [Client thread/TRACE] [FML]: Skipping known library file F:\maven\.grable\caches\modules-2\files-2.1\org.lwjgl.lwjgl\lwjgl\2.9.4-nightly-20150209\697517568c68e78ae0b4544145af031c81082dfe\lwjgl-2.9.4-nightly-20150209.jar
[10:36:41] [Client thread/TRACE] [FML]: Skipping known library file F:\maven\.grable\caches\modules-2\files-2.1\org.lwjgl.lwjgl\lwjgl_util\2.9.4-nightly-20150209\d51a7c040a721d13efdfbd34f8b257b2df882ad0\lwjgl_util-2.9.4-nightly-20150209.jar
[10:36:41] [Client thread/TRACE] [FML]: Skipping known library file F:\maven\.grable\caches\modules-2\files-2.1\java3d\vecmath\1.5.2\79846ba34cbd89e2422d74d53752f993dcc2ccaf\vecmath-1.5.2.jar
[10:36:41] [Client thread/DEBUG] [FML]: Found a minecraft related file at F:\maven\.grable\caches\modules-2\files-2.1\ca.weblite\java-objc-bridge\1.0.0\6ef160c3133a78de015830860197602ca1c855d3\java-objc-bridge-1.0.0.jar, examining for mod candidates
[10:36:41] [Client thread/TRACE] [FML]: Skipping known library file F:\maven\.grable\caches\modules-2\files-2.1\org.scala-lang\scala-actors\2.11.0\8ccfb6541de179bb1c4d45cf414acee069b7f78b\scala-actors-2.11.0.jar
[10:36:41] [Client thread/DEBUG] [FML]: Found a minecraft related file at F:\maven\.grable\caches\modules-2\files-2.1\org.codehaus.plexus\plexus-utils\3.1.0\60eecb6f15abdb1c653ad80abaac6fe188b3feaa\plexus-utils-3.1.0.jar, examining for mod candidates
[10:36:41] [Client thread/TRACE] [FML]: Skipping known library file F:\maven\.grable\caches\modules-2\files-2.1\net.java.jinput\jinput-platform\2.0.5\7ff832a6eb9ab6a767f1ade2b548092d0fa64795\jinput-platform-2.0.5-natives-linux.jar
[10:36:41] [Client thread/TRACE] [FML]: Skipping known library file F:\maven\.grable\caches\modules-2\files-2.1\net.java.jinput\jinput-platform\2.0.5\385ee093e01f587f30ee1c8a2ee7d408fd732e16\jinput-platform-2.0.5-natives-windows.jar
[10:36:41] [Client thread/TRACE] [FML]: Skipping known library file F:\maven\.grable\caches\modules-2\files-2.1\net.java.jinput\jinput-platform\2.0.5\53f9c919f34d2ca9de8c51fc4e1e8282029a9232\jinput-platform-2.0.5-natives-osx.jar
[10:36:41] [Client thread/TRACE] [FML]: Skipping known library file F:\maven\.grable\caches\modules-2\files-2.1\org.lwjgl.lwjgl\lwjgl-platform\2.9.4-nightly-20150209\b84d5102b9dbfabfeb5e43c7e2828d98a7fc80e0\lwjgl-platform-2.9.4-nightly-20150209-natives-windows.jar
[10:36:41] [Client thread/TRACE] [FML]: Skipping known library file F:\maven\.grable\caches\modules-2\files-2.1\org.lwjgl.lwjgl\lwjgl-platform\2.9.4-nightly-20150209\931074f46c795d2f7b30ed6395df5715cfd7675b\lwjgl-platform-2.9.4-nightly-20150209-natives-linux.jar
[10:36:41] [Client thread/TRACE] [FML]: Skipping known library file F:\maven\.grable\caches\modules-2\files-2.1\org.lwjgl.lwjgl\lwjgl-platform\2.9.4-nightly-20150209\bcab850f8f487c3f4c4dbabde778bb82bd1a40ed\lwjgl-platform-2.9.4-nightly-20150209-natives-osx.jar
[10:36:41] [Client thread/DEBUG] [FML]: Found a minecraft related file at F:\maven\.grable\caches\minecraft\net\minecraftforge\forge\1.12.2-14.23.5.2847\snapshot\20171003\forgeSrc-1.12.2-14.23.5.2847.jar, examining for mod candidates
[10:36:41] [Client thread/DEBUG] [FML]: Found a minecraft related directory at F:\maven\.grable\caches\minecraft\net\minecraftforge\forge\1.12.2-14.23.5.2847\start, examining for mod candidates
[10:36:41] [Client thread/DEBUG] [FML]: Found a minecraft related file at D:\Program Files\JetBrains\IntelliJ IDEA 2021.3.2\lib\idea_rt.jar, examining for mod candidates
[10:36:41] [Client thread/DEBUG] [FML]: Found a minecraft related file at C:\Users\Administrator.TRHSY\AppData\Local\Temp\captureAgent4jars\debugger-agent.jar, examining for mod candidates
[10:36:41] [Client thread/DEBUG] [FML]: Minecraft jar mods loaded successfully
[10:36:41] [Client thread/INFO] [FML]: Searching G:\Game\work\sim-u\Trhsy-sim-u\mc-sim-u-1.12.2\run\.\mods for mods
[10:36:41] [Client thread/DEBUG] [FML]:   Adding jei_1.12.2-4.16.1.1012.jar to the mod list
[10:36:41] [Client thread/DEBUG] [FML]:   Adding lightore-2.0.0.jar to the mod list
[10:36:41] [Client thread/DEBUG] [FML]: Found a candidate zip or jar file jei_1.12.2-4.16.1.1012.jar
[10:36:41] [Client thread/DEBUG] [FML]: Found a candidate zip or jar file lightore-2.0.0.jar
[10:36:41] [Client thread/DEBUG] [FML]: Examining file charsets.jar for potential mods
[10:36:41] [Client thread/DEBUG] [FML]: The mod container charsets.jar appears to be missing an mcmod.info file
[10:36:41] [Client thread/DEBUG] [FML]: Examining file deploy.jar for potential mods
[10:36:41] [Client thread/DEBUG] [FML]: The mod container deploy.jar appears to be missing an mcmod.info file
[10:36:42] [Thread-3/INFO] [FML]: Using sync timing. 200 frames of Display.update took 269095200 nanos
[10:36:45] [Client thread/DEBUG] [FML]: Examining file access-bridge-64.jar for potential mods
[10:36:45] [Client thread/DEBUG] [FML]: The mod container access-bridge-64.jar appears to be missing an mcmod.info file
[10:36:45] [Client thread/DEBUG] [FML]: Examining file cldrdata.jar for potential mods
[10:36:45] [Client thread/DEBUG] [FML]: The mod container cldrdata.jar appears to be missing an mcmod.info file
[10:36:46] [Client thread/DEBUG] [FML]: Examining file dnsns.jar for potential mods
[10:36:46] [Client thread/DEBUG] [FML]: The mod container dnsns.jar appears to be missing an mcmod.info file
[10:36:46] [Client thread/DEBUG] [FML]: Examining file jaccess.jar for potential mods
[10:36:46] [Client thread/DEBUG] [FML]: The mod container jaccess.jar appears to be missing an mcmod.info file
[10:36:46] [Client thread/DEBUG] [FML]: Examining file jfxrt.jar for potential mods
[10:36:46] [Client thread/DEBUG] [FML]: The mod container jfxrt.jar appears to be missing an mcmod.info file
[10:36:48] [Client thread/DEBUG] [FML]: Examining file localedata.jar for potential mods
[10:36:48] [Client thread/DEBUG] [FML]: The mod container localedata.jar appears to be missing an mcmod.info file
[10:36:48] [Client thread/DEBUG] [FML]: Examining file nashorn.jar for potential mods
[10:36:48] [Client thread/DEBUG] [FML]: The mod container nashorn.jar appears to be missing an mcmod.info file
[10:36:49] [Client thread/DEBUG] [FML]: Examining file sunec.jar for potential mods
[10:36:49] [Client thread/DEBUG] [FML]: The mod container sunec.jar appears to be missing an mcmod.info file
[10:36:49] [Client thread/DEBUG] [FML]: Examining file sunjce_provider.jar for potential mods
[10:36:49] [Client thread/DEBUG] [FML]: The mod container sunjce_provider.jar appears to be missing an mcmod.info file
[10:36:49] [Client thread/DEBUG] [FML]: Examining file sunmscapi.jar for potential mods
[10:36:49] [Client thread/DEBUG] [FML]: The mod container sunmscapi.jar appears to be missing an mcmod.info file
[10:36:49] [Client thread/DEBUG] [FML]: Examining file sunpkcs11.jar for potential mods
[10:36:49] [Client thread/DEBUG] [FML]: The mod container sunpkcs11.jar appears to be missing an mcmod.info file
[10:36:49] [Client thread/DEBUG] [FML]: Examining file zipfs.jar for potential mods
[10:36:49] [Client thread/DEBUG] [FML]: The mod container zipfs.jar appears to be missing an mcmod.info file
[10:36:49] [Client thread/DEBUG] [FML]: Examining file javaws.jar for potential mods
[10:36:49] [Client thread/DEBUG] [FML]: The mod container javaws.jar appears to be missing an mcmod.info file
[10:36:49] [Client thread/DEBUG] [FML]: Examining file jce.jar for potential mods
[10:36:49] [Client thread/DEBUG] [FML]: The mod container jce.jar appears to be missing an mcmod.info file
[10:36:49] [Client thread/DEBUG] [FML]: Examining file jfr.jar for potential mods
[10:36:49] [Client thread/DEBUG] [FML]: The mod container jfr.jar appears to be missing an mcmod.info file
[10:36:49] [Client thread/DEBUG] [FML]: Examining file jfxswt.jar for potential mods
[10:36:49] [Client thread/DEBUG] [FML]: The mod container jfxswt.jar appears to be missing an mcmod.info file
[10:36:49] [Client thread/DEBUG] [FML]: Examining file jsse.jar for potential mods
[10:36:49] [Client thread/DEBUG] [FML]: The mod container jsse.jar appears to be missing an mcmod.info file
[10:36:50] [Client thread/DEBUG] [FML]: Examining file management-agent.jar for potential mods
[10:36:50] [Client thread/DEBUG] [FML]: The mod container management-agent.jar appears to be missing an mcmod.info file
[10:36:50] [Client thread/DEBUG] [FML]: Examining file plugin.jar for potential mods
[10:36:50] [Client thread/DEBUG] [FML]: The mod container plugin.jar appears to be missing an mcmod.info file
[10:36:50] [Client thread/DEBUG] [FML]: Examining file resources.jar for potential mods
[10:36:50] [Client thread/DEBUG] [FML]: The mod container resources.jar appears to be missing an mcmod.info file
[10:36:50] [Client thread/DEBUG] [FML]: Examining directory mc-sim-u-1.12.2 for potential mods
[10:36:50] [Client thread/DEBUG] [FML]: Found an mcmod.info file in directory mc-sim-u-1.12.2
[10:36:50] [Client thread/TRACE] [FML]: Recursing into package assets
[10:36:50] [Client thread/TRACE] [FML]: Recursing into package assets/minecraft
[10:36:50] [Client thread/TRACE] [FML]: Recursing into package assets/minecraft/models
[10:36:50] [Client thread/TRACE] [FML]: Recursing into package assets/minecraft/models/fluid
[10:36:50] [Client thread/TRACE] [FML]: Recursing into package assets/minecraft/sounds
[10:36:50] [Client thread/TRACE] [FML]: Recursing into package assets/minecraft/textures
[10:36:50] [Client thread/TRACE] [FML]: Recursing into package assets/minecraft/textures/gui
[10:36:50] [Client thread/TRACE] [FML]: Recursing into package assets/minecraft/textures/gui/container
[10:36:50] [Client thread/TRACE] [FML]: Recursing into package assets/minecraft/textures/gui/container/creative_inventory
[10:36:50] [Client thread/TRACE] [FML]: Recursing into package assets/sim
[10:36:50] [Client thread/TRACE] [FML]: Recursing into package assets/sim/blockstates
[10:36:50] [Client thread/TRACE] [FML]: Recursing into package assets/sim/buildings
[10:36:50] [Client thread/TRACE] [FML]: Recursing into package assets/sim/buildings/buildings_zh_cn
[10:36:50] [Client thread/TRACE] [FML]: Recursing into package assets/sim/buildings/buildings_zh_cn/commercial
[10:36:50] [Client thread/TRACE] [FML]: Recursing into package assets/sim/buildings/buildings_zh_cn/decorative
[10:36:50] [Client thread/TRACE] [FML]: Recursing into package assets/sim/buildings/buildings_zh_cn/industrial
[10:36:50] [Client thread/TRACE] [FML]: Recursing into package assets/sim/buildings/buildings_zh_cn/other
[10:36:50] [Client thread/TRACE] [FML]: Recursing into package assets/sim/buildings/buildings_zh_cn/residential
[10:36:50] [Client thread/TRACE] [FML]: Recursing into package assets/sim/buildings/buildings_zh_cn/special
[10:36:50] [Client thread/TRACE] [FML]: Recursing into package assets/sim/lang
[10:36:50] [Client thread/TRACE] [FML]: Recursing into package assets/sim/models
[10:36:50] [Client thread/TRACE] [FML]: Recursing into package assets/sim/models/block
[10:36:50] [Client thread/TRACE] [FML]: Recursing into package assets/sim/models/fluid
[10:36:50] [Client thread/TRACE] [FML]: Recursing into package assets/sim/models/item
[10:36:50] [Client thread/TRACE] [FML]: Recursing into package assets/sim/recipes
[10:36:50] [Client thread/TRACE] [FML]: Recursing into package assets/sim/skins
[10:36:50] [Client thread/TRACE] [FML]: Recursing into package assets/sim/textures
[10:36:50] [Client thread/TRACE] [FML]: Recursing into package assets/sim/textures/blocks
[10:36:50] [Client thread/TRACE] [FML]: Recursing into package assets/sim/textures/blocks/control
[10:36:50] [Client thread/TRACE] [FML]: Recursing into package assets/sim/textures/blocks/light
[10:36:50] [Client thread/TRACE] [FML]: Recursing into package assets/sim/textures/blocks/living
[10:36:50] [Client thread/TRACE] [FML]: Recursing into package assets/sim/textures/blocks/ore
[10:36:50] [Client thread/TRACE] [FML]: Recursing into package assets/sim/textures/fluid
[10:36:50] [Client thread/TRACE] [FML]: Recursing into package assets/sim/textures/gui
[10:36:50] [Client thread/TRACE] [FML]: Recursing into package assets/sim/textures/items
[10:36:50] [Client thread/TRACE] [FML]: Recursing into package assets/sim/textures/items/copper
[10:36:50] [Client thread/TRACE] [FML]: Recursing into package assets/sim/textures/items/sails
[10:36:50] [Client thread/TRACE] [FML]: Recursing into package assets/sim/textures/items/tin
[10:36:50] [Client thread/TRACE] [FML]: Recursing into package assets/sim/textures/items/vane
[10:36:50] [Client thread/TRACE] [FML]: Recursing into package assets/sim/textures/models
[10:36:50] [Client thread/TRACE] [FML]: Recursing into package assets/sim/textures/models/armor
[10:36:50] [Client thread/TRACE] [FML]: Recursing into package com
[10:36:50] [Client thread/TRACE] [FML]: Recursing into package com/trhsy
[10:36:50] [Client thread/TRACE] [FML]: Recursing into package com/trhsy/sim
[10:36:50] [Client thread/TRACE] [FML]: Recursing into package com/trhsy/sim/block
[10:36:50] [Client thread/TRACE] [FML]: Recursing into package com/trhsy/sim/block/enums
[10:36:50] [Client thread/TRACE] [FML]: Recursing into package com/trhsy/sim/commands
[10:36:50] [Client thread/TRACE] [FML]: Recursing into package com/trhsy/sim/config
[10:36:50] [Client thread/TRACE] [FML]: Recursing into package com/trhsy/sim/creative
[10:36:50] [Client thread/TRACE] [FML]: Recursing into package com/trhsy/sim/entity
[10:36:50] [Client thread/TRACE] [FML]: Recursing into package com/trhsy/sim/entity/ai
[10:36:50] [Client thread/TRACE] [FML]: Recursing into package com/trhsy/sim/entity/container
[10:36:50] [Client thread/TRACE] [FML]: Recursing into package com/trhsy/sim/fluid
[10:36:50] [Client thread/TRACE] [FML]: Recursing into package com/trhsy/sim/gui
[10:36:50] [Client thread/TRACE] [FML]: Recursing into package com/trhsy/sim/gui/block
[10:36:50] [Client thread/TRACE] [FML]: Recursing into package com/trhsy/sim/gui/npc
[10:36:51] [Client thread/TRACE] [FML]: Recursing into package com/trhsy/sim/item
[10:36:51] [Client thread/TRACE] [FML]: Recursing into package com/trhsy/sim/item/armor
[10:36:51] [Client thread/TRACE] [FML]: Recursing into package com/trhsy/sim/item/food
[10:36:51] [Client thread/TRACE] [FML]: Recursing into package com/trhsy/sim/item/granules
[10:36:51] [Client thread/TRACE] [FML]: Recursing into package com/trhsy/sim/item/tool
[10:36:51] [Client thread/TRACE] [FML]: Recursing into package com/trhsy/sim/key
[10:36:51] [Client thread/TRACE] [FML]: Recursing into package com/trhsy/sim/loader
[10:36:51] [Client thread/TRACE] [FML]: Recursing into package com/trhsy/sim/loader/render
[10:36:51] [Client thread/DEBUG] [FML]: Identified a mod of type Lnet/minecraftforge/fml/common/Mod; (com.trhsy.sim.ModSim) - loading
[10:36:51] [Client thread/TRACE] [FML]: Parsed dependency info for sim: Requirements: [] After:[] Before:[]
[10:36:51] [Client thread/TRACE] [FML]: Recursing into package com/trhsy/sim/network
[10:36:51] [Client thread/TRACE] [FML]: Recursing into package com/trhsy/sim/network/client
[10:36:51] [Client thread/TRACE] [FML]: Recursing into package com/trhsy/sim/network/server
[10:36:51] [Client thread/TRACE] [FML]: Recursing into package com/trhsy/sim/npcCode
[10:36:51] [Client thread/TRACE] [FML]: Recursing into package com/trhsy/sim/npcCode/block
[10:36:51] [Client thread/TRACE] [FML]: Recursing into package com/trhsy/sim/npcCode/build
[10:36:52] [Client thread/TRACE] [FML]: Recursing into package com/trhsy/sim/npcCode/enums
[10:36:52] [Client thread/TRACE] [FML]: Recursing into package com/trhsy/sim/npcCode/job
[10:36:52] [Client thread/TRACE] [FML]: Recursing into package com/trhsy/sim/npcCode/moodbuff
[10:36:52] [Client thread/TRACE] [FML]: Recursing into package com/trhsy/sim/npcCode/race
[10:36:52] [Client thread/TRACE] [FML]: Recursing into package com/trhsy/sim/npcCode/task
[10:36:52] [Client thread/TRACE] [FML]: Recursing into package com/trhsy/sim/npcCode/traits
[10:36:52] [Client thread/TRACE] [FML]: Recursing into package com/trhsy/sim/proxy
[10:36:52] [Client thread/TRACE] [FML]: Recursing into package com/trhsy/sim/sqlite
[10:36:52] [Client thread/TRACE] [FML]: Recursing into package com/trhsy/sim/util
[10:36:52] [Client thread/TRACE] [FML]: Recursing into package com/trhsy/sim/util/items
[10:36:52] [Client thread/TRACE] [FML]: Recursing into package com/trhsy/sim/worldgen
[10:36:52] [Client thread/DEBUG] [FML]: Examining file compileDummy.jar for potential mods
[10:36:52] [Client thread/DEBUG] [FML]: The mod container compileDummy.jar appears to be missing an mcmod.info file
[10:36:52] [Client thread/DEBUG] [FML]: Examining file providedDummy.jar for potential mods
[10:36:52] [Client thread/DEBUG] [FML]: The mod container providedDummy.jar appears to be missing an mcmod.info file
[10:36:52] [Client thread/DEBUG] [FML]: Examining file jsr305-3.0.1.jar for potential mods
[10:36:52] [Client thread/DEBUG] [FML]: The mod container jsr305-3.0.1.jar appears to be missing an mcmod.info file
[10:36:52] [Client thread/DEBUG] [FML]: Examining file patchy-1.3.9.jar for potential mods
[10:36:52] [Client thread/DEBUG] [FML]: The mod container patchy-1.3.9.jar appears to be missing an mcmod.info file
[10:36:52] [Client thread/DEBUG] [FML]: Examining file text2speech-1.10.3.jar for potential mods
[10:36:52] [Client thread/DEBUG] [FML]: The mod container text2speech-1.10.3.jar appears to be missing an mcmod.info file
[10:36:52] [Client thread/DEBUG] [FML]: Examining file asm-debug-all-5.2.jar for potential mods
[10:36:52] [Client thread/DEBUG] [FML]: The mod container asm-debug-all-5.2.jar appears to be missing an mcmod.info file
[10:36:52] [Client thread/DEBUG] [FML]: Examining file maven-artifact-3.5.3.jar for potential mods
[10:36:52] [Client thread/DEBUG] [FML]: The mod container maven-artifact-3.5.3.jar appears to be missing an mcmod.info file
[10:36:52] [Client thread/DEBUG] [FML]: Examining file java-objc-bridge-1.0.0.jar for potential mods
[10:36:52] [Client thread/DEBUG] [FML]: The mod container java-objc-bridge-1.0.0.jar appears to be missing an mcmod.info file
[10:36:52] [Client thread/DEBUG] [FML]: Examining file plexus-utils-3.1.0.jar for potential mods
[10:36:52] [Client thread/DEBUG] [FML]: The mod container plexus-utils-3.1.0.jar appears to be missing an mcmod.info file
[10:36:52] [Client thread/DEBUG] [FML]: Examining file forgeSrc-1.12.2-14.23.5.2847.jar for potential mods
[10:36:52] [Client thread/DEBUG] [FML]: The mod container forgeSrc-1.12.2-14.23.5.2847.jar appears to be missing an mcmod.info file
[10:36:53] [Client thread/DEBUG] [FML]: Examining directory start for potential mods
[10:36:53] [Client thread/DEBUG] [FML]: No mcmod.info file found in directory start
[10:36:53] [Client thread/TRACE] [FML]: Recursing into package net
[10:36:53] [Client thread/TRACE] [FML]: Recursing into package net/minecraftforge
[10:36:53] [Client thread/TRACE] [FML]: Recursing into package net/minecraftforge/gradle
[10:36:53] [Client thread/TRACE] [FML]: Recursing into package net/minecraftforge/gradle/tweakers
[10:36:53] [Client thread/DEBUG] [FML]: Examining file idea_rt.jar for potential mods
[10:36:53] [Client thread/DEBUG] [FML]: The mod container idea_rt.jar appears to be missing an mcmod.info file
[10:36:53] [Client thread/DEBUG] [FML]: Examining file debugger-agent.jar for potential mods
[10:36:53] [Client thread/DEBUG] [FML]: The mod container debugger-agent.jar appears to be missing an mcmod.info file
[10:36:53] [Client thread/DEBUG] [FML]: Examining file jei_1.12.2-4.16.1.1012.jar for potential mods
[10:36:53] [Client thread/TRACE] [FML]: Located mcmod.info file in file jei_1.12.2-4.16.1.1012.jar
[10:36:53] [Client thread/DEBUG] [FML]: Identified a mod of type Lnet/minecraftforge/fml/common/Mod; (mezz.jei.JustEnoughItems) - loading
[10:36:53] [Client thread/TRACE] [FML]: Parsed dependency info for jei: Requirements: [forge@[14.23.5.2816,)] After:[forge@[14.23.5.2816,)] Before:[]
[10:36:53] [Client thread/DEBUG] [FML]: Examining file lightore-2.0.0.jar for potential mods
[10:36:53] [Client thread/TRACE] [FML]: Located mcmod.info file in file lightore-2.0.0.jar
[10:36:53] [Client thread/DEBUG] [FML]: Identified a mod of type Lnet/minecraftforge/fml/common/Mod; (com.trhsy.LightOre) - loading
[10:36:53] [Client thread/TRACE] [FML]: Parsed dependency info for lightore: Requirements: [] After:[] Before:[]
[10:36:53] [Client thread/INFO] [FML]: Forge Mod Loader has identified 7 mods to load
[10:36:53] [Client thread/DEBUG] [FML]: Found API mezz.jei.api (owned by jei providing JustEnoughItemsAPI) embedded in jei
[10:36:53] [Client thread/DEBUG] [FML]: Creating API container dummy for API JustEnoughItemsAPI: owner: jei, dependents: []
[10:36:53] [Client thread/TRACE] [FML]: Received a system property request ''
[10:36:53] [Client thread/TRACE] [FML]: System property request managing the state of 0 mods
[10:36:53] [Client thread/DEBUG] [FML]: After merging, found state information for 0 mods
[10:36:53] [Client thread/DEBUG] [FML]: Mod Forge Mod Loader is missing a pack.mcmeta file, substituting a dummy one
[10:36:53] [Client thread/DEBUG] [FML]: Mod Minecraft Forge is missing a pack.mcmeta file, substituting a dummy one
[10:36:53] [Client thread/DEBUG] [FML]: Enabling mod sim
[10:36:53] [Client thread/DEBUG] [FML]: Enabling mod jei
[10:36:53] [Client thread/DEBUG] [FML]: Enabling mod lightore
[10:36:53] [Client thread/TRACE] [FML]: Verifying mod requirements are satisfied
[10:36:53] [Client thread/TRACE] [FML]: All mod requirements are satisfied
[10:36:53] [Client thread/TRACE] [FML]: Sorting mods into an ordered list
[10:36:53] [Client thread/TRACE] [FML]: Mod sorting completed successfully
[10:36:53] [Client thread/DEBUG] [FML]: Mod sorting data
[10:36:53] [Client thread/DEBUG] [FML]: 	sim(Simulated town:1.12.2-1.0.7 Beta): mc-sim-u-1.12.2 ()
[10:36:53] [Client thread/DEBUG] [FML]: 	jei(Just Enough Items:4.16.1.1012): jei_1.12.2-4.16.1.1012.jar (required-after:forge@[14.23.5.2816,);)
[10:36:53] [Client thread/DEBUG] [FML]: 	lightore(Ore Highlight:2.0.0): lightore-2.0.0.jar ()
[10:36:53] [Client thread/DEBUG] [FML]: 	JustEnoughItemsAPI(API: JustEnoughItemsAPI:4.13.0): jei_1.12.2-4.16.1.1012.jar ()
[10:36:53] [Client thread/DEBUG] [FML]: Loading @Config anotation data
[10:36:53] [Client thread/TRACE] [FML]: Sending event FMLConstructionEvent to mod minecraft
[10:36:53] [Client thread/TRACE] [FML]: Sent event FMLConstructionEvent to mod minecraft
[10:36:53] [Client thread/DEBUG] [FML]: Bar Step: Construction - Minecraft took 0.031s
[10:36:53] [Client thread/TRACE] [FML]: Sending event FMLConstructionEvent to mod mcp
[10:36:53] [Client thread/TRACE] [FML]: Sent event FMLConstructionEvent to mod mcp
[10:36:53] [Client thread/DEBUG] [FML]: Bar Step: Construction - Minecraft Coder Pack took 0.000s
[10:36:53] [Client thread/TRACE] [FML]: Sending event FMLConstructionEvent to mod FML
[10:36:53] [Client thread/TRACE] [FML]: Mod FML is using network checker : Invoking method checkModLists
[10:36:53] [Client thread/TRACE] [FML]: Testing mod FML to verify it accepts its own version in a remote connection
[10:36:53] [Client thread/TRACE] [FML]: The mod FML accepts its own version (8.0.99.99)
[10:36:53] [Client thread/INFO] [FML]: Attempting connection with missing mods [minecraft, mcp, FML, forge, sim, jei, lightore] at CLIENT
[10:36:53] [Client thread/INFO] [FML]: Attempting connection with missing mods [minecraft, mcp, FML, forge, sim, jei, lightore] at SERVER
[10:36:54] [Client thread/TRACE] [FML]: Sent event FMLConstructionEvent to mod FML
[10:36:54] [Client thread/DEBUG] [FML]: Bar Step: Construction - Forge Mod Loader took 1.037s
[10:36:54] [Client thread/TRACE] [FML]: Sending event FMLConstructionEvent to mod forge
[10:36:54] [Client thread/DEBUG] [forge]: Loading Vanilla annotations: null
[10:36:54] [Client thread/DEBUG] [forge]: Preloading CrashReport Classes
[10:36:54] [Client thread/DEBUG] [forge]: 	net/minecraft/client/Minecraft$10
[10:36:54] [Client thread/DEBUG] [forge]: 	net/minecraft/client/Minecraft$11
[10:36:54] [Client thread/DEBUG] [forge]: 	net/minecraft/client/Minecraft$12
[10:36:54] [Client thread/DEBUG] [forge]: 	net/minecraft/client/Minecraft$13
[10:36:54] [Client thread/DEBUG] [forge]: 	net/minecraft/client/Minecraft$14
[10:36:54] [Client thread/DEBUG] [forge]: 	net/minecraft/client/Minecraft$2
[10:36:54] [Client thread/DEBUG] [forge]: 	net/minecraft/client/Minecraft$3
[10:36:54] [Client thread/DEBUG] [forge]: 	net/minecraft/client/Minecraft$4
[10:36:54] [Client thread/DEBUG] [forge]: 	net/minecraft/client/Minecraft$5
[10:36:54] [Client thread/DEBUG] [forge]: 	net/minecraft/client/Minecraft$6
[10:36:54] [Client thread/DEBUG] [forge]: 	net/minecraft/client/Minecraft$7
[10:36:54] [Client thread/DEBUG] [forge]: 	net/minecraft/client/Minecraft$8
[10:36:54] [Client thread/DEBUG] [forge]: 	net/minecraft/client/Minecraft$9
[10:36:54] [Client thread/DEBUG] [forge]: 	net/minecraft/client/multiplayer/WorldClient$1
[10:36:54] [Client thread/DEBUG] [forge]: 	net/minecraft/client/multiplayer/WorldClient$2
[10:36:54] [Client thread/DEBUG] [forge]: 	net/minecraft/client/multiplayer/WorldClient$3
[10:36:54] [Client thread/DEBUG] [forge]: 	net/minecraft/client/multiplayer/WorldClient$4
[10:36:54] [Client thread/DEBUG] [forge]: 	net/minecraft/client/particle/ParticleManager$1
[10:36:54] [Client thread/DEBUG] [forge]: 	net/minecraft/client/particle/ParticleManager$2
[10:36:54] [Client thread/DEBUG] [forge]: 	net/minecraft/client/particle/ParticleManager$3
[10:36:54] [Client thread/DEBUG] [forge]: 	net/minecraft/client/particle/ParticleManager$4
[10:36:54] [Client thread/DEBUG] [forge]: 	net/minecraft/client/renderer/EntityRenderer$2
[10:36:54] [Client thread/DEBUG] [forge]: 	net/minecraft/client/renderer/EntityRenderer$3
[10:36:54] [Client thread/DEBUG] [forge]: 	net/minecraft/client/renderer/EntityRenderer$4
[10:36:54] [Client thread/DEBUG] [forge]: 	net/minecraft/client/renderer/RenderGlobal$1
[10:36:54] [Client thread/DEBUG] [forge]: 	net/minecraft/client/renderer/RenderItem$1
[10:36:54] [Client thread/DEBUG] [forge]: 	net/minecraft/client/renderer/RenderItem$2
[10:36:54] [Client thread/DEBUG] [forge]: 	net/minecraft/client/renderer/RenderItem$3
[10:36:54] [Client thread/DEBUG] [forge]: 	net/minecraft/client/renderer/RenderItem$4
[10:36:54] [Client thread/DEBUG] [forge]: 	net/minecraft/client/renderer/texture/TextureAtlasSprite$1
[10:36:54] [Client thread/DEBUG] [forge]: 	net/minecraft/client/renderer/texture/TextureManager$1
[10:36:54] [Client thread/DEBUG] [forge]: 	net/minecraft/client/renderer/texture/TextureMap$1
[10:36:54] [Client thread/DEBUG] [forge]: 	net/minecraft/client/renderer/texture/TextureMap$2
[10:36:54] [Client thread/DEBUG] [forge]: 	net/minecraft/client/renderer/texture/TextureMap$3
[10:36:54] [Client thread/DEBUG] [forge]: 	net/minecraft/crash/CrashReport$1
[10:36:54] [Client thread/DEBUG] [forge]: 	net/minecraft/crash/CrashReport$2
[10:36:54] [Client thread/DEBUG] [forge]: 	net/minecraft/crash/CrashReport$3
[10:36:54] [Client thread/DEBUG] [forge]: 	net/minecraft/crash/CrashReport$4
[10:36:54] [Client thread/DEBUG] [forge]: 	net/minecraft/crash/CrashReport$5
[10:36:54] [Client thread/DEBUG] [forge]: 	net/minecraft/crash/CrashReport$6
[10:36:54] [Client thread/DEBUG] [forge]: 	net/minecraft/crash/CrashReport$7
[10:36:54] [Client thread/DEBUG] [forge]: 	net/minecraft/crash/CrashReportCategory$1
[10:36:54] [Client thread/DEBUG] [forge]: 	net/minecraft/crash/CrashReportCategory$2
[10:36:54] [Client thread/DEBUG] [forge]: 	net/minecraft/crash/CrashReportCategory$3
[10:36:54] [Client thread/DEBUG] [forge]: 	net/minecraft/crash/CrashReportCategory$4
[10:36:54] [Client thread/DEBUG] [forge]: 	net/minecraft/crash/CrashReportCategory$5
[10:36:54] [Client thread/DEBUG] [forge]: 	net/minecraft/entity/Entity$2
[10:36:54] [Client thread/DEBUG] [forge]: 	net/minecraft/entity/Entity$3
[10:36:54] [Client thread/DEBUG] [forge]: 	net/minecraft/entity/Entity$4
[10:36:54] [Client thread/DEBUG] [forge]: 	net/minecraft/entity/Entity$5
[10:36:54] [Client thread/DEBUG] [forge]: 	net/minecraft/entity/EntityTracker$1
[10:36:54] [Client thread/DEBUG] [forge]: 	net/minecraft/entity/player/InventoryPlayer$1
[10:36:54] [Client thread/DEBUG] [forge]: 	net/minecraft/nbt/NBTTagCompound$1
[10:36:54] [Client thread/DEBUG] [forge]: 	net/minecraft/nbt/NBTTagCompound$2
[10:36:54] [Client thread/DEBUG] [forge]: 	net/minecraft/network/NetHandlerPlayServer$3
[10:36:54] [Client thread/DEBUG] [forge]: 	net/minecraft/network/NetworkSystem$6
[10:36:54] [Client thread/DEBUG] [forge]: 	net/minecraft/server/MinecraftServer$2
[10:36:54] [Client thread/DEBUG] [forge]: 	net/minecraft/server/MinecraftServer$3
[10:36:54] [Client thread/DEBUG] [forge]: 	net/minecraft/server/dedicated/DedicatedServer$3
[10:36:54] [Client thread/DEBUG] [forge]: 	net/minecraft/server/dedicated/DedicatedServer$4
[10:36:54] [Client thread/DEBUG] [forge]: 	net/minecraft/server/integrated/IntegratedServer$1
[10:36:54] [Client thread/DEBUG] [forge]: 	net/minecraft/server/integrated/IntegratedServer$2
[10:36:54] [Client thread/DEBUG] [forge]: 	net/minecraft/tileentity/CommandBlockBaseLogic$1
[10:36:54] [Client thread/DEBUG] [forge]: 	net/minecraft/tileentity/CommandBlockBaseLogic$2
[10:36:54] [Client thread/DEBUG] [forge]: 	net/minecraft/tileentity/TileEntity$1
[10:36:54] [Client thread/DEBUG] [forge]: 	net/minecraft/tileentity/TileEntity$2
[10:36:54] [Client thread/DEBUG] [forge]: 	net/minecraft/tileentity/TileEntity$3
[10:36:54] [Client thread/DEBUG] [forge]: 	net/minecraft/world/World$1
[10:36:54] [Client thread/DEBUG] [forge]: 	net/minecraft/world/World$2
[10:36:54] [Client thread/DEBUG] [forge]: 	net/minecraft/world/World$3
[10:36:54] [Client thread/DEBUG] [forge]: 	net/minecraft/world/World$4
[10:36:54] [Client thread/DEBUG] [forge]: 	net/minecraft/world/World$5
[10:36:54] [Client thread/DEBUG] [forge]: 	net/minecraft/world/chunk/Chunk$1
[10:36:54] [Client thread/DEBUG] [forge]: 	net/minecraft/world/gen/structure/MapGenStructure$1
[10:36:54] [Client thread/DEBUG] [forge]: 	net/minecraft/world/gen/structure/MapGenStructure$2
[10:36:54] [Client thread/DEBUG] [forge]: 	net/minecraft/world/gen/structure/MapGenStructure$3
[10:36:54] [Client thread/DEBUG] [forge]: 	net/minecraft/world/storage/WorldInfo$10
[10:36:54] [Client thread/DEBUG] [forge]: 	net/minecraft/world/storage/WorldInfo$2
[10:36:54] [Client thread/DEBUG] [forge]: 	net/minecraft/world/storage/WorldInfo$3
[10:36:54] [Client thread/DEBUG] [forge]: 	net/minecraft/world/storage/WorldInfo$4
[10:36:54] [Client thread/DEBUG] [forge]: 	net/minecraft/world/storage/WorldInfo$5
[10:36:54] [Client thread/DEBUG] [forge]: 	net/minecraft/world/storage/WorldInfo$6
[10:36:54] [Client thread/DEBUG] [forge]: 	net/minecraft/world/storage/WorldInfo$7
[10:36:54] [Client thread/DEBUG] [forge]: 	net/minecraft/world/storage/WorldInfo$8
[10:36:54] [Client thread/DEBUG] [forge]: 	net/minecraft/world/storage/WorldInfo$9
[10:36:54] [Client thread/DEBUG] [forge]: 	net/minecraftforge/common/util/TextTable
[10:36:54] [Client thread/DEBUG] [forge]: 	net/minecraftforge/common/util/TextTable$Alignment
[10:36:54] [Client thread/DEBUG] [forge]: 	net/minecraftforge/common/util/TextTable$Column
[10:36:54] [Client thread/DEBUG] [forge]: 	net/minecraftforge/common/util/TextTable$Row
[10:36:54] [Client thread/DEBUG] [forge]: 	net/minecraftforge/fml/client/SplashProgress$1
[10:36:54] [Client thread/DEBUG] [forge]: 	net/minecraftforge/fml/common/FMLCommonHandler$1
[10:36:54] [Client thread/DEBUG] [forge]: 	net/minecraftforge/fml/common/ICrashCallable
[10:36:54] [Client thread/DEBUG] [forge]: 	net/minecraftforge/fml/common/Loader$1
[10:36:54] [Client thread/TRACE] [FML]: Mod forge is using network checker : No network checking performed
[10:36:54] [Client thread/TRACE] [FML]: Testing mod forge to verify it accepts its own version in a remote connection
[10:36:54] [Client thread/TRACE] [FML]: The mod forge accepts its own version (14.23.5.2847)
[10:36:54] [Client thread/DEBUG] [FML]: Attempting to inject @Config classes into forge for type INSTANCE
[10:36:54] [Client thread/TRACE] [FML]: Sent event FMLConstructionEvent to mod forge
[10:36:54] [Client thread/DEBUG] [FML]: Bar Step: Construction - Minecraft Forge took 0.121s
[10:36:54] [Client thread/TRACE] [FML]: Sending event FMLConstructionEvent to mod sim
[10:36:54] [Client thread/TRACE] [FML]: Mod sim is using network checker : Accepting version 1.12.2-1.0.7 Beta
[10:36:54] [Client thread/TRACE] [FML]: Testing mod sim to verify it accepts its own version in a remote connection
[10:36:54] [Client thread/TRACE] [FML]: The mod sim accepts its own version (1.12.2-1.0.7 Beta)
[10:36:54] [Client thread/DEBUG] [FML]: Attempting to inject @SidedProxy classes into sim
[10:36:54] [Client thread/DEBUG] [FML]: Attempting to inject @EventBusSubscriber classes into the eventbus for sim
[10:36:54] [Client thread/DEBUG] [FML]: Registering @EventBusSubscriber for com.trhsy.sim.loader.FluidLoader for mod sim
[10:36:54] [Client thread/DEBUG] [FML]: Injected @EventBusSubscriber class com.trhsy.sim.loader.FluidLoader
[10:36:54] [Client thread/DEBUG] [FML]: Registering @EventBusSubscriber for com.trhsy.sim.loader.BlockLoader for mod sim
[10:36:54] [Client thread/DEBUG] [FML]: Injected @EventBusSubscriber class com.trhsy.sim.loader.BlockLoader
[10:36:54] [Client thread/DEBUG] [FML]: Registering @EventBusSubscriber for com.trhsy.sim.loader.ItemLoader for mod sim
[10:36:54] [Client thread/DEBUG] [FML]: Injected @EventBusSubscriber class com.trhsy.sim.loader.ItemLoader
[10:36:54] [Client thread/DEBUG] [FML]: Registering @EventBusSubscriber for com.trhsy.sim.key.KeyboardManager for mod sim
[10:36:54] [Client thread/DEBUG] [FML]: Injected @EventBusSubscriber class com.trhsy.sim.key.KeyboardManager
[10:36:54] [Client thread/DEBUG] [FML]: Attempting to inject @Config classes into sim for type INSTANCE
[10:36:54] [Client thread/TRACE] [FML]: Sent event FMLConstructionEvent to mod sim
[10:36:54] [Client thread/DEBUG] [FML]: Bar Step: Construction - Simulated town took 0.231s
[10:36:54] [Client thread/TRACE] [FML]: Sending event FMLConstructionEvent to mod jei
[10:36:54] [Client thread/TRACE] [FML]: Mod jei is using network checker : Invoking method checkModLists
[10:36:54] [Client thread/TRACE] [FML]: Testing mod jei to verify it accepts its own version in a remote connection
[10:36:54] [Client thread/TRACE] [FML]: The mod jei accepts its own version (4.16.1.1012)
[10:36:54] [Client thread/DEBUG] [FML]: Attempting to inject @SidedProxy classes into jei
[10:36:54] [Client thread/DEBUG] [FML]: Attempting to inject @EventBusSubscriber classes into the eventbus for jei
[10:36:54] [Client thread/DEBUG] [FML]: Registering @EventBusSubscriber for mezz.jei.input.MouseHelper for mod jei
[10:36:54] [Client thread/DEBUG] [FML]: Injected @EventBusSubscriber class mezz.jei.input.MouseHelper
[10:36:54] [Client thread/DEBUG] [FML]: Attempting to inject @Config classes into jei for type INSTANCE
[10:36:54] [Client thread/TRACE] [FML]: Sent event FMLConstructionEvent to mod jei
[10:36:54] [Client thread/DEBUG] [FML]: Bar Step: Construction - Just Enough Items took 0.212s
[10:36:54] [Client thread/TRACE] [FML]: Sending event FMLConstructionEvent to mod lightore
[10:36:54] [Client thread/TRACE] [FML]: Mod lightore is using network checker : Accepting version 2.0.0
[10:36:54] [Client thread/TRACE] [FML]: Testing mod lightore to verify it accepts its own version in a remote connection
[10:36:54] [Client thread/TRACE] [FML]: The mod lightore accepts its own version (2.0.0)
[10:36:54] [Client thread/DEBUG] [FML]: Attempting to inject @SidedProxy classes into lightore
[10:36:54] [Client thread/DEBUG] [FML]: Attempting to inject @EventBusSubscriber classes into the eventbus for lightore
[10:36:54] [Client thread/DEBUG] [FML]: Attempting to inject @Config classes into lightore for type INSTANCE
[10:36:54] [Client thread/TRACE] [FML]: Sent event FMLConstructionEvent to mod lightore
[10:36:54] [Client thread/DEBUG] [FML]: Bar Step: Construction - Ore Highlight took 0.006s
[10:36:54] [Client thread/DEBUG] [FML]: Bar Finished: Construction took 1.638s
[10:36:54] [Client thread/DEBUG] [FML]: Mod signature data
[10:36:54] [Client thread/DEBUG] [FML]:  	Valid Signatures:
[10:36:54] [Client thread/DEBUG] [FML]:  	Missing Signatures:
[10:36:54] [Client thread/DEBUG] [FML]: 		minecraft	(Minecraft	1.12.2)	minecraft.jar
[10:36:54] [Client thread/DEBUG] [FML]: 		mcp	(Minecraft Coder Pack	9.42)	minecraft.jar
[10:36:54] [Client thread/DEBUG] [FML]: 		FML	(Forge Mod Loader	8.0.99.99)	forgeSrc-1.12.2-14.23.5.2847.jar
[10:36:54] [Client thread/DEBUG] [FML]: 		forge	(Minecraft Forge	14.23.5.2847)	forgeSrc-1.12.2-14.23.5.2847.jar
[10:36:54] [Client thread/DEBUG] [FML]: 		sim	(Simulated town	1.12.2-1.0.7 Beta)	mc-sim-u-1.12.2
[10:36:54] [Client thread/DEBUG] [FML]: 		jei	(Just Enough Items	4.16.1.1012)	jei_1.12.2-4.16.1.1012.jar
[10:36:54] [Client thread/DEBUG] [FML]: 		lightore	(Ore Highlight	2.0.0)	lightore-2.0.0.jar
[10:36:54] [Client thread/INFO] [net.minecraft.client.resources.SimpleReloadableResourceManager]: Reloading ResourceManager: Default, FMLFileResourcePack:Forge Mod Loader, FMLFileResourcePack:Minecraft Forge, FMLFileResourcePack:Simulated town, FMLFileResourcePack:Just Enough Items, FMLFileResourcePack:Ore Highlight
[10:36:54] [Client thread/DEBUG] [FML]: Bar Step: Loading Resources - Default took 0.008s
[10:36:54] [Client thread/DEBUG] [FML]: Bar Step: Loading Resources - FMLFileResourcePack:Forge Mod Loader took 0.013s
[10:36:55] [Client thread/DEBUG] [FML]: Bar Step: Loading Resources - FMLFileResourcePack:Minecraft Forge took 0.011s
[10:36:55] [Client thread/DEBUG] [FML]: Bar Step: Loading Resources - FMLFileResourcePack:Simulated town took 0.035s
[10:36:55] [Client thread/DEBUG] [FML]: Bar Step: Loading Resources - FMLFileResourcePack:Just Enough Items took 0.001s
[10:36:55] [Client thread/DEBUG] [FML]: Bar Step: Loading Resources - FMLFileResourcePack:Ore Highlight took 0.000s
[10:36:55] [Client thread/DEBUG] [FML]: Bar Finished: Reloading - LanguageManager took 0.265s
[10:36:55] [Client thread/DEBUG] [FML]: Bar Step: Loading Resources - Reloading listeners took 0.265s
[10:36:55] [Client thread/DEBUG] [FML]: Bar Finished: Loading Resources took 0.333s
[10:36:55] [Client thread/DEBUG] [FML]: Mod Forge Mod Loader is missing a pack.mcmeta file, substituting a dummy one
[10:36:55] [Client thread/DEBUG] [FML]: Mod Minecraft Forge is missing a pack.mcmeta file, substituting a dummy one
[10:36:55] [Client thread/INFO] [FML]: Processing ObjectHolder annotations
[10:36:55] [Client thread/INFO] [FML]: Found 1168 ObjectHolder annotations
[10:36:55] [Client thread/INFO] [FML]: Identifying ItemStackHolder annotations
[10:36:55] [Client thread/INFO] [FML]: Found 0 ItemStackHolder annotations
[10:36:55] [Client thread/TRACE] [FML]: Sending event FMLPreInitializationEvent to mod minecraft
[10:36:55] [Client thread/TRACE] [FML]: Sent event FMLPreInitializationEvent to mod minecraft
[10:36:55] [Client thread/DEBUG] [FML]: Bar Step: PreInitialization - Minecraft took 0.000s
[10:36:55] [Client thread/TRACE] [FML]: Sending event FMLPreInitializationEvent to mod mcp
[10:36:55] [Client thread/TRACE] [FML]: Sent event FMLPreInitializationEvent to mod mcp
[10:36:55] [Client thread/DEBUG] [FML]: Bar Step: PreInitialization - Minecraft Coder Pack took 0.000s
[10:36:55] [Client thread/TRACE] [FML]: Sending event FMLPreInitializationEvent to mod FML
[10:36:55] [Client thread/TRACE] [FML]: Sent event FMLPreInitializationEvent to mod FML
[10:36:55] [Client thread/DEBUG] [FML]: Bar Step: PreInitialization - Forge Mod Loader took 0.000s
[10:36:55] [Client thread/TRACE] [FML]: Sending event FMLPreInitializationEvent to mod forge
[10:36:55] [Client thread/INFO] [FML]: Configured a dormant chunk cache size of 0
[10:36:55] [Client thread/TRACE] [FML]: Sent event FMLPreInitializationEvent to mod forge
[10:36:55] [Client thread/DEBUG] [FML]: Bar Step: PreInitialization - Minecraft Forge took 0.124s
[10:36:55] [Client thread/TRACE] [FML]: Sending event FMLPreInitializationEvent to mod sim
[10:36:55] [Forge Version Check/INFO] [forge.VersionCheck]: [forge] Starting version check at http://files.minecraftforge.net/maven/net/minecraftforge/forge/promotions_slim.json
[10:36:56] [Client thread/TRACE] [FML]: Automatically registered mod sim entity EntityFolk as sim:folk
[10:36:56] [Client thread/TRACE] [FML]: Automatically registered mod sim entity ConBox as sim:conbox
[10:36:56] [Client thread/INFO] [sim]: 注册了 d% 个按键
[10:36:56] [Client thread/INFO] [sim]: 当前语言：zh_cn,开始解压建筑蓝图
[10:36:57] [Client thread/TRACE] [FML]: Sent event FMLPreInitializationEvent to mod sim
[10:36:57] [Client thread/DEBUG] [FML]: Bar Step: PreInitialization - Simulated town took 1.638s
[10:36:57] [Client thread/TRACE] [FML]: Sending event FMLPreInitializationEvent to mod jei
[10:36:57] [Client thread/TRACE] [FML]: Sent event FMLPreInitializationEvent to mod jei
[10:36:57] [Client thread/DEBUG] [FML]: Bar Step: PreInitialization - Just Enough Items took 0.788s
[10:36:57] [Client thread/TRACE] [FML]: Sending event FMLPreInitializationEvent to mod lightore
[10:36:57] [Client thread/TRACE] [FML]: Sent event FMLPreInitializationEvent to mod lightore
[10:36:57] [Client thread/DEBUG] [FML]: Bar Step: PreInitialization - Ore Highlight took 0.001s
[10:36:57] [Client thread/DEBUG] [FML]: Bar Finished: PreInitialization took 2.551s
[10:36:57] [Client thread/INFO] [FML]: Applying holder lookups
[10:36:57] [Client thread/INFO] [FML]: Holder lookups applied
[10:36:57] [Client thread/INFO] [FML]: Applying holder lookups
[10:36:57] [Client thread/INFO] [FML]: Holder lookups applied
[10:36:57] [Client thread/INFO] [FML]: Applying holder lookups
[10:36:57] [Client thread/INFO] [FML]: Holder lookups applied
[10:36:57] [Client thread/INFO] [FML]: Applying holder lookups
[10:36:57] [Client thread/INFO] [FML]: Holder lookups applied
[10:36:57] [Client thread/INFO] [FML]: Injecting itemstacks
[10:36:58] [Client thread/INFO] [FML]: Itemstack injection complete
[10:36:58] [Client thread/DEBUG] [FML]: Bar Finished: Loading Resource - TextureManager took 0.001s
[10:37:01] [Forge Version Check/DEBUG] [forge.VersionCheck]: [forge] Received version check data:
{
  "homepage": "https://files.minecraftforge.net/net/minecraftforge/forge/",
  "promos": {
    "1.1-latest": "1.3.4.29",
    "1.2.3-latest": "1.4.1.64",
    "1.2.4-latest": "2.0.0.68",
    "1.2.5-latest": "3.4.9.171",
    "1.3.2-latest": "4.3.5.318",
    "1.4.0-latest": "5.0.0.326",
    "1.4.1-latest": "6.0.0.329",
    "1.4.2-latest": "6.0.1.355",
    "1.4.3-latest": "6.2.1.358",
    "1.4.4-latest": "6.3.0.378",
    "1.4.5-latest": "6.4.2.448",
    "1.4.6-latest": "6.5.0.489",
    "1.4.7-latest": "6.6.2.534",
    "1.5-latest": "7.7.0.598",
    "1.5.1-latest": "7.7.2.682",
    "1.5.2-latest": "7.8.1.738",
    "1.5.2-recommended": "7.8.1.738",
    "1.6.1-latest": "8.9.0.775",
    "1.6.2-latest": "9.10.1.871",
    "1.6.2-recommended": "9.10.1.871",
    "1.6.3-latest": "9.11.0.878",
    "1.6.4-latest": "9.11.1.1345",
    "1.6.4-recommended": "9.11.1.1345",
    "1.7.2-latest": "10.12.2.1161",
    "1.7.2-recommended": "10.12.2.1161",
    "1.7.10_pre4-latest": "10.12.2.1149",
    "1.7.10-latest": "10.13.4.1614",
    "1.7.10-recommended": "10.13.4.1614",
    "1.8-latest": "11.14.4.1577",
    "1.8-recommended": "11.14.4.1563",
    "1.8.8-latest": "11.15.0.1655",
    "1.8.9-latest": "11.15.1.2318",
    "1.8.9-recommended": "11.15.1.2318",
    "1.9-latest": "12.16.1.1938",
    "1.9-recommended": "12.16.1.1887",
    "1.9.4-latest": "12.17.0.2317",
    "1.9.4-recommended": "12.17.0.2317",
    "1.10-latest": "12.18.0.2000",
    "1.10.2-latest": "12.18.3.2511",
    "1.10.2-recommended": "12.18.3.2511",
    "1.11-latest": "13.19.1.2199",
    "1.11-recommended": "13.19.1.2189",
    "1.11.2-latest": "13.20.1.2588",
    "1.11.2-recommended": "13.20.1.2588",
    "1.12-latest": "14.21.1.2443",
    "1.12-recommended": "14.21.1.2387",
    "1.12.1-latest": "14.22.1.2485",
    "1.12.1-recommended": "14.22.1.2478",
    "1.12.2-latest": "14.23.5.2860",
    "1.12.2-recommended": "14.23.5.2859",
    "1.13.2-latest": "25.0.223",
    "1.14.2-latest": "26.0.63",
    "1.14.3-latest": "27.0.60",
    "1.14.4-latest": "28.2.26",
    "1.14.4-recommended": "28.2.26",
    "1.15-latest": "29.0.4",
    "1.15.1-latest": "30.0.51",
    "1.15.2-latest": "31.2.57",
    "1.15.2-recommended": "31.2.57",
    "1.16.1-latest": "32.0.108",
    "1.16.2-latest": "33.0.61",
    "1.16.3-latest": "34.1.42",
    "1.16.3-recommended": "34.1.0",
    "1.16.4-latest": "35.1.37",
    "1.16.4-recommended": "35.1.4",
    "1.16.5-latest": "36.2.42",
    "1.16.5-recommended": "36.2.34",
    "1.17.1-latest": "37.1.1",
    "1.17.1-recommended": "37.1.1",
    "1.18-latest": "38.0.17",
    "1.18.1-latest": "39.1.2",
    "1.18.1-recommended": "39.1.0",
    "1.18.2-recommended": "40.3.0",
    "1.18.2-latest": "40.3.3",
    "1.19-latest": "41.1.0",
    "1.19-recommended": "41.1.0",
    "1.19.1-latest": "42.0.9",
    "1.19.2-recommended": "43.4.0",
    "1.19.2-latest": "43.4.16",
    "1.19.3-latest": "44.1.23",
    "1.19.3-recommended": "44.1.0",
    "1.19.4-recommended": "45.3.0",
    "1.19.4-latest": "45.3.20",
    "1.20-latest": "46.0.14",
    "1.20.1-recommended": "47.3.0",
    "1.20.1-latest": "47.3.27",
    "1.20.2-latest": "48.1.0",
    "1.20.2-recommended": "48.1.0",
    "1.20.3-latest": "49.0.2",
    "1.20.4-latest": "49.1.29",
    "1.20.4-recommended": "49.1.0",
    "1.20.6-latest": "50.1.39",
    "1.20.6-recommended": "50.1.0",
    "1.21-latest": "51.0.33",
    "1.21.1-latest": "52.0.47",
    "1.21.3-latest": "53.0.44",
    "1.21.4-latest": "54.0.26"
  }
}
[10:37:01] [Forge Version Check/INFO] [forge.VersionCheck]: [forge] Found status: OUTDATED Target: 14.23.5.2859
[10:37:05] [Client thread/DEBUG] [FML]: Bar Finished: Loading sounds took 6.973s
[10:37:05] [Client thread/DEBUG] [FML]: Bar Finished: Loading Resource - SoundHandler took 7.237s
[10:37:05] [Sound Library Loader/INFO] [net.minecraft.client.audio.SoundManager]: Starting up SoundSystem...
[10:37:05] [Client thread/DEBUG] [FML]: Bar Finished: Loading Resource - FontRenderer took 0.003s
[10:37:05] [Client thread/DEBUG] [FML]: Bar Finished: Loading Resource - FontRenderer took 0.002s
[10:37:05] [Client thread/DEBUG] [FML]: Bar Finished: Loading Resource - GrassColorReloadListener took 0.009s
[10:37:05] [Client thread/DEBUG] [FML]: Bar Finished: Loading Resource - FoliageColorReloadListener took 0.009s
[10:37:05] [Client thread/DEBUG] [FML]: Bar Step: Rendering Setup - GL Setup took 0.017s
[10:37:05] [Client thread/DEBUG] [FML]: Bar Step: Rendering Setup - Loading Texture Map took 0.000s
[10:37:05] [Client thread/DEBUG] [FML]: Bar Finished: Loading Resource - B3DLoader took 0.000s
[10:37:05] [Client thread/DEBUG] [FML]: Bar Finished: Loading Resource - OBJLoader took 0.000s
[10:37:05] [Client thread/DEBUG] [FML]: Bar Finished: Loading Resource - ModelFluid$FluidLoader took 0.000s
[10:37:05] [Client thread/DEBUG] [FML]: Bar Finished: Loading Resource - ItemLayerModel$Loader took 0.000s
[10:37:05] [Client thread/DEBUG] [FML]: Bar Finished: Loading Resource - MultiLayerModel$Loader took 0.000s
[10:37:05] [Client thread/DEBUG] [FML]: Bar Finished: Loading Resource - ModelDynBucket$LoaderDynBucket took 0.000s
[10:37:05] [Thread-5/INFO] [net.minecraft.client.audio.SoundManager]: Initializing LWJGL OpenAL
[10:37:05] [Thread-5/INFO] [net.minecraft.client.audio.SoundManager]: (The LWJGL binding of OpenAL.  For more information, see http://www.lwjgl.org)
[10:37:10] [Thread-5/INFO] [net.minecraft.client.audio.SoundManager]: OpenAL initialized.
[10:37:10] [Sound Library Loader/INFO] [net.minecraft.client.audio.SoundManager]: Sound engine started
[10:37:14] [Client thread/DEBUG] [FML]: Bar Finished: ModelLoader: blocks took 9.350s
[10:37:20] [Client thread/DEBUG] [FML]: Bar Finished: ModelLoader: items took 5.915s
[10:37:20] [Client thread/INFO] [FML]: Max texture size: 16384
[10:37:25] [Client thread/DEBUG] [FML]: Bar Finished: Texture stitching took 5.159s
[10:37:25] [Client thread/DEBUG] [FML]: Bar Finished: Texture stitching took 0.033s
[10:37:25] [Client thread/INFO] [net.minecraft.client.renderer.texture.TextureMap]: Created: 512x512 textures-atlas
[10:37:25] [Client thread/DEBUG] [FML]: Bar Finished: Texture creation took 0.036s
[10:37:26] [Client thread/DEBUG] [FML]: Bar Finished: Texture mipmap and upload took 0.012s
[10:37:26] [Client thread/DEBUG] [FML]: Bar Finished: ModelLoader: baking took 0.410s
[10:37:26] [Client thread/DEBUG] [FML]: Bar Finished: Loading Resource - ModelManager took 21.337s
[10:37:26] [Client thread/DEBUG] [FML]: Bar Step: Rendering Setup - Loading Model Manager took 21.381s
[10:37:27] [Client thread/DEBUG] [FML]: Bar Finished: Loading Resource - RenderItem took 0.274s
[10:37:27] [Client thread/DEBUG] [FML]: Bar Step: Rendering Setup - Loading Item Renderer took 0.666s
[10:37:27] [Client thread/DEBUG] [FML]: Bar Finished: Loading Resource - EntityRenderer took 0.000s
[10:37:27] [Client thread/DEBUG] [FML]: Bar Finished: Loading Resource - BlockRendererDispatcher took 0.000s
[10:37:28] [Client thread/DEBUG] [FML]: Bar Finished: Loading Resource - RenderGlobal took 0.000s
[10:37:28] [Client thread/DEBUG] [FML]: Bar Finished: Loading Resource - SearchTreeManager took 0.064s
[10:37:28] [Client thread/DEBUG] [FML]: Bar Step: Rendering Setup - Loading Entity Renderer took 1.501s
[10:37:28] [Client thread/DEBUG] [FML]: Bar Finished: Rendering Setup took 23.565s
[10:37:29] [Client thread/INFO] [FML]: Applying holder lookups
[10:37:29] [Client thread/INFO] [FML]: Holder lookups applied
[10:37:29] [Client thread/TRACE] [FML]: Sending event FMLInitializationEvent to mod minecraft
[10:37:29] [Client thread/TRACE] [FML]: Sent event FMLInitializationEvent to mod minecraft
[10:37:29] [Client thread/DEBUG] [FML]: Bar Step: Initialization - Minecraft took 0.000s
[10:37:29] [Client thread/TRACE] [FML]: Sending event FMLInitializationEvent to mod mcp
[10:37:29] [Client thread/TRACE] [FML]: Sent event FMLInitializationEvent to mod mcp
[10:37:29] [Client thread/DEBUG] [FML]: Bar Step: Initialization - Minecraft Coder Pack took 0.000s
[10:37:29] [Client thread/TRACE] [FML]: Sending event FMLInitializationEvent to mod FML
[10:37:29] [Client thread/TRACE] [FML]: Sent event FMLInitializationEvent to mod FML
[10:37:29] [Client thread/DEBUG] [FML]: Bar Step: Initialization - Forge Mod Loader took 0.000s
[10:37:29] [Client thread/TRACE] [FML]: Sending event FMLInitializationEvent to mod forge
[10:37:29] [Client thread/TRACE] [FML]: Sent event FMLInitializationEvent to mod forge
[10:37:29] [Client thread/DEBUG] [FML]: Bar Step: Initialization - Minecraft Forge took 0.000s
[10:37:29] [Client thread/TRACE] [FML]: Sending event FMLInitializationEvent to mod sim
[10:37:29] [Client thread/TRACE] [FML]: Sent event FMLInitializationEvent to mod sim
[10:37:29] [Client thread/DEBUG] [FML]: Bar Step: Initialization - Simulated town took 0.005s
[10:37:29] [Client thread/TRACE] [FML]: Sending event FMLInitializationEvent to mod jei
[10:37:29] [Client thread/DEBUG] [FML]: Bar Finished: Texture stitching took 0.002s
[10:37:29] [Client thread/DEBUG] [FML]: Bar Finished: Texture stitching took 0.000s
[10:37:29] [Client thread/INFO] [jei]: Created: 256x128 textures-atlas
[10:37:29] [Client thread/DEBUG] [FML]: Bar Finished: Texture creation took 0.006s
[10:37:29] [Client thread/DEBUG] [FML]: Bar Finished: Texture mipmap and upload took 0.081s
[10:37:29] [Client thread/TRACE] [FML]: Sent event FMLInitializationEvent to mod jei
[10:37:29] [Client thread/DEBUG] [FML]: Bar Step: Initialization - Just Enough Items took 0.504s
[10:37:29] [Client thread/TRACE] [FML]: Sending event FMLInitializationEvent to mod lightore
[10:37:29] [Client thread/TRACE] [FML]: Sent event FMLInitializationEvent to mod lightore
[10:37:29] [Client thread/DEBUG] [FML]: Bar Step: Initialization - Ore Highlight took 0.001s
[10:37:29] [Client thread/DEBUG] [FML]: Bar Finished: Initialization took 0.511s
[10:37:29] [Client thread/TRACE] [FML]: Attempting to deliver 0 IMC messages to mod minecraft
[10:37:29] [Client thread/TRACE] [FML]: Sending event IMCEvent to mod minecraft
[10:37:29] [Client thread/TRACE] [FML]: Sent event IMCEvent to mod minecraft
[10:37:29] [Client thread/DEBUG] [FML]: Bar Step: InterModComms$IMC - Minecraft took 0.000s
[10:37:29] [Client thread/TRACE] [FML]: Attempting to deliver 0 IMC messages to mod mcp
[10:37:29] [Client thread/TRACE] [FML]: Sending event IMCEvent to mod mcp
[10:37:29] [Client thread/TRACE] [FML]: Sent event IMCEvent to mod mcp
[10:37:29] [Client thread/DEBUG] [FML]: Bar Step: InterModComms$IMC - Minecraft Coder Pack took 0.000s
[10:37:29] [Client thread/TRACE] [FML]: Attempting to deliver 0 IMC messages to mod FML
[10:37:29] [Client thread/TRACE] [FML]: Sending event IMCEvent to mod FML
[10:37:29] [Client thread/TRACE] [FML]: Sent event IMCEvent to mod FML
[10:37:29] [Client thread/DEBUG] [FML]: Bar Step: InterModComms$IMC - Forge Mod Loader took 0.000s
[10:37:29] [Client thread/TRACE] [FML]: Attempting to deliver 0 IMC messages to mod forge
[10:37:29] [Client thread/TRACE] [FML]: Sending event IMCEvent to mod forge
[10:37:29] [Client thread/TRACE] [FML]: Sent event IMCEvent to mod forge
[10:37:29] [Client thread/DEBUG] [FML]: Bar Step: InterModComms$IMC - Minecraft Forge took 0.000s
[10:37:29] [Client thread/TRACE] [FML]: Attempting to deliver 0 IMC messages to mod sim
[10:37:29] [Client thread/TRACE] [FML]: Sending event IMCEvent to mod sim
[10:37:29] [Client thread/TRACE] [FML]: Sent event IMCEvent to mod sim
[10:37:29] [Client thread/DEBUG] [FML]: Bar Step: InterModComms$IMC - Simulated town took 0.000s
[10:37:29] [Client thread/TRACE] [FML]: Attempting to deliver 0 IMC messages to mod jei
[10:37:29] [Client thread/TRACE] [FML]: Sending event IMCEvent to mod jei
[10:37:29] [Client thread/TRACE] [FML]: Sent event IMCEvent to mod jei
[10:37:29] [Client thread/DEBUG] [FML]: Bar Step: InterModComms$IMC - Just Enough Items took 0.000s
[10:37:29] [Client thread/TRACE] [FML]: Attempting to deliver 0 IMC messages to mod lightore
[10:37:29] [Client thread/TRACE] [FML]: Sending event IMCEvent to mod lightore
[10:37:29] [Client thread/TRACE] [FML]: Sent event IMCEvent to mod lightore
[10:37:29] [Client thread/DEBUG] [FML]: Bar Step: InterModComms$IMC - Ore Highlight took 0.000s
[10:37:29] [Client thread/DEBUG] [FML]: Bar Finished: InterModComms$IMC took 0.002s
[10:37:29] [Client thread/INFO] [FML]: Injecting itemstacks
[10:37:29] [Client thread/INFO] [FML]: Itemstack injection complete
[10:37:29] [Client thread/TRACE] [FML]: Sending event FMLPostInitializationEvent to mod minecraft
[10:37:29] [Client thread/TRACE] [FML]: Sent event FMLPostInitializationEvent to mod minecraft
[10:37:29] [Client thread/DEBUG] [FML]: Bar Step: PostInitialization - Minecraft took 0.001s
[10:37:29] [Client thread/TRACE] [FML]: Sending event FMLPostInitializationEvent to mod mcp
[10:37:29] [Client thread/TRACE] [FML]: Sent event FMLPostInitializationEvent to mod mcp
[10:37:29] [Client thread/DEBUG] [FML]: Bar Step: PostInitialization - Minecraft Coder Pack took 0.000s
[10:37:29] [Client thread/TRACE] [FML]: Sending event FMLPostInitializationEvent to mod FML
[10:37:29] [Client thread/TRACE] [FML]: Sent event FMLPostInitializationEvent to mod FML
[10:37:29] [Client thread/DEBUG] [FML]: Bar Step: PostInitialization - Forge Mod Loader took 0.000s
[10:37:29] [Client thread/TRACE] [FML]: Sending event FMLPostInitializationEvent to mod forge
[10:37:29] [Client thread/TRACE] [FML]: Sent event FMLPostInitializationEvent to mod forge
[10:37:29] [Client thread/DEBUG] [FML]: Bar Step: PostInitialization - Minecraft Forge took 0.011s
[10:37:29] [Client thread/TRACE] [FML]: Sending event FMLPostInitializationEvent to mod sim
[10:37:30] [Client thread/INFO] [STDOUT]: [com.trhsy.sim.npcCode.build.BuildingBlueprint:addBuildingBlueprint:401]: 当前建筑：仓库
[10:37:30] [Client thread/INFO] [sim]: 找到建筑描述 用路径箱标记后NPC会将标记点物品取回 在 仓库
[10:37:30] [Client thread/INFO] [STDOUT]: [com.trhsy.sim.npcCode.build.BuildingBlueprint:addBuildingBlueprint:656]: 当前建筑所需方块：1092
[10:37:30] [Client thread/INFO] [STDOUT]: [com.trhsy.sim.npcCode.build.BuildingBlueprint:addBuildingBlueprint:401]: 当前建筑：医院
[10:37:30] [Client thread/INFO] [sim]: 找到建筑描述 模拟城镇有名的妇产科医院 在 医院
[10:37:30] [Client thread/INFO] [STDOUT]: [com.trhsy.sim.npcCode.build.BuildingBlueprint:addBuildingBlueprint:656]: 当前建筑所需方块：5520
[10:37:30] [Client thread/INFO] [STDOUT]: [com.trhsy.sim.npcCode.build.BuildingBlueprint:addBuildingBlueprint:401]: 当前建筑：叶老酒馆
[10:37:30] [Client thread/INFO] [sim]: 找到建筑描述 这里有美味的啤酒 在 叶老酒馆
[10:37:30] [Client thread/INFO] [STDOUT]: [com.trhsy.sim.npcCode.build.BuildingBlueprint:addBuildingBlueprint:656]: 当前建筑所需方块：3744
[10:37:30] [Client thread/INFO] [STDOUT]: [com.trhsy.sim.npcCode.build.BuildingBlueprint:addBuildingBlueprint:401]: 当前建筑：杂货铺
[10:37:30] [Client thread/INFO] [sim]: 找到建筑描述 你可以在这里买到一些稀有物品 在 杂货铺
[10:37:30] [Client thread/INFO] [STDOUT]: [com.trhsy.sim.npcCode.build.BuildingBlueprint:addBuildingBlueprint:656]: 当前建筑所需方块：648
[10:37:30] [Client thread/INFO] [STDOUT]: [com.trhsy.sim.npcCode.build.BuildingBlueprint:addBuildingBlueprint:401]: 当前建筑：汉堡店
[10:37:30] [Client thread/INFO] [sim]: 找到建筑描述 汉堡店快餐厅 在 汉堡店
[10:37:30] [Client thread/INFO] [STDOUT]: [com.trhsy.sim.npcCode.build.BuildingBlueprint:addBuildingBlueprint:656]: 当前建筑所需方块：5712
[10:37:30] [Client thread/INFO] [STDOUT]: [com.trhsy.sim.npcCode.build.BuildingBlueprint:addBuildingBlueprint:401]: 当前建筑：肉铺
[10:37:30] [Client thread/INFO] [sim]: 找到建筑描述 雇佣屠夫可以让NPC肉场取生肉售卖 在 肉铺
[10:37:30] [Client thread/INFO] [STDOUT]: [com.trhsy.sim.npcCode.build.BuildingBlueprint:addBuildingBlueprint:656]: 当前建筑所需方块：432
[10:37:30] [Client thread/INFO] [STDOUT]: [com.trhsy.sim.npcCode.build.BuildingBlueprint:addBuildingBlueprint:401]: 当前建筑：花店
[10:37:30] [Client thread/INFO] [sim]: 找到建筑描述 售卖一些鲜花 在 花店
[10:37:30] [Client thread/INFO] [STDOUT]: [com.trhsy.sim.npcCode.build.BuildingBlueprint:addBuildingBlueprint:656]: 当前建筑所需方块：1512
[10:37:30] [Client thread/INFO] [STDOUT]: [com.trhsy.sim.npcCode.build.BuildingBlueprint:addBuildingBlueprint:401]: 当前建筑：诊所
[10:37:30] [Client thread/INFO] [sim]: 找到建筑描述 没有医院的情况下可以让孕妇来这里生孩子 在 诊所
[10:37:30] [Client thread/INFO] [STDOUT]: [com.trhsy.sim.npcCode.build.BuildingBlueprint:addBuildingBlueprint:656]: 当前建筑所需方块：2240
[10:37:30] [Client thread/INFO] [STDOUT]: [com.trhsy.sim.npcCode.build.BuildingBlueprint:addBuildingBlueprint:401]: 当前建筑：银行
[10:37:30] [Client thread/INFO] [sim]: 找到建筑描述 你可以存钱一些有价值的矿石 在 银行
[10:37:30] [Client thread/INFO] [STDOUT]: [com.trhsy.sim.npcCode.build.BuildingBlueprint:addBuildingBlueprint:656]: 当前建筑所需方块：750
[10:37:30] [Client thread/INFO] [STDOUT]: [com.trhsy.sim.npcCode.build.BuildingBlueprint:addBuildingBlueprint:401]: 当前建筑：面包店
[10:37:30] [Client thread/INFO] [sim]: 找到建筑描述 在面包店雇佣面包师，用农场的小麦为NPC烤面包，用南瓜做南瓜派，如果你有鸡蛋，糖，牛奶NPC甚至可以给你做出来蛋糕 在 面包店
[10:37:30] [Client thread/INFO] [STDOUT]: [com.trhsy.sim.npcCode.build.BuildingBlueprint:addBuildingBlueprint:656]: 当前建筑所需方块：432
[10:37:30] [Client thread/INFO] [STDOUT]: [com.trhsy.sim.npcCode.build.BuildingBlueprint:addBuildingBlueprint:401]: 当前建筑：食品店
[10:37:30] [Client thread/INFO] [sim]: 找到建筑描述 售卖马铃薯、胡萝卜、甜菜根、苹果、南瓜、西瓜 在 食品店
[10:37:30] [Client thread/INFO] [STDOUT]: [com.trhsy.sim.npcCode.build.BuildingBlueprint:addBuildingBlueprint:656]: 当前建筑所需方块：495
[10:37:30] [Client thread/INFO] [STDOUT]: [com.trhsy.sim.npcCode.build.BuildingBlueprint:addBuildingBlueprint:401]: 当前建筑：麦当劳
[10:37:30] [Client thread/INFO] [sim]: 找到建筑描述 麦当劳快餐厅 在 麦当劳
[10:37:30] [Client thread/INFO] [STDOUT]: [com.trhsy.sim.npcCode.build.BuildingBlueprint:addBuildingBlueprint:656]: 当前建筑所需方块：11339
[10:37:30] [Client thread/INFO] [STDOUT]: [com.trhsy.sim.npcCode.build.BuildingBlueprint:addBuildingBlueprint:401]: 当前建筑：二师兄
[10:37:30] [Client thread/INFO] [sim]: 找到建筑描述 装饰 在 二师兄
[10:37:30] [Client thread/INFO] [STDOUT]: [com.trhsy.sim.npcCode.build.BuildingBlueprint:addBuildingBlueprint:656]: 当前建筑所需方块：3900
[10:37:30] [Client thread/INFO] [STDOUT]: [com.trhsy.sim.npcCode.build.BuildingBlueprint:addBuildingBlueprint:401]: 当前建筑：僵尸
[10:37:30] [Client thread/INFO] [sim]: 找到建筑描述 装饰 在 僵尸
[10:37:30] [Client thread/INFO] [STDOUT]: [com.trhsy.sim.npcCode.build.BuildingBlueprint:addBuildingBlueprint:656]: 当前建筑所需方块：7680
[10:37:30] [Client thread/INFO] [STDOUT]: [com.trhsy.sim.npcCode.build.BuildingBlueprint:addBuildingBlueprint:401]: 当前建筑：南瓜
[10:37:30] [Client thread/INFO] [sim]: 找到建筑描述 装饰 在 南瓜
[10:37:30] [Client thread/INFO] [STDOUT]: [com.trhsy.sim.npcCode.build.BuildingBlueprint:addBuildingBlueprint:656]: 当前建筑所需方块：5376
[10:37:30] [Client thread/INFO] [STDOUT]: [com.trhsy.sim.npcCode.build.BuildingBlueprint:addBuildingBlueprint:401]: 当前建筑：史蒂夫
[10:37:30] [Client thread/INFO] [sim]: 找到建筑描述 装饰 在 史蒂夫
[10:37:30] [Client thread/INFO] [STDOUT]: [com.trhsy.sim.npcCode.build.BuildingBlueprint:addBuildingBlueprint:656]: 当前建筑所需方块：4096
[10:37:30] [Client thread/INFO] [STDOUT]: [com.trhsy.sim.npcCode.build.BuildingBlueprint:addBuildingBlueprint:401]: 当前建筑：羊羔疯
[10:37:30] [Client thread/INFO] [sim]: 找到建筑描述 装饰 在 羊羔疯
[10:37:30] [Client thread/INFO] [STDOUT]: [com.trhsy.sim.npcCode.build.BuildingBlueprint:addBuildingBlueprint:656]: 当前建筑所需方块：8050
[10:37:30] [Client thread/INFO] [STDOUT]: [com.trhsy.sim.npcCode.build.BuildingBlueprint:addBuildingBlueprint:401]: 当前建筑：苦力怕
[10:37:30] [Client thread/INFO] [sim]: 找到建筑描述 装饰 在 苦力怕
[10:37:30] [Client thread/INFO] [STDOUT]: [com.trhsy.sim.npcCode.build.BuildingBlueprint:addBuildingBlueprint:656]: 当前建筑所需方块：2496
[10:37:30] [Client thread/INFO] [STDOUT]: [com.trhsy.sim.npcCode.build.BuildingBlueprint:addBuildingBlueprint:401]: 当前建筑：茶壶
[10:37:30] [Client thread/INFO] [sim]: 找到建筑描述 装饰 在 茶壶
[10:37:30] [Client thread/INFO] [STDOUT]: [com.trhsy.sim.npcCode.build.BuildingBlueprint:addBuildingBlueprint:656]: 当前建筑所需方块：1050
[10:37:30] [Client thread/INFO] [STDOUT]: [com.trhsy.sim.npcCode.build.BuildingBlueprint:addBuildingBlueprint:401]: 当前建筑：蜘蛛
[10:37:30] [Client thread/INFO] [sim]: 找到建筑描述 装饰 在 蜘蛛
[10:37:30] [Client thread/INFO] [STDOUT]: [com.trhsy.sim.npcCode.build.BuildingBlueprint:addBuildingBlueprint:656]: 当前建筑所需方块：20812
[10:37:30] [Client thread/INFO] [STDOUT]: [com.trhsy.sim.npcCode.build.BuildingBlueprint:addBuildingBlueprint:401]: 当前建筑：骷髅小白
[10:37:30] [Client thread/INFO] [sim]: 找到建筑描述 装饰 在 骷髅小白
[10:37:30] [Client thread/INFO] [STDOUT]: [com.trhsy.sim.npcCode.build.BuildingBlueprint:addBuildingBlueprint:656]: 当前建筑所需方块：7680
[10:37:30] [Client thread/INFO] [STDOUT]: [com.trhsy.sim.npcCode.build.BuildingBlueprint:addBuildingBlueprint:401]: 当前建筑：鸡太美
[10:37:30] [Client thread/INFO] [sim]: 找到建筑描述 装饰 在 鸡太美
[10:37:30] [Client thread/INFO] [STDOUT]: [com.trhsy.sim.npcCode.build.BuildingBlueprint:addBuildingBlueprint:656]: 当前建筑所需方块：1632
[10:37:30] [Client thread/INFO] [STDOUT]: [com.trhsy.sim.npcCode.build.BuildingBlueprint:addBuildingBlueprint:401]: 当前建筑：伐木场
[10:37:30] [Client thread/INFO] [sim]: 找到建筑描述 伐木场NPC砍伐树木会得到原木等 在 伐木场
[10:37:30] [Client thread/INFO] [STDOUT]: [com.trhsy.sim.npcCode.build.BuildingBlueprint:addBuildingBlueprint:656]: 当前建筑所需方块：560
[10:37:30] [Client thread/INFO] [STDOUT]: [com.trhsy.sim.npcCode.build.BuildingBlueprint:addBuildingBlueprint:401]: 当前建筑：养兔场
[10:37:30] [Client thread/INFO] [sim]: 找到建筑描述 养兔场NPC屠宰兔兔会得到兔肉、兔脚、兔皮等 在 养兔场
[10:37:30] [Client thread/INFO] [STDOUT]: [com.trhsy.sim.npcCode.build.BuildingBlueprint:addBuildingBlueprint:656]: 当前建筑所需方块：243
[10:37:30] [Client thread/INFO] [STDOUT]: [com.trhsy.sim.npcCode.build.BuildingBlueprint:addBuildingBlueprint:401]: 当前建筑：养牛场
[10:37:30] [Client thread/INFO] [sim]: 找到建筑描述 养牛场NPC屠宰牛魔王会得到牛肉、皮革等 在 养牛场
[10:37:30] [Client thread/INFO] [STDOUT]: [com.trhsy.sim.npcCode.build.BuildingBlueprint:addBuildingBlueprint:656]: 当前建筑所需方块：243
[10:37:30] [Client thread/INFO] [STDOUT]: [com.trhsy.sim.npcCode.build.BuildingBlueprint:addBuildingBlueprint:401]: 当前建筑：养猪场
[10:37:30] [Client thread/INFO] [sim]: 找到建筑描述 养猪场NPC屠宰二师兄会得到猪排等 在 养猪场
[10:37:30] [Client thread/INFO] [STDOUT]: [com.trhsy.sim.npcCode.build.BuildingBlueprint:addBuildingBlueprint:656]: 当前建筑所需方块：243
[10:37:30] [Client thread/INFO] [STDOUT]: [com.trhsy.sim.npcCode.build.BuildingBlueprint:addBuildingBlueprint:401]: 当前建筑：养羊场
[10:37:30] [Client thread/INFO] [sim]: 找到建筑描述 养养场NPC屠宰养会得到羊排、羊毛等 在 养羊场
[10:37:30] [Client thread/INFO] [STDOUT]: [com.trhsy.sim.npcCode.build.BuildingBlueprint:addBuildingBlueprint:656]: 当前建筑所需方块：243
[10:37:30] [Client thread/INFO] [STDOUT]: [com.trhsy.sim.npcCode.build.BuildingBlueprint:addBuildingBlueprint:401]: 当前建筑：养鸡场
[10:37:30] [Client thread/INFO] [sim]: 找到建筑描述 养鸡场NPC屠宰鸡会得到鸡肉、羽毛等 在 养鸡场
[10:37:30] [Client thread/INFO] [STDOUT]: [com.trhsy.sim.npcCode.build.BuildingBlueprint:addBuildingBlueprint:656]: 当前建筑所需方块：243
[10:37:30] [Client thread/INFO] [STDOUT]: [com.trhsy.sim.npcCode.build.BuildingBlueprint:addBuildingBlueprint:401]: 当前建筑：军营
[10:37:30] [Client thread/INFO] [sim]: 找到建筑描述 雇佣NPC为你巡逻 在 军营
[10:37:30] [Client thread/INFO] [STDOUT]: [com.trhsy.sim.npcCode.build.BuildingBlueprint:addBuildingBlueprint:656]: 当前建筑所需方块：324
[10:37:30] [Client thread/INFO] [STDOUT]: [com.trhsy.sim.npcCode.build.BuildingBlueprint:addBuildingBlueprint:401]: 当前建筑：制糖厂
[10:37:30] [Client thread/INFO] [sim]: 找到建筑描述 雇佣NPC为你制作糖 在 制糖厂
[10:37:30] [Client thread/INFO] [STDOUT]: [com.trhsy.sim.npcCode.build.BuildingBlueprint:addBuildingBlueprint:656]: 当前建筑所需方块：405
[10:37:30] [Client thread/INFO] [STDOUT]: [com.trhsy.sim.npcCode.build.BuildingBlueprint:addBuildingBlueprint:401]: 当前建筑：奶牛场
[10:37:30] [Client thread/INFO] [sim]: 找到建筑描述 牛奶厂NPC可以获得牛奶 在 奶牛场
[10:37:30] [Client thread/INFO] [STDOUT]: [com.trhsy.sim.npcCode.build.BuildingBlueprint:addBuildingBlueprint:656]: 当前建筑所需方块：243
[10:37:30] [Client thread/INFO] [STDOUT]: [com.trhsy.sim.npcCode.build.BuildingBlueprint:addBuildingBlueprint:401]: 当前建筑：奶酪工厂
[10:37:30] [Client thread/INFO] [sim]: 找到建筑描述 NPC能用牛奶制作成奶酪 在 奶酪工厂
[10:37:30] [Client thread/INFO] [STDOUT]: [com.trhsy.sim.npcCode.build.BuildingBlueprint:addBuildingBlueprint:656]: 当前建筑所需方块：2592
[10:37:30] [Client thread/INFO] [STDOUT]: [com.trhsy.sim.npcCode.build.BuildingBlueprint:addBuildingBlueprint:401]: 当前建筑：建筑商
[10:37:30] [Client thread/INFO] [sim]: 找到建筑描述 雇佣NPC售卖建筑材料 在 建筑商
[10:37:30] [Client thread/INFO] [STDOUT]: [com.trhsy.sim.npcCode.build.BuildingBlueprint:addBuildingBlueprint:656]: 当前建筑所需方块：648
[10:37:30] [Client thread/INFO] [STDOUT]: [com.trhsy.sim.npcCode.build.BuildingBlueprint:addBuildingBlueprint:401]: 当前建筑：板砖厂
[10:37:30] [Client thread/INFO] [sim]: 找到建筑描述 雇佣一个NPC来寻找粘土和冶炼砖块 在 板砖厂
[10:37:30] [Client thread/INFO] [STDOUT]: [com.trhsy.sim.npcCode.build.BuildingBlueprint:addBuildingBlueprint:656]: 当前建筑所需方块：420
[10:37:30] [Client thread/INFO] [STDOUT]: [com.trhsy.sim.npcCode.build.BuildingBlueprint:addBuildingBlueprint:401]: 当前建筑：渔场
[10:37:30] [Client thread/INFO] [sim]: 找到建筑描述 雇佣NPC帮助钓鱼获得鱼等 在 渔场
[10:37:30] [Client thread/INFO] [STDOUT]: [com.trhsy.sim.npcCode.build.BuildingBlueprint:addBuildingBlueprint:656]: 当前建筑所需方块：280
[10:37:30] [Client thread/INFO] [STDOUT]: [com.trhsy.sim.npcCode.build.BuildingBlueprint:addBuildingBlueprint:401]: 当前建筑：玻璃工厂
[10:37:30] [Client thread/INFO] [sim]: 找到建筑描述 雇佣一个NPC来寻找沙子和冶炼玻璃 在 玻璃工厂
[10:37:30] [Client thread/INFO] [STDOUT]: [com.trhsy.sim.npcCode.build.BuildingBlueprint:addBuildingBlueprint:656]: 当前建筑所需方块：420
[10:37:30] [Client thread/INFO] [STDOUT]: [com.trhsy.sim.npcCode.build.BuildingBlueprint:addBuildingBlueprint:401]: 当前建筑：羊毛场
[10:37:30] [Client thread/INFO] [sim]: 找到建筑描述 羊毛场NPC能获得羊毛等 在 羊毛场
[10:37:30] [Client thread/INFO] [STDOUT]: [com.trhsy.sim.npcCode.build.BuildingBlueprint:addBuildingBlueprint:656]: 当前建筑所需方块：243
[10:37:30] [Client thread/INFO] [STDOUT]: [com.trhsy.sim.npcCode.build.BuildingBlueprint:addBuildingBlueprint:401]: 当前建筑：鸡蛋农场
[10:37:30] [Client thread/INFO] [sim]: 找到建筑描述 鸡蛋农场NPC能获得鸡蛋等 在 鸡蛋农场
[10:37:30] [Client thread/INFO] [STDOUT]: [com.trhsy.sim.npcCode.build.BuildingBlueprint:addBuildingBlueprint:656]: 当前建筑所需方块：243
[10:37:30] [Client thread/INFO] [STDOUT]: [com.trhsy.sim.npcCode.build.BuildingBlueprint:addBuildingBlueprint:401]: 当前建筑：8号车站
[10:37:30] [Client thread/INFO] [sim]: 找到建筑描述 暂无 在 8号车站
[10:37:30] [Client thread/INFO] [STDOUT]: [com.trhsy.sim.npcCode.build.BuildingBlueprint:addBuildingBlueprint:656]: 当前建筑所需方块：3456
[10:37:30] [Client thread/INFO] [STDOUT]: [com.trhsy.sim.npcCode.build.BuildingBlueprint:addBuildingBlueprint:401]: 当前建筑：PAB LDB
[10:37:30] [Client thread/INFO] [sim]: 找到建筑描述 暂无 在 PAB LDB
[10:37:30] [Client thread/INFO] [STDOUT]: [com.trhsy.sim.npcCode.build.BuildingBlueprint:addBuildingBlueprint:656]: 当前建筑所需方块：5040
[10:37:30] [Client thread/INFO] [STDOUT]: [com.trhsy.sim.npcCode.build.BuildingBlueprint:addBuildingBlueprint:401]: 当前建筑：Sim-U-迷宫
[10:37:30] [Client thread/INFO] [sim]: 找到建筑描述 暂无 在 Sim-U-迷宫
[10:37:30] [Client thread/INFO] [STDOUT]: [com.trhsy.sim.npcCode.build.BuildingBlueprint:addBuildingBlueprint:656]: 当前建筑所需方块：910
[10:37:30] [Client thread/INFO] [STDOUT]: [com.trhsy.sim.npcCode.build.BuildingBlueprint:addBuildingBlueprint:401]: 当前建筑：东方小庙
[10:37:30] [Client thread/INFO] [sim]: 找到建筑描述 暂无 在 东方小庙
[10:37:30] [Client thread/INFO] [STDOUT]: [com.trhsy.sim.npcCode.build.BuildingBlueprint:addBuildingBlueprint:656]: 当前建筑所需方块：180
[10:37:30] [Client thread/INFO] [STDOUT]: [com.trhsy.sim.npcCode.build.BuildingBlueprint:addBuildingBlueprint:401]: 当前建筑：中型农场
[10:37:30] [Client thread/INFO] [sim]: 找到建筑描述 暂无 在 中型农场
[10:37:30] [Client thread/INFO] [STDOUT]: [com.trhsy.sim.npcCode.build.BuildingBlueprint:addBuildingBlueprint:656]: 当前建筑所需方块：1386
[10:37:30] [Client thread/INFO] [STDOUT]: [com.trhsy.sim.npcCode.build.BuildingBlueprint:addBuildingBlueprint:401]: 当前建筑：乘船回家（水上）
[10:37:30] [Client thread/INFO] [sim]: 找到建筑描述 暂无 在 乘船回家（水上）
[10:37:30] [Client thread/INFO] [STDOUT]: [com.trhsy.sim.npcCode.build.BuildingBlueprint:addBuildingBlueprint:656]: 当前建筑所需方块：1890
[10:37:30] [Client thread/INFO] [STDOUT]: [com.trhsy.sim.npcCode.build.BuildingBlueprint:addBuildingBlueprint:401]: 当前建筑：乘船回家（陆上）
[10:37:30] [Client thread/INFO] [sim]: 找到建筑描述 暂无 在 乘船回家（陆上）
[10:37:30] [Client thread/INFO] [STDOUT]: [com.trhsy.sim.npcCode.build.BuildingBlueprint:addBuildingBlueprint:656]: 当前建筑所需方块：1890
[10:37:30] [Client thread/INFO] [STDOUT]: [com.trhsy.sim.npcCode.build.BuildingBlueprint:addBuildingBlueprint:401]: 当前建筑：乡村农场
[10:37:30] [Client thread/INFO] [sim]: 找到建筑描述 暂无 在 乡村农场
[10:37:30] [Client thread/INFO] [STDOUT]: [com.trhsy.sim.npcCode.build.BuildingBlueprint:addBuildingBlueprint:656]: 当前建筑所需方块：117
[10:37:30] [Client thread/INFO] [STDOUT]: [com.trhsy.sim.npcCode.build.BuildingBlueprint:addBuildingBlueprint:401]: 当前建筑：乡村图书馆
[10:37:30] [Client thread/INFO] [sim]: 找到建筑描述 暂无 在 乡村图书馆
[10:37:30] [Client thread/INFO] [STDOUT]: [com.trhsy.sim.npcCode.build.BuildingBlueprint:addBuildingBlueprint:656]: 当前建筑所需方块：648
[10:37:30] [Client thread/INFO] [STDOUT]: [com.trhsy.sim.npcCode.build.BuildingBlueprint:addBuildingBlueprint:401]: 当前建筑：乡村教堂
[10:37:30] [Client thread/INFO] [sim]: 找到建筑描述 暂无 在 乡村教堂
[10:37:30] [Client thread/INFO] [STDOUT]: [com.trhsy.sim.npcCode.build.BuildingBlueprint:addBuildingBlueprint:656]: 当前建筑所需方块：4032
[10:37:30] [Client thread/INFO] [STDOUT]: [com.trhsy.sim.npcCode.build.BuildingBlueprint:addBuildingBlueprint:401]: 当前建筑：井
[10:37:30] [Client thread/INFO] [sim]: 找到建筑描述 暂无 在 井
[10:37:30] [Client thread/INFO] [STDOUT]: [com.trhsy.sim.npcCode.build.BuildingBlueprint:addBuildingBlueprint:656]: 当前建筑所需方块：180
[10:37:30] [Client thread/INFO] [STDOUT]: [com.trhsy.sim.npcCode.build.BuildingBlueprint:addBuildingBlueprint:401]: 当前建筑：仓库
[10:37:30] [Client thread/INFO] [sim]: 找到建筑描述 暂无 在 仓库
[10:37:30] [Client thread/INFO] [STDOUT]: [com.trhsy.sim.npcCode.build.BuildingBlueprint:addBuildingBlueprint:656]: 当前建筑所需方块：1260
[10:37:30] [Client thread/INFO] [STDOUT]: [com.trhsy.sim.npcCode.build.BuildingBlueprint:addBuildingBlueprint:401]: 当前建筑：保龄球道
[10:37:30] [Client thread/INFO] [sim]: 找到建筑描述 暂无 在 保龄球道
[10:37:30] [Client thread/INFO] [STDOUT]: [com.trhsy.sim.npcCode.build.BuildingBlueprint:addBuildingBlueprint:656]: 当前建筑所需方块：4410
[10:37:30] [Client thread/INFO] [STDOUT]: [com.trhsy.sim.npcCode.build.BuildingBlueprint:addBuildingBlueprint:401]: 当前建筑：保龄球道2
[10:37:30] [Client thread/INFO] [sim]: 找到建筑描述 暂无 在 保龄球道2
[10:37:30] [Client thread/INFO] [STDOUT]: [com.trhsy.sim.npcCode.build.BuildingBlueprint:addBuildingBlueprint:656]: 当前建筑所需方块：7560
[10:37:30] [Client thread/INFO] [STDOUT]: [com.trhsy.sim.npcCode.build.BuildingBlueprint:addBuildingBlueprint:401]: 当前建筑：储藏室
[10:37:30] [Client thread/INFO] [sim]: 找到建筑描述 暂无 在 储藏室
[10:37:30] [Client thread/INFO] [STDOUT]: [com.trhsy.sim.npcCode.build.BuildingBlueprint:addBuildingBlueprint:656]: 当前建筑所需方块：1080
[10:37:30] [Client thread/INFO] [STDOUT]: [com.trhsy.sim.npcCode.build.BuildingBlueprint:addBuildingBlueprint:401]: 当前建筑：先进城市广场
[10:37:30] [Client thread/INFO] [sim]: 找到建筑描述 暂无 在 先进城市广场
[10:37:30] [Client thread/INFO] [STDOUT]: [com.trhsy.sim.npcCode.build.BuildingBlueprint:addBuildingBlueprint:656]: 当前建筑所需方块：2601
[10:37:30] [Client thread/INFO] [STDOUT]: [com.trhsy.sim.npcCode.build.BuildingBlueprint:addBuildingBlueprint:401]: 当前建筑：公路和铁路
[10:37:30] [Client thread/INFO] [sim]: 找到建筑描述 暂无 在 公路和铁路
[10:37:30] [Client thread/INFO] [STDOUT]: [com.trhsy.sim.npcCode.build.BuildingBlueprint:addBuildingBlueprint:656]: 当前建筑所需方块：1584
[10:37:30] [Client thread/INFO] [STDOUT]: [com.trhsy.sim.npcCode.build.BuildingBlueprint:addBuildingBlueprint:401]: 当前建筑：公路铁路段
[10:37:30] [Client thread/INFO] [sim]: 找到建筑描述 暂无 在 公路铁路段
[10:37:30] [Client thread/INFO] [STDOUT]: [com.trhsy.sim.npcCode.build.BuildingBlueprint:addBuildingBlueprint:656]: 当前建筑所需方块：2112
[10:37:30] [Client thread/INFO] [STDOUT]: [com.trhsy.sim.npcCode.build.BuildingBlueprint:addBuildingBlueprint:401]: 当前建筑：农场
[10:37:30] [Client thread/INFO] [sim]: 找到建筑描述 暂无 在 农场
[10:37:30] [Client thread/INFO] [STDOUT]: [com.trhsy.sim.npcCode.build.BuildingBlueprint:addBuildingBlueprint:656]: 当前建筑所需方块：300
[10:37:30] [Client thread/INFO] [STDOUT]: [com.trhsy.sim.npcCode.build.BuildingBlueprint:addBuildingBlueprint:401]: 当前建筑：农舍v1
[10:37:30] [Client thread/INFO] [sim]: 找到建筑描述 暂无 在 农舍v1
[10:37:30] [Client thread/INFO] [STDOUT]: [com.trhsy.sim.npcCode.build.BuildingBlueprint:addBuildingBlueprint:656]: 当前建筑所需方块：3312
[10:37:30] [Client thread/INFO] [STDOUT]: [com.trhsy.sim.npcCode.build.BuildingBlueprint:addBuildingBlueprint:401]: 当前建筑：农舍v2
[10:37:30] [Client thread/INFO] [sim]: 找到建筑描述 暂无 在 农舍v2
[10:37:30] [Client thread/INFO] [STDOUT]: [com.trhsy.sim.npcCode.build.BuildingBlueprint:addBuildingBlueprint:656]: 当前建筑所需方块：3456
[10:37:30] [Client thread/INFO] [STDOUT]: [com.trhsy.sim.npcCode.build.BuildingBlueprint:addBuildingBlueprint:401]: 当前建筑：冰屋入口
[10:37:30] [Client thread/INFO] [sim]: 找到建筑描述 暂无 在 冰屋入口
[10:37:30] [Client thread/INFO] [STDOUT]: [com.trhsy.sim.npcCode.build.BuildingBlueprint:addBuildingBlueprint:656]: 当前建筑所需方块：858
[10:37:30] [Client thread/INFO] [STDOUT]: [com.trhsy.sim.npcCode.build.BuildingBlueprint:addBuildingBlueprint:401]: 当前建筑：凉亭
[10:37:30] [Client thread/INFO] [sim]: 找到建筑描述 暂无 在 凉亭
[10:37:30] [Client thread/INFO] [STDOUT]: [com.trhsy.sim.npcCode.build.BuildingBlueprint:addBuildingBlueprint:656]: 当前建筑所需方块：5200
[10:37:30] [Client thread/INFO] [STDOUT]: [com.trhsy.sim.npcCode.build.BuildingBlueprint:addBuildingBlueprint:401]: 当前建筑：利用多维数据集
[10:37:30] [Client thread/INFO] [sim]: 找到建筑描述 暂无 在 利用多维数据集
[10:37:30] [Client thread/INFO] [STDOUT]: [com.trhsy.sim.npcCode.build.BuildingBlueprint:addBuildingBlueprint:656]: 当前建筑所需方块：100
[10:37:30] [Client thread/INFO] [STDOUT]: [com.trhsy.sim.npcCode.build.BuildingBlueprint:addBuildingBlueprint:401]: 当前建筑：卵石沙坑
[10:37:30] [Client thread/INFO] [sim]: 找到建筑描述 暂无 在 卵石沙坑
[10:37:30] [Client thread/INFO] [STDOUT]: [com.trhsy.sim.npcCode.build.BuildingBlueprint:addBuildingBlueprint:656]: 当前建筑所需方块：125
[10:37:30] [Client thread/INFO] [STDOUT]: [com.trhsy.sim.npcCode.build.BuildingBlueprint:addBuildingBlueprint:401]: 当前建筑：双车道公路
[10:37:30] [Client thread/INFO] [sim]: 找到建筑描述 暂无 在 双车道公路
[10:37:30] [Client thread/INFO] [STDOUT]: [com.trhsy.sim.npcCode.build.BuildingBlueprint:addBuildingBlueprint:656]: 当前建筑所需方块：12420
[10:37:30] [Client thread/INFO] [STDOUT]: [com.trhsy.sim.npcCode.build.BuildingBlueprint:addBuildingBlueprint:401]: 当前建筑：喷泉广场
[10:37:30] [Client thread/INFO] [sim]: 找到建筑描述 暂无 在 喷泉广场
[10:37:30] [Client thread/INFO] [STDOUT]: [com.trhsy.sim.npcCode.build.BuildingBlueprint:addBuildingBlueprint:656]: 当前建筑所需方块：968
[10:37:30] [Client thread/INFO] [STDOUT]: [com.trhsy.sim.npcCode.build.BuildingBlueprint:addBuildingBlueprint:401]: 当前建筑：圣诞树1
[10:37:30] [Client thread/INFO] [sim]: 找到建筑描述 暂无 在 圣诞树1
[10:37:30] [Client thread/INFO] [STDOUT]: [com.trhsy.sim.npcCode.build.BuildingBlueprint:addBuildingBlueprint:656]: 当前建筑所需方块：616
[10:37:30] [Client thread/INFO] [STDOUT]: [com.trhsy.sim.npcCode.build.BuildingBlueprint:addBuildingBlueprint:401]: 当前建筑：圣诞树2
[10:37:30] [Client thread/INFO] [sim]: 找到建筑描述 暂无 在 圣诞树2
[10:37:30] [Client thread/INFO] [STDOUT]: [com.trhsy.sim.npcCode.build.BuildingBlueprint:addBuildingBlueprint:656]: 当前建筑所需方块：3757
[10:37:30] [Client thread/INFO] [STDOUT]: [com.trhsy.sim.npcCode.build.BuildingBlueprint:addBuildingBlueprint:401]: 当前建筑：地铁站
[10:37:30] [Client thread/INFO] [sim]: 找到建筑描述 暂无 在 地铁站
[10:37:30] [Client thread/INFO] [STDOUT]: [com.trhsy.sim.npcCode.build.BuildingBlueprint:addBuildingBlueprint:656]: 当前建筑所需方块：693
[10:37:30] [Client thread/INFO] [STDOUT]: [com.trhsy.sim.npcCode.build.BuildingBlueprint:addBuildingBlueprint:401]: 当前建筑：城市广场
[10:37:30] [Client thread/INFO] [sim]: 找到建筑描述 暂无 在 城市广场
[10:37:30] [Client thread/INFO] [STDOUT]: [com.trhsy.sim.npcCode.build.BuildingBlueprint:addBuildingBlueprint:656]: 当前建筑所需方块：128
[10:37:30] [Client thread/INFO] [STDOUT]: [com.trhsy.sim.npcCode.build.BuildingBlueprint:addBuildingBlueprint:401]: 当前建筑：塔段
[10:37:30] [Client thread/INFO] [sim]: 找到建筑描述 暂无 在 塔段
[10:37:30] [Client thread/INFO] [STDOUT]: [com.trhsy.sim.npcCode.build.BuildingBlueprint:addBuildingBlueprint:656]: 当前建筑所需方块：10976
[10:37:30] [Client thread/INFO] [STDOUT]: [com.trhsy.sim.npcCode.build.BuildingBlueprint:addBuildingBlueprint:401]: 当前建筑：墓地
[10:37:30] [Client thread/INFO] [sim]: 找到建筑描述 暂无 在 墓地
[10:37:30] [Client thread/INFO] [STDOUT]: [com.trhsy.sim.npcCode.build.BuildingBlueprint:addBuildingBlueprint:656]: 当前建筑所需方块：5082
[10:37:30] [Client thread/INFO] [STDOUT]: [com.trhsy.sim.npcCode.build.BuildingBlueprint:addBuildingBlueprint:401]: 当前建筑：外贮
[10:37:30] [Client thread/INFO] [sim]: 找到建筑描述 暂无 在 外贮
[10:37:30] [Client thread/INFO] [STDOUT]: [com.trhsy.sim.npcCode.build.BuildingBlueprint:addBuildingBlueprint:656]: 当前建筑所需方块：567
[10:37:30] [Client thread/INFO] [STDOUT]: [com.trhsy.sim.npcCode.build.BuildingBlueprint:addBuildingBlueprint:401]: 当前建筑：大城墙
[10:37:30] [Client thread/INFO] [sim]: 找到建筑描述 暂无 在 大城墙
[10:37:30] [Client thread/INFO] [STDOUT]: [com.trhsy.sim.npcCode.build.BuildingBlueprint:addBuildingBlueprint:656]: 当前建筑所需方块：180
[10:37:30] [Client thread/INFO] [STDOUT]: [com.trhsy.sim.npcCode.build.BuildingBlueprint:addBuildingBlueprint:401]: 当前建筑：大温室
[10:37:30] [Client thread/INFO] [sim]: 找到建筑描述 暂无 在 大温室
[10:37:30] [Client thread/INFO] [STDOUT]: [com.trhsy.sim.npcCode.build.BuildingBlueprint:addBuildingBlueprint:656]: 当前建筑所需方块：5600
[10:37:30] [Client thread/INFO] [STDOUT]: [com.trhsy.sim.npcCode.build.BuildingBlueprint:addBuildingBlueprint:401]: 当前建筑：大街
[10:37:30] [Client thread/INFO] [sim]: 找到建筑描述 暂无 在 大街
[10:37:30] [Client thread/INFO] [STDOUT]: [com.trhsy.sim.npcCode.build.BuildingBlueprint:addBuildingBlueprint:656]: 当前建筑所需方块：4200
[10:37:30] [Client thread/INFO] [STDOUT]: [com.trhsy.sim.npcCode.build.BuildingBlueprint:addBuildingBlueprint:401]: 当前建筑：大门
[10:37:30] [Client thread/INFO] [sim]: 找到建筑描述 暂无 在 大门
[10:37:30] [Client thread/INFO] [STDOUT]: [com.trhsy.sim.npcCode.build.BuildingBlueprint:addBuildingBlueprint:656]: 当前建筑所需方块：324
[10:37:30] [Client thread/INFO] [STDOUT]: [com.trhsy.sim.npcCode.build.BuildingBlueprint:addBuildingBlueprint:401]: 当前建筑：大马厩
[10:37:30] [Client thread/INFO] [sim]: 找到建筑描述 暂无 在 大马厩
[10:37:30] [Client thread/INFO] [STDOUT]: [com.trhsy.sim.npcCode.build.BuildingBlueprint:addBuildingBlueprint:656]: 当前建筑所需方块：7616
[10:37:30] [Client thread/INFO] [STDOUT]: [com.trhsy.sim.npcCode.build.BuildingBlueprint:addBuildingBlueprint:401]: 当前建筑：天空之爱
[10:37:30] [Client thread/INFO] [sim]: 找到建筑描述 暂无 在 天空之爱
[10:37:30] [Client thread/INFO] [STDOUT]: [com.trhsy.sim.npcCode.build.BuildingBlueprint:addBuildingBlueprint:656]: 当前建筑所需方块：31500
[10:37:30] [Client thread/INFO] [STDOUT]: [com.trhsy.sim.npcCode.build.BuildingBlueprint:addBuildingBlueprint:401]: 当前建筑：天空的刮刀
[10:37:30] [Client thread/INFO] [sim]: 找到建筑描述 暂无 在 天空的刮刀
[10:37:30] [Client thread/INFO] [STDOUT]: [com.trhsy.sim.npcCode.build.BuildingBlueprint:addBuildingBlueprint:656]: 当前建筑所需方块：120780
[10:37:30] [Client thread/INFO] [STDOUT]: [com.trhsy.sim.npcCode.build.BuildingBlueprint:addBuildingBlueprint:401]: 当前建筑：奶牛炊具
[10:37:30] [Client thread/INFO] [sim]: 找到建筑描述 暂无 在 奶牛炊具
[10:37:30] [Client thread/INFO] [STDOUT]: [com.trhsy.sim.npcCode.build.BuildingBlueprint:addBuildingBlueprint:656]: 当前建筑所需方块：2400
[10:37:30] [Client thread/INFO] [STDOUT]: [com.trhsy.sim.npcCode.build.BuildingBlueprint:addBuildingBlueprint:401]: 当前建筑：射箭场
[10:37:30] [Client thread/INFO] [sim]: 找到建筑描述 暂无 在 射箭场
[10:37:30] [Client thread/INFO] [STDOUT]: [com.trhsy.sim.npcCode.build.BuildingBlueprint:addBuildingBlueprint:656]: 当前建筑所需方块：7548
[10:37:30] [Client thread/INFO] [STDOUT]: [com.trhsy.sim.npcCode.build.BuildingBlueprint:addBuildingBlueprint:401]: 当前建筑：小喷泉
[10:37:30] [Client thread/INFO] [sim]: 找到建筑描述 暂无 在 小喷泉
[10:37:30] [Client thread/INFO] [STDOUT]: [com.trhsy.sim.npcCode.build.BuildingBlueprint:addBuildingBlueprint:656]: 当前建筑所需方块：100
[10:37:30] [Client thread/INFO] [STDOUT]: [com.trhsy.sim.npcCode.build.BuildingBlueprint:addBuildingBlueprint:401]: 当前建筑：小型作物收割机
[10:37:30] [Client thread/INFO] [sim]: 找到建筑描述 暂无 在 小型作物收割机
[10:37:30] [Client thread/INFO] [STDOUT]: [com.trhsy.sim.npcCode.build.BuildingBlueprint:addBuildingBlueprint:656]: 当前建筑所需方块：3528
[10:37:30] [Client thread/INFO] [STDOUT]: [com.trhsy.sim.npcCode.build.BuildingBlueprint:addBuildingBlueprint:401]: 当前建筑：小型图书馆
[10:37:30] [Client thread/INFO] [sim]: 找到建筑描述 暂无 在 小型图书馆
[10:37:30] [Client thread/INFO] [STDOUT]: [com.trhsy.sim.npcCode.build.BuildingBlueprint:addBuildingBlueprint:656]: 当前建筑所需方块：630
[10:37:30] [Client thread/INFO] [STDOUT]: [com.trhsy.sim.npcCode.build.BuildingBlueprint:addBuildingBlueprint:401]: 当前建筑：小型船舶
[10:37:30] [Client thread/INFO] [sim]: 找到建筑描述 暂无 在 小型船舶
[10:37:30] [Client thread/INFO] [STDOUT]: [com.trhsy.sim.npcCode.build.BuildingBlueprint:addBuildingBlueprint:656]: 当前建筑所需方块：3696
[10:37:30] [Client thread/INFO] [STDOUT]: [com.trhsy.sim.npcCode.build.BuildingBlueprint:addBuildingBlueprint:401]: 当前建筑：小城墙
[10:37:30] [Client thread/INFO] [sim]: 找到建筑描述 暂无 在 小城墙
[10:37:30] [Client thread/INFO] [STDOUT]: [com.trhsy.sim.npcCode.build.BuildingBlueprint:addBuildingBlueprint:656]: 当前建筑所需方块：108
[10:37:30] [Client thread/INFO] [STDOUT]: [com.trhsy.sim.npcCode.build.BuildingBlueprint:addBuildingBlueprint:401]: 当前建筑：尤里斯仓库
[10:37:30] [Client thread/INFO] [sim]: 找到建筑描述 暂无 在 尤里斯仓库
[10:37:30] [Client thread/INFO] [STDOUT]: [com.trhsy.sim.npcCode.build.BuildingBlueprint:addBuildingBlueprint:656]: 当前建筑所需方块：300
[10:37:30] [Client thread/INFO] [STDOUT]: [com.trhsy.sim.npcCode.build.BuildingBlueprint:addBuildingBlueprint:401]: 当前建筑：巨型Sim-U-Kraft标志
[10:37:30] [Client thread/INFO] [sim]: 找到建筑描述 暂无 在 巨型Sim-U-Kraft标志
[10:37:30] [Client thread/INFO] [STDOUT]: [com.trhsy.sim.npcCode.build.BuildingBlueprint:addBuildingBlueprint:656]: 当前建筑所需方块：5220
[10:37:30] [Client thread/INFO] [STDOUT]: [com.trhsy.sim.npcCode.build.BuildingBlueprint:addBuildingBlueprint:401]: 当前建筑：市中心
[10:37:30] [Client thread/INFO] [sim]: 找到建筑描述 暂无 在 市中心
[10:37:30] [Client thread/INFO] [STDOUT]: [com.trhsy.sim.npcCode.build.BuildingBlueprint:addBuildingBlueprint:656]: 当前建筑所需方块：486
[10:37:30] [Client thread/INFO] [STDOUT]: [com.trhsy.sim.npcCode.build.BuildingBlueprint:addBuildingBlueprint:401]: 当前建筑：广场
[10:37:30] [Client thread/INFO] [sim]: 找到建筑描述 暂无 在 广场
[10:37:30] [Client thread/INFO] [STDOUT]: [com.trhsy.sim.npcCode.build.BuildingBlueprint:addBuildingBlueprint:656]: 当前建筑所需方块：8625
[10:37:30] [Client thread/INFO] [STDOUT]: [com.trhsy.sim.npcCode.build.BuildingBlueprint:addBuildingBlueprint:401]: 当前建筑：教学楼
[10:37:30] [Client thread/INFO] [sim]: 找到建筑描述 暂无 在 教学楼
[10:37:30] [Client thread/INFO] [STDOUT]: [com.trhsy.sim.npcCode.build.BuildingBlueprint:addBuildingBlueprint:656]: 当前建筑所需方块：3510
[10:37:30] [Client thread/INFO] [STDOUT]: [com.trhsy.sim.npcCode.build.BuildingBlueprint:addBuildingBlueprint:401]: 当前建筑：暴民驱逐舰MKII
[10:37:30] [Client thread/INFO] [sim]: 找到建筑描述 暂无 在 暴民驱逐舰MKII
[10:37:30] [Client thread/INFO] [STDOUT]: [com.trhsy.sim.npcCode.build.BuildingBlueprint:addBuildingBlueprint:656]: 当前建筑所需方块：22491
[10:37:30] [Client thread/INFO] [STDOUT]: [com.trhsy.sim.npcCode.build.BuildingBlueprint:addBuildingBlueprint:401]: 当前建筑：望塔
[10:37:30] [Client thread/INFO] [sim]: 找到建筑描述 暂无 在 望塔
[10:37:30] [Client thread/INFO] [STDOUT]: [com.trhsy.sim.npcCode.build.BuildingBlueprint:addBuildingBlueprint:656]: 当前建筑所需方块：1331
[10:37:30] [Client thread/INFO] [STDOUT]: [com.trhsy.sim.npcCode.build.BuildingBlueprint:addBuildingBlueprint:401]: 当前建筑：木桥
[10:37:30] [Client thread/INFO] [sim]: 找到建筑描述 暂无 在 木桥
[10:37:30] [Client thread/INFO] [STDOUT]: [com.trhsy.sim.npcCode.build.BuildingBlueprint:addBuildingBlueprint:656]: 当前建筑所需方块：2484
[10:37:30] [Client thread/INFO] [STDOUT]: [com.trhsy.sim.npcCode.build.BuildingBlueprint:addBuildingBlueprint:401]: 当前建筑：本尼森中屋酒店
[10:37:30] [Client thread/INFO] [sim]: 找到建筑描述 暂无 在 本尼森中屋酒店
[10:37:30] [Client thread/INFO] [STDOUT]: [com.trhsy.sim.npcCode.build.BuildingBlueprint:addBuildingBlueprint:656]: 当前建筑所需方块：1080
[10:37:30] [Client thread/INFO] [STDOUT]: [com.trhsy.sim.npcCode.build.BuildingBlueprint:addBuildingBlueprint:401]: 当前建筑：村井
[10:37:30] [Client thread/INFO] [sim]: 找到建筑描述 暂无 在 村井
[10:37:30] [Client thread/INFO] [STDOUT]: [com.trhsy.sim.npcCode.build.BuildingBlueprint:addBuildingBlueprint:656]: 当前建筑所需方块：80
[10:37:30] [Client thread/INFO] [STDOUT]: [com.trhsy.sim.npcCode.build.BuildingBlueprint:addBuildingBlueprint:401]: 当前建筑：林场 9t
[10:37:30] [Client thread/INFO] [sim]: 找到建筑描述 暂无 在 林场 9t
[10:37:30] [Client thread/INFO] [STDOUT]: [com.trhsy.sim.npcCode.build.BuildingBlueprint:addBuildingBlueprint:656]: 当前建筑所需方块：1575
[10:37:30] [Client thread/INFO] [STDOUT]: [com.trhsy.sim.npcCode.build.BuildingBlueprint:addBuildingBlueprint:401]: 当前建筑：林场
[10:37:30] [Client thread/INFO] [sim]: 找到建筑描述 暂无 在 林场
[10:37:30] [Client thread/INFO] [STDOUT]: [com.trhsy.sim.npcCode.build.BuildingBlueprint:addBuildingBlueprint:656]: 当前建筑所需方块：450
[10:37:30] [Client thread/INFO] [STDOUT]: [com.trhsy.sim.npcCode.build.BuildingBlueprint:addBuildingBlueprint:401]: 当前建筑：林场4t
[10:37:30] [Client thread/INFO] [sim]: 找到建筑描述 暂无 在 林场4t
[10:37:30] [Client thread/INFO] [STDOUT]: [com.trhsy.sim.npcCode.build.BuildingBlueprint:addBuildingBlueprint:656]: 当前建筑所需方块：847
[10:37:30] [Client thread/INFO] [STDOUT]: [com.trhsy.sim.npcCode.build.BuildingBlueprint:addBuildingBlueprint:401]: 当前建筑：树木陷阱 1600
[10:37:30] [Client thread/INFO] [sim]: 找到建筑描述 暂无 在 树木陷阱 1600
[10:37:30] [Client thread/INFO] [STDOUT]: [com.trhsy.sim.npcCode.build.BuildingBlueprint:addBuildingBlueprint:656]: 当前建筑所需方块：270
[10:37:30] [Client thread/INFO] [STDOUT]: [com.trhsy.sim.npcCode.build.BuildingBlueprint:addBuildingBlueprint:401]: 当前建筑：梅斯雕像
[10:37:30] [Client thread/INFO] [sim]: 找到建筑描述 暂无 在 梅斯雕像
[10:37:30] [Client thread/INFO] [STDOUT]: [com.trhsy.sim.npcCode.build.BuildingBlueprint:addBuildingBlueprint:656]: 当前建筑所需方块：396
[10:37:30] [Client thread/INFO] [STDOUT]: [com.trhsy.sim.npcCode.build.BuildingBlueprint:addBuildingBlueprint:401]: 当前建筑：楼梯（木制）
[10:37:30] [Client thread/INFO] [sim]: 找到建筑描述 暂无 在 楼梯（木制）
[10:37:30] [Client thread/INFO] [STDOUT]: [com.trhsy.sim.npcCode.build.BuildingBlueprint:addBuildingBlueprint:656]: 当前建筑所需方块：36
[10:37:30] [Client thread/INFO] [STDOUT]: [com.trhsy.sim.npcCode.build.BuildingBlueprint:addBuildingBlueprint:401]: 当前建筑：殡仪馆
[10:37:30] [Client thread/INFO] [sim]: 找到建筑描述 暂无 在 殡仪馆
[10:37:30] [Client thread/INFO] [STDOUT]: [com.trhsy.sim.npcCode.build.BuildingBlueprint:addBuildingBlueprint:656]: 当前建筑所需方块：4488
[10:37:30] [Client thread/INFO] [STDOUT]: [com.trhsy.sim.npcCode.build.BuildingBlueprint:addBuildingBlueprint:401]: 当前建筑：水塔
[10:37:30] [Client thread/INFO] [sim]: 找到建筑描述 暂无 在 水塔
[10:37:30] [Client thread/INFO] [STDOUT]: [com.trhsy.sim.npcCode.build.BuildingBlueprint:addBuildingBlueprint:656]: 当前建筑所需方块：360
[10:37:30] [Client thread/INFO] [STDOUT]: [com.trhsy.sim.npcCode.build.BuildingBlueprint:addBuildingBlueprint:401]: 当前建筑：水宫 
[10:37:30] [Client thread/INFO] [sim]: 找到建筑描述 暂无 在 水宫 
[10:37:30] [Client thread/INFO] [STDOUT]: [com.trhsy.sim.npcCode.build.BuildingBlueprint:addBuildingBlueprint:656]: 当前建筑所需方块：70356
[10:37:30] [Client thread/INFO] [STDOUT]: [com.trhsy.sim.npcCode.build.BuildingBlueprint:addBuildingBlueprint:401]: 当前建筑：水方尖碑
[10:37:30] [Client thread/INFO] [sim]: 找到建筑描述 暂无 在 水方尖碑
[10:37:30] [Client thread/INFO] [STDOUT]: [com.trhsy.sim.npcCode.build.BuildingBlueprint:addBuildingBlueprint:656]: 当前建筑所需方块：1920
[10:37:30] [Client thread/INFO] [STDOUT]: [com.trhsy.sim.npcCode.build.BuildingBlueprint:addBuildingBlueprint:401]: 当前建筑：浮动库
[10:37:30] [Client thread/INFO] [sim]: 找到建筑描述 暂无 在 浮动库
[10:37:30] [Client thread/INFO] [STDOUT]: [com.trhsy.sim.npcCode.build.BuildingBlueprint:addBuildingBlueprint:656]: 当前建筑所需方块：3213
[10:37:30] [Client thread/INFO] [STDOUT]: [com.trhsy.sim.npcCode.build.BuildingBlueprint:addBuildingBlueprint:401]: 当前建筑：海盗船
[10:37:30] [Client thread/INFO] [sim]: 找到建筑描述 暂无 在 海盗船
[10:37:30] [Client thread/INFO] [STDOUT]: [com.trhsy.sim.npcCode.build.BuildingBlueprint:addBuildingBlueprint:656]: 当前建筑所需方块：12298
[10:37:30] [Client thread/INFO] [STDOUT]: [com.trhsy.sim.npcCode.build.BuildingBlueprint:addBuildingBlueprint:401]: 当前建筑：混凝土塔基
[10:37:30] [Client thread/INFO] [sim]: 找到建筑描述 暂无 在 混凝土塔基
[10:37:30] [Client thread/INFO] [STDOUT]: [com.trhsy.sim.npcCode.build.BuildingBlueprint:addBuildingBlueprint:656]: 当前建筑所需方块：1456
[10:37:30] [Client thread/INFO] [STDOUT]: [com.trhsy.sim.npcCode.build.BuildingBlueprint:addBuildingBlueprint:401]: 当前建筑：混凝土塔顶
[10:37:30] [Client thread/INFO] [sim]: 找到建筑描述 暂无 在 混凝土塔顶
[10:37:30] [Client thread/INFO] [STDOUT]: [com.trhsy.sim.npcCode.build.BuildingBlueprint:addBuildingBlueprint:656]: 当前建筑所需方块：3328
[10:37:30] [Client thread/INFO] [STDOUT]: [com.trhsy.sim.npcCode.build.BuildingBlueprint:addBuildingBlueprint:401]: 当前建筑：温室
[10:37:30] [Client thread/INFO] [sim]: 找到建筑描述 暂无 在 温室
[10:37:30] [Client thread/INFO] [STDOUT]: [com.trhsy.sim.npcCode.build.BuildingBlueprint:addBuildingBlueprint:656]: 当前建筑所需方块：245
[10:37:30] [Client thread/INFO] [STDOUT]: [com.trhsy.sim.npcCode.build.BuildingBlueprint:addBuildingBlueprint:401]: 当前建筑：温室1
[10:37:30] [Client thread/INFO] [sim]: 找到建筑描述 暂无 在 温室1
[10:37:30] [Client thread/INFO] [STDOUT]: [com.trhsy.sim.npcCode.build.BuildingBlueprint:addBuildingBlueprint:656]: 当前建筑所需方块：1428
[10:37:30] [Client thread/INFO] [STDOUT]: [com.trhsy.sim.npcCode.build.BuildingBlueprint:addBuildingBlueprint:401]: 当前建筑：温室2
[10:37:30] [Client thread/INFO] [sim]: 找到建筑描述 暂无 在 温室2
[10:37:30] [Client thread/INFO] [STDOUT]: [com.trhsy.sim.npcCode.build.BuildingBlueprint:addBuildingBlueprint:656]: 当前建筑所需方块：8800
[10:37:30] [Client thread/INFO] [STDOUT]: [com.trhsy.sim.npcCode.build.BuildingBlueprint:addBuildingBlueprint:401]: 当前建筑：溜冰场
[10:37:30] [Client thread/INFO] [sim]: 找到建筑描述 暂无 在 溜冰场
[10:37:30] [Client thread/INFO] [STDOUT]: [com.trhsy.sim.npcCode.build.BuildingBlueprint:addBuildingBlueprint:656]: 当前建筑所需方块：5880
[10:37:30] [Client thread/INFO] [STDOUT]: [com.trhsy.sim.npcCode.build.BuildingBlueprint:addBuildingBlueprint:401]: 当前建筑：漂亮的马厩
[10:37:30] [Client thread/INFO] [sim]: 找到建筑描述 暂无 在 漂亮的马厩
[10:37:30] [Client thread/INFO] [STDOUT]: [com.trhsy.sim.npcCode.build.BuildingBlueprint:addBuildingBlueprint:656]: 当前建筑所需方块：4950
[10:37:30] [Client thread/INFO] [STDOUT]: [com.trhsy.sim.npcCode.build.BuildingBlueprint:addBuildingBlueprint:401]: 当前建筑：漩涡
[10:37:30] [Client thread/INFO] [sim]: 找到建筑描述 暂无 在 漩涡
[10:37:30] [Client thread/INFO] [STDOUT]: [com.trhsy.sim.npcCode.build.BuildingBlueprint:addBuildingBlueprint:656]: 当前建筑所需方块：858
[10:37:30] [Client thread/INFO] [STDOUT]: [com.trhsy.sim.npcCode.build.BuildingBlueprint:addBuildingBlueprint:401]: 当前建筑：灯塔中景风格
[10:37:30] [Client thread/INFO] [sim]: 找到建筑描述 暂无 在 灯塔中景风格
[10:37:30] [Client thread/INFO] [STDOUT]: [com.trhsy.sim.npcCode.build.BuildingBlueprint:addBuildingBlueprint:656]: 当前建筑所需方块：22218
[10:37:30] [Client thread/INFO] [STDOUT]: [com.trhsy.sim.npcCode.build.BuildingBlueprint:addBuildingBlueprint:401]: 当前建筑：热气球
[10:37:30] [Client thread/INFO] [sim]: 找到建筑描述 暂无 在 热气球
[10:37:30] [Client thread/INFO] [STDOUT]: [com.trhsy.sim.npcCode.build.BuildingBlueprint:addBuildingBlueprint:656]: 当前建筑所需方块：6776
[10:37:30] [Client thread/INFO] [STDOUT]: [com.trhsy.sim.npcCode.build.BuildingBlueprint:addBuildingBlueprint:401]: 当前建筑：熔岩井
[10:37:30] [Client thread/INFO] [sim]: 找到建筑描述 暂无 在 熔岩井
[10:37:30] [Client thread/INFO] [STDOUT]: [com.trhsy.sim.npcCode.build.BuildingBlueprint:addBuildingBlueprint:656]: 当前建筑所需方块：147
[10:37:30] [Client thread/INFO] [STDOUT]: [com.trhsy.sim.npcCode.build.BuildingBlueprint:addBuildingBlueprint:401]: 当前建筑：熔岩和水井
[10:37:30] [Client thread/INFO] [sim]: 找到建筑描述 暂无 在 熔岩和水井
[10:37:30] [Client thread/INFO] [STDOUT]: [com.trhsy.sim.npcCode.build.BuildingBlueprint:addBuildingBlueprint:656]: 当前建筑所需方块：5060
[10:37:30] [Client thread/INFO] [STDOUT]: [com.trhsy.sim.npcCode.build.BuildingBlueprint:addBuildingBlueprint:401]: 当前建筑：特拉德灯塔
[10:37:30] [Client thread/INFO] [sim]: 找到建筑描述 暂无 在 特拉德灯塔
[10:37:30] [Client thread/INFO] [STDOUT]: [com.trhsy.sim.npcCode.build.BuildingBlueprint:addBuildingBlueprint:656]: 当前建筑所需方块：13158
[10:37:30] [Client thread/INFO] [STDOUT]: [com.trhsy.sim.npcCode.build.BuildingBlueprint:addBuildingBlueprint:401]: 当前建筑：玻璃塔
[10:37:30] [Client thread/INFO] [sim]: 找到建筑描述 暂无 在 玻璃塔
[10:37:30] [Client thread/INFO] [STDOUT]: [com.trhsy.sim.npcCode.build.BuildingBlueprint:addBuildingBlueprint:656]: 当前建筑所需方块：4455
[10:37:30] [Client thread/INFO] [STDOUT]: [com.trhsy.sim.npcCode.build.BuildingBlueprint:addBuildingBlueprint:401]: 当前建筑：玻璃水喷泉
[10:37:30] [Client thread/INFO] [sim]: 找到建筑描述 暂无 在 玻璃水喷泉
[10:37:30] [Client thread/INFO] [STDOUT]: [com.trhsy.sim.npcCode.build.BuildingBlueprint:addBuildingBlueprint:656]: 当前建筑所需方块：200
[10:37:30] [Client thread/INFO] [STDOUT]: [com.trhsy.sim.npcCode.build.BuildingBlueprint:addBuildingBlueprint:401]: 当前建筑：瑞夫凉亭
[10:37:30] [Client thread/INFO] [sim]: 找到建筑描述 暂无 在 瑞夫凉亭
[10:37:30] [Client thread/INFO] [STDOUT]: [com.trhsy.sim.npcCode.build.BuildingBlueprint:addBuildingBlueprint:656]: 当前建筑所需方块：968
[10:37:30] [Client thread/INFO] [STDOUT]: [com.trhsy.sim.npcCode.build.BuildingBlueprint:addBuildingBlueprint:401]: 当前建筑：瞭望塔
[10:37:30] [Client thread/INFO] [sim]: 找到建筑描述 暂无 在 瞭望塔
[10:37:30] [Client thread/INFO] [STDOUT]: [com.trhsy.sim.npcCode.build.BuildingBlueprint:addBuildingBlueprint:656]: 当前建筑所需方块：1792
[10:37:30] [Client thread/INFO] [STDOUT]: [com.trhsy.sim.npcCode.build.BuildingBlueprint:addBuildingBlueprint:401]: 当前建筑：石铁桥
[10:37:30] [Client thread/INFO] [sim]: 找到建筑描述 暂无 在 石铁桥
[10:37:30] [Client thread/INFO] [STDOUT]: [com.trhsy.sim.npcCode.build.BuildingBlueprint:addBuildingBlueprint:656]: 当前建筑所需方块：620
[10:37:30] [Client thread/INFO] [STDOUT]: [com.trhsy.sim.npcCode.build.BuildingBlueprint:addBuildingBlueprint:401]: 当前建筑：磁链
[10:37:30] [Client thread/INFO] [sim]: 找到建筑描述 暂无 在 磁链
[10:37:30] [Client thread/INFO] [STDOUT]: [com.trhsy.sim.npcCode.build.BuildingBlueprint:addBuildingBlueprint:656]: 当前建筑所需方块：1400
[10:37:30] [Client thread/INFO] [STDOUT]: [com.trhsy.sim.npcCode.build.BuildingBlueprint:addBuildingBlueprint:401]: 当前建筑：社区游泳池
[10:37:30] [Client thread/INFO] [sim]: 找到建筑描述 暂无 在 社区游泳池
[10:37:30] [Client thread/INFO] [STDOUT]: [com.trhsy.sim.npcCode.build.BuildingBlueprint:addBuildingBlueprint:656]: 当前建筑所需方块：1152
[10:37:30] [Client thread/INFO] [STDOUT]: [com.trhsy.sim.npcCode.build.BuildingBlueprint:addBuildingBlueprint:401]: 当前建筑：禅园
[10:37:30] [Client thread/INFO] [sim]: 找到建筑描述 暂无 在 禅园
[10:37:30] [Client thread/INFO] [STDOUT]: [com.trhsy.sim.npcCode.build.BuildingBlueprint:addBuildingBlueprint:656]: 当前建筑所需方块：845
[10:37:30] [Client thread/INFO] [STDOUT]: [com.trhsy.sim.npcCode.build.BuildingBlueprint:addBuildingBlueprint:401]: 当前建筑：福格顿地段
[10:37:30] [Client thread/INFO] [sim]: 找到建筑描述 暂无 在 福格顿地段
[10:37:30] [Client thread/INFO] [STDOUT]: [com.trhsy.sim.npcCode.build.BuildingBlueprint:addBuildingBlueprint:656]: 当前建筑所需方块：500
[10:37:30] [Client thread/INFO] [STDOUT]: [com.trhsy.sim.npcCode.build.BuildingBlueprint:addBuildingBlueprint:401]: 当前建筑：穷人Sim-U-Logo
[10:37:30] [Client thread/INFO] [sim]: 找到建筑描述 暂无 在 穷人Sim-U-Logo
[10:37:30] [Client thread/INFO] [STDOUT]: [com.trhsy.sim.npcCode.build.BuildingBlueprint:addBuildingBlueprint:656]: 当前建筑所需方块：240
[10:37:30] [Client thread/INFO] [STDOUT]: [com.trhsy.sim.npcCode.build.BuildingBlueprint:addBuildingBlueprint:401]: 当前建筑：粮仓
[10:37:30] [Client thread/INFO] [sim]: 找到建筑描述 暂无 在 粮仓
[10:37:30] [Client thread/INFO] [STDOUT]: [com.trhsy.sim.npcCode.build.BuildingBlueprint:addBuildingBlueprint:656]: 当前建筑所需方块：539
[10:37:30] [Client thread/INFO] [STDOUT]: [com.trhsy.sim.npcCode.build.BuildingBlueprint:addBuildingBlueprint:401]: 当前建筑：维克兹巢穴
[10:37:30] [Client thread/INFO] [sim]: 找到建筑描述 暂无 在 维克兹巢穴
[10:37:30] [Client thread/INFO] [STDOUT]: [com.trhsy.sim.npcCode.build.BuildingBlueprint:addBuildingBlueprint:656]: 当前建筑所需方块：8000
[10:37:30] [Client thread/INFO] [STDOUT]: [com.trhsy.sim.npcCode.build.BuildingBlueprint:addBuildingBlueprint:401]: 当前建筑：羊毛仓库
[10:37:30] [Client thread/INFO] [sim]: 找到建筑描述 暂无 在 羊毛仓库
[10:37:30] [Client thread/INFO] [STDOUT]: [com.trhsy.sim.npcCode.build.BuildingBlueprint:addBuildingBlueprint:656]: 当前建筑所需方块：1344
[10:37:30] [Client thread/INFO] [STDOUT]: [com.trhsy.sim.npcCode.build.BuildingBlueprint:addBuildingBlueprint:401]: 当前建筑：自动小麦收获机
[10:37:30] [Client thread/INFO] [sim]: 找到建筑描述 暂无 在 自动小麦收获机
[10:37:30] [Client thread/INFO] [STDOUT]: [com.trhsy.sim.npcCode.build.BuildingBlueprint:addBuildingBlueprint:656]: 当前建筑所需方块：1344
[10:37:30] [Client thread/INFO] [STDOUT]: [com.trhsy.sim.npcCode.build.BuildingBlueprint:addBuildingBlueprint:401]: 当前建筑：船坞
[10:37:30] [Client thread/INFO] [sim]: 找到建筑描述 暂无 在 船坞
[10:37:30] [Client thread/INFO] [STDOUT]: [com.trhsy.sim.npcCode.build.BuildingBlueprint:addBuildingBlueprint:656]: 当前建筑所需方块：1764
[10:37:30] [Client thread/INFO] [STDOUT]: [com.trhsy.sim.npcCode.build.BuildingBlueprint:addBuildingBlueprint:401]: 当前建筑：街道中等贫民区
[10:37:30] [Client thread/INFO] [sim]: 找到建筑描述 暂无 在 街道中等贫民区
[10:37:30] [Client thread/INFO] [STDOUT]: [com.trhsy.sim.npcCode.build.BuildingBlueprint:addBuildingBlueprint:656]: 当前建筑所需方块：840
[10:37:30] [Client thread/INFO] [STDOUT]: [com.trhsy.sim.npcCode.build.BuildingBlueprint:addBuildingBlueprint:401]: 当前建筑：西部自动瓜场
[10:37:30] [Client thread/INFO] [sim]: 找到建筑描述 暂无 在 西部自动瓜场
[10:37:30] [Client thread/INFO] [STDOUT]: [com.trhsy.sim.npcCode.build.BuildingBlueprint:addBuildingBlueprint:656]: 当前建筑所需方块：3960
[10:37:30] [Client thread/INFO] [STDOUT]: [com.trhsy.sim.npcCode.build.BuildingBlueprint:addBuildingBlueprint:401]: 当前建筑：西部迷你瓜农场
[10:37:30] [Client thread/INFO] [sim]: 找到建筑描述 暂无 在 西部迷你瓜农场
[10:37:30] [Client thread/INFO] [STDOUT]: [com.trhsy.sim.npcCode.build.BuildingBlueprint:addBuildingBlueprint:656]: 当前建筑所需方块：1755
[10:37:30] [Client thread/INFO] [STDOUT]: [com.trhsy.sim.npcCode.build.BuildingBlueprint:addBuildingBlueprint:401]: 当前建筑：观景台
[10:37:30] [Client thread/INFO] [sim]: 找到建筑描述 暂无 在 观景台
[10:37:30] [Client thread/INFO] [STDOUT]: [com.trhsy.sim.npcCode.build.BuildingBlueprint:addBuildingBlueprint:656]: 当前建筑所需方块：3712
[10:37:30] [Client thread/INFO] [STDOUT]: [com.trhsy.sim.npcCode.build.BuildingBlueprint:addBuildingBlueprint:401]: 当前建筑：角
[10:37:30] [Client thread/INFO] [sim]: 找到建筑描述 暂无 在 角
[10:37:30] [Client thread/INFO] [STDOUT]: [com.trhsy.sim.npcCode.build.BuildingBlueprint:addBuildingBlueprint:656]: 当前建筑所需方块：54
[10:37:30] [Client thread/INFO] [STDOUT]: [com.trhsy.sim.npcCode.build.BuildingBlueprint:addBuildingBlueprint:401]: 当前建筑：警卫塔
[10:37:30] [Client thread/INFO] [sim]: 找到建筑描述 暂无 在 警卫塔
[10:37:30] [Client thread/INFO] [STDOUT]: [com.trhsy.sim.npcCode.build.BuildingBlueprint:addBuildingBlueprint:656]: 当前建筑所需方块：715
[10:37:30] [Client thread/INFO] [STDOUT]: [com.trhsy.sim.npcCode.build.BuildingBlueprint:addBuildingBlueprint:401]: 当前建筑：谷仓
[10:37:30] [Client thread/INFO] [sim]: 找到建筑描述 暂无 在 谷仓
[10:37:30] [Client thread/INFO] [STDOUT]: [com.trhsy.sim.npcCode.build.BuildingBlueprint:addBuildingBlueprint:656]: 当前建筑所需方块：1232
[10:37:30] [Client thread/INFO] [STDOUT]: [com.trhsy.sim.npcCode.build.BuildingBlueprint:addBuildingBlueprint:401]: 当前建筑：路灯
[10:37:30] [Client thread/INFO] [sim]: 找到建筑描述 暂无 在 路灯
[10:37:30] [Client thread/INFO] [STDOUT]: [com.trhsy.sim.npcCode.build.BuildingBlueprint:addBuildingBlueprint:656]: 当前建筑所需方块：15
[10:37:30] [Client thread/INFO] [STDOUT]: [com.trhsy.sim.npcCode.build.BuildingBlueprint:addBuildingBlueprint:401]: 当前建筑：轻便海滩
[10:37:30] [Client thread/INFO] [sim]: 找到建筑描述 暂无 在 轻便海滩
[10:37:30] [Client thread/INFO] [STDOUT]: [com.trhsy.sim.npcCode.build.BuildingBlueprint:addBuildingBlueprint:656]: 当前建筑所需方块：240
[10:37:30] [Client thread/INFO] [STDOUT]: [com.trhsy.sim.npcCode.build.BuildingBlueprint:addBuildingBlueprint:401]: 当前建筑：道路围堵装置
[10:37:30] [Client thread/INFO] [sim]: 找到建筑描述 暂无 在 道路围堵装置
[10:37:30] [Client thread/INFO] [STDOUT]: [com.trhsy.sim.npcCode.build.BuildingBlueprint:addBuildingBlueprint:656]: 当前建筑所需方块：975
[10:37:30] [Client thread/INFO] [STDOUT]: [com.trhsy.sim.npcCode.build.BuildingBlueprint:addBuildingBlueprint:401]: 当前建筑：郊区牧场
[10:37:30] [Client thread/INFO] [sim]: 找到建筑描述 暂无 在 郊区牧场
[10:37:30] [Client thread/INFO] [STDOUT]: [com.trhsy.sim.npcCode.build.BuildingBlueprint:addBuildingBlueprint:656]: 当前建筑所需方块：864
[10:37:30] [Client thread/INFO] [STDOUT]: [com.trhsy.sim.npcCode.build.BuildingBlueprint:addBuildingBlueprint:401]: 当前建筑：钓鱼角
[10:37:30] [Client thread/INFO] [sim]: 找到建筑描述 暂无 在 钓鱼角
[10:37:30] [Client thread/INFO] [STDOUT]: [com.trhsy.sim.npcCode.build.BuildingBlueprint:addBuildingBlueprint:656]: 当前建筑所需方块：735
[10:37:30] [Client thread/INFO] [STDOUT]: [com.trhsy.sim.npcCode.build.BuildingBlueprint:addBuildingBlueprint:401]: 当前建筑：铁路中动力
[10:37:30] [Client thread/INFO] [sim]: 找到建筑描述 暂无 在 铁路中动力
[10:37:30] [Client thread/INFO] [STDOUT]: [com.trhsy.sim.npcCode.build.BuildingBlueprint:addBuildingBlueprint:656]: 当前建筑所需方块：180
[10:37:30] [Client thread/INFO] [STDOUT]: [com.trhsy.sim.npcCode.build.BuildingBlueprint:addBuildingBlueprint:401]: 当前建筑：铁路中段
[10:37:30] [Client thread/INFO] [sim]: 找到建筑描述 暂无 在 铁路中段
[10:37:30] [Client thread/INFO] [STDOUT]: [com.trhsy.sim.npcCode.build.BuildingBlueprint:addBuildingBlueprint:656]: 当前建筑所需方块：180
[10:37:30] [Client thread/INFO] [STDOUT]: [com.trhsy.sim.npcCode.build.BuildingBlueprint:addBuildingBlueprint:401]: 当前建筑：铁路入口匝道
[10:37:30] [Client thread/INFO] [sim]: 找到建筑描述 暂无 在 铁路入口匝道
[10:37:30] [Client thread/INFO] [STDOUT]: [com.trhsy.sim.npcCode.build.BuildingBlueprint:addBuildingBlueprint:656]: 当前建筑所需方块：936
[10:37:30] [Client thread/INFO] [STDOUT]: [com.trhsy.sim.npcCode.build.BuildingBlueprint:addBuildingBlueprint:401]: 当前建筑：铁路出口匝道
[10:37:30] [Client thread/INFO] [sim]: 找到建筑描述 暂无 在 铁路出口匝道
[10:37:30] [Client thread/INFO] [STDOUT]: [com.trhsy.sim.npcCode.build.BuildingBlueprint:addBuildingBlueprint:656]: 当前建筑所需方块：936
[10:37:30] [Client thread/INFO] [STDOUT]: [com.trhsy.sim.npcCode.build.BuildingBlueprint:addBuildingBlueprint:401]: 当前建筑：铁路右转
[10:37:30] [Client thread/INFO] [sim]: 找到建筑描述 暂无 在 铁路右转
[10:37:30] [Client thread/INFO] [STDOUT]: [com.trhsy.sim.npcCode.build.BuildingBlueprint:addBuildingBlueprint:656]: 当前建筑所需方块：150
[10:37:30] [Client thread/INFO] [STDOUT]: [com.trhsy.sim.npcCode.build.BuildingBlueprint:addBuildingBlueprint:401]: 当前建筑：铁路左转
[10:37:30] [Client thread/INFO] [sim]: 找到建筑描述 暂无 在 铁路左转
[10:37:30] [Client thread/INFO] [STDOUT]: [com.trhsy.sim.npcCode.build.BuildingBlueprint:addBuildingBlueprint:656]: 当前建筑所需方块：150
[10:37:30] [Client thread/INFO] [STDOUT]: [com.trhsy.sim.npcCode.build.BuildingBlueprint:addBuildingBlueprint:401]: 当前建筑：铁路短动力
[10:37:30] [Client thread/INFO] [sim]: 找到建筑描述 暂无 在 铁路短动力
[10:37:30] [Client thread/INFO] [STDOUT]: [com.trhsy.sim.npcCode.build.BuildingBlueprint:addBuildingBlueprint:656]: 当前建筑所需方块：105
[10:37:30] [Client thread/INFO] [STDOUT]: [com.trhsy.sim.npcCode.build.BuildingBlueprint:addBuildingBlueprint:401]: 当前建筑：铁路短段
[10:37:30] [Client thread/INFO] [sim]: 找到建筑描述 暂无 在 铁路短段
[10:37:30] [Client thread/INFO] [STDOUT]: [com.trhsy.sim.npcCode.build.BuildingBlueprint:addBuildingBlueprint:656]: 当前建筑所需方块：105
[10:37:30] [Client thread/INFO] [STDOUT]: [com.trhsy.sim.npcCode.build.BuildingBlueprint:addBuildingBlueprint:401]: 当前建筑：铁路长动力
[10:37:30] [Client thread/INFO] [sim]: 找到建筑描述 暂无 在 铁路长动力
[10:37:30] [Client thread/INFO] [STDOUT]: [com.trhsy.sim.npcCode.build.BuildingBlueprint:addBuildingBlueprint:656]: 当前建筑所需方块：255
[10:37:30] [Client thread/INFO] [STDOUT]: [com.trhsy.sim.npcCode.build.BuildingBlueprint:addBuildingBlueprint:401]: 当前建筑：铁路长段
[10:37:30] [Client thread/INFO] [sim]: 找到建筑描述 暂无 在 铁路长段
[10:37:30] [Client thread/INFO] [STDOUT]: [com.trhsy.sim.npcCode.build.BuildingBlueprint:addBuildingBlueprint:656]: 当前建筑所需方块：255
[10:37:30] [Client thread/INFO] [STDOUT]: [com.trhsy.sim.npcCode.build.BuildingBlueprint:addBuildingBlueprint:401]: 当前建筑：雷区
[10:37:30] [Client thread/INFO] [sim]: 找到建筑描述 暂无 在 雷区
[10:37:30] [Client thread/INFO] [STDOUT]: [com.trhsy.sim.npcCode.build.BuildingBlueprint:addBuildingBlueprint:656]: 当前建筑所需方块：3060
[10:37:30] [Client thread/INFO] [STDOUT]: [com.trhsy.sim.npcCode.build.BuildingBlueprint:addBuildingBlueprint:401]: 当前建筑：马厩
[10:37:30] [Client thread/INFO] [sim]: 找到建筑描述 暂无 在 马厩
[10:37:30] [Client thread/INFO] [STDOUT]: [com.trhsy.sim.npcCode.build.BuildingBlueprint:addBuildingBlueprint:656]: 当前建筑所需方块：3179
[10:37:30] [Client thread/INFO] [STDOUT]: [com.trhsy.sim.npcCode.build.BuildingBlueprint:addBuildingBlueprint:401]: 当前建筑：高级附魔台
[10:37:30] [Client thread/INFO] [sim]: 找到建筑描述 暂无 在 高级附魔台
[10:37:30] [Client thread/INFO] [STDOUT]: [com.trhsy.sim.npcCode.build.BuildingBlueprint:addBuildingBlueprint:656]: 当前建筑所需方块：567
[10:37:30] [Client thread/INFO] [STDOUT]: [com.trhsy.sim.npcCode.build.BuildingBlueprint:addBuildingBlueprint:401]: 当前建筑：鹅卵石农场
[10:37:30] [Client thread/INFO] [sim]: 找到建筑描述 暂无 在 鹅卵石农场
[10:37:30] [Client thread/INFO] [STDOUT]: [com.trhsy.sim.npcCode.build.BuildingBlueprint:addBuildingBlueprint:656]: 当前建筑所需方块：396
[10:37:30] [Client thread/INFO] [STDOUT]: [com.trhsy.sim.npcCode.build.BuildingBlueprint:addBuildingBlueprint:401]: 当前建筑：鹅卵石发电机
[10:37:30] [Client thread/INFO] [sim]: 找到建筑描述 暂无 在 鹅卵石发电机
[10:37:30] [Client thread/INFO] [STDOUT]: [com.trhsy.sim.npcCode.build.BuildingBlueprint:addBuildingBlueprint:656]: 当前建筑所需方块：567
[10:37:30] [Client thread/INFO] [STDOUT]: [com.trhsy.sim.npcCode.build.BuildingBlueprint:addBuildingBlueprint:401]: 当前建筑：鹅卵石火炬
[10:37:30] [Client thread/INFO] [sim]: 找到建筑描述 暂无 在 鹅卵石火炬
[10:37:30] [Client thread/INFO] [STDOUT]: [com.trhsy.sim.npcCode.build.BuildingBlueprint:addBuildingBlueprint:656]: 当前建筑所需方块：36
[10:37:30] [Client thread/INFO] [STDOUT]: [com.trhsy.sim.npcCode.build.BuildingBlueprint:addBuildingBlueprint:401]: 当前建筑：16 单元
[10:37:30] [Client thread/INFO] [sim]: 找到建筑描述 暂无 在 16 单元
[10:37:30] [Client thread/INFO] [STDOUT]: [com.trhsy.sim.npcCode.build.BuildingBlueprint:addBuildingBlueprint:656]: 当前建筑所需方块：5460
[10:37:30] [Client thread/INFO] [STDOUT]: [com.trhsy.sim.npcCode.build.BuildingBlueprint:addBuildingBlueprint:401]: 当前建筑：1单元牢房
[10:37:30] [Client thread/INFO] [sim]: 找到建筑描述 由铁栏杆组成的简易牢房 在 1单元牢房
[10:37:30] [Client thread/INFO] [STDOUT]: [com.trhsy.sim.npcCode.build.BuildingBlueprint:addBuildingBlueprint:656]: 当前建筑所需方块：90
[10:37:30] [Client thread/INFO] [STDOUT]: [com.trhsy.sim.npcCode.build.BuildingBlueprint:addBuildingBlueprint:401]: 当前建筑：1单元监狱
[10:37:30] [Client thread/INFO] [sim]: 找到建筑描述 暂无 在 1单元监狱
[10:37:30] [Client thread/INFO] [STDOUT]: [com.trhsy.sim.npcCode.build.BuildingBlueprint:addBuildingBlueprint:656]: 当前建筑所需方块：945
[10:37:30] [Client thread/INFO] [STDOUT]: [com.trhsy.sim.npcCode.build.BuildingBlueprint:addBuildingBlueprint:401]: 当前建筑：3层沙楼
[10:37:30] [Client thread/INFO] [sim]: 找到建筑描述 暂无 在 3层沙楼
[10:37:30] [Client thread/INFO] [STDOUT]: [com.trhsy.sim.npcCode.build.BuildingBlueprint:addBuildingBlueprint:656]: 当前建筑所需方块：704
[10:37:30] [Client thread/INFO] [STDOUT]: [com.trhsy.sim.npcCode.build.BuildingBlueprint:addBuildingBlueprint:401]: 当前建筑：4 公寓
[10:37:30] [Client thread/INFO] [sim]: 找到建筑描述 暂无 在 4 公寓
[10:37:30] [Client thread/INFO] [STDOUT]: [com.trhsy.sim.npcCode.build.BuildingBlueprint:addBuildingBlueprint:656]: 当前建筑所需方块：1792
[10:37:30] [Client thread/INFO] [STDOUT]: [com.trhsy.sim.npcCode.build.BuildingBlueprint:addBuildingBlueprint:401]: 当前建筑：4 单元
[10:37:30] [Client thread/INFO] [sim]: 找到建筑描述 暂无 在 4 单元
[10:37:30] [Client thread/INFO] [STDOUT]: [com.trhsy.sim.npcCode.build.BuildingBlueprint:addBuildingBlueprint:656]: 当前建筑所需方块：2205
[10:37:30] [Client thread/INFO] [STDOUT]: [com.trhsy.sim.npcCode.build.BuildingBlueprint:addBuildingBlueprint:401]: 当前建筑：8 单元
[10:37:30] [Client thread/INFO] [sim]: 找到建筑描述 暂无 在 8 单元
[10:37:30] [Client thread/INFO] [STDOUT]: [com.trhsy.sim.npcCode.build.BuildingBlueprint:addBuildingBlueprint:656]: 当前建筑所需方块：3150
[10:37:30] [Client thread/INFO] [STDOUT]: [com.trhsy.sim.npcCode.build.BuildingBlueprint:addBuildingBlueprint:401]: 当前建筑：一室一厅
[10:37:30] [Client thread/INFO] [sim]: 找到建筑描述 暂无 在 一室一厅
[10:37:30] [Client thread/INFO] [STDOUT]: [com.trhsy.sim.npcCode.build.BuildingBlueprint:addBuildingBlueprint:656]: 当前建筑所需方块：480
[10:37:30] [Client thread/INFO] [STDOUT]: [com.trhsy.sim.npcCode.build.BuildingBlueprint:addBuildingBlueprint:401]: 当前建筑：三层别墅
[10:37:30] [Client thread/INFO] [sim]: 找到建筑描述 暂无 在 三层别墅
[10:37:30] [Client thread/INFO] [STDOUT]: [com.trhsy.sim.npcCode.build.BuildingBlueprint:addBuildingBlueprint:656]: 当前建筑所需方块：2475
[10:37:30] [Client thread/INFO] [STDOUT]: [com.trhsy.sim.npcCode.build.BuildingBlueprint:addBuildingBlueprint:401]: 当前建筑：世贸中心v1
[10:37:30] [Client thread/INFO] [sim]: 找到建筑描述 暂无 在 世贸中心v1
[10:37:30] [Client thread/INFO] [STDOUT]: [com.trhsy.sim.npcCode.build.BuildingBlueprint:addBuildingBlueprint:656]: 当前建筑所需方块：1421
[10:37:30] [Client thread/INFO] [STDOUT]: [com.trhsy.sim.npcCode.build.BuildingBlueprint:addBuildingBlueprint:401]: 当前建筑：世贸中心v2
[10:37:30] [Client thread/INFO] [sim]: 找到建筑描述 暂无 在 世贸中心v2
[10:37:31] [Client thread/INFO] [STDOUT]: [com.trhsy.sim.npcCode.build.BuildingBlueprint:addBuildingBlueprint:656]: 当前建筑所需方块：182900
[10:37:31] [Client thread/INFO] [STDOUT]: [com.trhsy.sim.npcCode.build.BuildingBlueprint:addBuildingBlueprint:401]: 当前建筑：东都铎大厦
[10:37:31] [Client thread/INFO] [sim]: 找到建筑描述 暂无 在 东都铎大厦
[10:37:31] [Client thread/INFO] [STDOUT]: [com.trhsy.sim.npcCode.build.BuildingBlueprint:addBuildingBlueprint:656]: 当前建筑所需方块：4284
[10:37:31] [Client thread/INFO] [STDOUT]: [com.trhsy.sim.npcCode.build.BuildingBlueprint:addBuildingBlueprint:401]: 当前建筑：两层公寓
[10:37:31] [Client thread/INFO] [sim]: 找到建筑描述 暂无 在 两层公寓
[10:37:31] [Client thread/INFO] [STDOUT]: [com.trhsy.sim.npcCode.build.BuildingBlueprint:addBuildingBlueprint:656]: 当前建筑所需方块：945
[10:37:31] [Client thread/INFO] [STDOUT]: [com.trhsy.sim.npcCode.build.BuildingBlueprint:addBuildingBlueprint:401]: 当前建筑：两层地堡
[10:37:31] [Client thread/INFO] [sim]: 找到建筑描述 暂无 在 两层地堡
[10:37:31] [Client thread/INFO] [STDOUT]: [com.trhsy.sim.npcCode.build.BuildingBlueprint:addBuildingBlueprint:656]: 当前建筑所需方块：1521
[10:37:31] [Client thread/INFO] [STDOUT]: [com.trhsy.sim.npcCode.build.BuildingBlueprint:addBuildingBlueprint:401]: 当前建筑：两层大房子
[10:37:31] [Client thread/INFO] [sim]: 找到建筑描述 暂无 在 两层大房子
[10:37:31] [Client thread/INFO] [STDOUT]: [com.trhsy.sim.npcCode.build.BuildingBlueprint:addBuildingBlueprint:656]: 当前建筑所需方块：960
[10:37:31] [Client thread/INFO] [STDOUT]: [com.trhsy.sim.npcCode.build.BuildingBlueprint:addBuildingBlueprint:401]: 当前建筑：两层楼
[10:37:31] [Client thread/INFO] [sim]: 找到建筑描述 暂无 在 两层楼
[10:37:31] [Client thread/INFO] [STDOUT]: [com.trhsy.sim.npcCode.build.BuildingBlueprint:addBuildingBlueprint:656]: 当前建筑所需方块：420
[10:37:31] [Client thread/INFO] [STDOUT]: [com.trhsy.sim.npcCode.build.BuildingBlueprint:addBuildingBlueprint:401]: 当前建筑：两层砖房
[10:37:31] [Client thread/INFO] [sim]: 找到建筑描述 暂无 在 两层砖房
[10:37:31] [Client thread/INFO] [STDOUT]: [com.trhsy.sim.npcCode.build.BuildingBlueprint:addBuildingBlueprint:656]: 当前建筑所需方块：896
[10:37:31] [Client thread/INFO] [STDOUT]: [com.trhsy.sim.npcCode.build.BuildingBlueprint:addBuildingBlueprint:401]: 当前建筑：中世纪住宅
[10:37:31] [Client thread/INFO] [sim]: 找到建筑描述 暂无 在 中世纪住宅
[10:37:31] [Client thread/INFO] [STDOUT]: [com.trhsy.sim.npcCode.build.BuildingBlueprint:addBuildingBlueprint:656]: 当前建筑所需方块：392
[10:37:31] [Client thread/INFO] [STDOUT]: [com.trhsy.sim.npcCode.build.BuildingBlueprint:addBuildingBlueprint:401]: 当前建筑：中世纪木屋
[10:37:31] [Client thread/INFO] [sim]: 找到建筑描述 暂无 在 中世纪木屋
[10:37:31] [Client thread/INFO] [STDOUT]: [com.trhsy.sim.npcCode.build.BuildingBlueprint:addBuildingBlueprint:656]: 当前建筑所需方块：648
[10:37:31] [Client thread/INFO] [STDOUT]: [com.trhsy.sim.npcCode.build.BuildingBlueprint:addBuildingBlueprint:401]: 当前建筑：中世纪酒店
[10:37:31] [Client thread/INFO] [sim]: 找到建筑描述 暂无 在 中世纪酒店
[10:37:31] [Client thread/INFO] [STDOUT]: [com.trhsy.sim.npcCode.build.BuildingBlueprint:addBuildingBlueprint:656]: 当前建筑所需方块：6859
[10:37:31] [Client thread/INFO] [STDOUT]: [com.trhsy.sim.npcCode.build.BuildingBlueprint:addBuildingBlueprint:401]: 当前建筑：中型农舍
[10:37:31] [Client thread/INFO] [sim]: 找到建筑描述 暂无 在 中型农舍
[10:37:31] [Client thread/INFO] [STDOUT]: [com.trhsy.sim.npcCode.build.BuildingBlueprint:addBuildingBlueprint:656]: 当前建筑所需方块：990
[10:37:31] [Client thread/INFO] [STDOUT]: [com.trhsy.sim.npcCode.build.BuildingBlueprint:addBuildingBlueprint:401]: 当前建筑：中型土坯房
[10:37:31] [Client thread/INFO] [sim]: 找到建筑描述 暂无 在 中型土坯房
[10:37:31] [Client thread/INFO] [STDOUT]: [com.trhsy.sim.npcCode.build.BuildingBlueprint:addBuildingBlueprint:656]: 当前建筑所需方块：225
[10:37:31] [Client thread/INFO] [STDOUT]: [com.trhsy.sim.npcCode.build.BuildingBlueprint:addBuildingBlueprint:401]: 当前建筑：中庭酒店
[10:37:31] [Client thread/INFO] [sim]: 找到建筑描述 暂无 在 中庭酒店
[10:37:31] [Client thread/INFO] [STDOUT]: [com.trhsy.sim.npcCode.build.BuildingBlueprint:addBuildingBlueprint:656]: 当前建筑所需方块：448
[10:37:31] [Client thread/INFO] [STDOUT]: [com.trhsy.sim.npcCode.build.BuildingBlueprint:addBuildingBlueprint:401]: 当前建筑：乡村别墅
[10:37:31] [Client thread/INFO] [sim]: 找到建筑描述 暂无 在 乡村别墅
[10:37:31] [Client thread/INFO] [STDOUT]: [com.trhsy.sim.npcCode.build.BuildingBlueprint:addBuildingBlueprint:656]: 当前建筑所需方块：756
[10:37:31] [Client thread/INFO] [STDOUT]: [com.trhsy.sim.npcCode.build.BuildingBlueprint:addBuildingBlueprint:401]: 当前建筑：乡村图书屋
[10:37:31] [Client thread/INFO] [sim]: 找到建筑描述 暂无 在 乡村图书屋
[10:37:31] [Client thread/INFO] [STDOUT]: [com.trhsy.sim.npcCode.build.BuildingBlueprint:addBuildingBlueprint:656]: 当前建筑所需方块：648
[10:37:31] [Client thread/INFO] [STDOUT]: [com.trhsy.sim.npcCode.build.BuildingBlueprint:addBuildingBlueprint:401]: 当前建筑：伐木工人之家
[10:37:31] [Client thread/INFO] [sim]: 找到建筑描述 暂无 在 伐木工人之家
[10:37:31] [Client thread/INFO] [STDOUT]: [com.trhsy.sim.npcCode.build.BuildingBlueprint:addBuildingBlueprint:656]: 当前建筑所需方块：1680
[10:37:31] [Client thread/INFO] [STDOUT]: [com.trhsy.sim.npcCode.build.BuildingBlueprint:addBuildingBlueprint:401]: 当前建筑：公寓
[10:37:31] [Client thread/INFO] [sim]: 找到建筑描述 暂无 在 公寓
[10:37:31] [Client thread/INFO] [STDOUT]: [com.trhsy.sim.npcCode.build.BuildingBlueprint:addBuildingBlueprint:656]: 当前建筑所需方块：405
[10:37:31] [Client thread/INFO] [STDOUT]: [com.trhsy.sim.npcCode.build.BuildingBlueprint:addBuildingBlueprint:401]: 当前建筑：公寓A
[10:37:31] [Client thread/INFO] [sim]: 找到建筑描述 暂无 在 公寓A
[10:37:31] [Client thread/INFO] [STDOUT]: [com.trhsy.sim.npcCode.build.BuildingBlueprint:addBuildingBlueprint:656]: 当前建筑所需方块：405
[10:37:31] [Client thread/INFO] [STDOUT]: [com.trhsy.sim.npcCode.build.BuildingBlueprint:addBuildingBlueprint:401]: 当前建筑：公寓B
[10:37:31] [Client thread/INFO] [sim]: 找到建筑描述 暂无 在 公寓B
[10:37:31] [Client thread/INFO] [STDOUT]: [com.trhsy.sim.npcCode.build.BuildingBlueprint:addBuildingBlueprint:656]: 当前建筑所需方块：405
[10:37:31] [Client thread/INFO] [STDOUT]: [com.trhsy.sim.npcCode.build.BuildingBlueprint:addBuildingBlueprint:401]: 当前建筑：公寓C
[10:37:31] [Client thread/INFO] [sim]: 找到建筑描述 暂无 在 公寓C
[10:37:31] [Client thread/INFO] [STDOUT]: [com.trhsy.sim.npcCode.build.BuildingBlueprint:addBuildingBlueprint:656]: 当前建筑所需方块：405
[10:37:31] [Client thread/INFO] [STDOUT]: [com.trhsy.sim.npcCode.build.BuildingBlueprint:addBuildingBlueprint:401]: 当前建筑：公寓D
[10:37:31] [Client thread/INFO] [sim]: 找到建筑描述 暂无 在 公寓D
[10:37:31] [Client thread/INFO] [STDOUT]: [com.trhsy.sim.npcCode.build.BuildingBlueprint:addBuildingBlueprint:656]: 当前建筑所需方块：280
[10:37:31] [Client thread/INFO] [STDOUT]: [com.trhsy.sim.npcCode.build.BuildingBlueprint:addBuildingBlueprint:401]: 当前建筑：公寓F
[10:37:31] [Client thread/INFO] [sim]: 找到建筑描述 暂无 在 公寓F
[10:37:31] [Client thread/INFO] [STDOUT]: [com.trhsy.sim.npcCode.build.BuildingBlueprint:addBuildingBlueprint:656]: 当前建筑所需方块：405
[10:37:31] [Client thread/INFO] [STDOUT]: [com.trhsy.sim.npcCode.build.BuildingBlueprint:addBuildingBlueprint:401]: 当前建筑：公馆 1
[10:37:31] [Client thread/INFO] [sim]: 找到建筑描述 暂无 在 公馆 1
[10:37:31] [Client thread/INFO] [STDOUT]: [com.trhsy.sim.npcCode.build.BuildingBlueprint:addBuildingBlueprint:656]: 当前建筑所需方块：2912
[10:37:31] [Client thread/INFO] [STDOUT]: [com.trhsy.sim.npcCode.build.BuildingBlueprint:addBuildingBlueprint:401]: 当前建筑：冥府
[10:37:31] [Client thread/INFO] [sim]: 找到建筑描述 暂无 在 冥府
[10:37:31] [Client thread/INFO] [STDOUT]: [com.trhsy.sim.npcCode.build.BuildingBlueprint:addBuildingBlueprint:656]: 当前建筑所需方块：5236
[10:37:31] [Client thread/INFO] [STDOUT]: [com.trhsy.sim.npcCode.build.BuildingBlueprint:addBuildingBlueprint:401]: 当前建筑：冰屋
[10:37:31] [Client thread/INFO] [sim]: 找到建筑描述 暂无 在 冰屋
[10:37:31] [Client thread/INFO] [STDOUT]: [com.trhsy.sim.npcCode.build.BuildingBlueprint:addBuildingBlueprint:656]: 当前建筑所需方块：975
[10:37:31] [Client thread/INFO] [STDOUT]: [com.trhsy.sim.npcCode.build.BuildingBlueprint:addBuildingBlueprint:401]: 当前建筑：别墅 A
[10:37:31] [Client thread/INFO] [sim]: 找到建筑描述 暂无 在 别墅 A
[10:37:31] [Client thread/INFO] [STDOUT]: [com.trhsy.sim.npcCode.build.BuildingBlueprint:addBuildingBlueprint:656]: 当前建筑所需方块：540
[10:37:31] [Client thread/INFO] [STDOUT]: [com.trhsy.sim.npcCode.build.BuildingBlueprint:addBuildingBlueprint:401]: 当前建筑：别墅 B
[10:37:31] [Client thread/INFO] [sim]: 找到建筑描述 暂无 在 别墅 B
[10:37:31] [Client thread/INFO] [STDOUT]: [com.trhsy.sim.npcCode.build.BuildingBlueprint:addBuildingBlueprint:656]: 当前建筑所需方块：540
[10:37:31] [Client thread/INFO] [STDOUT]: [com.trhsy.sim.npcCode.build.BuildingBlueprint:addBuildingBlueprint:401]: 当前建筑：别墅 C
[10:37:31] [Client thread/INFO] [sim]: 找到建筑描述 暂无 在 别墅 C
[10:37:31] [Client thread/INFO] [STDOUT]: [com.trhsy.sim.npcCode.build.BuildingBlueprint:addBuildingBlueprint:656]: 当前建筑所需方块：756
[10:37:31] [Client thread/INFO] [STDOUT]: [com.trhsy.sim.npcCode.build.BuildingBlueprint:addBuildingBlueprint:401]: 当前建筑：别墅 D
[10:37:31] [Client thread/INFO] [sim]: 找到建筑描述 暂无 在 别墅 D
[10:37:31] [Client thread/INFO] [STDOUT]: [com.trhsy.sim.npcCode.build.BuildingBlueprint:addBuildingBlueprint:656]: 当前建筑所需方块：540
[10:37:31] [Client thread/INFO] [STDOUT]: [com.trhsy.sim.npcCode.build.BuildingBlueprint:addBuildingBlueprint:401]: 当前建筑：办公大楼
[10:37:31] [Client thread/INFO] [sim]: 找到建筑描述 暂无 在 办公大楼
[10:37:31] [Client thread/INFO] [STDOUT]: [com.trhsy.sim.npcCode.build.BuildingBlueprint:addBuildingBlueprint:656]: 当前建筑所需方块：10976
[10:37:31] [Client thread/INFO] [STDOUT]: [com.trhsy.sim.npcCode.build.BuildingBlueprint:addBuildingBlueprint:401]: 当前建筑：北方寺院
[10:37:31] [Client thread/INFO] [sim]: 找到建筑描述 暂无 在 北方寺院
[10:37:31] [Client thread/INFO] [STDOUT]: [com.trhsy.sim.npcCode.build.BuildingBlueprint:addBuildingBlueprint:656]: 当前建筑所需方块：355347
[10:37:31] [Client thread/INFO] [STDOUT]: [com.trhsy.sim.npcCode.build.BuildingBlueprint:addBuildingBlueprint:401]: 当前建筑：北方度假酒店
[10:37:31] [Client thread/INFO] [sim]: 找到建筑描述 暂无 在 北方度假酒店
[10:37:31] [Client thread/INFO] [STDOUT]: [com.trhsy.sim.npcCode.build.BuildingBlueprint:addBuildingBlueprint:656]: 当前建筑所需方块：43560
[10:37:31] [Client thread/INFO] [STDOUT]: [com.trhsy.sim.npcCode.build.BuildingBlueprint:addBuildingBlueprint:401]: 当前建筑：北欧大别墅(木)
[10:37:31] [Client thread/INFO] [sim]: 找到建筑描述 暂无 在 北欧大别墅(木)
[10:37:31] [Client thread/INFO] [STDOUT]: [com.trhsy.sim.npcCode.build.BuildingBlueprint:addBuildingBlueprint:656]: 当前建筑所需方块：31280
[10:37:31] [Client thread/INFO] [STDOUT]: [com.trhsy.sim.npcCode.build.BuildingBlueprint:addBuildingBlueprint:401]: 当前建筑：北欧大别墅(石)
[10:37:31] [Client thread/INFO] [sim]: 找到建筑描述 暂无 在 北欧大别墅(石)
[10:37:31] [Client thread/INFO] [STDOUT]: [com.trhsy.sim.npcCode.build.BuildingBlueprint:addBuildingBlueprint:656]: 当前建筑所需方块：9975
[10:37:31] [Client thread/INFO] [STDOUT]: [com.trhsy.sim.npcCode.build.BuildingBlueprint:addBuildingBlueprint:401]: 当前建筑：北欧小别墅
[10:37:31] [Client thread/INFO] [sim]: 找到建筑描述 暂无 在 北欧小别墅
[10:37:31] [Client thread/INFO] [STDOUT]: [com.trhsy.sim.npcCode.build.BuildingBlueprint:addBuildingBlueprint:656]: 当前建筑所需方块：4750
[10:37:31] [Client thread/INFO] [STDOUT]: [com.trhsy.sim.npcCode.build.BuildingBlueprint:addBuildingBlueprint:401]: 当前建筑：北欧石楼
[10:37:31] [Client thread/INFO] [sim]: 找到建筑描述 暂无 在 北欧石楼
[10:37:31] [Client thread/INFO] [STDOUT]: [com.trhsy.sim.npcCode.build.BuildingBlueprint:addBuildingBlueprint:656]: 当前建筑所需方块：891
[10:37:31] [Client thread/INFO] [STDOUT]: [com.trhsy.sim.npcCode.build.BuildingBlueprint:addBuildingBlueprint:401]: 当前建筑：北欧风小屋
[10:37:31] [Client thread/INFO] [sim]: 找到建筑描述 暂无 在 北欧风小屋
[10:37:31] [Client thread/INFO] [STDOUT]: [com.trhsy.sim.npcCode.build.BuildingBlueprint:addBuildingBlueprint:656]: 当前建筑所需方块：567
[10:37:31] [Client thread/INFO] [STDOUT]: [com.trhsy.sim.npcCode.build.BuildingBlueprint:addBuildingBlueprint:401]: 当前建筑：古雅的小屋
[10:37:31] [Client thread/INFO] [sim]: 找到建筑描述 暂无 在 古雅的小屋
[10:37:31] [Client thread/INFO] [STDOUT]: [com.trhsy.sim.npcCode.build.BuildingBlueprint:addBuildingBlueprint:656]: 当前建筑所需方块：210
[10:37:31] [Client thread/INFO] [STDOUT]: [com.trhsy.sim.npcCode.build.BuildingBlueprint:addBuildingBlueprint:401]: 当前建筑：可堆叠木屋
[10:37:31] [Client thread/INFO] [sim]: 找到建筑描述 暂无 在 可堆叠木屋
[10:37:31] [Client thread/INFO] [STDOUT]: [com.trhsy.sim.npcCode.build.BuildingBlueprint:addBuildingBlueprint:656]: 当前建筑所需方块：1200
[10:37:31] [Client thread/INFO] [STDOUT]: [com.trhsy.sim.npcCode.build.BuildingBlueprint:addBuildingBlueprint:401]: 当前建筑：可爱家庭旅馆
[10:37:31] [Client thread/INFO] [sim]: 找到建筑描述 暂无 在 可爱家庭旅馆
[10:37:31] [Client thread/INFO] [STDOUT]: [com.trhsy.sim.npcCode.build.BuildingBlueprint:addBuildingBlueprint:656]: 当前建筑所需方块：440
[10:37:31] [Client thread/INFO] [STDOUT]: [com.trhsy.sim.npcCode.build.BuildingBlueprint:addBuildingBlueprint:401]: 当前建筑：可爱的小屋
[10:37:31] [Client thread/INFO] [sim]: 找到建筑描述 暂无 在 可爱的小屋
[10:37:31] [Client thread/INFO] [STDOUT]: [com.trhsy.sim.npcCode.build.BuildingBlueprint:addBuildingBlueprint:656]: 当前建筑所需方块：180
[10:37:31] [Client thread/INFO] [STDOUT]: [com.trhsy.sim.npcCode.build.BuildingBlueprint:addBuildingBlueprint:401]: 当前建筑：史诗之家
[10:37:31] [Client thread/INFO] [sim]: 找到建筑描述 暂无 在 史诗之家
[10:37:31] [Client thread/INFO] [STDOUT]: [com.trhsy.sim.npcCode.build.BuildingBlueprint:addBuildingBlueprint:656]: 当前建筑所需方块：726
[10:37:31] [Client thread/INFO] [STDOUT]: [com.trhsy.sim.npcCode.build.BuildingBlueprint:addBuildingBlueprint:401]: 当前建筑：启示录庇护所
[10:37:31] [Client thread/INFO] [sim]: 找到建筑描述 暂无 在 启示录庇护所
[10:37:31] [Client thread/INFO] [STDOUT]: [com.trhsy.sim.npcCode.build.BuildingBlueprint:addBuildingBlueprint:656]: 当前建筑所需方块：150
[10:37:31] [Client thread/INFO] [STDOUT]: [com.trhsy.sim.npcCode.build.BuildingBlueprint:addBuildingBlueprint:401]: 当前建筑：地下室
[10:37:31] [Client thread/INFO] [sim]: 找到建筑描述 暂无 在 地下室
[10:37:31] [Client thread/INFO] [STDOUT]: [com.trhsy.sim.npcCode.build.BuildingBlueprint:addBuildingBlueprint:656]: 当前建筑所需方块：2880
[10:37:31] [Client thread/INFO] [STDOUT]: [com.trhsy.sim.npcCode.build.BuildingBlueprint:addBuildingBlueprint:401]: 当前建筑：地狱汽车旅馆
[10:37:31] [Client thread/INFO] [sim]: 找到建筑描述 暂无 在 地狱汽车旅馆
[10:37:31] [Client thread/INFO] [STDOUT]: [com.trhsy.sim.npcCode.build.BuildingBlueprint:addBuildingBlueprint:656]: 当前建筑所需方块：139230
[10:37:31] [Client thread/INFO] [STDOUT]: [com.trhsy.sim.npcCode.build.BuildingBlueprint:addBuildingBlueprint:401]: 当前建筑：堆叠式四层公寓
[10:37:31] [Client thread/INFO] [sim]: 找到建筑描述 暂无 在 堆叠式四层公寓
[10:37:31] [Client thread/INFO] [STDOUT]: [com.trhsy.sim.npcCode.build.BuildingBlueprint:addBuildingBlueprint:656]: 当前建筑所需方块：660
[10:37:31] [Client thread/INFO] [STDOUT]: [com.trhsy.sim.npcCode.build.BuildingBlueprint:addBuildingBlueprint:401]: 当前建筑：多生物群落之家
[10:37:31] [Client thread/INFO] [sim]: 找到建筑描述 暂无 在 多生物群落之家
[10:37:31] [Client thread/INFO] [STDOUT]: [com.trhsy.sim.npcCode.build.BuildingBlueprint:addBuildingBlueprint:656]: 当前建筑所需方块：980
[10:37:31] [Client thread/INFO] [STDOUT]: [com.trhsy.sim.npcCode.build.BuildingBlueprint:addBuildingBlueprint:401]: 当前建筑：大型土坯房
[10:37:31] [Client thread/INFO] [sim]: 找到建筑描述 暂无 在 大型土坯房
[10:37:31] [Client thread/INFO] [STDOUT]: [com.trhsy.sim.npcCode.build.BuildingBlueprint:addBuildingBlueprint:656]: 当前建筑所需方块：720
[10:37:31] [Client thread/INFO] [STDOUT]: [com.trhsy.sim.npcCode.build.BuildingBlueprint:addBuildingBlueprint:401]: 当前建筑：大城堡v1
[10:37:31] [Client thread/INFO] [sim]: 找到建筑描述 暂无 在 大城堡v1
[10:37:31] [Client thread/INFO] [STDOUT]: [com.trhsy.sim.npcCode.build.BuildingBlueprint:addBuildingBlueprint:656]: 当前建筑所需方块：9375
[10:37:31] [Client thread/INFO] [STDOUT]: [com.trhsy.sim.npcCode.build.BuildingBlueprint:addBuildingBlueprint:401]: 当前建筑：大城堡v2
[10:37:31] [Client thread/INFO] [sim]: 找到建筑描述 暂无 在 大城堡v2
[10:37:31] [Client thread/INFO] [STDOUT]: [com.trhsy.sim.npcCode.build.BuildingBlueprint:addBuildingBlueprint:656]: 当前建筑所需方块：10092
[10:37:31] [Client thread/INFO] [STDOUT]: [com.trhsy.sim.npcCode.build.BuildingBlueprint:addBuildingBlueprint:401]: 当前建筑：大宫殿
[10:37:31] [Client thread/INFO] [sim]: 找到建筑描述 暂无 在 大宫殿
[10:37:31] [Client thread/INFO] [STDOUT]: [com.trhsy.sim.npcCode.build.BuildingBlueprint:addBuildingBlueprint:656]: 当前建筑所需方块：9576
[10:37:31] [Client thread/INFO] [STDOUT]: [com.trhsy.sim.npcCode.build.BuildingBlueprint:addBuildingBlueprint:401]: 当前建筑：大房子v1
[10:37:31] [Client thread/INFO] [sim]: 找到建筑描述 暂无 在 大房子v1
[10:37:31] [Client thread/INFO] [STDOUT]: [com.trhsy.sim.npcCode.build.BuildingBlueprint:addBuildingBlueprint:656]: 当前建筑所需方块：2250
[10:37:31] [Client thread/INFO] [STDOUT]: [com.trhsy.sim.npcCode.build.BuildingBlueprint:addBuildingBlueprint:401]: 当前建筑：大房子v2
[10:37:31] [Client thread/INFO] [sim]: 找到建筑描述 暂无 在 大房子v2
[10:37:31] [Client thread/INFO] [STDOUT]: [com.trhsy.sim.npcCode.build.BuildingBlueprint:addBuildingBlueprint:656]: 当前建筑所需方块：1170
[10:37:31] [Client thread/INFO] [STDOUT]: [com.trhsy.sim.npcCode.build.BuildingBlueprint:addBuildingBlueprint:401]: 当前建筑：大房子v3
[10:37:31] [Client thread/INFO] [sim]: 找到建筑描述 暂无 在 大房子v3
[10:37:31] [Client thread/INFO] [STDOUT]: [com.trhsy.sim.npcCode.build.BuildingBlueprint:addBuildingBlueprint:656]: 当前建筑所需方块：704
[10:37:31] [Client thread/INFO] [STDOUT]: [com.trhsy.sim.npcCode.build.BuildingBlueprint:addBuildingBlueprint:401]: 当前建筑：大砖房
[10:37:31] [Client thread/INFO] [sim]: 找到建筑描述 暂无 在 大砖房
[10:37:31] [Client thread/INFO] [STDOUT]: [com.trhsy.sim.npcCode.build.BuildingBlueprint:addBuildingBlueprint:656]: 当前建筑所需方块：1728
[10:37:31] [Client thread/INFO] [STDOUT]: [com.trhsy.sim.npcCode.build.BuildingBlueprint:addBuildingBlueprint:401]: 当前建筑：大豪宅
[10:37:31] [Client thread/INFO] [sim]: 找到建筑描述 暂无 在 大豪宅
[10:37:31] [Client thread/INFO] [STDOUT]: [com.trhsy.sim.npcCode.build.BuildingBlueprint:addBuildingBlueprint:656]: 当前建筑所需方块：17255
[10:37:31] [Client thread/INFO] [STDOUT]: [com.trhsy.sim.npcCode.build.BuildingBlueprint:addBuildingBlueprint:401]: 当前建筑：奶酪屋
[10:37:31] [Client thread/INFO] [sim]: 找到建筑描述 暂无 在 奶酪屋
[10:37:31] [Client thread/INFO] [STDOUT]: [com.trhsy.sim.npcCode.build.BuildingBlueprint:addBuildingBlueprint:656]: 当前建筑所需方块：1100
[10:37:31] [Client thread/INFO] [STDOUT]: [com.trhsy.sim.npcCode.build.BuildingBlueprint:addBuildingBlueprint:401]: 当前建筑：学者之家
[10:37:31] [Client thread/INFO] [sim]: 找到建筑描述 暂无 在 学者之家
[10:37:31] [Client thread/INFO] [STDOUT]: [com.trhsy.sim.npcCode.build.BuildingBlueprint:addBuildingBlueprint:656]: 当前建筑所需方块：486
[10:37:31] [Client thread/INFO] [STDOUT]: [com.trhsy.sim.npcCode.build.BuildingBlueprint:addBuildingBlueprint:401]: 当前建筑：安逸小屋
[10:37:31] [Client thread/INFO] [sim]: 找到建筑描述 暂无 在 安逸小屋
[10:37:31] [Client thread/INFO] [STDOUT]: [com.trhsy.sim.npcCode.build.BuildingBlueprint:addBuildingBlueprint:656]: 当前建筑所需方块：343
[10:37:31] [Client thread/INFO] [STDOUT]: [com.trhsy.sim.npcCode.build.BuildingBlueprint:addBuildingBlueprint:401]: 当前建筑：客房
[10:37:31] [Client thread/INFO] [sim]: 找到建筑描述 暂无 在 客房
[10:37:31] [Client thread/INFO] [STDOUT]: [com.trhsy.sim.npcCode.build.BuildingBlueprint:addBuildingBlueprint:656]: 当前建筑所需方块：378
[10:37:31] [Client thread/INFO] [STDOUT]: [com.trhsy.sim.npcCode.build.BuildingBlueprint:addBuildingBlueprint:401]: 当前建筑：宽敞的房子
[10:37:31] [Client thread/INFO] [sim]: 找到建筑描述 暂无 在 宽敞的房子
[10:37:31] [Client thread/INFO] [STDOUT]: [com.trhsy.sim.npcCode.build.BuildingBlueprint:addBuildingBlueprint:656]: 当前建筑所需方块：800
[10:37:31] [Client thread/INFO] [STDOUT]: [com.trhsy.sim.npcCode.build.BuildingBlueprint:addBuildingBlueprint:401]: 当前建筑：宽敞的木屋
[10:37:31] [Client thread/INFO] [sim]: 找到建筑描述 暂无 在 宽敞的木屋
[10:37:31] [Client thread/INFO] [STDOUT]: [com.trhsy.sim.npcCode.build.BuildingBlueprint:addBuildingBlueprint:656]: 当前建筑所需方块：882
[10:37:31] [Client thread/INFO] [STDOUT]: [com.trhsy.sim.npcCode.build.BuildingBlueprint:addBuildingBlueprint:401]: 当前建筑：寄宿室
[10:37:31] [Client thread/INFO] [sim]: 找到建筑描述 暂无 在 寄宿室
[10:37:31] [Client thread/INFO] [STDOUT]: [com.trhsy.sim.npcCode.build.BuildingBlueprint:addBuildingBlueprint:656]: 当前建筑所需方块：125
[10:37:31] [Client thread/INFO] [STDOUT]: [com.trhsy.sim.npcCode.build.BuildingBlueprint:addBuildingBlueprint:401]: 当前建筑：小型木屋
[10:37:31] [Client thread/INFO] [sim]: 找到建筑描述 暂无 在 小型木屋
[10:37:31] [Client thread/INFO] [STDOUT]: [com.trhsy.sim.npcCode.build.BuildingBlueprint:addBuildingBlueprint:656]: 当前建筑所需方块：180
[10:37:31] [Client thread/INFO] [STDOUT]: [com.trhsy.sim.npcCode.build.BuildingBlueprint:addBuildingBlueprint:401]: 当前建筑：小房子A
[10:37:31] [Client thread/INFO] [sim]: 找到建筑描述 暂无 在 小房子A
[10:37:31] [Client thread/INFO] [STDOUT]: [com.trhsy.sim.npcCode.build.BuildingBlueprint:addBuildingBlueprint:656]: 当前建筑所需方块：150
[10:37:31] [Client thread/INFO] [STDOUT]: [com.trhsy.sim.npcCode.build.BuildingBlueprint:addBuildingBlueprint:401]: 当前建筑：小房子B
[10:37:31] [Client thread/INFO] [sim]: 找到建筑描述 暂无 在 小房子B
[10:37:31] [Client thread/INFO] [STDOUT]: [com.trhsy.sim.npcCode.build.BuildingBlueprint:addBuildingBlueprint:656]: 当前建筑所需方块：125
[10:37:31] [Client thread/INFO] [STDOUT]: [com.trhsy.sim.npcCode.build.BuildingBlueprint:addBuildingBlueprint:401]: 当前建筑：小房子C
[10:37:31] [Client thread/INFO] [sim]: 找到建筑描述 暂无 在 小房子C
[10:37:31] [Client thread/INFO] [STDOUT]: [com.trhsy.sim.npcCode.build.BuildingBlueprint:addBuildingBlueprint:656]: 当前建筑所需方块：125
[10:37:31] [Client thread/INFO] [STDOUT]: [com.trhsy.sim.npcCode.build.BuildingBlueprint:addBuildingBlueprint:401]: 当前建筑：小房子D
[10:37:31] [Client thread/INFO] [sim]: 找到建筑描述 暂无 在 小房子D
[10:37:31] [Client thread/INFO] [STDOUT]: [com.trhsy.sim.npcCode.build.BuildingBlueprint:addBuildingBlueprint:656]: 当前建筑所需方块：150
[10:37:31] [Client thread/INFO] [STDOUT]: [com.trhsy.sim.npcCode.build.BuildingBlueprint:addBuildingBlueprint:401]: 当前建筑：小房子公寓
[10:37:31] [Client thread/INFO] [sim]: 找到建筑描述 暂无 在 小房子公寓
[10:37:31] [Client thread/INFO] [STDOUT]: [com.trhsy.sim.npcCode.build.BuildingBlueprint:addBuildingBlueprint:656]: 当前建筑所需方块：10948
[10:37:31] [Client thread/INFO] [STDOUT]: [com.trhsy.sim.npcCode.build.BuildingBlueprint:addBuildingBlueprint:401]: 当前建筑：小木屋v1
[10:37:31] [Client thread/INFO] [sim]: 找到建筑描述 温馨提示：请建筑于水平面下一格 在 小木屋v1
[10:37:31] [Client thread/INFO] [STDOUT]: [com.trhsy.sim.npcCode.build.BuildingBlueprint:addBuildingBlueprint:656]: 当前建筑所需方块：75
[10:37:31] [Client thread/INFO] [STDOUT]: [com.trhsy.sim.npcCode.build.BuildingBlueprint:addBuildingBlueprint:401]: 当前建筑：小木屋v2
[10:37:31] [Client thread/INFO] [sim]: 找到建筑描述 暂无 在 小木屋v2
[10:37:31] [Client thread/INFO] [STDOUT]: [com.trhsy.sim.npcCode.build.BuildingBlueprint:addBuildingBlueprint:656]: 当前建筑所需方块：210
[10:37:31] [Client thread/INFO] [STDOUT]: [com.trhsy.sim.npcCode.build.BuildingBlueprint:addBuildingBlueprint:401]: 当前建筑：小砖房
[10:37:31] [Client thread/INFO] [sim]: 找到建筑描述 暂无 在 小砖房
[10:37:31] [Client thread/INFO] [STDOUT]: [com.trhsy.sim.npcCode.build.BuildingBlueprint:addBuildingBlueprint:656]: 当前建筑所需方块：294
[10:37:31] [Client thread/INFO] [STDOUT]: [com.trhsy.sim.npcCode.build.BuildingBlueprint:addBuildingBlueprint:401]: 当前建筑：巨树屋
[10:37:31] [Client thread/INFO] [sim]: 找到建筑描述 暂无 在 巨树屋
[10:37:31] [Client thread/INFO] [STDOUT]: [com.trhsy.sim.npcCode.build.BuildingBlueprint:addBuildingBlueprint:656]: 当前建筑所需方块：6783
[10:37:31] [Client thread/INFO] [STDOUT]: [com.trhsy.sim.npcCode.build.BuildingBlueprint:addBuildingBlueprint:401]: 当前建筑：巨石大厦
[10:37:31] [Client thread/INFO] [sim]: 找到建筑描述 暂无 在 巨石大厦
[10:37:31] [Client thread/INFO] [STDOUT]: [com.trhsy.sim.npcCode.build.BuildingBlueprint:addBuildingBlueprint:656]: 当前建筑所需方块：3640
[10:37:31] [Client thread/INFO] [STDOUT]: [com.trhsy.sim.npcCode.build.BuildingBlueprint:addBuildingBlueprint:401]: 当前建筑：市长府v1
[10:37:31] [Client thread/INFO] [sim]: 找到建筑描述 暂无 在 市长府v1
[10:37:31] [Client thread/INFO] [STDOUT]: [com.trhsy.sim.npcCode.build.BuildingBlueprint:addBuildingBlueprint:656]: 当前建筑所需方块：1430
[10:37:31] [Client thread/INFO] [STDOUT]: [com.trhsy.sim.npcCode.build.BuildingBlueprint:addBuildingBlueprint:401]: 当前建筑：市长府v2
[10:37:31] [Client thread/INFO] [sim]: 找到建筑描述 暂无 在 市长府v2
[10:37:31] [Client thread/INFO] [STDOUT]: [com.trhsy.sim.npcCode.build.BuildingBlueprint:addBuildingBlueprint:656]: 当前建筑所需方块：11136
[10:37:31] [Client thread/INFO] [STDOUT]: [com.trhsy.sim.npcCode.build.BuildingBlueprint:addBuildingBlueprint:401]: 当前建筑：布朗斯通公寓 
[10:37:31] [Client thread/INFO] [sim]: 找到建筑描述 暂无 在 布朗斯通公寓 
[10:37:31] [Client thread/INFO] [STDOUT]: [com.trhsy.sim.npcCode.build.BuildingBlueprint:addBuildingBlueprint:656]: 当前建筑所需方块：4250
[10:37:31] [Client thread/INFO] [STDOUT]: [com.trhsy.sim.npcCode.build.BuildingBlueprint:addBuildingBlueprint:401]: 当前建筑：希姆利斯豪斯酒店
[10:37:31] [Client thread/INFO] [sim]: 找到建筑描述 暂无 在 希姆利斯豪斯酒店
[10:37:31] [Client thread/INFO] [STDOUT]: [com.trhsy.sim.npcCode.build.BuildingBlueprint:addBuildingBlueprint:656]: 当前建筑所需方块：1820
[10:37:31] [Client thread/INFO] [STDOUT]: [com.trhsy.sim.npcCode.build.BuildingBlueprint:addBuildingBlueprint:401]: 当前建筑：希尔赛德工作室
[10:37:31] [Client thread/INFO] [sim]: 找到建筑描述 暂无 在 希尔赛德工作室
[10:37:31] [Client thread/INFO] [STDOUT]: [com.trhsy.sim.npcCode.build.BuildingBlueprint:addBuildingBlueprint:656]: 当前建筑所需方块：252
[10:37:31] [Client thread/INFO] [STDOUT]: [com.trhsy.sim.npcCode.build.BuildingBlueprint:addBuildingBlueprint:401]: 当前建筑：带图书馆的伍德大厦
[10:37:31] [Client thread/INFO] [sim]: 找到建筑描述 暂无 在 带图书馆的伍德大厦
[10:37:31] [Client thread/INFO] [STDOUT]: [com.trhsy.sim.npcCode.build.BuildingBlueprint:addBuildingBlueprint:656]: 当前建筑所需方块：3432
[10:37:31] [Client thread/INFO] [STDOUT]: [com.trhsy.sim.npcCode.build.BuildingBlueprint:addBuildingBlueprint:401]: 当前建筑：带池塘的家
[10:37:31] [Client thread/INFO] [sim]: 找到建筑描述 暂无 在 带池塘的家
[10:37:31] [Client thread/INFO] [STDOUT]: [com.trhsy.sim.npcCode.build.BuildingBlueprint:addBuildingBlueprint:656]: 当前建筑所需方块：1352
[10:37:31] [Client thread/INFO] [STDOUT]: [com.trhsy.sim.npcCode.build.BuildingBlueprint:addBuildingBlueprint:401]: 当前建筑：带门廊的房子
[10:37:31] [Client thread/INFO] [sim]: 找到建筑描述 暂无 在 带门廊的房子
[10:37:31] [Client thread/INFO] [STDOUT]: [com.trhsy.sim.npcCode.build.BuildingBlueprint:addBuildingBlueprint:656]: 当前建筑所需方块：315
[10:37:31] [Client thread/INFO] [STDOUT]: [com.trhsy.sim.npcCode.build.BuildingBlueprint:addBuildingBlueprint:401]: 当前建筑：平房v1
[10:37:31] [Client thread/INFO] [sim]: 找到建筑描述 暂无 在 平房v1
[10:37:31] [Client thread/INFO] [STDOUT]: [com.trhsy.sim.npcCode.build.BuildingBlueprint:addBuildingBlueprint:656]: 当前建筑所需方块：420
[10:37:31] [Client thread/INFO] [STDOUT]: [com.trhsy.sim.npcCode.build.BuildingBlueprint:addBuildingBlueprint:401]: 当前建筑：平房v2
[10:37:31] [Client thread/INFO] [sim]: 找到建筑描述 暂无 在 平房v2
[10:37:31] [Client thread/INFO] [STDOUT]: [com.trhsy.sim.npcCode.build.BuildingBlueprint:addBuildingBlueprint:656]: 当前建筑所需方块：567
[10:37:31] [Client thread/INFO] [STDOUT]: [com.trhsy.sim.npcCode.build.BuildingBlueprint:addBuildingBlueprint:401]: 当前建筑：廉价小屋
[10:37:31] [Client thread/INFO] [sim]: 找到建筑描述 温馨提示：请建筑于水平面下一格 在 廉价小屋
[10:37:31] [Client thread/INFO] [STDOUT]: [com.trhsy.sim.npcCode.build.BuildingBlueprint:addBuildingBlueprint:656]: 当前建筑所需方块：45
[10:37:31] [Client thread/INFO] [STDOUT]: [com.trhsy.sim.npcCode.build.BuildingBlueprint:addBuildingBlueprint:401]: 当前建筑：强迫症沙居
[10:37:31] [Client thread/INFO] [sim]: 找到建筑描述 暂无 在 强迫症沙居
[10:37:31] [Client thread/INFO] [STDOUT]: [com.trhsy.sim.npcCode.build.BuildingBlueprint:addBuildingBlueprint:656]: 当前建筑所需方块：1014
[10:37:31] [Client thread/INFO] [STDOUT]: [com.trhsy.sim.npcCode.build.BuildingBlueprint:addBuildingBlueprint:401]: 当前建筑：彩色房子
[10:37:31] [Client thread/INFO] [sim]: 找到建筑描述 暂无 在 彩色房子
[10:37:31] [Client thread/INFO] [STDOUT]: [com.trhsy.sim.npcCode.build.BuildingBlueprint:addBuildingBlueprint:656]: 当前建筑所需方块：858
[10:37:31] [Client thread/INFO] [STDOUT]: [com.trhsy.sim.npcCode.build.BuildingBlueprint:addBuildingBlueprint:401]: 当前建筑：房屋
[10:37:31] [Client thread/INFO] [sim]: 找到建筑描述 暂无 在 房屋
[10:37:31] [Client thread/INFO] [STDOUT]: [com.trhsy.sim.npcCode.build.BuildingBlueprint:addBuildingBlueprint:656]: 当前建筑所需方块：252
[10:37:31] [Client thread/INFO] [STDOUT]: [com.trhsy.sim.npcCode.build.BuildingBlueprint:addBuildingBlueprint:401]: 当前建筑：拉祖利城堡
[10:37:31] [Client thread/INFO] [sim]: 找到建筑描述 暂无 在 拉祖利城堡
[10:37:31] [Client thread/INFO] [STDOUT]: [com.trhsy.sim.npcCode.build.BuildingBlueprint:addBuildingBlueprint:656]: 当前建筑所需方块：274170
[10:37:31] [Client thread/INFO] [STDOUT]: [com.trhsy.sim.npcCode.build.BuildingBlueprint:addBuildingBlueprint:401]: 当前建筑：拿铁咖啡馆
[10:37:31] [Client thread/INFO] [sim]: 找到建筑描述 暂无 在 拿铁咖啡馆
[10:37:31] [Client thread/INFO] [STDOUT]: [com.trhsy.sim.npcCode.build.BuildingBlueprint:addBuildingBlueprint:656]: 当前建筑所需方块：840
[10:37:31] [Client thread/INFO] [STDOUT]: [com.trhsy.sim.npcCode.build.BuildingBlueprint:addBuildingBlueprint:401]: 当前建筑：掩体
[10:37:31] [Client thread/INFO] [sim]: 找到建筑描述 暂无 在 掩体
[10:37:31] [Client thread/INFO] [STDOUT]: [com.trhsy.sim.npcCode.build.BuildingBlueprint:addBuildingBlueprint:656]: 当前建筑所需方块：676
[10:37:31] [Client thread/INFO] [STDOUT]: [com.trhsy.sim.npcCode.build.BuildingBlueprint:addBuildingBlueprint:401]: 当前建筑：故事屋
[10:37:31] [Client thread/INFO] [sim]: 找到建筑描述 暂无 在 故事屋
[10:37:31] [Client thread/INFO] [STDOUT]: [com.trhsy.sim.npcCode.build.BuildingBlueprint:addBuildingBlueprint:656]: 当前建筑所需方块：420
[10:37:31] [Client thread/INFO] [STDOUT]: [com.trhsy.sim.npcCode.build.BuildingBlueprint:addBuildingBlueprint:401]: 当前建筑：有石板的小房子
[10:37:31] [Client thread/INFO] [sim]: 找到建筑描述 暂无 在 有石板的小房子
[10:37:31] [Client thread/INFO] [STDOUT]: [com.trhsy.sim.npcCode.build.BuildingBlueprint:addBuildingBlueprint:656]: 当前建筑所需方块：80
[10:37:31] [Client thread/INFO] [STDOUT]: [com.trhsy.sim.npcCode.build.BuildingBlueprint:addBuildingBlueprint:401]: 当前建筑：木屋v1
[10:37:31] [Client thread/INFO] [sim]: 找到建筑描述 暂无 在 木屋v1
[10:37:31] [Client thread/INFO] [STDOUT]: [com.trhsy.sim.npcCode.build.BuildingBlueprint:addBuildingBlueprint:656]: 当前建筑所需方块：125
[10:37:31] [Client thread/INFO] [STDOUT]: [com.trhsy.sim.npcCode.build.BuildingBlueprint:addBuildingBlueprint:401]: 当前建筑：木屋v2
[10:37:31] [Client thread/INFO] [sim]: 找到建筑描述 暂无 在 木屋v2
[10:37:31] [Client thread/INFO] [STDOUT]: [com.trhsy.sim.npcCode.build.BuildingBlueprint:addBuildingBlueprint:656]: 当前建筑所需方块：384
[10:37:31] [Client thread/INFO] [STDOUT]: [com.trhsy.sim.npcCode.build.BuildingBlueprint:addBuildingBlueprint:401]: 当前建筑：木屋v3
[10:37:31] [Client thread/INFO] [sim]: 找到建筑描述 暂无 在 木屋v3
[10:37:31] [Client thread/INFO] [STDOUT]: [com.trhsy.sim.npcCode.build.BuildingBlueprint:addBuildingBlueprint:656]: 当前建筑所需方块：1344
[10:37:31] [Client thread/INFO] [STDOUT]: [com.trhsy.sim.npcCode.build.BuildingBlueprint:addBuildingBlueprint:401]: 当前建筑：木屋车库
[10:37:31] [Client thread/INFO] [sim]: 找到建筑描述 暂无 在 木屋车库
[10:37:31] [Client thread/INFO] [STDOUT]: [com.trhsy.sim.npcCode.build.BuildingBlueprint:addBuildingBlueprint:656]: 当前建筑所需方块：480
[10:37:31] [Client thread/INFO] [STDOUT]: [com.trhsy.sim.npcCode.build.BuildingBlueprint:addBuildingBlueprint:401]: 当前建筑：未来派木屋
[10:37:31] [Client thread/INFO] [sim]: 找到建筑描述 暂无 在 未来派木屋
[10:37:31] [Client thread/INFO] [STDOUT]: [com.trhsy.sim.npcCode.build.BuildingBlueprint:addBuildingBlueprint:656]: 当前建筑所需方块：1326
[10:37:31] [Client thread/INFO] [STDOUT]: [com.trhsy.sim.npcCode.build.BuildingBlueprint:addBuildingBlueprint:401]: 当前建筑：朴素的大厦
[10:37:31] [Client thread/INFO] [sim]: 找到建筑描述 暂无 在 朴素的大厦
[10:37:31] [Client thread/INFO] [STDOUT]: [com.trhsy.sim.npcCode.build.BuildingBlueprint:addBuildingBlueprint:656]: 当前建筑所需方块：15744
[10:37:31] [Client thread/INFO] [STDOUT]: [com.trhsy.sim.npcCode.build.BuildingBlueprint:addBuildingBlueprint:401]: 当前建筑：村民住宅
[10:37:31] [Client thread/INFO] [sim]: 找到建筑描述 暂无 在 村民住宅
[10:37:31] [Client thread/INFO] [STDOUT]: [com.trhsy.sim.npcCode.build.BuildingBlueprint:addBuildingBlueprint:656]: 当前建筑所需方块：420
[10:37:31] [Client thread/INFO] [STDOUT]: [com.trhsy.sim.npcCode.build.BuildingBlueprint:addBuildingBlueprint:401]: 当前建筑：树屋
[10:37:31] [Client thread/INFO] [sim]: 找到建筑描述 暂无 在 树屋
[10:37:31] [Client thread/INFO] [STDOUT]: [com.trhsy.sim.npcCode.build.BuildingBlueprint:addBuildingBlueprint:656]: 当前建筑所需方块：819
[10:37:31] [Client thread/INFO] [STDOUT]: [com.trhsy.sim.npcCode.build.BuildingBlueprint:addBuildingBlueprint:401]: 当前建筑：梅斯仓库
[10:37:31] [Client thread/INFO] [sim]: 找到建筑描述 暂无 在 梅斯仓库
[10:37:31] [Client thread/INFO] [STDOUT]: [com.trhsy.sim.npcCode.build.BuildingBlueprint:addBuildingBlueprint:656]: 当前建筑所需方块：1100
[10:37:31] [Client thread/INFO] [STDOUT]: [com.trhsy.sim.npcCode.build.BuildingBlueprint:addBuildingBlueprint:401]: 当前建筑：梅斯公主大城堡
[10:37:31] [Client thread/INFO] [sim]: 找到建筑描述 暂无 在 梅斯公主大城堡
[10:37:31] [Client thread/INFO] [STDOUT]: [com.trhsy.sim.npcCode.build.BuildingBlueprint:addBuildingBlueprint:656]: 当前建筑所需方块：41382
[10:37:31] [Client thread/INFO] [STDOUT]: [com.trhsy.sim.npcCode.build.BuildingBlueprint:addBuildingBlueprint:401]: 当前建筑：梅斯别墅
[10:37:31] [Client thread/INFO] [sim]: 找到建筑描述 暂无 在 梅斯别墅
[10:37:31] [Client thread/INFO] [STDOUT]: [com.trhsy.sim.npcCode.build.BuildingBlueprint:addBuildingBlueprint:656]: 当前建筑所需方块：486
[10:37:31] [Client thread/INFO] [STDOUT]: [com.trhsy.sim.npcCode.build.BuildingBlueprint:addBuildingBlueprint:401]: 当前建筑：梅斯沙庙
[10:37:31] [Client thread/INFO] [sim]: 找到建筑描述 暂无 在 梅斯沙庙
[10:37:31] [Client thread/INFO] [STDOUT]: [com.trhsy.sim.npcCode.build.BuildingBlueprint:addBuildingBlueprint:656]: 当前建筑所需方块：2028
[10:37:31] [Client thread/INFO] [STDOUT]: [com.trhsy.sim.npcCode.build.BuildingBlueprint:addBuildingBlueprint:401]: 当前建筑：梅斯沙漠市场
[10:37:31] [Client thread/INFO] [sim]: 找到建筑描述 暂无 在 梅斯沙漠市场
[10:37:31] [Client thread/INFO] [STDOUT]: [com.trhsy.sim.npcCode.build.BuildingBlueprint:addBuildingBlueprint:656]: 当前建筑所需方块：3468
[10:37:31] [Client thread/INFO] [STDOUT]: [com.trhsy.sim.npcCode.build.BuildingBlueprint:addBuildingBlueprint:401]: 当前建筑：梅斯炼金术士
[10:37:31] [Client thread/INFO] [sim]: 找到建筑描述 暂无 在 梅斯炼金术士
[10:37:31] [Client thread/INFO] [STDOUT]: [com.trhsy.sim.npcCode.build.BuildingBlueprint:addBuildingBlueprint:656]: 当前建筑所需方块：2057
[10:37:31] [Client thread/INFO] [STDOUT]: [com.trhsy.sim.npcCode.build.BuildingBlueprint:addBuildingBlueprint:401]: 当前建筑：梅斯迷你城堡
[10:37:31] [Client thread/INFO] [sim]: 找到建筑描述 暂无 在 梅斯迷你城堡
[10:37:31] [Client thread/INFO] [STDOUT]: [com.trhsy.sim.npcCode.build.BuildingBlueprint:addBuildingBlueprint:656]: 当前建筑所需方块：15138
[10:37:31] [Client thread/INFO] [STDOUT]: [com.trhsy.sim.npcCode.build.BuildingBlueprint:addBuildingBlueprint:401]: 当前建筑：梅斯铁匠铺
[10:37:31] [Client thread/INFO] [sim]: 找到建筑描述 暂无 在 梅斯铁匠铺
[10:37:31] [Client thread/INFO] [STDOUT]: [com.trhsy.sim.npcCode.build.BuildingBlueprint:addBuildingBlueprint:656]: 当前建筑所需方块：1400
[10:37:31] [Client thread/INFO] [STDOUT]: [com.trhsy.sim.npcCode.build.BuildingBlueprint:addBuildingBlueprint:401]: 当前建筑：橙色摩天大楼
[10:37:31] [Client thread/INFO] [sim]: 找到建筑描述 暂无 在 橙色摩天大楼
[10:37:31] [Client thread/INFO] [STDOUT]: [com.trhsy.sim.npcCode.build.BuildingBlueprint:addBuildingBlueprint:656]: 当前建筑所需方块：30008
[10:37:31] [Client thread/INFO] [STDOUT]: [com.trhsy.sim.npcCode.build.BuildingBlueprint:addBuildingBlueprint:401]: 当前建筑：水屋酒店
[10:37:31] [Client thread/INFO] [sim]: 找到建筑描述 暂无 在 水屋酒店
[10:37:31] [Client thread/INFO] [STDOUT]: [com.trhsy.sim.npcCode.build.BuildingBlueprint:addBuildingBlueprint:656]: 当前建筑所需方块：192
[10:37:31] [Client thread/INFO] [STDOUT]: [com.trhsy.sim.npcCode.build.BuildingBlueprint:addBuildingBlueprint:401]: 当前建筑：沙石屋
[10:37:31] [Client thread/INFO] [sim]: 找到建筑描述 暂无 在 沙石屋
[10:37:31] [Client thread/INFO] [STDOUT]: [com.trhsy.sim.npcCode.build.BuildingBlueprint:addBuildingBlueprint:656]: 当前建筑所需方块：560
[10:37:31] [Client thread/INFO] [STDOUT]: [com.trhsy.sim.npcCode.build.BuildingBlueprint:addBuildingBlueprint:401]: 当前建筑：沙达斯大厦
[10:37:31] [Client thread/INFO] [sim]: 找到建筑描述 暂无 在 沙达斯大厦
[10:37:31] [Client thread/INFO] [STDOUT]: [com.trhsy.sim.npcCode.build.BuildingBlueprint:addBuildingBlueprint:656]: 当前建筑所需方块：3036
[10:37:31] [Client thread/INFO] [STDOUT]: [com.trhsy.sim.npcCode.build.BuildingBlueprint:addBuildingBlueprint:401]: 当前建筑：没有羊毛的家
[10:37:31] [Client thread/INFO] [sim]: 找到建筑描述 暂无 在 没有羊毛的家
[10:37:31] [Client thread/INFO] [STDOUT]: [com.trhsy.sim.npcCode.build.BuildingBlueprint:addBuildingBlueprint:656]: 当前建筑所需方块：567
[10:37:31] [Client thread/INFO] [STDOUT]: [com.trhsy.sim.npcCode.build.BuildingBlueprint:addBuildingBlueprint:401]: 当前建筑：泥土屋
[10:37:31] [Client thread/INFO] [sim]: 找到建筑描述 暂无 在 泥土屋
[10:37:31] [Client thread/INFO] [STDOUT]: [com.trhsy.sim.npcCode.build.BuildingBlueprint:addBuildingBlueprint:656]: 当前建筑所需方块：360
[10:37:31] [Client thread/INFO] [STDOUT]: [com.trhsy.sim.npcCode.build.BuildingBlueprint:addBuildingBlueprint:401]: 当前建筑：流浪汉小屋
[10:37:31] [Client thread/INFO] [sim]: 找到建筑描述 暂无 在 流浪汉小屋
[10:37:31] [Client thread/INFO] [STDOUT]: [com.trhsy.sim.npcCode.build.BuildingBlueprint:addBuildingBlueprint:656]: 当前建筑所需方块：150
[10:37:31] [Client thread/INFO] [STDOUT]: [com.trhsy.sim.npcCode.build.BuildingBlueprint:addBuildingBlueprint:401]: 当前建筑：漂亮的普通房子
[10:37:31] [Client thread/INFO] [sim]: 找到建筑描述 暂无 在 漂亮的普通房子
[10:37:31] [Client thread/INFO] [STDOUT]: [com.trhsy.sim.npcCode.build.BuildingBlueprint:addBuildingBlueprint:656]: 当前建筑所需方块：891
[10:37:31] [Client thread/INFO] [STDOUT]: [com.trhsy.sim.npcCode.build.BuildingBlueprint:addBuildingBlueprint:401]: 当前建筑：热中屋酒店
[10:37:31] [Client thread/INFO] [sim]: 找到建筑描述 暂无 在 热中屋酒店
[10:37:31] [Client thread/INFO] [STDOUT]: [com.trhsy.sim.npcCode.build.BuildingBlueprint:addBuildingBlueprint:656]: 当前建筑所需方块：450
[10:37:31] [Client thread/INFO] [STDOUT]: [com.trhsy.sim.npcCode.build.BuildingBlueprint:addBuildingBlueprint:401]: 当前建筑：爬行立方体
[10:37:31] [Client thread/INFO] [sim]: 找到建筑描述 暂无 在 爬行立方体
[10:37:31] [Client thread/INFO] [STDOUT]: [com.trhsy.sim.npcCode.build.BuildingBlueprint:addBuildingBlueprint:656]: 当前建筑所需方块：512
[10:37:31] [Client thread/INFO] [STDOUT]: [com.trhsy.sim.npcCode.build.BuildingBlueprint:addBuildingBlueprint:401]: 当前建筑：爱情小屋
[10:37:31] [Client thread/INFO] [sim]: 找到建筑描述 暂无 在 爱情小屋
[10:37:31] [Client thread/INFO] [STDOUT]: [com.trhsy.sim.npcCode.build.BuildingBlueprint:addBuildingBlueprint:656]: 当前建筑所需方块：180
[10:37:31] [Client thread/INFO] [STDOUT]: [com.trhsy.sim.npcCode.build.BuildingBlueprint:addBuildingBlueprint:401]: 当前建筑：现代住宅v1
[10:37:31] [Client thread/INFO] [sim]: 找到建筑描述 暂无 在 现代住宅v1
[10:37:31] [Client thread/INFO] [STDOUT]: [com.trhsy.sim.npcCode.build.BuildingBlueprint:addBuildingBlueprint:656]: 当前建筑所需方块：1188
[10:37:31] [Client thread/INFO] [STDOUT]: [com.trhsy.sim.npcCode.build.BuildingBlueprint:addBuildingBlueprint:401]: 当前建筑：现代住宅v2
[10:37:31] [Client thread/INFO] [sim]: 找到建筑描述 暂无 在 现代住宅v2
[10:37:31] [Client thread/INFO] [STDOUT]: [com.trhsy.sim.npcCode.build.BuildingBlueprint:addBuildingBlueprint:656]: 当前建筑所需方块：13728
[10:37:31] [Client thread/INFO] [STDOUT]: [com.trhsy.sim.npcCode.build.BuildingBlueprint:addBuildingBlueprint:401]: 当前建筑：现代住宅v3
[10:37:31] [Client thread/INFO] [sim]: 找到建筑描述 暂无 在 现代住宅v3
[10:37:31] [Client thread/INFO] [STDOUT]: [com.trhsy.sim.npcCode.build.BuildingBlueprint:addBuildingBlueprint:656]: 当前建筑所需方块：6460
[10:37:31] [Client thread/INFO] [STDOUT]: [com.trhsy.sim.npcCode.build.BuildingBlueprint:addBuildingBlueprint:401]: 当前建筑：现代住宅v4
[10:37:31] [Client thread/INFO] [sim]: 找到建筑描述 暂无 在 现代住宅v4
[10:37:31] [Client thread/INFO] [STDOUT]: [com.trhsy.sim.npcCode.build.BuildingBlueprint:addBuildingBlueprint:656]: 当前建筑所需方块：4680
[10:37:31] [Client thread/INFO] [STDOUT]: [com.trhsy.sim.npcCode.build.BuildingBlueprint:addBuildingBlueprint:401]: 当前建筑：现代住宅v5
[10:37:31] [Client thread/INFO] [sim]: 找到建筑描述 暂无 在 现代住宅v5
[10:37:31] [Client thread/INFO] [STDOUT]: [com.trhsy.sim.npcCode.build.BuildingBlueprint:addBuildingBlueprint:656]: 当前建筑所需方块：780
[10:37:31] [Client thread/INFO] [STDOUT]: [com.trhsy.sim.npcCode.build.BuildingBlueprint:addBuildingBlueprint:401]: 当前建筑：现代大厦
[10:37:31] [Client thread/INFO] [sim]: 找到建筑描述 暂无 在 现代大厦
[10:37:31] [Client thread/INFO] [STDOUT]: [com.trhsy.sim.npcCode.build.BuildingBlueprint:addBuildingBlueprint:656]: 当前建筑所需方块：29952
[10:37:31] [Client thread/INFO] [STDOUT]: [com.trhsy.sim.npcCode.build.BuildingBlueprint:addBuildingBlueprint:401]: 当前建筑：现代摩天大楼
[10:37:31] [Client thread/INFO] [sim]: 找到建筑描述 暂无 在 现代摩天大楼
[10:37:31] [Client thread/INFO] [STDOUT]: [com.trhsy.sim.npcCode.build.BuildingBlueprint:addBuildingBlueprint:656]: 当前建筑所需方块：14280
[10:37:31] [Client thread/INFO] [STDOUT]: [com.trhsy.sim.npcCode.build.BuildingBlueprint:addBuildingBlueprint:401]: 当前建筑：现代木屋v1
[10:37:31] [Client thread/INFO] [sim]: 找到建筑描述 暂无 在 现代木屋v1
[10:37:31] [Client thread/INFO] [STDOUT]: [com.trhsy.sim.npcCode.build.BuildingBlueprint:addBuildingBlueprint:656]: 当前建筑所需方块：2016
[10:37:31] [Client thread/INFO] [STDOUT]: [com.trhsy.sim.npcCode.build.BuildingBlueprint:addBuildingBlueprint:401]: 当前建筑：现代木屋v2
[10:37:31] [Client thread/INFO] [sim]: 找到建筑描述 暂无 在 现代木屋v2
[10:37:31] [Client thread/INFO] [STDOUT]: [com.trhsy.sim.npcCode.build.BuildingBlueprint:addBuildingBlueprint:656]: 当前建筑所需方块：8280
[10:37:31] [Client thread/INFO] [STDOUT]: [com.trhsy.sim.npcCode.build.BuildingBlueprint:addBuildingBlueprint:401]: 当前建筑：白宫
[10:37:31] [Client thread/INFO] [sim]: 找到建筑描述 暂无 在 白宫
[10:37:31] [Client thread/INFO] [STDOUT]: [com.trhsy.sim.npcCode.build.BuildingBlueprint:addBuildingBlueprint:656]: 当前建筑所需方块：80640
[10:37:31] [Client thread/INFO] [STDOUT]: [com.trhsy.sim.npcCode.build.BuildingBlueprint:addBuildingBlueprint:401]: 当前建筑：石屋
[10:37:31] [Client thread/INFO] [sim]: 找到建筑描述 暂无 在 石屋
[10:37:31] [Client thread/INFO] [STDOUT]: [com.trhsy.sim.npcCode.build.BuildingBlueprint:addBuildingBlueprint:656]: 当前建筑所需方块：336
[10:37:31] [Client thread/INFO] [STDOUT]: [com.trhsy.sim.npcCode.build.BuildingBlueprint:addBuildingBlueprint:401]: 当前建筑：砂岩单体
[10:37:31] [Client thread/INFO] [sim]: 找到建筑描述 暂无 在 砂岩单体
[10:37:31] [Client thread/INFO] [STDOUT]: [com.trhsy.sim.npcCode.build.BuildingBlueprint:addBuildingBlueprint:656]: 当前建筑所需方块：968
[10:37:31] [Client thread/INFO] [STDOUT]: [com.trhsy.sim.npcCode.build.BuildingBlueprint:addBuildingBlueprint:401]: 当前建筑：砂岩工作室
[10:37:31] [Client thread/INFO] [sim]: 找到建筑描述 暂无 在 砂岩工作室
[10:37:31] [Client thread/INFO] [STDOUT]: [com.trhsy.sim.npcCode.build.BuildingBlueprint:addBuildingBlueprint:656]: 当前建筑所需方块：2645
[10:37:31] [Client thread/INFO] [STDOUT]: [com.trhsy.sim.npcCode.build.BuildingBlueprint:addBuildingBlueprint:401]: 当前建筑：砂岩棚屋
[10:37:31] [Client thread/INFO] [sim]: 找到建筑描述 暂无 在 砂岩棚屋
[10:37:31] [Client thread/INFO] [STDOUT]: [com.trhsy.sim.npcCode.build.BuildingBlueprint:addBuildingBlueprint:656]: 当前建筑所需方块：486
[10:37:31] [Client thread/INFO] [STDOUT]: [com.trhsy.sim.npcCode.build.BuildingBlueprint:addBuildingBlueprint:401]: 当前建筑：砂岩沙漠绿洲
[10:37:31] [Client thread/INFO] [sim]: 找到建筑描述 暂无 在 砂岩沙漠绿洲
[10:37:31] [Client thread/INFO] [STDOUT]: [com.trhsy.sim.npcCode.build.BuildingBlueprint:addBuildingBlueprint:656]: 当前建筑所需方块：5775
[10:37:31] [Client thread/INFO] [STDOUT]: [com.trhsy.sim.npcCode.build.BuildingBlueprint:addBuildingBlueprint:401]: 当前建筑：砖房v1
[10:37:31] [Client thread/INFO] [sim]: 找到建筑描述 暂无 在 砖房v1
[10:37:31] [Client thread/INFO] [STDOUT]: [com.trhsy.sim.npcCode.build.BuildingBlueprint:addBuildingBlueprint:656]: 当前建筑所需方块：280
[10:37:31] [Client thread/INFO] [STDOUT]: [com.trhsy.sim.npcCode.build.BuildingBlueprint:addBuildingBlueprint:401]: 当前建筑：穷人之家v1
[10:37:31] [Client thread/INFO] [sim]: 找到建筑描述 暂无 在 穷人之家v1
[10:37:31] [Client thread/INFO] [STDOUT]: [com.trhsy.sim.npcCode.build.BuildingBlueprint:addBuildingBlueprint:656]: 当前建筑所需方块：27
[10:37:31] [Client thread/INFO] [STDOUT]: [com.trhsy.sim.npcCode.build.BuildingBlueprint:addBuildingBlueprint:401]: 当前建筑：穷人之家v2
[10:37:31] [Client thread/INFO] [sim]: 找到建筑描述 暂无 在 穷人之家v2
[10:37:31] [Client thread/INFO] [STDOUT]: [com.trhsy.sim.npcCode.build.BuildingBlueprint:addBuildingBlueprint:656]: 当前建筑所需方块：27
[10:37:31] [Client thread/INFO] [STDOUT]: [com.trhsy.sim.npcCode.build.BuildingBlueprint:addBuildingBlueprint:401]: 当前建筑：紧凑型住宅
[10:37:31] [Client thread/INFO] [sim]: 找到建筑描述 暂无 在 紧凑型住宅
[10:37:31] [Client thread/INFO] [STDOUT]: [com.trhsy.sim.npcCode.build.BuildingBlueprint:addBuildingBlueprint:656]: 当前建筑所需方块：144
[10:37:31] [Client thread/INFO] [STDOUT]: [com.trhsy.sim.npcCode.build.BuildingBlueprint:addBuildingBlueprint:401]: 当前建筑：美丽乡村别墅酒店
[10:37:31] [Client thread/INFO] [sim]: 找到建筑描述 暂无 在 美丽乡村别墅酒店
[10:37:31] [Client thread/INFO] [STDOUT]: [com.trhsy.sim.npcCode.build.BuildingBlueprint:addBuildingBlueprint:656]: 当前建筑所需方块：715
[10:37:31] [Client thread/INFO] [STDOUT]: [com.trhsy.sim.npcCode.build.BuildingBlueprint:addBuildingBlueprint:401]: 当前建筑：花盆酒店
[10:37:31] [Client thread/INFO] [sim]: 找到建筑描述 暂无 在 花盆酒店
[10:37:31] [Client thread/INFO] [STDOUT]: [com.trhsy.sim.npcCode.build.BuildingBlueprint:addBuildingBlueprint:656]: 当前建筑所需方块：2106
[10:37:31] [Client thread/INFO] [STDOUT]: [com.trhsy.sim.npcCode.build.BuildingBlueprint:addBuildingBlueprint:401]: 当前建筑：莱克豪斯酒店
[10:37:31] [Client thread/INFO] [sim]: 找到建筑描述 暂无 在 莱克豪斯酒店
[10:37:31] [Client thread/INFO] [STDOUT]: [com.trhsy.sim.npcCode.build.BuildingBlueprint:addBuildingBlueprint:656]: 当前建筑所需方块：275
[10:37:31] [Client thread/INFO] [STDOUT]: [com.trhsy.sim.npcCode.build.BuildingBlueprint:addBuildingBlueprint:401]: 当前建筑：街角小屋
[10:37:31] [Client thread/INFO] [sim]: 找到建筑描述 暂无 在 街角小屋
[10:37:31] [Client thread/INFO] [STDOUT]: [com.trhsy.sim.npcCode.build.BuildingBlueprint:addBuildingBlueprint:656]: 当前建筑所需方块：320
[10:37:31] [Client thread/INFO] [STDOUT]: [com.trhsy.sim.npcCode.build.BuildingBlueprint:addBuildingBlueprint:401]: 当前建筑：西尔斯大厦
[10:37:31] [Client thread/INFO] [sim]: 找到建筑描述 暂无 在 西尔斯大厦
[10:37:31] [Client thread/INFO] [STDOUT]: [com.trhsy.sim.npcCode.build.BuildingBlueprint:addBuildingBlueprint:656]: 当前建筑所需方块：390825
[10:37:31] [Client thread/INFO] [STDOUT]: [com.trhsy.sim.npcCode.build.BuildingBlueprint:addBuildingBlueprint:401]: 当前建筑：西瓜南瓜农场
[10:37:31] [Client thread/INFO] [STDOUT]: [com.trhsy.sim.npcCode.build.BuildingBlueprint:addBuildingBlueprint:656]: 当前建筑所需方块：3230
[10:37:31] [Client thread/INFO] [STDOUT]: [com.trhsy.sim.npcCode.build.BuildingBlueprint:addBuildingBlueprint:401]: 当前建筑：诺兹之家酒店
[10:37:31] [Client thread/INFO] [sim]: 找到建筑描述 暂无 在 诺兹之家酒店
[10:37:31] [Client thread/INFO] [STDOUT]: [com.trhsy.sim.npcCode.build.BuildingBlueprint:addBuildingBlueprint:656]: 当前建筑所需方块：1089
[10:37:31] [Client thread/INFO] [STDOUT]: [com.trhsy.sim.npcCode.build.BuildingBlueprint:addBuildingBlueprint:401]: 当前建筑：豪华公寓
[10:37:31] [Client thread/INFO] [sim]: 找到建筑描述 暂无 在 豪华公寓
[10:37:31] [Client thread/INFO] [STDOUT]: [com.trhsy.sim.npcCode.build.BuildingBlueprint:addBuildingBlueprint:656]: 当前建筑所需方块：3750
[10:37:31] [Client thread/INFO] [STDOUT]: [com.trhsy.sim.npcCode.build.BuildingBlueprint:addBuildingBlueprint:401]: 当前建筑：豪华木屋酒店
[10:37:31] [Client thread/INFO] [sim]: 找到建筑描述 暂无 在 豪华木屋酒店
[10:37:31] [Client thread/INFO] [STDOUT]: [com.trhsy.sim.npcCode.build.BuildingBlueprint:addBuildingBlueprint:656]: 当前建筑所需方块：1365
[10:37:31] [Client thread/INFO] [STDOUT]: [com.trhsy.sim.npcCode.build.BuildingBlueprint:addBuildingBlueprint:401]: 当前建筑：超小房子
[10:37:31] [Client thread/INFO] [sim]: 找到建筑描述 暂无 在 超小房子
[10:37:31] [Client thread/INFO] [STDOUT]: [com.trhsy.sim.npcCode.build.BuildingBlueprint:addBuildingBlueprint:656]: 当前建筑所需方块：24
[10:37:31] [Client thread/INFO] [STDOUT]: [com.trhsy.sim.npcCode.build.BuildingBlueprint:addBuildingBlueprint:401]: 当前建筑：迎阳楼
[10:37:31] [Client thread/INFO] [sim]: 找到建筑描述 暂无 在 迎阳楼
[10:37:31] [Client thread/INFO] [STDOUT]: [com.trhsy.sim.npcCode.build.BuildingBlueprint:addBuildingBlueprint:656]: 当前建筑所需方块：4752
[10:37:31] [Client thread/INFO] [STDOUT]: [com.trhsy.sim.npcCode.build.BuildingBlueprint:addBuildingBlueprint:401]: 当前建筑：迷宫砖房
[10:37:31] [Client thread/INFO] [sim]: 找到建筑描述 暂无 在 迷宫砖房
[10:37:31] [Client thread/INFO] [STDOUT]: [com.trhsy.sim.npcCode.build.BuildingBlueprint:addBuildingBlueprint:656]: 当前建筑所需方块：6156
[10:37:31] [Client thread/INFO] [STDOUT]: [com.trhsy.sim.npcCode.build.BuildingBlueprint:addBuildingBlueprint:401]: 当前建筑：郊区门廊
[10:37:31] [Client thread/INFO] [sim]: 找到建筑描述 暂无 在 郊区门廊
[10:37:31] [Client thread/INFO] [STDOUT]: [com.trhsy.sim.npcCode.build.BuildingBlueprint:addBuildingBlueprint:656]: 当前建筑所需方块：504
[10:37:31] [Client thread/INFO] [STDOUT]: [com.trhsy.sim.npcCode.build.BuildingBlueprint:addBuildingBlueprint:401]: 当前建筑：都铎住宅
[10:37:31] [Client thread/INFO] [sim]: 找到建筑描述 暂无 在 都铎住宅
[10:37:31] [Client thread/INFO] [STDOUT]: [com.trhsy.sim.npcCode.build.BuildingBlueprint:addBuildingBlueprint:656]: 当前建筑所需方块：616
[10:37:31] [Client thread/INFO] [STDOUT]: [com.trhsy.sim.npcCode.build.BuildingBlueprint:addBuildingBlueprint:401]: 当前建筑：金字塔
[10:37:31] [Client thread/INFO] [sim]: 找到建筑描述 暂无 在 金字塔
[10:37:31] [Client thread/INFO] [STDOUT]: [com.trhsy.sim.npcCode.build.BuildingBlueprint:addBuildingBlueprint:656]: 当前建筑所需方块：196
[10:37:31] [Client thread/INFO] [STDOUT]: [com.trhsy.sim.npcCode.build.BuildingBlueprint:addBuildingBlueprint:401]: 当前建筑：金库
[10:37:31] [Client thread/INFO] [sim]: 找到建筑描述 暂无 在 金库
[10:37:31] [Client thread/INFO] [STDOUT]: [com.trhsy.sim.npcCode.build.BuildingBlueprint:addBuildingBlueprint:656]: 当前建筑所需方块：6300
[10:37:31] [Client thread/INFO] [STDOUT]: [com.trhsy.sim.npcCode.build.BuildingBlueprint:addBuildingBlueprint:401]: 当前建筑：铁匠之家
[10:37:31] [Client thread/INFO] [sim]: 找到建筑描述 暂无 在 铁匠之家
[10:37:31] [Client thread/INFO] [STDOUT]: [com.trhsy.sim.npcCode.build.BuildingBlueprint:addBuildingBlueprint:656]: 当前建筑所需方块：462
[10:37:31] [Client thread/INFO] [STDOUT]: [com.trhsy.sim.npcCode.build.BuildingBlueprint:addBuildingBlueprint:401]: 当前建筑：铁屋v1
[10:37:31] [Client thread/INFO] [sim]: 找到建筑描述 暂无 在 铁屋v1
[10:37:31] [Client thread/INFO] [STDOUT]: [com.trhsy.sim.npcCode.build.BuildingBlueprint:addBuildingBlueprint:656]: 当前建筑所需方块：294
[10:37:31] [Client thread/INFO] [STDOUT]: [com.trhsy.sim.npcCode.build.BuildingBlueprint:addBuildingBlueprint:401]: 当前建筑：铁屋v2
[10:37:31] [Client thread/INFO] [sim]: 找到建筑描述 暂无 在 铁屋v2
[10:37:31] [Client thread/INFO] [STDOUT]: [com.trhsy.sim.npcCode.build.BuildingBlueprint:addBuildingBlueprint:656]: 当前建筑所需方块：280
[10:37:31] [Client thread/INFO] [STDOUT]: [com.trhsy.sim.npcCode.build.BuildingBlueprint:addBuildingBlueprint:401]: 当前建筑：长木屋
[10:37:31] [Client thread/INFO] [sim]: 找到建筑描述 暂无 在 长木屋
[10:37:31] [Client thread/INFO] [STDOUT]: [com.trhsy.sim.npcCode.build.BuildingBlueprint:addBuildingBlueprint:656]: 当前建筑所需方块：72
[10:37:31] [Client thread/INFO] [STDOUT]: [com.trhsy.sim.npcCode.build.BuildingBlueprint:addBuildingBlueprint:401]: 当前建筑：阁楼
[10:37:31] [Client thread/INFO] [sim]: 找到建筑描述 暂无 在 阁楼
[10:37:32] [Client thread/INFO] [STDOUT]: [com.trhsy.sim.npcCode.build.BuildingBlueprint:addBuildingBlueprint:656]: 当前建筑所需方块：630
[10:37:32] [Client thread/INFO] [STDOUT]: [com.trhsy.sim.npcCode.build.BuildingBlueprint:addBuildingBlueprint:401]: 当前建筑：阳光房
[10:37:32] [Client thread/INFO] [sim]: 找到建筑描述 暂无 在 阳光房
[10:37:32] [Client thread/INFO] [STDOUT]: [com.trhsy.sim.npcCode.build.BuildingBlueprint:addBuildingBlueprint:656]: 当前建筑所需方块：540
[10:37:32] [Client thread/INFO] [STDOUT]: [com.trhsy.sim.npcCode.build.BuildingBlueprint:addBuildingBlueprint:401]: 当前建筑：阿蒙纳之家酒店v1
[10:37:32] [Client thread/INFO] [sim]: 找到建筑描述 暂无 在 阿蒙纳之家酒店v1
[10:37:32] [Client thread/INFO] [STDOUT]: [com.trhsy.sim.npcCode.build.BuildingBlueprint:addBuildingBlueprint:656]: 当前建筑所需方块：324
[10:37:32] [Client thread/INFO] [STDOUT]: [com.trhsy.sim.npcCode.build.BuildingBlueprint:addBuildingBlueprint:401]: 当前建筑：阿蒙纳之家酒店v2
[10:37:32] [Client thread/INFO] [sim]: 找到建筑描述 暂无 在 阿蒙纳之家酒店v2
[10:37:32] [Client thread/INFO] [STDOUT]: [com.trhsy.sim.npcCode.build.BuildingBlueprint:addBuildingBlueprint:656]: 当前建筑所需方块：528
[10:37:32] [Client thread/INFO] [STDOUT]: [com.trhsy.sim.npcCode.build.BuildingBlueprint:addBuildingBlueprint:401]: 当前建筑：隐士之家
[10:37:32] [Client thread/INFO] [sim]: 找到建筑描述 暂无 在 隐士之家
[10:37:32] [Client thread/INFO] [STDOUT]: [com.trhsy.sim.npcCode.build.BuildingBlueprint:addBuildingBlueprint:656]: 当前建筑所需方块：216
[10:37:32] [Client thread/INFO] [STDOUT]: [com.trhsy.sim.npcCode.build.BuildingBlueprint:addBuildingBlueprint:401]: 当前建筑：鹅卵石小屋
[10:37:32] [Client thread/INFO] [sim]: 找到建筑描述 暂无 在 鹅卵石小屋
[10:37:32] [Client thread/INFO] [STDOUT]: [com.trhsy.sim.npcCode.build.BuildingBlueprint:addBuildingBlueprint:656]: 当前建筑所需方块：120
[10:37:32] [Client thread/INFO] [STDOUT]: [com.trhsy.sim.npcCode.build.BuildingBlueprint:addBuildingBlueprint:401]: 当前建筑：鹅卵石屋
[10:37:32] [Client thread/INFO] [sim]: 找到建筑描述 暂无 在 鹅卵石屋
[10:37:32] [Client thread/INFO] [STDOUT]: [com.trhsy.sim.npcCode.build.BuildingBlueprint:addBuildingBlueprint:656]: 当前建筑所需方块：140
[10:37:32] [Client thread/INFO] [STDOUT]: [com.trhsy.sim.npcCode.build.BuildingBlueprint:addBuildingBlueprint:401]: 当前建筑：鹅卵石隔间
[10:37:32] [Client thread/INFO] [sim]: 找到建筑描述 暂无 在 鹅卵石隔间
[10:37:32] [Client thread/INFO] [STDOUT]: [com.trhsy.sim.npcCode.build.BuildingBlueprint:addBuildingBlueprint:656]: 当前建筑所需方块：125
[10:37:32] [Client thread/INFO] [STDOUT]: [com.trhsy.sim.npcCode.build.BuildingBlueprint:addBuildingBlueprint:401]: 当前建筑：黑白摩天大楼
[10:37:32] [Client thread/INFO] [sim]: 找到建筑描述 暂无 在 黑白摩天大楼
[10:37:32] [Client thread/INFO] [STDOUT]: [com.trhsy.sim.npcCode.build.BuildingBlueprint:addBuildingBlueprint:656]: 当前建筑所需方块：21609
[10:37:32] [Client thread/INFO] [STDOUT]: [com.trhsy.sim.npcCode.build.BuildingBlueprint:addBuildingBlueprint:401]: 当前建筑：乡村教堂1
[10:37:32] [Client thread/INFO] [sim]: 找到建筑描述 暂无 在 乡村教堂1
[10:37:32] [Client thread/INFO] [STDOUT]: [com.trhsy.sim.npcCode.build.BuildingBlueprint:addBuildingBlueprint:656]: 当前建筑所需方块：4032
[10:37:32] [Client thread/INFO] [STDOUT]: [com.trhsy.sim.npcCode.build.BuildingBlueprint:addBuildingBlueprint:401]: 当前建筑：乡村教堂2
[10:37:32] [Client thread/INFO] [sim]: 找到建筑描述 暂无 在 乡村教堂2
[10:37:32] [Client thread/INFO] [STDOUT]: [com.trhsy.sim.npcCode.build.BuildingBlueprint:addBuildingBlueprint:656]: 当前建筑所需方块：9384
[10:37:32] [Client thread/INFO] [STDOUT]: [com.trhsy.sim.npcCode.build.BuildingBlueprint:addBuildingBlueprint:401]: 当前建筑：南大教堂2
[10:37:32] [Client thread/INFO] [sim]: 找到建筑描述 暂无 在 南大教堂2
[10:37:32] [Client thread/INFO] [STDOUT]: [com.trhsy.sim.npcCode.build.BuildingBlueprint:addBuildingBlueprint:656]: 当前建筑所需方块：354705
[10:37:32] [Client thread/INFO] [STDOUT]: [com.trhsy.sim.npcCode.build.BuildingBlueprint:addBuildingBlueprint:401]: 当前建筑：梅斯教堂
[10:37:32] [Client thread/INFO] [sim]: 找到建筑描述 暂无 在 梅斯教堂
[10:37:32] [Client thread/INFO] [STDOUT]: [com.trhsy.sim.npcCode.build.BuildingBlueprint:addBuildingBlueprint:656]: 当前建筑所需方块：12348
[10:37:32] [Client thread/TRACE] [FML]: Sent event FMLPostInitializationEvent to mod sim
[10:37:32] [Client thread/DEBUG] [FML]: Bar Step: PostInitialization - Simulated town took 2.388s
[10:37:32] [Client thread/TRACE] [FML]: Sending event FMLPostInitializationEvent to mod jei
[10:37:32] [Client thread/TRACE] [FML]: Sent event FMLPostInitializationEvent to mod jei
[10:37:32] [Client thread/DEBUG] [FML]: Bar Step: PostInitialization - Just Enough Items took 0.000s
[10:37:32] [Client thread/TRACE] [FML]: Sending event FMLPostInitializationEvent to mod lightore
[10:37:32] [Client thread/TRACE] [FML]: Sent event FMLPostInitializationEvent to mod lightore
[10:37:32] [Client thread/DEBUG] [FML]: Bar Step: PostInitialization - Ore Highlight took 0.000s
[10:37:32] [Client thread/DEBUG] [FML]: Bar Finished: PostInitialization took 2.401s
[10:37:32] [Client thread/TRACE] [FML]: Sending event FMLLoadCompleteEvent to mod minecraft
[10:37:32] [Client thread/TRACE] [FML]: Sent event FMLLoadCompleteEvent to mod minecraft
[10:37:32] [Client thread/DEBUG] [FML]: Bar Step: LoadComplete - Minecraft took 0.000s
[10:37:32] [Client thread/TRACE] [FML]: Sending event FMLLoadCompleteEvent to mod mcp
[10:37:32] [Client thread/TRACE] [FML]: Sent event FMLLoadCompleteEvent to mod mcp
[10:37:32] [Client thread/DEBUG] [FML]: Bar Step: LoadComplete - Minecraft Coder Pack took 0.000s
[10:37:32] [Client thread/TRACE] [FML]: Sending event FMLLoadCompleteEvent to mod FML
[10:37:32] [Client thread/TRACE] [FML]: Sent event FMLLoadCompleteEvent to mod FML
[10:37:32] [Client thread/DEBUG] [FML]: Bar Step: LoadComplete - Forge Mod Loader took 0.000s
[10:37:32] [Client thread/TRACE] [FML]: Sending event FMLLoadCompleteEvent to mod forge
[10:37:32] [Client thread/DEBUG] [FML]: Forge RecipeSorter Baking:
[10:37:32] [Client thread/DEBUG] [FML]:   16: RecipeEntry("Before", UNKNOWN, )
[10:37:32] [Client thread/DEBUG] [FML]:   15: RecipeEntry("minecraft:shaped", SHAPED, net.minecraft.item.crafting.ShapedRecipes) Before: minecraft:shapeless
[10:37:32] [Client thread/DEBUG] [FML]:   14: RecipeEntry("forge:shapedore", SHAPED, net.minecraftforge.oredict.ShapedOreRecipe) Before: minecraft:shapeless After: minecraft:shaped
[10:37:32] [Client thread/DEBUG] [FML]:   13: RecipeEntry("minecraft:mapextending", SHAPED, net.minecraft.item.crafting.RecipesMapExtending) Before: minecraft:shapeless After: minecraft:shaped
[10:37:32] [Client thread/DEBUG] [FML]:   12: RecipeEntry("minecraft:shapeless", SHAPELESS, net.minecraft.item.crafting.ShapelessRecipes) After: minecraft:shaped
[10:37:32] [Client thread/DEBUG] [FML]:   11: RecipeEntry("minecraft:repair", SHAPELESS, net.minecraft.item.crafting.RecipeRepairItem) After: minecraft:shapeless
[10:37:32] [Client thread/DEBUG] [FML]:   10: RecipeEntry("minecraft:shield_deco", SHAPELESS, net.minecraft.item.crafting.ShieldRecipes$Decoration) After: minecraft:shapeless
[10:37:32] [Client thread/DEBUG] [FML]:   9: RecipeEntry("minecraft:armordyes", SHAPELESS, net.minecraft.item.crafting.RecipesArmorDyes) After: minecraft:shapeless
[10:37:32] [Client thread/DEBUG] [FML]:   8: RecipeEntry("minecraft:fireworks", SHAPELESS, net.minecraft.item.crafting.RecipeFireworks) After: minecraft:shapeless
[10:37:32] [Client thread/DEBUG] [FML]:   7: RecipeEntry("minecraft:pattern_dupe", SHAPELESS, net.minecraft.item.crafting.RecipesBanners$RecipeDuplicatePattern) After: minecraft:shapeless
[10:37:32] [Client thread/DEBUG] [FML]:   6: RecipeEntry("minecraft:tippedarrow", SHAPELESS, net.minecraft.item.crafting.RecipeTippedArrow) After: minecraft:shapeless
[10:37:32] [Client thread/DEBUG] [FML]:   5: RecipeEntry("minecraft:mapcloning", SHAPELESS, net.minecraft.item.crafting.RecipesMapCloning) After: minecraft:shapeless
[10:37:32] [Client thread/DEBUG] [FML]:   4: RecipeEntry("forge:shapelessore", SHAPELESS, net.minecraftforge.oredict.ShapelessOreRecipe) After: minecraft:shapeless
[10:37:32] [Client thread/DEBUG] [FML]:   3: RecipeEntry("minecraft:pattern_add", SHAPELESS, net.minecraft.item.crafting.RecipesBanners$RecipeAddPattern) After: minecraft:shapeless
[10:37:32] [Client thread/DEBUG] [FML]:   2: RecipeEntry("minecraft:bookcloning", SHAPELESS, net.minecraft.item.crafting.RecipeBookCloning) After: minecraft:shapeless
[10:37:32] [Client thread/DEBUG] [FML]:   1: RecipeEntry("After", UNKNOWN, )
[10:37:32] [Client thread/DEBUG] [FML]: Sorting recipes
[10:37:32] [Client thread/TRACE] [FML]: Sent event FMLLoadCompleteEvent to mod forge
[10:37:32] [Client thread/DEBUG] [FML]: Bar Step: LoadComplete - Minecraft Forge took 0.377s
[10:37:32] [Client thread/TRACE] [FML]: Sending event FMLLoadCompleteEvent to mod sim
[10:37:32] [Client thread/TRACE] [FML]: Sent event FMLLoadCompleteEvent to mod sim
[10:37:32] [Client thread/DEBUG] [FML]: Bar Step: LoadComplete - Simulated town took 0.000s
[10:37:32] [Client thread/TRACE] [FML]: Sending event FMLLoadCompleteEvent to mod jei
[10:37:32] [Client thread/DEBUG] [FML]: Bar Finished: Loading Resource - ProxyCommonClient$$Lambda$167/1727703357 took 0.000s
[10:37:32] [Client thread/INFO] [jei]: Starting JEI...
[10:37:33] [Client thread/DEBUG] [FML]: Bar Finished: Registering item subtypes took 0.004s
[10:37:33] [Client thread/DEBUG] [FML]: Bar Finished: Registering ingredients took 0.146s
[10:37:33] [Client thread/INFO] [jei]: Registering recipe categories...
[10:37:33] [Client thread/DEBUG] [jei]: Registering categories: mezz.jei.plugins.vanilla.VanillaPlugin ...
[10:37:34] [Client thread/DEBUG] [jei]: Registered  categories: mezz.jei.plugins.vanilla.VanillaPlugin in 57 ms
[10:37:34] [Client thread/DEBUG] [jei]: Registering categories: mezz.jei.plugins.jei.JEIInternalPlugin ...
[10:37:34] [Client thread/DEBUG] [jei]: Registered  categories: mezz.jei.plugins.jei.JEIInternalPlugin in 5 ms
[10:37:34] [Client thread/DEBUG] [FML]: Bar Finished: Registering categories took 0.064s
[10:37:34] [Client thread/INFO] [jei]: Registering recipe categories took 64.29 ms
[10:37:34] [Client thread/INFO] [jei]: Registering mod plugins...
[10:37:34] [Client thread/DEBUG] [jei]: Registering plugin: mezz.jei.plugins.vanilla.VanillaPlugin ...
[10:37:34] [Client thread/DEBUG] [jei]: Registered vanilla repair recipes in 2.738 ms
[10:37:35] [Client thread/DEBUG] [jei]: Registered enchantment recipes in 596.9 ms
[10:37:35] [Client thread/DEBUG] [jei]: Registered  plugin: mezz.jei.plugins.vanilla.VanillaPlugin in 1283 ms
[10:37:35] [Client thread/DEBUG] [jei]: Registering plugin: mezz.jei.plugins.jei.JEIInternalPlugin ...
[10:37:35] [Client thread/DEBUG] [jei]: Registered  plugin: mezz.jei.plugins.jei.JEIInternalPlugin in 47 ms
[10:37:35] [Client thread/DEBUG] [FML]: Bar Finished: Registering plugins took 1.330s
[10:37:35] [Client thread/INFO] [jei]: Registering mod plugins took 1.330 s
[10:37:35] [Client thread/INFO] [jei]: Building recipe registry...
[10:37:35] [Client thread/DEBUG] [jei]: No recipe wrapper for recipe: Minecraft minecraft:armordye class net.minecraft.item.crafting.RecipesArmorDyes
[10:37:35] [Client thread/DEBUG] [jei]: No recipe wrapper for recipe: Minecraft minecraft:bookcloning class net.minecraft.item.crafting.RecipeBookCloning
[10:37:35] [Client thread/DEBUG] [jei]: No recipe wrapper for recipe: Minecraft minecraft:mapcloning class net.minecraft.item.crafting.RecipesMapCloning
[10:37:35] [Client thread/DEBUG] [jei]: No recipe wrapper for recipe: Minecraft minecraft:fireworks class net.minecraft.item.crafting.RecipeFireworks
[10:37:35] [Client thread/DEBUG] [jei]: No recipe wrapper for recipe: Minecraft minecraft:repairitem class net.minecraft.item.crafting.RecipeRepairItem
[10:37:35] [Client thread/DEBUG] [jei]: No recipe wrapper for recipe: Minecraft minecraft:tippedarrow class net.minecraft.item.crafting.RecipeTippedArrow
[10:37:35] [Client thread/DEBUG] [jei]: No recipe wrapper for recipe: Minecraft minecraft:bannerduplicate class net.minecraft.item.crafting.RecipesBanners$RecipeDuplicatePattern
[10:37:35] [Client thread/DEBUG] [jei]: No recipe wrapper for recipe: Minecraft minecraft:banneraddpattern class net.minecraft.item.crafting.RecipesBanners$RecipeAddPattern
[10:37:35] [Client thread/DEBUG] [jei]: No recipe wrapper for recipe: Minecraft minecraft:shielddecoration class net.minecraft.item.crafting.ShieldRecipes$Decoration
[10:37:35] [Client thread/DEBUG] [jei]: No recipe wrapper for recipe: Minecraft minecraft:shulkerboxcoloring class net.minecraft.item.crafting.ShulkerBoxRecipes$ShulkerBoxColoring
[10:37:35] [Client thread/DEBUG] [FML]: Bar Finished: Loading recipes took 0.052s
[10:37:35] [Client thread/INFO] [jei]: Building recipe registry took 147.6 ms
[10:37:35] [Client thread/INFO] [jei]: Building ingredient list...
[10:37:35] [Client thread/DEBUG] [FML]: Bar Finished: Registering ingredients: FluidStack took 0.021s
[10:37:35] [Client thread/DEBUG] [FML]: Bar Finished: Registering ingredients: EnchantmentData took 0.002s
[10:37:35] [Client thread/DEBUG] [FML]: Bar Finished: Registering ingredients: ItemStack took 0.007s
[10:37:35] [Client thread/INFO] [jei]: Building ingredient list took 44.63 ms
[10:37:35] [Client thread/INFO] [jei]: Building ingredient filter...
[10:37:37] [Client thread/DEBUG] [FML]: Bar Finished: Indexing ingredients took 0.066s
[10:37:37] [Client thread/INFO] [jei]: Building ingredient filter took 1.462 s
[10:37:37] [Client thread/INFO] [jei]: Building bookmarks...
[10:37:37] [Client thread/INFO] [jei]: Building bookmarks took 117.4 ms
[10:37:37] [Client thread/INFO] [jei]: Building runtime...
[10:37:37] [Client thread/INFO] [jei]: Building runtime took 537.2 ms
[10:37:37] [Client thread/DEBUG] [jei]: Sending runtime to plugin: mezz.jei.plugins.vanilla.VanillaPlugin ...
[10:37:37] [Client thread/DEBUG] [jei]: Sending runtime to plugin: mezz.jei.plugins.jei.JEIInternalPlugin ...
[10:37:37] [Client thread/DEBUG] [FML]: Bar Finished: Sending Runtime took 0.001s
[10:37:37] [Client thread/INFO] [jei]: Optimizing memory usage...
[10:37:38] [Client thread/INFO] [jei]: Optimizing memory usage took 348.8 ms
[10:37:38] [Client thread/INFO] [jei]: Starting JEI took 5.372 s
[10:37:38] [Client thread/TRACE] [FML]: Sent event FMLLoadCompleteEvent to mod jei
[10:37:38] [Client thread/DEBUG] [FML]: Bar Step: LoadComplete - Just Enough Items took 5.378s
[10:37:38] [Client thread/TRACE] [FML]: Sending event FMLLoadCompleteEvent to mod lightore
[10:37:38] [Client thread/TRACE] [FML]: Sent event FMLLoadCompleteEvent to mod lightore
[10:37:38] [Client thread/DEBUG] [FML]: Bar Step: LoadComplete - Ore Highlight took 0.000s
[10:37:38] [Client thread/DEBUG] [FML]: Bar Finished: LoadComplete took 5.756s
[10:37:38] [Client thread/DEBUG] [FML]: Freezing registries
[10:37:38] [Client thread/TRACE] [FML]: Sending event FMLModIdMappingEvent to mod minecraft
[10:37:38] [Client thread/TRACE] [FML]: Sent event FMLModIdMappingEvent to mod minecraft
[10:37:38] [Client thread/DEBUG] [FML]: Bar Step: ModIdMapping - Minecraft took 0.000s
[10:37:38] [Client thread/TRACE] [FML]: Sending event FMLModIdMappingEvent to mod mcp
[10:37:38] [Client thread/TRACE] [FML]: Sent event FMLModIdMappingEvent to mod mcp
[10:37:38] [Client thread/DEBUG] [FML]: Bar Step: ModIdMapping - Minecraft Coder Pack took 0.000s
[10:37:38] [Client thread/TRACE] [FML]: Sending event FMLModIdMappingEvent to mod FML
[10:37:38] [Client thread/TRACE] [FML]: Sent event FMLModIdMappingEvent to mod FML
[10:37:38] [Client thread/DEBUG] [FML]: Bar Step: ModIdMapping - Forge Mod Loader took 0.000s
[10:37:38] [Client thread/TRACE] [FML]: Sending event FMLModIdMappingEvent to mod forge
[10:37:38] [Client thread/TRACE] [FML]: Sent event FMLModIdMappingEvent to mod forge
[10:37:38] [Client thread/DEBUG] [FML]: Bar Step: ModIdMapping - Minecraft Forge took 0.101s
[10:37:38] [Client thread/TRACE] [FML]: Sending event FMLModIdMappingEvent to mod sim
[10:37:38] [Client thread/TRACE] [FML]: Sent event FMLModIdMappingEvent to mod sim
[10:37:38] [Client thread/DEBUG] [FML]: Bar Step: ModIdMapping - Simulated town took 0.000s
[10:37:38] [Client thread/TRACE] [FML]: Sending event FMLModIdMappingEvent to mod jei
[10:37:38] [Client thread/TRACE] [FML]: Sent event FMLModIdMappingEvent to mod jei
[10:37:38] [Client thread/DEBUG] [FML]: Bar Step: ModIdMapping - Just Enough Items took 0.000s
[10:37:38] [Client thread/TRACE] [FML]: Sending event FMLModIdMappingEvent to mod lightore
[10:37:38] [Client thread/TRACE] [FML]: Sent event FMLModIdMappingEvent to mod lightore
[10:37:38] [Client thread/DEBUG] [FML]: Bar Step: ModIdMapping - Ore Highlight took 0.000s
[10:37:38] [Client thread/DEBUG] [FML]: Bar Finished: ModIdMapping took 0.103s
[10:37:38] [Client thread/DEBUG] [FML]: All registries frozen
[10:37:38] [Client thread/INFO] [FML]: Forge Mod Loader has successfully loaded 7 mods
[10:37:38] [Client thread/WARN] [net.minecraft.client.settings.GameSettings]: Skipping bad option: lastServer:
[10:37:38] [Client thread/DEBUG] [FML]: Bar Finished: Loading took 57.895s
[10:37:38] [Client thread/INFO] [com.mojang.text2speech.NarratorWindows]: Narrator library for x64 successfully loaded
[10:37:40] [Realms Notification Availability checker #1/INFO] [com.mojang.realmsclient.client.RealmsClient]: Could not authorize you against Realms server: Invalid session id
[10:37:40] [Client thread/DEBUG] [FML]: Bar Finished: Loading Resource - CloudRenderer took 0.553s
[12:21:46] [Client thread/INFO] [net.minecraft.client.Minecraft]: Stopping!
[12:21:46] [Client thread/INFO] [net.minecraft.client.audio.SoundManager]: SoundSystem shutting down...
[12:21:46] [Client thread/WARN] [net.minecraft.client.audio.SoundManager]: Author: Paul Lamb, www.paulscode.com
