[10:36:11] [main/INFO]: Extra: []
[10:36:11] [main/INFO]: Running with arguments: [--userProperties, {}, --assetsDir, F:/maven/.grable/caches/minecraft/assets, --assetIndex, 1.12, --accessToken{REDACTED}, --version, 1.12.2, --tweakClass, net.minecraftforge.fml.common.launcher.FMLTweaker, --tweakClass, net.minecraftforge.gradle.tweakers.CoremodTweaker]
[10:36:11] [main/INFO]: Loading tweak class name net.minecraftforge.fml.common.launcher.FMLTweaker
[10:36:12] [main/INFO]: Using primary tweak class name net.minecraftforge.fml.common.launcher.FMLTweaker
[10:36:12] [main/INFO]: Loading tweak class name net.minecraftforge.gradle.tweakers.CoremodTweaker
[10:36:12] [main/INFO]: Calling tweak class net.minecraftforge.fml.common.launcher.FMLTweaker
[10:36:12] [main/INFO]: Forge Mod Loader version 14.23.5.2847 for Minecraft 1.12.2 loading
[10:36:12] [main/INFO]: Java is Java HotSpot(TM) 64-Bit Server VM, version 1.8.0_271, running on Windows 10:amd64:10.0, installed at D:\Java\jdk1.8.0_271\jre
[10:36:12] [main/ERROR]: Apache Maven library folder was not in the format expected. Using default libraries directory.
[10:36:12] [main/ERROR]: Full: F:\maven\.grable\caches\modules-2\files-2.1\org.apache.maven\maven-artifact\3.5.3\7dc72b6d6d8a6dced3d294ed54c2cc3515ade9f4\maven-artifact-3.5.3.jar
[10:36:12] [main/ERROR]: Trimmed: f:/maven/.grable/caches/modules-2/files-2.1/org.apache.maven/maven-artifact/3.5.3/
[10:36:14] [main/INFO]: Managed to load a deobfuscated Minecraft name- we are in a deobfuscated environment. Skipping runtime deobfuscation
[10:36:14] [main/INFO]: Detected deobfuscated environment, loading log configs for colored console logs.
[10:36:17] [main/INFO] [FML]: Ignoring missing certificate for coremod FMLCorePlugin (net.minecraftforge.fml.relauncher.FMLCorePlugin), we are in deobf and it's a forge core plugin
[10:36:17] [main/INFO] [FML]: Ignoring missing certificate for coremod FMLForgePlugin (net.minecraftforge.classloading.FMLForgePlugin), we are in deobf and it's a forge core plugin
[10:36:17] [main/INFO] [FML]: Searching G:\Game\work\sim-u\Trhsy-sim-u\mc-sim-u-1.12.2\run\.\mods for mods
[10:36:18] [main/INFO] [LaunchWrapper]: Calling tweak class net.minecraftforge.gradle.tweakers.CoremodTweaker
[10:36:18] [main/INFO] [GradleStart]: Injecting location in coremod net.minecraftforge.fml.relauncher.FMLCorePlugin
[10:36:18] [main/INFO] [GradleStart]: Injecting location in coremod net.minecraftforge.classloading.FMLForgePlugin
[10:36:18] [main/INFO] [LaunchWrapper]: Loading tweak class name net.minecraftforge.fml.common.launcher.FMLInjectionAndSortingTweaker
[10:36:18] [main/INFO] [LaunchWrapper]: Loading tweak class name net.minecraftforge.fml.common.launcher.FMLDeobfTweaker
[10:36:18] [main/INFO] [LaunchWrapper]: Loading tweak class name net.minecraftforge.gradle.tweakers.AccessTransformerTweaker
[10:36:19] [main/INFO] [LaunchWrapper]: Calling tweak class net.minecraftforge.fml.common.launcher.FMLInjectionAndSortingTweaker
[10:36:19] [main/INFO] [LaunchWrapper]: Calling tweak class net.minecraftforge.fml.common.launcher.FMLInjectionAndSortingTweaker
[10:36:19] [main/INFO] [LaunchWrapper]: Calling tweak class net.minecraftforge.fml.relauncher.CoreModManager$FMLPluginWrapper
[10:36:22] [main/ERROR] [FML]: FML appears to be missing any signature data. This is not a good thing
[10:36:22] [main/INFO] [LaunchWrapper]: Calling tweak class net.minecraftforge.fml.relauncher.CoreModManager$FMLPluginWrapper
[10:36:22] [main/INFO] [LaunchWrapper]: Calling tweak class net.minecraftforge.fml.common.launcher.FMLDeobfTweaker
[10:36:22] [main/INFO] [LaunchWrapper]: Calling tweak class net.minecraftforge.gradle.tweakers.AccessTransformerTweaker
[10:36:24] [main/INFO] [GradleStart]: Remapping AccessTransformer rules...
[10:36:24] [main/INFO] [LaunchWrapper]: Loading tweak class name net.minecraftforge.fml.common.launcher.TerminalTweaker
[10:36:24] [main/INFO] [LaunchWrapper]: Calling tweak class net.minecraftforge.fml.common.launcher.TerminalTweaker
[10:36:24] [main/INFO] [LaunchWrapper]: Launching wrapped minecraft {net.minecraft.client.main.Main}
[10:36:28] [Client thread/INFO] [net.minecraft.client.Minecraft]: Setting user: Player239
[10:36:33] [Client thread/WARN] [net.minecraft.client.settings.GameSettings]: Skipping bad option: lastServer:
[10:36:33] [Client thread/INFO] [net.minecraft.client.Minecraft]: LWJGL Version: 2.9.4
[10:36:39] [Client thread/INFO] [FML]: -- System Details --
Details:
	Minecraft Version: 1.12.2
	Operating System: Windows 10 (amd64) version 10.0
	Java Version: 1.8.0_271, Oracle Corporation
	Java VM Version: Java HotSpot(TM) 64-Bit Server VM (mixed mode), Oracle Corporation
	Memory: 159113208 bytes (151 MB) / 477626368 bytes (455 MB) up to 7626293248 bytes (7273 MB)
	JVM Flags: 0 total; 
	IntCache: cache: 0, tcache: 0, allocated: 0, tallocated: 0
	FML: 
	Loaded coremods (and transformers): 
	GL info: ' Vendor: 'NVIDIA Corporation' Version: '4.6.0 NVIDIA 555.99' Renderer: 'NVIDIA GeForce GTX 1050 Ti/PCIe/SSE2'
[10:36:40] [Client thread/INFO] [FML]: MinecraftForge v14.23.5.2847 Initialized
[10:36:40] [Client thread/INFO] [FML]: Starts to replace vanilla recipe ingredients with ore ingredients.
[10:36:40] [Client thread/INFO] [FML]: Invalid recipe found with multiple oredict ingredients in the same ingredient...
[10:36:40] [Client thread/INFO] [FML]: Replaced 1227 ore ingredients
[10:36:41] [Client thread/INFO] [FML]: Searching G:\Game\work\sim-u\Trhsy-sim-u\mc-sim-u-1.12.2\run\.\mods for mods
[10:36:42] [Thread-3/INFO] [FML]: Using sync timing. 200 frames of Display.update took 269095200 nanos
[10:36:53] [Client thread/INFO] [FML]: Forge Mod Loader has identified 7 mods to load
[10:36:53] [Client thread/INFO] [FML]: Attempting connection with missing mods [minecraft, mcp, FML, forge, sim, jei, lightore] at CLIENT
[10:36:53] [Client thread/INFO] [FML]: Attempting connection with missing mods [minecraft, mcp, FML, forge, sim, jei, lightore] at SERVER
[10:36:54] [Client thread/INFO] [net.minecraft.client.resources.SimpleReloadableResourceManager]: Reloading ResourceManager: Default, FMLFileResourcePack:Forge Mod Loader, FMLFileResourcePack:Minecraft Forge, FMLFileResourcePack:Simulated town, FMLFileResourcePack:Just Enough Items, FMLFileResourcePack:Ore Highlight
[10:36:55] [Client thread/INFO] [FML]: Processing ObjectHolder annotations
[10:36:55] [Client thread/INFO] [FML]: Found 1168 ObjectHolder annotations
[10:36:55] [Client thread/INFO] [FML]: Identifying ItemStackHolder annotations
[10:36:55] [Client thread/INFO] [FML]: Found 0 ItemStackHolder annotations
[10:36:55] [Client thread/INFO] [FML]: Configured a dormant chunk cache size of 0
[10:36:55] [Forge Version Check/INFO] [forge.VersionCheck]: [forge] Starting version check at http://files.minecraftforge.net/maven/net/minecraftforge/forge/promotions_slim.json
[10:36:56] [Client thread/INFO] [sim]: 注册了 d% 个按键
[10:36:56] [Client thread/INFO] [sim]: 当前语言：zh_cn,开始解压建筑蓝图
[10:36:57] [Client thread/INFO] [FML]: Applying holder lookups
[10:36:57] [Client thread/INFO] [FML]: Holder lookups applied
[10:36:57] [Client thread/INFO] [FML]: Applying holder lookups
[10:36:57] [Client thread/INFO] [FML]: Holder lookups applied
[10:36:57] [Client thread/INFO] [FML]: Applying holder lookups
[10:36:57] [Client thread/INFO] [FML]: Holder lookups applied
[10:36:57] [Client thread/INFO] [FML]: Applying holder lookups
[10:36:57] [Client thread/INFO] [FML]: Holder lookups applied
[10:36:57] [Client thread/INFO] [FML]: Injecting itemstacks
[10:36:58] [Client thread/INFO] [FML]: Itemstack injection complete
[10:37:01] [Forge Version Check/INFO] [forge.VersionCheck]: [forge] Found status: OUTDATED Target: 14.23.5.2859
[10:37:05] [Sound Library Loader/INFO] [net.minecraft.client.audio.SoundManager]: Starting up SoundSystem...
[10:37:05] [Thread-5/INFO] [net.minecraft.client.audio.SoundManager]: Initializing LWJGL OpenAL
[10:37:05] [Thread-5/INFO] [net.minecraft.client.audio.SoundManager]: (The LWJGL binding of OpenAL.  For more information, see http://www.lwjgl.org)
[10:37:10] [Thread-5/INFO] [net.minecraft.client.audio.SoundManager]: OpenAL initialized.
[10:37:10] [Sound Library Loader/INFO] [net.minecraft.client.audio.SoundManager]: Sound engine started
[10:37:20] [Client thread/INFO] [FML]: Max texture size: 16384
[10:37:25] [Client thread/INFO] [net.minecraft.client.renderer.texture.TextureMap]: Created: 512x512 textures-atlas
[10:37:29] [Client thread/INFO] [FML]: Applying holder lookups
[10:37:29] [Client thread/INFO] [FML]: Holder lookups applied
[10:37:29] [Client thread/INFO] [jei]: Created: 256x128 textures-atlas
[10:37:29] [Client thread/INFO] [FML]: Injecting itemstacks
[10:37:29] [Client thread/INFO] [FML]: Itemstack injection complete
[10:37:30] [Client thread/INFO] [STDOUT]: [com.trhsy.sim.npcCode.build.BuildingBlueprint:addBuildingBlueprint:401]: 当前建筑：仓库
[10:37:30] [Client thread/INFO] [sim]: 找到建筑描述 用路径箱标记后NPC会将标记点物品取回 在 仓库
[10:37:30] [Client thread/INFO] [STDOUT]: [com.trhsy.sim.npcCode.build.BuildingBlueprint:addBuildingBlueprint:656]: 当前建筑所需方块：1092
[10:37:30] [Client thread/INFO] [STDOUT]: [com.trhsy.sim.npcCode.build.BuildingBlueprint:addBuildingBlueprint:401]: 当前建筑：医院
[10:37:30] [Client thread/INFO] [sim]: 找到建筑描述 模拟城镇有名的妇产科医院 在 医院
[10:37:30] [Client thread/INFO] [STDOUT]: [com.trhsy.sim.npcCode.build.BuildingBlueprint:addBuildingBlueprint:656]: 当前建筑所需方块：5520
[10:37:30] [Client thread/INFO] [STDOUT]: [com.trhsy.sim.npcCode.build.BuildingBlueprint:addBuildingBlueprint:401]: 当前建筑：叶老酒馆
[10:37:30] [Client thread/INFO] [sim]: 找到建筑描述 这里有美味的啤酒 在 叶老酒馆
[10:37:30] [Client thread/INFO] [STDOUT]: [com.trhsy.sim.npcCode.build.BuildingBlueprint:addBuildingBlueprint:656]: 当前建筑所需方块：3744
[10:37:30] [Client thread/INFO] [STDOUT]: [com.trhsy.sim.npcCode.build.BuildingBlueprint:addBuildingBlueprint:401]: 当前建筑：杂货铺
[10:37:30] [Client thread/INFO] [sim]: 找到建筑描述 你可以在这里买到一些稀有物品 在 杂货铺
[10:37:30] [Client thread/INFO] [STDOUT]: [com.trhsy.sim.npcCode.build.BuildingBlueprint:addBuildingBlueprint:656]: 当前建筑所需方块：648
[10:37:30] [Client thread/INFO] [STDOUT]: [com.trhsy.sim.npcCode.build.BuildingBlueprint:addBuildingBlueprint:401]: 当前建筑：汉堡店
[10:37:30] [Client thread/INFO] [sim]: 找到建筑描述 汉堡店快餐厅 在 汉堡店
[10:37:30] [Client thread/INFO] [STDOUT]: [com.trhsy.sim.npcCode.build.BuildingBlueprint:addBuildingBlueprint:656]: 当前建筑所需方块：5712
[10:37:30] [Client thread/INFO] [STDOUT]: [com.trhsy.sim.npcCode.build.BuildingBlueprint:addBuildingBlueprint:401]: 当前建筑：肉铺
[10:37:30] [Client thread/INFO] [sim]: 找到建筑描述 雇佣屠夫可以让NPC肉场取生肉售卖 在 肉铺
[10:37:30] [Client thread/INFO] [STDOUT]: [com.trhsy.sim.npcCode.build.BuildingBlueprint:addBuildingBlueprint:656]: 当前建筑所需方块：432
[10:37:30] [Client thread/INFO] [STDOUT]: [com.trhsy.sim.npcCode.build.BuildingBlueprint:addBuildingBlueprint:401]: 当前建筑：花店
[10:37:30] [Client thread/INFO] [sim]: 找到建筑描述 售卖一些鲜花 在 花店
[10:37:30] [Client thread/INFO] [STDOUT]: [com.trhsy.sim.npcCode.build.BuildingBlueprint:addBuildingBlueprint:656]: 当前建筑所需方块：1512
[10:37:30] [Client thread/INFO] [STDOUT]: [com.trhsy.sim.npcCode.build.BuildingBlueprint:addBuildingBlueprint:401]: 当前建筑：诊所
[10:37:30] [Client thread/INFO] [sim]: 找到建筑描述 没有医院的情况下可以让孕妇来这里生孩子 在 诊所
[10:37:30] [Client thread/INFO] [STDOUT]: [com.trhsy.sim.npcCode.build.BuildingBlueprint:addBuildingBlueprint:656]: 当前建筑所需方块：2240
[10:37:30] [Client thread/INFO] [STDOUT]: [com.trhsy.sim.npcCode.build.BuildingBlueprint:addBuildingBlueprint:401]: 当前建筑：银行
[10:37:30] [Client thread/INFO] [sim]: 找到建筑描述 你可以存钱一些有价值的矿石 在 银行
[10:37:30] [Client thread/INFO] [STDOUT]: [com.trhsy.sim.npcCode.build.BuildingBlueprint:addBuildingBlueprint:656]: 当前建筑所需方块：750
[10:37:30] [Client thread/INFO] [STDOUT]: [com.trhsy.sim.npcCode.build.BuildingBlueprint:addBuildingBlueprint:401]: 当前建筑：面包店
[10:37:30] [Client thread/INFO] [sim]: 找到建筑描述 在面包店雇佣面包师，用农场的小麦为NPC烤面包，用南瓜做南瓜派，如果你有鸡蛋，糖，牛奶NPC甚至可以给你做出来蛋糕 在 面包店
[10:37:30] [Client thread/INFO] [STDOUT]: [com.trhsy.sim.npcCode.build.BuildingBlueprint:addBuildingBlueprint:656]: 当前建筑所需方块：432
[10:37:30] [Client thread/INFO] [STDOUT]: [com.trhsy.sim.npcCode.build.BuildingBlueprint:addBuildingBlueprint:401]: 当前建筑：食品店
[10:37:30] [Client thread/INFO] [sim]: 找到建筑描述 售卖马铃薯、胡萝卜、甜菜根、苹果、南瓜、西瓜 在 食品店
[10:37:30] [Client thread/INFO] [STDOUT]: [com.trhsy.sim.npcCode.build.BuildingBlueprint:addBuildingBlueprint:656]: 当前建筑所需方块：495
[10:37:30] [Client thread/INFO] [STDOUT]: [com.trhsy.sim.npcCode.build.BuildingBlueprint:addBuildingBlueprint:401]: 当前建筑：麦当劳
[10:37:30] [Client thread/INFO] [sim]: 找到建筑描述 麦当劳快餐厅 在 麦当劳
[10:37:30] [Client thread/INFO] [STDOUT]: [com.trhsy.sim.npcCode.build.BuildingBlueprint:addBuildingBlueprint:656]: 当前建筑所需方块：11339
[10:37:30] [Client thread/INFO] [STDOUT]: [com.trhsy.sim.npcCode.build.BuildingBlueprint:addBuildingBlueprint:401]: 当前建筑：二师兄
[10:37:30] [Client thread/INFO] [sim]: 找到建筑描述 装饰 在 二师兄
[10:37:30] [Client thread/INFO] [STDOUT]: [com.trhsy.sim.npcCode.build.BuildingBlueprint:addBuildingBlueprint:656]: 当前建筑所需方块：3900
[10:37:30] [Client thread/INFO] [STDOUT]: [com.trhsy.sim.npcCode.build.BuildingBlueprint:addBuildingBlueprint:401]: 当前建筑：僵尸
[10:37:30] [Client thread/INFO] [sim]: 找到建筑描述 装饰 在 僵尸
[10:37:30] [Client thread/INFO] [STDOUT]: [com.trhsy.sim.npcCode.build.BuildingBlueprint:addBuildingBlueprint:656]: 当前建筑所需方块：7680
[10:37:30] [Client thread/INFO] [STDOUT]: [com.trhsy.sim.npcCode.build.BuildingBlueprint:addBuildingBlueprint:401]: 当前建筑：南瓜
[10:37:30] [Client thread/INFO] [sim]: 找到建筑描述 装饰 在 南瓜
[10:37:30] [Client thread/INFO] [STDOUT]: [com.trhsy.sim.npcCode.build.BuildingBlueprint:addBuildingBlueprint:656]: 当前建筑所需方块：5376
[10:37:30] [Client thread/INFO] [STDOUT]: [com.trhsy.sim.npcCode.build.BuildingBlueprint:addBuildingBlueprint:401]: 当前建筑：史蒂夫
[10:37:30] [Client thread/INFO] [sim]: 找到建筑描述 装饰 在 史蒂夫
[10:37:30] [Client thread/INFO] [STDOUT]: [com.trhsy.sim.npcCode.build.BuildingBlueprint:addBuildingBlueprint:656]: 当前建筑所需方块：4096
[10:37:30] [Client thread/INFO] [STDOUT]: [com.trhsy.sim.npcCode.build.BuildingBlueprint:addBuildingBlueprint:401]: 当前建筑：羊羔疯
[10:37:30] [Client thread/INFO] [sim]: 找到建筑描述 装饰 在 羊羔疯
[10:37:30] [Client thread/INFO] [STDOUT]: [com.trhsy.sim.npcCode.build.BuildingBlueprint:addBuildingBlueprint:656]: 当前建筑所需方块：8050
[10:37:30] [Client thread/INFO] [STDOUT]: [com.trhsy.sim.npcCode.build.BuildingBlueprint:addBuildingBlueprint:401]: 当前建筑：苦力怕
[10:37:30] [Client thread/INFO] [sim]: 找到建筑描述 装饰 在 苦力怕
[10:37:30] [Client thread/INFO] [STDOUT]: [com.trhsy.sim.npcCode.build.BuildingBlueprint:addBuildingBlueprint:656]: 当前建筑所需方块：2496
[10:37:30] [Client thread/INFO] [STDOUT]: [com.trhsy.sim.npcCode.build.BuildingBlueprint:addBuildingBlueprint:401]: 当前建筑：茶壶
[10:37:30] [Client thread/INFO] [sim]: 找到建筑描述 装饰 在 茶壶
[10:37:30] [Client thread/INFO] [STDOUT]: [com.trhsy.sim.npcCode.build.BuildingBlueprint:addBuildingBlueprint:656]: 当前建筑所需方块：1050
[10:37:30] [Client thread/INFO] [STDOUT]: [com.trhsy.sim.npcCode.build.BuildingBlueprint:addBuildingBlueprint:401]: 当前建筑：蜘蛛
[10:37:30] [Client thread/INFO] [sim]: 找到建筑描述 装饰 在 蜘蛛
[10:37:30] [Client thread/INFO] [STDOUT]: [com.trhsy.sim.npcCode.build.BuildingBlueprint:addBuildingBlueprint:656]: 当前建筑所需方块：20812
[10:37:30] [Client thread/INFO] [STDOUT]: [com.trhsy.sim.npcCode.build.BuildingBlueprint:addBuildingBlueprint:401]: 当前建筑：骷髅小白
[10:37:30] [Client thread/INFO] [sim]: 找到建筑描述 装饰 在 骷髅小白
[10:37:30] [Client thread/INFO] [STDOUT]: [com.trhsy.sim.npcCode.build.BuildingBlueprint:addBuildingBlueprint:656]: 当前建筑所需方块：7680
[10:37:30] [Client thread/INFO] [STDOUT]: [com.trhsy.sim.npcCode.build.BuildingBlueprint:addBuildingBlueprint:401]: 当前建筑：鸡太美
[10:37:30] [Client thread/INFO] [sim]: 找到建筑描述 装饰 在 鸡太美
[10:37:30] [Client thread/INFO] [STDOUT]: [com.trhsy.sim.npcCode.build.BuildingBlueprint:addBuildingBlueprint:656]: 当前建筑所需方块：1632
[10:37:30] [Client thread/INFO] [STDOUT]: [com.trhsy.sim.npcCode.build.BuildingBlueprint:addBuildingBlueprint:401]: 当前建筑：伐木场
[10:37:30] [Client thread/INFO] [sim]: 找到建筑描述 伐木场NPC砍伐树木会得到原木等 在 伐木场
[10:37:30] [Client thread/INFO] [STDOUT]: [com.trhsy.sim.npcCode.build.BuildingBlueprint:addBuildingBlueprint:656]: 当前建筑所需方块：560
[10:37:30] [Client thread/INFO] [STDOUT]: [com.trhsy.sim.npcCode.build.BuildingBlueprint:addBuildingBlueprint:401]: 当前建筑：养兔场
[10:37:30] [Client thread/INFO] [sim]: 找到建筑描述 养兔场NPC屠宰兔兔会得到兔肉、兔脚、兔皮等 在 养兔场
[10:37:30] [Client thread/INFO] [STDOUT]: [com.trhsy.sim.npcCode.build.BuildingBlueprint:addBuildingBlueprint:656]: 当前建筑所需方块：243
[10:37:30] [Client thread/INFO] [STDOUT]: [com.trhsy.sim.npcCode.build.BuildingBlueprint:addBuildingBlueprint:401]: 当前建筑：养牛场
[10:37:30] [Client thread/INFO] [sim]: 找到建筑描述 养牛场NPC屠宰牛魔王会得到牛肉、皮革等 在 养牛场
[10:37:30] [Client thread/INFO] [STDOUT]: [com.trhsy.sim.npcCode.build.BuildingBlueprint:addBuildingBlueprint:656]: 当前建筑所需方块：243
[10:37:30] [Client thread/INFO] [STDOUT]: [com.trhsy.sim.npcCode.build.BuildingBlueprint:addBuildingBlueprint:401]: 当前建筑：养猪场
[10:37:30] [Client thread/INFO] [sim]: 找到建筑描述 养猪场NPC屠宰二师兄会得到猪排等 在 养猪场
[10:37:30] [Client thread/INFO] [STDOUT]: [com.trhsy.sim.npcCode.build.BuildingBlueprint:addBuildingBlueprint:656]: 当前建筑所需方块：243
[10:37:30] [Client thread/INFO] [STDOUT]: [com.trhsy.sim.npcCode.build.BuildingBlueprint:addBuildingBlueprint:401]: 当前建筑：养羊场
[10:37:30] [Client thread/INFO] [sim]: 找到建筑描述 养养场NPC屠宰养会得到羊排、羊毛等 在 养羊场
[10:37:30] [Client thread/INFO] [STDOUT]: [com.trhsy.sim.npcCode.build.BuildingBlueprint:addBuildingBlueprint:656]: 当前建筑所需方块：243
[10:37:30] [Client thread/INFO] [STDOUT]: [com.trhsy.sim.npcCode.build.BuildingBlueprint:addBuildingBlueprint:401]: 当前建筑：养鸡场
[10:37:30] [Client thread/INFO] [sim]: 找到建筑描述 养鸡场NPC屠宰鸡会得到鸡肉、羽毛等 在 养鸡场
[10:37:30] [Client thread/INFO] [STDOUT]: [com.trhsy.sim.npcCode.build.BuildingBlueprint:addBuildingBlueprint:656]: 当前建筑所需方块：243
[10:37:30] [Client thread/INFO] [STDOUT]: [com.trhsy.sim.npcCode.build.BuildingBlueprint:addBuildingBlueprint:401]: 当前建筑：军营
[10:37:30] [Client thread/INFO] [sim]: 找到建筑描述 雇佣NPC为你巡逻 在 军营
[10:37:30] [Client thread/INFO] [STDOUT]: [com.trhsy.sim.npcCode.build.BuildingBlueprint:addBuildingBlueprint:656]: 当前建筑所需方块：324
[10:37:30] [Client thread/INFO] [STDOUT]: [com.trhsy.sim.npcCode.build.BuildingBlueprint:addBuildingBlueprint:401]: 当前建筑：制糖厂
[10:37:30] [Client thread/INFO] [sim]: 找到建筑描述 雇佣NPC为你制作糖 在 制糖厂
[10:37:30] [Client thread/INFO] [STDOUT]: [com.trhsy.sim.npcCode.build.BuildingBlueprint:addBuildingBlueprint:656]: 当前建筑所需方块：405
[10:37:30] [Client thread/INFO] [STDOUT]: [com.trhsy.sim.npcCode.build.BuildingBlueprint:addBuildingBlueprint:401]: 当前建筑：奶牛场
[10:37:30] [Client thread/INFO] [sim]: 找到建筑描述 牛奶厂NPC可以获得牛奶 在 奶牛场
[10:37:30] [Client thread/INFO] [STDOUT]: [com.trhsy.sim.npcCode.build.BuildingBlueprint:addBuildingBlueprint:656]: 当前建筑所需方块：243
[10:37:30] [Client thread/INFO] [STDOUT]: [com.trhsy.sim.npcCode.build.BuildingBlueprint:addBuildingBlueprint:401]: 当前建筑：奶酪工厂
[10:37:30] [Client thread/INFO] [sim]: 找到建筑描述 NPC能用牛奶制作成奶酪 在 奶酪工厂
[10:37:30] [Client thread/INFO] [STDOUT]: [com.trhsy.sim.npcCode.build.BuildingBlueprint:addBuildingBlueprint:656]: 当前建筑所需方块：2592
[10:37:30] [Client thread/INFO] [STDOUT]: [com.trhsy.sim.npcCode.build.BuildingBlueprint:addBuildingBlueprint:401]: 当前建筑：建筑商
[10:37:30] [Client thread/INFO] [sim]: 找到建筑描述 雇佣NPC售卖建筑材料 在 建筑商
[10:37:30] [Client thread/INFO] [STDOUT]: [com.trhsy.sim.npcCode.build.BuildingBlueprint:addBuildingBlueprint:656]: 当前建筑所需方块：648
[10:37:30] [Client thread/INFO] [STDOUT]: [com.trhsy.sim.npcCode.build.BuildingBlueprint:addBuildingBlueprint:401]: 当前建筑：板砖厂
[10:37:30] [Client thread/INFO] [sim]: 找到建筑描述 雇佣一个NPC来寻找粘土和冶炼砖块 在 板砖厂
[10:37:30] [Client thread/INFO] [STDOUT]: [com.trhsy.sim.npcCode.build.BuildingBlueprint:addBuildingBlueprint:656]: 当前建筑所需方块：420
[10:37:30] [Client thread/INFO] [STDOUT]: [com.trhsy.sim.npcCode.build.BuildingBlueprint:addBuildingBlueprint:401]: 当前建筑：渔场
[10:37:30] [Client thread/INFO] [sim]: 找到建筑描述 雇佣NPC帮助钓鱼获得鱼等 在 渔场
[10:37:30] [Client thread/INFO] [STDOUT]: [com.trhsy.sim.npcCode.build.BuildingBlueprint:addBuildingBlueprint:656]: 当前建筑所需方块：280
[10:37:30] [Client thread/INFO] [STDOUT]: [com.trhsy.sim.npcCode.build.BuildingBlueprint:addBuildingBlueprint:401]: 当前建筑：玻璃工厂
[10:37:30] [Client thread/INFO] [sim]: 找到建筑描述 雇佣一个NPC来寻找沙子和冶炼玻璃 在 玻璃工厂
[10:37:30] [Client thread/INFO] [STDOUT]: [com.trhsy.sim.npcCode.build.BuildingBlueprint:addBuildingBlueprint:656]: 当前建筑所需方块：420
[10:37:30] [Client thread/INFO] [STDOUT]: [com.trhsy.sim.npcCode.build.BuildingBlueprint:addBuildingBlueprint:401]: 当前建筑：羊毛场
[10:37:30] [Client thread/INFO] [sim]: 找到建筑描述 羊毛场NPC能获得羊毛等 在 羊毛场
[10:37:30] [Client thread/INFO] [STDOUT]: [com.trhsy.sim.npcCode.build.BuildingBlueprint:addBuildingBlueprint:656]: 当前建筑所需方块：243
[10:37:30] [Client thread/INFO] [STDOUT]: [com.trhsy.sim.npcCode.build.BuildingBlueprint:addBuildingBlueprint:401]: 当前建筑：鸡蛋农场
[10:37:30] [Client thread/INFO] [sim]: 找到建筑描述 鸡蛋农场NPC能获得鸡蛋等 在 鸡蛋农场
[10:37:30] [Client thread/INFO] [STDOUT]: [com.trhsy.sim.npcCode.build.BuildingBlueprint:addBuildingBlueprint:656]: 当前建筑所需方块：243
[10:37:30] [Client thread/INFO] [STDOUT]: [com.trhsy.sim.npcCode.build.BuildingBlueprint:addBuildingBlueprint:401]: 当前建筑：8号车站
[10:37:30] [Client thread/INFO] [sim]: 找到建筑描述 暂无 在 8号车站
[10:37:30] [Client thread/INFO] [STDOUT]: [com.trhsy.sim.npcCode.build.BuildingBlueprint:addBuildingBlueprint:656]: 当前建筑所需方块：3456
[10:37:30] [Client thread/INFO] [STDOUT]: [com.trhsy.sim.npcCode.build.BuildingBlueprint:addBuildingBlueprint:401]: 当前建筑：PAB LDB
[10:37:30] [Client thread/INFO] [sim]: 找到建筑描述 暂无 在 PAB LDB
[10:37:30] [Client thread/INFO] [STDOUT]: [com.trhsy.sim.npcCode.build.BuildingBlueprint:addBuildingBlueprint:656]: 当前建筑所需方块：5040
[10:37:30] [Client thread/INFO] [STDOUT]: [com.trhsy.sim.npcCode.build.BuildingBlueprint:addBuildingBlueprint:401]: 当前建筑：Sim-U-迷宫
[10:37:30] [Client thread/INFO] [sim]: 找到建筑描述 暂无 在 Sim-U-迷宫
[10:37:30] [Client thread/INFO] [STDOUT]: [com.trhsy.sim.npcCode.build.BuildingBlueprint:addBuildingBlueprint:656]: 当前建筑所需方块：910
[10:37:30] [Client thread/INFO] [STDOUT]: [com.trhsy.sim.npcCode.build.BuildingBlueprint:addBuildingBlueprint:401]: 当前建筑：东方小庙
[10:37:30] [Client thread/INFO] [sim]: 找到建筑描述 暂无 在 东方小庙
[10:37:30] [Client thread/INFO] [STDOUT]: [com.trhsy.sim.npcCode.build.BuildingBlueprint:addBuildingBlueprint:656]: 当前建筑所需方块：180
[10:37:30] [Client thread/INFO] [STDOUT]: [com.trhsy.sim.npcCode.build.BuildingBlueprint:addBuildingBlueprint:401]: 当前建筑：中型农场
[10:37:30] [Client thread/INFO] [sim]: 找到建筑描述 暂无 在 中型农场
[10:37:30] [Client thread/INFO] [STDOUT]: [com.trhsy.sim.npcCode.build.BuildingBlueprint:addBuildingBlueprint:656]: 当前建筑所需方块：1386
[10:37:30] [Client thread/INFO] [STDOUT]: [com.trhsy.sim.npcCode.build.BuildingBlueprint:addBuildingBlueprint:401]: 当前建筑：乘船回家（水上）
[10:37:30] [Client thread/INFO] [sim]: 找到建筑描述 暂无 在 乘船回家（水上）
[10:37:30] [Client thread/INFO] [STDOUT]: [com.trhsy.sim.npcCode.build.BuildingBlueprint:addBuildingBlueprint:656]: 当前建筑所需方块：1890
[10:37:30] [Client thread/INFO] [STDOUT]: [com.trhsy.sim.npcCode.build.BuildingBlueprint:addBuildingBlueprint:401]: 当前建筑：乘船回家（陆上）
[10:37:30] [Client thread/INFO] [sim]: 找到建筑描述 暂无 在 乘船回家（陆上）
[10:37:30] [Client thread/INFO] [STDOUT]: [com.trhsy.sim.npcCode.build.BuildingBlueprint:addBuildingBlueprint:656]: 当前建筑所需方块：1890
[10:37:30] [Client thread/INFO] [STDOUT]: [com.trhsy.sim.npcCode.build.BuildingBlueprint:addBuildingBlueprint:401]: 当前建筑：乡村农场
[10:37:30] [Client thread/INFO] [sim]: 找到建筑描述 暂无 在 乡村农场
[10:37:30] [Client thread/INFO] [STDOUT]: [com.trhsy.sim.npcCode.build.BuildingBlueprint:addBuildingBlueprint:656]: 当前建筑所需方块：117
[10:37:30] [Client thread/INFO] [STDOUT]: [com.trhsy.sim.npcCode.build.BuildingBlueprint:addBuildingBlueprint:401]: 当前建筑：乡村图书馆
[10:37:30] [Client thread/INFO] [sim]: 找到建筑描述 暂无 在 乡村图书馆
[10:37:30] [Client thread/INFO] [STDOUT]: [com.trhsy.sim.npcCode.build.BuildingBlueprint:addBuildingBlueprint:656]: 当前建筑所需方块：648
[10:37:30] [Client thread/INFO] [STDOUT]: [com.trhsy.sim.npcCode.build.BuildingBlueprint:addBuildingBlueprint:401]: 当前建筑：乡村教堂
[10:37:30] [Client thread/INFO] [sim]: 找到建筑描述 暂无 在 乡村教堂
[10:37:30] [Client thread/INFO] [STDOUT]: [com.trhsy.sim.npcCode.build.BuildingBlueprint:addBuildingBlueprint:656]: 当前建筑所需方块：4032
[10:37:30] [Client thread/INFO] [STDOUT]: [com.trhsy.sim.npcCode.build.BuildingBlueprint:addBuildingBlueprint:401]: 当前建筑：井
[10:37:30] [Client thread/INFO] [sim]: 找到建筑描述 暂无 在 井
[10:37:30] [Client thread/INFO] [STDOUT]: [com.trhsy.sim.npcCode.build.BuildingBlueprint:addBuildingBlueprint:656]: 当前建筑所需方块：180
[10:37:30] [Client thread/INFO] [STDOUT]: [com.trhsy.sim.npcCode.build.BuildingBlueprint:addBuildingBlueprint:401]: 当前建筑：仓库
[10:37:30] [Client thread/INFO] [sim]: 找到建筑描述 暂无 在 仓库
[10:37:30] [Client thread/INFO] [STDOUT]: [com.trhsy.sim.npcCode.build.BuildingBlueprint:addBuildingBlueprint:656]: 当前建筑所需方块：1260
[10:37:30] [Client thread/INFO] [STDOUT]: [com.trhsy.sim.npcCode.build.BuildingBlueprint:addBuildingBlueprint:401]: 当前建筑：保龄球道
[10:37:30] [Client thread/INFO] [sim]: 找到建筑描述 暂无 在 保龄球道
[10:37:30] [Client thread/INFO] [STDOUT]: [com.trhsy.sim.npcCode.build.BuildingBlueprint:addBuildingBlueprint:656]: 当前建筑所需方块：4410
[10:37:30] [Client thread/INFO] [STDOUT]: [com.trhsy.sim.npcCode.build.BuildingBlueprint:addBuildingBlueprint:401]: 当前建筑：保龄球道2
[10:37:30] [Client thread/INFO] [sim]: 找到建筑描述 暂无 在 保龄球道2
[10:37:30] [Client thread/INFO] [STDOUT]: [com.trhsy.sim.npcCode.build.BuildingBlueprint:addBuildingBlueprint:656]: 当前建筑所需方块：7560
[10:37:30] [Client thread/INFO] [STDOUT]: [com.trhsy.sim.npcCode.build.BuildingBlueprint:addBuildingBlueprint:401]: 当前建筑：储藏室
[10:37:30] [Client thread/INFO] [sim]: 找到建筑描述 暂无 在 储藏室
[10:37:30] [Client thread/INFO] [STDOUT]: [com.trhsy.sim.npcCode.build.BuildingBlueprint:addBuildingBlueprint:656]: 当前建筑所需方块：1080
[10:37:30] [Client thread/INFO] [STDOUT]: [com.trhsy.sim.npcCode.build.BuildingBlueprint:addBuildingBlueprint:401]: 当前建筑：先进城市广场
[10:37:30] [Client thread/INFO] [sim]: 找到建筑描述 暂无 在 先进城市广场
[10:37:30] [Client thread/INFO] [STDOUT]: [com.trhsy.sim.npcCode.build.BuildingBlueprint:addBuildingBlueprint:656]: 当前建筑所需方块：2601
[10:37:30] [Client thread/INFO] [STDOUT]: [com.trhsy.sim.npcCode.build.BuildingBlueprint:addBuildingBlueprint:401]: 当前建筑：公路和铁路
[10:37:30] [Client thread/INFO] [sim]: 找到建筑描述 暂无 在 公路和铁路
[10:37:30] [Client thread/INFO] [STDOUT]: [com.trhsy.sim.npcCode.build.BuildingBlueprint:addBuildingBlueprint:656]: 当前建筑所需方块：1584
[10:37:30] [Client thread/INFO] [STDOUT]: [com.trhsy.sim.npcCode.build.BuildingBlueprint:addBuildingBlueprint:401]: 当前建筑：公路铁路段
[10:37:30] [Client thread/INFO] [sim]: 找到建筑描述 暂无 在 公路铁路段
[10:37:30] [Client thread/INFO] [STDOUT]: [com.trhsy.sim.npcCode.build.BuildingBlueprint:addBuildingBlueprint:656]: 当前建筑所需方块：2112
[10:37:30] [Client thread/INFO] [STDOUT]: [com.trhsy.sim.npcCode.build.BuildingBlueprint:addBuildingBlueprint:401]: 当前建筑：农场
[10:37:30] [Client thread/INFO] [sim]: 找到建筑描述 暂无 在 农场
[10:37:30] [Client thread/INFO] [STDOUT]: [com.trhsy.sim.npcCode.build.BuildingBlueprint:addBuildingBlueprint:656]: 当前建筑所需方块：300
[10:37:30] [Client thread/INFO] [STDOUT]: [com.trhsy.sim.npcCode.build.BuildingBlueprint:addBuildingBlueprint:401]: 当前建筑：农舍v1
[10:37:30] [Client thread/INFO] [sim]: 找到建筑描述 暂无 在 农舍v1
[10:37:30] [Client thread/INFO] [STDOUT]: [com.trhsy.sim.npcCode.build.BuildingBlueprint:addBuildingBlueprint:656]: 当前建筑所需方块：3312
[10:37:30] [Client thread/INFO] [STDOUT]: [com.trhsy.sim.npcCode.build.BuildingBlueprint:addBuildingBlueprint:401]: 当前建筑：农舍v2
[10:37:30] [Client thread/INFO] [sim]: 找到建筑描述 暂无 在 农舍v2
[10:37:30] [Client thread/INFO] [STDOUT]: [com.trhsy.sim.npcCode.build.BuildingBlueprint:addBuildingBlueprint:656]: 当前建筑所需方块：3456
[10:37:30] [Client thread/INFO] [STDOUT]: [com.trhsy.sim.npcCode.build.BuildingBlueprint:addBuildingBlueprint:401]: 当前建筑：冰屋入口
[10:37:30] [Client thread/INFO] [sim]: 找到建筑描述 暂无 在 冰屋入口
[10:37:30] [Client thread/INFO] [STDOUT]: [com.trhsy.sim.npcCode.build.BuildingBlueprint:addBuildingBlueprint:656]: 当前建筑所需方块：858
[10:37:30] [Client thread/INFO] [STDOUT]: [com.trhsy.sim.npcCode.build.BuildingBlueprint:addBuildingBlueprint:401]: 当前建筑：凉亭
[10:37:30] [Client thread/INFO] [sim]: 找到建筑描述 暂无 在 凉亭
[10:37:30] [Client thread/INFO] [STDOUT]: [com.trhsy.sim.npcCode.build.BuildingBlueprint:addBuildingBlueprint:656]: 当前建筑所需方块：5200
[10:37:30] [Client thread/INFO] [STDOUT]: [com.trhsy.sim.npcCode.build.BuildingBlueprint:addBuildingBlueprint:401]: 当前建筑：利用多维数据集
[10:37:30] [Client thread/INFO] [sim]: 找到建筑描述 暂无 在 利用多维数据集
[10:37:30] [Client thread/INFO] [STDOUT]: [com.trhsy.sim.npcCode.build.BuildingBlueprint:addBuildingBlueprint:656]: 当前建筑所需方块：100
[10:37:30] [Client thread/INFO] [STDOUT]: [com.trhsy.sim.npcCode.build.BuildingBlueprint:addBuildingBlueprint:401]: 当前建筑：卵石沙坑
[10:37:30] [Client thread/INFO] [sim]: 找到建筑描述 暂无 在 卵石沙坑
[10:37:30] [Client thread/INFO] [STDOUT]: [com.trhsy.sim.npcCode.build.BuildingBlueprint:addBuildingBlueprint:656]: 当前建筑所需方块：125
[10:37:30] [Client thread/INFO] [STDOUT]: [com.trhsy.sim.npcCode.build.BuildingBlueprint:addBuildingBlueprint:401]: 当前建筑：双车道公路
[10:37:30] [Client thread/INFO] [sim]: 找到建筑描述 暂无 在 双车道公路
[10:37:30] [Client thread/INFO] [STDOUT]: [com.trhsy.sim.npcCode.build.BuildingBlueprint:addBuildingBlueprint:656]: 当前建筑所需方块：12420
[10:37:30] [Client thread/INFO] [STDOUT]: [com.trhsy.sim.npcCode.build.BuildingBlueprint:addBuildingBlueprint:401]: 当前建筑：喷泉广场
[10:37:30] [Client thread/INFO] [sim]: 找到建筑描述 暂无 在 喷泉广场
[10:37:30] [Client thread/INFO] [STDOUT]: [com.trhsy.sim.npcCode.build.BuildingBlueprint:addBuildingBlueprint:656]: 当前建筑所需方块：968
[10:37:30] [Client thread/INFO] [STDOUT]: [com.trhsy.sim.npcCode.build.BuildingBlueprint:addBuildingBlueprint:401]: 当前建筑：圣诞树1
[10:37:30] [Client thread/INFO] [sim]: 找到建筑描述 暂无 在 圣诞树1
[10:37:30] [Client thread/INFO] [STDOUT]: [com.trhsy.sim.npcCode.build.BuildingBlueprint:addBuildingBlueprint:656]: 当前建筑所需方块：616
[10:37:30] [Client thread/INFO] [STDOUT]: [com.trhsy.sim.npcCode.build.BuildingBlueprint:addBuildingBlueprint:401]: 当前建筑：圣诞树2
[10:37:30] [Client thread/INFO] [sim]: 找到建筑描述 暂无 在 圣诞树2
[10:37:30] [Client thread/INFO] [STDOUT]: [com.trhsy.sim.npcCode.build.BuildingBlueprint:addBuildingBlueprint:656]: 当前建筑所需方块：3757
[10:37:30] [Client thread/INFO] [STDOUT]: [com.trhsy.sim.npcCode.build.BuildingBlueprint:addBuildingBlueprint:401]: 当前建筑：地铁站
[10:37:30] [Client thread/INFO] [sim]: 找到建筑描述 暂无 在 地铁站
[10:37:30] [Client thread/INFO] [STDOUT]: [com.trhsy.sim.npcCode.build.BuildingBlueprint:addBuildingBlueprint:656]: 当前建筑所需方块：693
[10:37:30] [Client thread/INFO] [STDOUT]: [com.trhsy.sim.npcCode.build.BuildingBlueprint:addBuildingBlueprint:401]: 当前建筑：城市广场
[10:37:30] [Client thread/INFO] [sim]: 找到建筑描述 暂无 在 城市广场
[10:37:30] [Client thread/INFO] [STDOUT]: [com.trhsy.sim.npcCode.build.BuildingBlueprint:addBuildingBlueprint:656]: 当前建筑所需方块：128
[10:37:30] [Client thread/INFO] [STDOUT]: [com.trhsy.sim.npcCode.build.BuildingBlueprint:addBuildingBlueprint:401]: 当前建筑：塔段
[10:37:30] [Client thread/INFO] [sim]: 找到建筑描述 暂无 在 塔段
[10:37:30] [Client thread/INFO] [STDOUT]: [com.trhsy.sim.npcCode.build.BuildingBlueprint:addBuildingBlueprint:656]: 当前建筑所需方块：10976
[10:37:30] [Client thread/INFO] [STDOUT]: [com.trhsy.sim.npcCode.build.BuildingBlueprint:addBuildingBlueprint:401]: 当前建筑：墓地
[10:37:30] [Client thread/INFO] [sim]: 找到建筑描述 暂无 在 墓地
[10:37:30] [Client thread/INFO] [STDOUT]: [com.trhsy.sim.npcCode.build.BuildingBlueprint:addBuildingBlueprint:656]: 当前建筑所需方块：5082
[10:37:30] [Client thread/INFO] [STDOUT]: [com.trhsy.sim.npcCode.build.BuildingBlueprint:addBuildingBlueprint:401]: 当前建筑：外贮
[10:37:30] [Client thread/INFO] [sim]: 找到建筑描述 暂无 在 外贮
[10:37:30] [Client thread/INFO] [STDOUT]: [com.trhsy.sim.npcCode.build.BuildingBlueprint:addBuildingBlueprint:656]: 当前建筑所需方块：567
[10:37:30] [Client thread/INFO] [STDOUT]: [com.trhsy.sim.npcCode.build.BuildingBlueprint:addBuildingBlueprint:401]: 当前建筑：大城墙
[10:37:30] [Client thread/INFO] [sim]: 找到建筑描述 暂无 在 大城墙
[10:37:30] [Client thread/INFO] [STDOUT]: [com.trhsy.sim.npcCode.build.BuildingBlueprint:addBuildingBlueprint:656]: 当前建筑所需方块：180
[10:37:30] [Client thread/INFO] [STDOUT]: [com.trhsy.sim.npcCode.build.BuildingBlueprint:addBuildingBlueprint:401]: 当前建筑：大温室
[10:37:30] [Client thread/INFO] [sim]: 找到建筑描述 暂无 在 大温室
[10:37:30] [Client thread/INFO] [STDOUT]: [com.trhsy.sim.npcCode.build.BuildingBlueprint:addBuildingBlueprint:656]: 当前建筑所需方块：5600
[10:37:30] [Client thread/INFO] [STDOUT]: [com.trhsy.sim.npcCode.build.BuildingBlueprint:addBuildingBlueprint:401]: 当前建筑：大街
[10:37:30] [Client thread/INFO] [sim]: 找到建筑描述 暂无 在 大街
[10:37:30] [Client thread/INFO] [STDOUT]: [com.trhsy.sim.npcCode.build.BuildingBlueprint:addBuildingBlueprint:656]: 当前建筑所需方块：4200
[10:37:30] [Client thread/INFO] [STDOUT]: [com.trhsy.sim.npcCode.build.BuildingBlueprint:addBuildingBlueprint:401]: 当前建筑：大门
[10:37:30] [Client thread/INFO] [sim]: 找到建筑描述 暂无 在 大门
[10:37:30] [Client thread/INFO] [STDOUT]: [com.trhsy.sim.npcCode.build.BuildingBlueprint:addBuildingBlueprint:656]: 当前建筑所需方块：324
[10:37:30] [Client thread/INFO] [STDOUT]: [com.trhsy.sim.npcCode.build.BuildingBlueprint:addBuildingBlueprint:401]: 当前建筑：大马厩
[10:37:30] [Client thread/INFO] [sim]: 找到建筑描述 暂无 在 大马厩
[10:37:30] [Client thread/INFO] [STDOUT]: [com.trhsy.sim.npcCode.build.BuildingBlueprint:addBuildingBlueprint:656]: 当前建筑所需方块：7616
[10:37:30] [Client thread/INFO] [STDOUT]: [com.trhsy.sim.npcCode.build.BuildingBlueprint:addBuildingBlueprint:401]: 当前建筑：天空之爱
[10:37:30] [Client thread/INFO] [sim]: 找到建筑描述 暂无 在 天空之爱
[10:37:30] [Client thread/INFO] [STDOUT]: [com.trhsy.sim.npcCode.build.BuildingBlueprint:addBuildingBlueprint:656]: 当前建筑所需方块：31500
[10:37:30] [Client thread/INFO] [STDOUT]: [com.trhsy.sim.npcCode.build.BuildingBlueprint:addBuildingBlueprint:401]: 当前建筑：天空的刮刀
[10:37:30] [Client thread/INFO] [sim]: 找到建筑描述 暂无 在 天空的刮刀
[10:37:30] [Client thread/INFO] [STDOUT]: [com.trhsy.sim.npcCode.build.BuildingBlueprint:addBuildingBlueprint:656]: 当前建筑所需方块：120780
[10:37:30] [Client thread/INFO] [STDOUT]: [com.trhsy.sim.npcCode.build.BuildingBlueprint:addBuildingBlueprint:401]: 当前建筑：奶牛炊具
[10:37:30] [Client thread/INFO] [sim]: 找到建筑描述 暂无 在 奶牛炊具
[10:37:30] [Client thread/INFO] [STDOUT]: [com.trhsy.sim.npcCode.build.BuildingBlueprint:addBuildingBlueprint:656]: 当前建筑所需方块：2400
[10:37:30] [Client thread/INFO] [STDOUT]: [com.trhsy.sim.npcCode.build.BuildingBlueprint:addBuildingBlueprint:401]: 当前建筑：射箭场
[10:37:30] [Client thread/INFO] [sim]: 找到建筑描述 暂无 在 射箭场
[10:37:30] [Client thread/INFO] [STDOUT]: [com.trhsy.sim.npcCode.build.BuildingBlueprint:addBuildingBlueprint:656]: 当前建筑所需方块：7548
[10:37:30] [Client thread/INFO] [STDOUT]: [com.trhsy.sim.npcCode.build.BuildingBlueprint:addBuildingBlueprint:401]: 当前建筑：小喷泉
[10:37:30] [Client thread/INFO] [sim]: 找到建筑描述 暂无 在 小喷泉
[10:37:30] [Client thread/INFO] [STDOUT]: [com.trhsy.sim.npcCode.build.BuildingBlueprint:addBuildingBlueprint:656]: 当前建筑所需方块：100
[10:37:30] [Client thread/INFO] [STDOUT]: [com.trhsy.sim.npcCode.build.BuildingBlueprint:addBuildingBlueprint:401]: 当前建筑：小型作物收割机
[10:37:30] [Client thread/INFO] [sim]: 找到建筑描述 暂无 在 小型作物收割机
[10:37:30] [Client thread/INFO] [STDOUT]: [com.trhsy.sim.npcCode.build.BuildingBlueprint:addBuildingBlueprint:656]: 当前建筑所需方块：3528
[10:37:30] [Client thread/INFO] [STDOUT]: [com.trhsy.sim.npcCode.build.BuildingBlueprint:addBuildingBlueprint:401]: 当前建筑：小型图书馆
[10:37:30] [Client thread/INFO] [sim]: 找到建筑描述 暂无 在 小型图书馆
[10:37:30] [Client thread/INFO] [STDOUT]: [com.trhsy.sim.npcCode.build.BuildingBlueprint:addBuildingBlueprint:656]: 当前建筑所需方块：630
[10:37:30] [Client thread/INFO] [STDOUT]: [com.trhsy.sim.npcCode.build.BuildingBlueprint:addBuildingBlueprint:401]: 当前建筑：小型船舶
[10:37:30] [Client thread/INFO] [sim]: 找到建筑描述 暂无 在 小型船舶
[10:37:30] [Client thread/INFO] [STDOUT]: [com.trhsy.sim.npcCode.build.BuildingBlueprint:addBuildingBlueprint:656]: 当前建筑所需方块：3696
[10:37:30] [Client thread/INFO] [STDOUT]: [com.trhsy.sim.npcCode.build.BuildingBlueprint:addBuildingBlueprint:401]: 当前建筑：小城墙
[10:37:30] [Client thread/INFO] [sim]: 找到建筑描述 暂无 在 小城墙
[10:37:30] [Client thread/INFO] [STDOUT]: [com.trhsy.sim.npcCode.build.BuildingBlueprint:addBuildingBlueprint:656]: 当前建筑所需方块：108
[10:37:30] [Client thread/INFO] [STDOUT]: [com.trhsy.sim.npcCode.build.BuildingBlueprint:addBuildingBlueprint:401]: 当前建筑：尤里斯仓库
[10:37:30] [Client thread/INFO] [sim]: 找到建筑描述 暂无 在 尤里斯仓库
[10:37:30] [Client thread/INFO] [STDOUT]: [com.trhsy.sim.npcCode.build.BuildingBlueprint:addBuildingBlueprint:656]: 当前建筑所需方块：300
[10:37:30] [Client thread/INFO] [STDOUT]: [com.trhsy.sim.npcCode.build.BuildingBlueprint:addBuildingBlueprint:401]: 当前建筑：巨型Sim-U-Kraft标志
[10:37:30] [Client thread/INFO] [sim]: 找到建筑描述 暂无 在 巨型Sim-U-Kraft标志
[10:37:30] [Client thread/INFO] [STDOUT]: [com.trhsy.sim.npcCode.build.BuildingBlueprint:addBuildingBlueprint:656]: 当前建筑所需方块：5220
[10:37:30] [Client thread/INFO] [STDOUT]: [com.trhsy.sim.npcCode.build.BuildingBlueprint:addBuildingBlueprint:401]: 当前建筑：市中心
[10:37:30] [Client thread/INFO] [sim]: 找到建筑描述 暂无 在 市中心
[10:37:30] [Client thread/INFO] [STDOUT]: [com.trhsy.sim.npcCode.build.BuildingBlueprint:addBuildingBlueprint:656]: 当前建筑所需方块：486
[10:37:30] [Client thread/INFO] [STDOUT]: [com.trhsy.sim.npcCode.build.BuildingBlueprint:addBuildingBlueprint:401]: 当前建筑：广场
[10:37:30] [Client thread/INFO] [sim]: 找到建筑描述 暂无 在 广场
[10:37:30] [Client thread/INFO] [STDOUT]: [com.trhsy.sim.npcCode.build.BuildingBlueprint:addBuildingBlueprint:656]: 当前建筑所需方块：8625
[10:37:30] [Client thread/INFO] [STDOUT]: [com.trhsy.sim.npcCode.build.BuildingBlueprint:addBuildingBlueprint:401]: 当前建筑：教学楼
[10:37:30] [Client thread/INFO] [sim]: 找到建筑描述 暂无 在 教学楼
[10:37:30] [Client thread/INFO] [STDOUT]: [com.trhsy.sim.npcCode.build.BuildingBlueprint:addBuildingBlueprint:656]: 当前建筑所需方块：3510
[10:37:30] [Client thread/INFO] [STDOUT]: [com.trhsy.sim.npcCode.build.BuildingBlueprint:addBuildingBlueprint:401]: 当前建筑：暴民驱逐舰MKII
[10:37:30] [Client thread/INFO] [sim]: 找到建筑描述 暂无 在 暴民驱逐舰MKII
[10:37:30] [Client thread/INFO] [STDOUT]: [com.trhsy.sim.npcCode.build.BuildingBlueprint:addBuildingBlueprint:656]: 当前建筑所需方块：22491
[10:37:30] [Client thread/INFO] [STDOUT]: [com.trhsy.sim.npcCode.build.BuildingBlueprint:addBuildingBlueprint:401]: 当前建筑：望塔
[10:37:30] [Client thread/INFO] [sim]: 找到建筑描述 暂无 在 望塔
[10:37:30] [Client thread/INFO] [STDOUT]: [com.trhsy.sim.npcCode.build.BuildingBlueprint:addBuildingBlueprint:656]: 当前建筑所需方块：1331
[10:37:30] [Client thread/INFO] [STDOUT]: [com.trhsy.sim.npcCode.build.BuildingBlueprint:addBuildingBlueprint:401]: 当前建筑：木桥
[10:37:30] [Client thread/INFO] [sim]: 找到建筑描述 暂无 在 木桥
[10:37:30] [Client thread/INFO] [STDOUT]: [com.trhsy.sim.npcCode.build.BuildingBlueprint:addBuildingBlueprint:656]: 当前建筑所需方块：2484
[10:37:30] [Client thread/INFO] [STDOUT]: [com.trhsy.sim.npcCode.build.BuildingBlueprint:addBuildingBlueprint:401]: 当前建筑：本尼森中屋酒店
[10:37:30] [Client thread/INFO] [sim]: 找到建筑描述 暂无 在 本尼森中屋酒店
[10:37:30] [Client thread/INFO] [STDOUT]: [com.trhsy.sim.npcCode.build.BuildingBlueprint:addBuildingBlueprint:656]: 当前建筑所需方块：1080
[10:37:30] [Client thread/INFO] [STDOUT]: [com.trhsy.sim.npcCode.build.BuildingBlueprint:addBuildingBlueprint:401]: 当前建筑：村井
[10:37:30] [Client thread/INFO] [sim]: 找到建筑描述 暂无 在 村井
[10:37:30] [Client thread/INFO] [STDOUT]: [com.trhsy.sim.npcCode.build.BuildingBlueprint:addBuildingBlueprint:656]: 当前建筑所需方块：80
[10:37:30] [Client thread/INFO] [STDOUT]: [com.trhsy.sim.npcCode.build.BuildingBlueprint:addBuildingBlueprint:401]: 当前建筑：林场 9t
[10:37:30] [Client thread/INFO] [sim]: 找到建筑描述 暂无 在 林场 9t
[10:37:30] [Client thread/INFO] [STDOUT]: [com.trhsy.sim.npcCode.build.BuildingBlueprint:addBuildingBlueprint:656]: 当前建筑所需方块：1575
[10:37:30] [Client thread/INFO] [STDOUT]: [com.trhsy.sim.npcCode.build.BuildingBlueprint:addBuildingBlueprint:401]: 当前建筑：林场
[10:37:30] [Client thread/INFO] [sim]: 找到建筑描述 暂无 在 林场
[10:37:30] [Client thread/INFO] [STDOUT]: [com.trhsy.sim.npcCode.build.BuildingBlueprint:addBuildingBlueprint:656]: 当前建筑所需方块：450
[10:37:30] [Client thread/INFO] [STDOUT]: [com.trhsy.sim.npcCode.build.BuildingBlueprint:addBuildingBlueprint:401]: 当前建筑：林场4t
[10:37:30] [Client thread/INFO] [sim]: 找到建筑描述 暂无 在 林场4t
[10:37:30] [Client thread/INFO] [STDOUT]: [com.trhsy.sim.npcCode.build.BuildingBlueprint:addBuildingBlueprint:656]: 当前建筑所需方块：847
[10:37:30] [Client thread/INFO] [STDOUT]: [com.trhsy.sim.npcCode.build.BuildingBlueprint:addBuildingBlueprint:401]: 当前建筑：树木陷阱 1600
[10:37:30] [Client thread/INFO] [sim]: 找到建筑描述 暂无 在 树木陷阱 1600
[10:37:30] [Client thread/INFO] [STDOUT]: [com.trhsy.sim.npcCode.build.BuildingBlueprint:addBuildingBlueprint:656]: 当前建筑所需方块：270
[10:37:30] [Client thread/INFO] [STDOUT]: [com.trhsy.sim.npcCode.build.BuildingBlueprint:addBuildingBlueprint:401]: 当前建筑：梅斯雕像
[10:37:30] [Client thread/INFO] [sim]: 找到建筑描述 暂无 在 梅斯雕像
[10:37:30] [Client thread/INFO] [STDOUT]: [com.trhsy.sim.npcCode.build.BuildingBlueprint:addBuildingBlueprint:656]: 当前建筑所需方块：396
[10:37:30] [Client thread/INFO] [STDOUT]: [com.trhsy.sim.npcCode.build.BuildingBlueprint:addBuildingBlueprint:401]: 当前建筑：楼梯（木制）
[10:37:30] [Client thread/INFO] [sim]: 找到建筑描述 暂无 在 楼梯（木制）
[10:37:30] [Client thread/INFO] [STDOUT]: [com.trhsy.sim.npcCode.build.BuildingBlueprint:addBuildingBlueprint:656]: 当前建筑所需方块：36
[10:37:30] [Client thread/INFO] [STDOUT]: [com.trhsy.sim.npcCode.build.BuildingBlueprint:addBuildingBlueprint:401]: 当前建筑：殡仪馆
[10:37:30] [Client thread/INFO] [sim]: 找到建筑描述 暂无 在 殡仪馆
[10:37:30] [Client thread/INFO] [STDOUT]: [com.trhsy.sim.npcCode.build.BuildingBlueprint:addBuildingBlueprint:656]: 当前建筑所需方块：4488
[10:37:30] [Client thread/INFO] [STDOUT]: [com.trhsy.sim.npcCode.build.BuildingBlueprint:addBuildingBlueprint:401]: 当前建筑：水塔
[10:37:30] [Client thread/INFO] [sim]: 找到建筑描述 暂无 在 水塔
[10:37:30] [Client thread/INFO] [STDOUT]: [com.trhsy.sim.npcCode.build.BuildingBlueprint:addBuildingBlueprint:656]: 当前建筑所需方块：360
[10:37:30] [Client thread/INFO] [STDOUT]: [com.trhsy.sim.npcCode.build.BuildingBlueprint:addBuildingBlueprint:401]: 当前建筑：水宫 
[10:37:30] [Client thread/INFO] [sim]: 找到建筑描述 暂无 在 水宫 
[10:37:30] [Client thread/INFO] [STDOUT]: [com.trhsy.sim.npcCode.build.BuildingBlueprint:addBuildingBlueprint:656]: 当前建筑所需方块：70356
[10:37:30] [Client thread/INFO] [STDOUT]: [com.trhsy.sim.npcCode.build.BuildingBlueprint:addBuildingBlueprint:401]: 当前建筑：水方尖碑
[10:37:30] [Client thread/INFO] [sim]: 找到建筑描述 暂无 在 水方尖碑
[10:37:30] [Client thread/INFO] [STDOUT]: [com.trhsy.sim.npcCode.build.BuildingBlueprint:addBuildingBlueprint:656]: 当前建筑所需方块：1920
[10:37:30] [Client thread/INFO] [STDOUT]: [com.trhsy.sim.npcCode.build.BuildingBlueprint:addBuildingBlueprint:401]: 当前建筑：浮动库
[10:37:30] [Client thread/INFO] [sim]: 找到建筑描述 暂无 在 浮动库
[10:37:30] [Client thread/INFO] [STDOUT]: [com.trhsy.sim.npcCode.build.BuildingBlueprint:addBuildingBlueprint:656]: 当前建筑所需方块：3213
[10:37:30] [Client thread/INFO] [STDOUT]: [com.trhsy.sim.npcCode.build.BuildingBlueprint:addBuildingBlueprint:401]: 当前建筑：海盗船
[10:37:30] [Client thread/INFO] [sim]: 找到建筑描述 暂无 在 海盗船
[10:37:30] [Client thread/INFO] [STDOUT]: [com.trhsy.sim.npcCode.build.BuildingBlueprint:addBuildingBlueprint:656]: 当前建筑所需方块：12298
[10:37:30] [Client thread/INFO] [STDOUT]: [com.trhsy.sim.npcCode.build.BuildingBlueprint:addBuildingBlueprint:401]: 当前建筑：混凝土塔基
[10:37:30] [Client thread/INFO] [sim]: 找到建筑描述 暂无 在 混凝土塔基
[10:37:30] [Client thread/INFO] [STDOUT]: [com.trhsy.sim.npcCode.build.BuildingBlueprint:addBuildingBlueprint:656]: 当前建筑所需方块：1456
[10:37:30] [Client thread/INFO] [STDOUT]: [com.trhsy.sim.npcCode.build.BuildingBlueprint:addBuildingBlueprint:401]: 当前建筑：混凝土塔顶
[10:37:30] [Client thread/INFO] [sim]: 找到建筑描述 暂无 在 混凝土塔顶
[10:37:30] [Client thread/INFO] [STDOUT]: [com.trhsy.sim.npcCode.build.BuildingBlueprint:addBuildingBlueprint:656]: 当前建筑所需方块：3328
[10:37:30] [Client thread/INFO] [STDOUT]: [com.trhsy.sim.npcCode.build.BuildingBlueprint:addBuildingBlueprint:401]: 当前建筑：温室
[10:37:30] [Client thread/INFO] [sim]: 找到建筑描述 暂无 在 温室
[10:37:30] [Client thread/INFO] [STDOUT]: [com.trhsy.sim.npcCode.build.BuildingBlueprint:addBuildingBlueprint:656]: 当前建筑所需方块：245
[10:37:30] [Client thread/INFO] [STDOUT]: [com.trhsy.sim.npcCode.build.BuildingBlueprint:addBuildingBlueprint:401]: 当前建筑：温室1
[10:37:30] [Client thread/INFO] [sim]: 找到建筑描述 暂无 在 温室1
[10:37:30] [Client thread/INFO] [STDOUT]: [com.trhsy.sim.npcCode.build.BuildingBlueprint:addBuildingBlueprint:656]: 当前建筑所需方块：1428
[10:37:30] [Client thread/INFO] [STDOUT]: [com.trhsy.sim.npcCode.build.BuildingBlueprint:addBuildingBlueprint:401]: 当前建筑：温室2
[10:37:30] [Client thread/INFO] [sim]: 找到建筑描述 暂无 在 温室2
[10:37:30] [Client thread/INFO] [STDOUT]: [com.trhsy.sim.npcCode.build.BuildingBlueprint:addBuildingBlueprint:656]: 当前建筑所需方块：8800
[10:37:30] [Client thread/INFO] [STDOUT]: [com.trhsy.sim.npcCode.build.BuildingBlueprint:addBuildingBlueprint:401]: 当前建筑：溜冰场
[10:37:30] [Client thread/INFO] [sim]: 找到建筑描述 暂无 在 溜冰场
[10:37:30] [Client thread/INFO] [STDOUT]: [com.trhsy.sim.npcCode.build.BuildingBlueprint:addBuildingBlueprint:656]: 当前建筑所需方块：5880
[10:37:30] [Client thread/INFO] [STDOUT]: [com.trhsy.sim.npcCode.build.BuildingBlueprint:addBuildingBlueprint:401]: 当前建筑：漂亮的马厩
[10:37:30] [Client thread/INFO] [sim]: 找到建筑描述 暂无 在 漂亮的马厩
[10:37:30] [Client thread/INFO] [STDOUT]: [com.trhsy.sim.npcCode.build.BuildingBlueprint:addBuildingBlueprint:656]: 当前建筑所需方块：4950
[10:37:30] [Client thread/INFO] [STDOUT]: [com.trhsy.sim.npcCode.build.BuildingBlueprint:addBuildingBlueprint:401]: 当前建筑：漩涡
[10:37:30] [Client thread/INFO] [sim]: 找到建筑描述 暂无 在 漩涡
[10:37:30] [Client thread/INFO] [STDOUT]: [com.trhsy.sim.npcCode.build.BuildingBlueprint:addBuildingBlueprint:656]: 当前建筑所需方块：858
[10:37:30] [Client thread/INFO] [STDOUT]: [com.trhsy.sim.npcCode.build.BuildingBlueprint:addBuildingBlueprint:401]: 当前建筑：灯塔中景风格
[10:37:30] [Client thread/INFO] [sim]: 找到建筑描述 暂无 在 灯塔中景风格
[10:37:30] [Client thread/INFO] [STDOUT]: [com.trhsy.sim.npcCode.build.BuildingBlueprint:addBuildingBlueprint:656]: 当前建筑所需方块：22218
[10:37:30] [Client thread/INFO] [STDOUT]: [com.trhsy.sim.npcCode.build.BuildingBlueprint:addBuildingBlueprint:401]: 当前建筑：热气球
[10:37:30] [Client thread/INFO] [sim]: 找到建筑描述 暂无 在 热气球
[10:37:30] [Client thread/INFO] [STDOUT]: [com.trhsy.sim.npcCode.build.BuildingBlueprint:addBuildingBlueprint:656]: 当前建筑所需方块：6776
[10:37:30] [Client thread/INFO] [STDOUT]: [com.trhsy.sim.npcCode.build.BuildingBlueprint:addBuildingBlueprint:401]: 当前建筑：熔岩井
[10:37:30] [Client thread/INFO] [sim]: 找到建筑描述 暂无 在 熔岩井
[10:37:30] [Client thread/INFO] [STDOUT]: [com.trhsy.sim.npcCode.build.BuildingBlueprint:addBuildingBlueprint:656]: 当前建筑所需方块：147
[10:37:30] [Client thread/INFO] [STDOUT]: [com.trhsy.sim.npcCode.build.BuildingBlueprint:addBuildingBlueprint:401]: 当前建筑：熔岩和水井
[10:37:30] [Client thread/INFO] [sim]: 找到建筑描述 暂无 在 熔岩和水井
[10:37:30] [Client thread/INFO] [STDOUT]: [com.trhsy.sim.npcCode.build.BuildingBlueprint:addBuildingBlueprint:656]: 当前建筑所需方块：5060
[10:37:30] [Client thread/INFO] [STDOUT]: [com.trhsy.sim.npcCode.build.BuildingBlueprint:addBuildingBlueprint:401]: 当前建筑：特拉德灯塔
[10:37:30] [Client thread/INFO] [sim]: 找到建筑描述 暂无 在 特拉德灯塔
[10:37:30] [Client thread/INFO] [STDOUT]: [com.trhsy.sim.npcCode.build.BuildingBlueprint:addBuildingBlueprint:656]: 当前建筑所需方块：13158
[10:37:30] [Client thread/INFO] [STDOUT]: [com.trhsy.sim.npcCode.build.BuildingBlueprint:addBuildingBlueprint:401]: 当前建筑：玻璃塔
[10:37:30] [Client thread/INFO] [sim]: 找到建筑描述 暂无 在 玻璃塔
[10:37:30] [Client thread/INFO] [STDOUT]: [com.trhsy.sim.npcCode.build.BuildingBlueprint:addBuildingBlueprint:656]: 当前建筑所需方块：4455
[10:37:30] [Client thread/INFO] [STDOUT]: [com.trhsy.sim.npcCode.build.BuildingBlueprint:addBuildingBlueprint:401]: 当前建筑：玻璃水喷泉
[10:37:30] [Client thread/INFO] [sim]: 找到建筑描述 暂无 在 玻璃水喷泉
[10:37:30] [Client thread/INFO] [STDOUT]: [com.trhsy.sim.npcCode.build.BuildingBlueprint:addBuildingBlueprint:656]: 当前建筑所需方块：200
[10:37:30] [Client thread/INFO] [STDOUT]: [com.trhsy.sim.npcCode.build.BuildingBlueprint:addBuildingBlueprint:401]: 当前建筑：瑞夫凉亭
[10:37:30] [Client thread/INFO] [sim]: 找到建筑描述 暂无 在 瑞夫凉亭
[10:37:30] [Client thread/INFO] [STDOUT]: [com.trhsy.sim.npcCode.build.BuildingBlueprint:addBuildingBlueprint:656]: 当前建筑所需方块：968
[10:37:30] [Client thread/INFO] [STDOUT]: [com.trhsy.sim.npcCode.build.BuildingBlueprint:addBuildingBlueprint:401]: 当前建筑：瞭望塔
[10:37:30] [Client thread/INFO] [sim]: 找到建筑描述 暂无 在 瞭望塔
[10:37:30] [Client thread/INFO] [STDOUT]: [com.trhsy.sim.npcCode.build.BuildingBlueprint:addBuildingBlueprint:656]: 当前建筑所需方块：1792
[10:37:30] [Client thread/INFO] [STDOUT]: [com.trhsy.sim.npcCode.build.BuildingBlueprint:addBuildingBlueprint:401]: 当前建筑：石铁桥
[10:37:30] [Client thread/INFO] [sim]: 找到建筑描述 暂无 在 石铁桥
[10:37:30] [Client thread/INFO] [STDOUT]: [com.trhsy.sim.npcCode.build.BuildingBlueprint:addBuildingBlueprint:656]: 当前建筑所需方块：620
[10:37:30] [Client thread/INFO] [STDOUT]: [com.trhsy.sim.npcCode.build.BuildingBlueprint:addBuildingBlueprint:401]: 当前建筑：磁链
[10:37:30] [Client thread/INFO] [sim]: 找到建筑描述 暂无 在 磁链
[10:37:30] [Client thread/INFO] [STDOUT]: [com.trhsy.sim.npcCode.build.BuildingBlueprint:addBuildingBlueprint:656]: 当前建筑所需方块：1400
[10:37:30] [Client thread/INFO] [STDOUT]: [com.trhsy.sim.npcCode.build.BuildingBlueprint:addBuildingBlueprint:401]: 当前建筑：社区游泳池
[10:37:30] [Client thread/INFO] [sim]: 找到建筑描述 暂无 在 社区游泳池
[10:37:30] [Client thread/INFO] [STDOUT]: [com.trhsy.sim.npcCode.build.BuildingBlueprint:addBuildingBlueprint:656]: 当前建筑所需方块：1152
[10:37:30] [Client thread/INFO] [STDOUT]: [com.trhsy.sim.npcCode.build.BuildingBlueprint:addBuildingBlueprint:401]: 当前建筑：禅园
[10:37:30] [Client thread/INFO] [sim]: 找到建筑描述 暂无 在 禅园
[10:37:30] [Client thread/INFO] [STDOUT]: [com.trhsy.sim.npcCode.build.BuildingBlueprint:addBuildingBlueprint:656]: 当前建筑所需方块：845
[10:37:30] [Client thread/INFO] [STDOUT]: [com.trhsy.sim.npcCode.build.BuildingBlueprint:addBuildingBlueprint:401]: 当前建筑：福格顿地段
[10:37:30] [Client thread/INFO] [sim]: 找到建筑描述 暂无 在 福格顿地段
[10:37:30] [Client thread/INFO] [STDOUT]: [com.trhsy.sim.npcCode.build.BuildingBlueprint:addBuildingBlueprint:656]: 当前建筑所需方块：500
[10:37:30] [Client thread/INFO] [STDOUT]: [com.trhsy.sim.npcCode.build.BuildingBlueprint:addBuildingBlueprint:401]: 当前建筑：穷人Sim-U-Logo
[10:37:30] [Client thread/INFO] [sim]: 找到建筑描述 暂无 在 穷人Sim-U-Logo
[10:37:30] [Client thread/INFO] [STDOUT]: [com.trhsy.sim.npcCode.build.BuildingBlueprint:addBuildingBlueprint:656]: 当前建筑所需方块：240
[10:37:30] [Client thread/INFO] [STDOUT]: [com.trhsy.sim.npcCode.build.BuildingBlueprint:addBuildingBlueprint:401]: 当前建筑：粮仓
[10:37:30] [Client thread/INFO] [sim]: 找到建筑描述 暂无 在 粮仓
[10:37:30] [Client thread/INFO] [STDOUT]: [com.trhsy.sim.npcCode.build.BuildingBlueprint:addBuildingBlueprint:656]: 当前建筑所需方块：539
[10:37:30] [Client thread/INFO] [STDOUT]: [com.trhsy.sim.npcCode.build.BuildingBlueprint:addBuildingBlueprint:401]: 当前建筑：维克兹巢穴
[10:37:30] [Client thread/INFO] [sim]: 找到建筑描述 暂无 在 维克兹巢穴
[10:37:30] [Client thread/INFO] [STDOUT]: [com.trhsy.sim.npcCode.build.BuildingBlueprint:addBuildingBlueprint:656]: 当前建筑所需方块：8000
[10:37:30] [Client thread/INFO] [STDOUT]: [com.trhsy.sim.npcCode.build.BuildingBlueprint:addBuildingBlueprint:401]: 当前建筑：羊毛仓库
[10:37:30] [Client thread/INFO] [sim]: 找到建筑描述 暂无 在 羊毛仓库
[10:37:30] [Client thread/INFO] [STDOUT]: [com.trhsy.sim.npcCode.build.BuildingBlueprint:addBuildingBlueprint:656]: 当前建筑所需方块：1344
[10:37:30] [Client thread/INFO] [STDOUT]: [com.trhsy.sim.npcCode.build.BuildingBlueprint:addBuildingBlueprint:401]: 当前建筑：自动小麦收获机
[10:37:30] [Client thread/INFO] [sim]: 找到建筑描述 暂无 在 自动小麦收获机
[10:37:30] [Client thread/INFO] [STDOUT]: [com.trhsy.sim.npcCode.build.BuildingBlueprint:addBuildingBlueprint:656]: 当前建筑所需方块：1344
[10:37:30] [Client thread/INFO] [STDOUT]: [com.trhsy.sim.npcCode.build.BuildingBlueprint:addBuildingBlueprint:401]: 当前建筑：船坞
[10:37:30] [Client thread/INFO] [sim]: 找到建筑描述 暂无 在 船坞
[10:37:30] [Client thread/INFO] [STDOUT]: [com.trhsy.sim.npcCode.build.BuildingBlueprint:addBuildingBlueprint:656]: 当前建筑所需方块：1764
[10:37:30] [Client thread/INFO] [STDOUT]: [com.trhsy.sim.npcCode.build.BuildingBlueprint:addBuildingBlueprint:401]: 当前建筑：街道中等贫民区
[10:37:30] [Client thread/INFO] [sim]: 找到建筑描述 暂无 在 街道中等贫民区
[10:37:30] [Client thread/INFO] [STDOUT]: [com.trhsy.sim.npcCode.build.BuildingBlueprint:addBuildingBlueprint:656]: 当前建筑所需方块：840
[10:37:30] [Client thread/INFO] [STDOUT]: [com.trhsy.sim.npcCode.build.BuildingBlueprint:addBuildingBlueprint:401]: 当前建筑：西部自动瓜场
[10:37:30] [Client thread/INFO] [sim]: 找到建筑描述 暂无 在 西部自动瓜场
[10:37:30] [Client thread/INFO] [STDOUT]: [com.trhsy.sim.npcCode.build.BuildingBlueprint:addBuildingBlueprint:656]: 当前建筑所需方块：3960
[10:37:30] [Client thread/INFO] [STDOUT]: [com.trhsy.sim.npcCode.build.BuildingBlueprint:addBuildingBlueprint:401]: 当前建筑：西部迷你瓜农场
[10:37:30] [Client thread/INFO] [sim]: 找到建筑描述 暂无 在 西部迷你瓜农场
[10:37:30] [Client thread/INFO] [STDOUT]: [com.trhsy.sim.npcCode.build.BuildingBlueprint:addBuildingBlueprint:656]: 当前建筑所需方块：1755
[10:37:30] [Client thread/INFO] [STDOUT]: [com.trhsy.sim.npcCode.build.BuildingBlueprint:addBuildingBlueprint:401]: 当前建筑：观景台
[10:37:30] [Client thread/INFO] [sim]: 找到建筑描述 暂无 在 观景台
[10:37:30] [Client thread/INFO] [STDOUT]: [com.trhsy.sim.npcCode.build.BuildingBlueprint:addBuildingBlueprint:656]: 当前建筑所需方块：3712
[10:37:30] [Client thread/INFO] [STDOUT]: [com.trhsy.sim.npcCode.build.BuildingBlueprint:addBuildingBlueprint:401]: 当前建筑：角
[10:37:30] [Client thread/INFO] [sim]: 找到建筑描述 暂无 在 角
[10:37:30] [Client thread/INFO] [STDOUT]: [com.trhsy.sim.npcCode.build.BuildingBlueprint:addBuildingBlueprint:656]: 当前建筑所需方块：54
[10:37:30] [Client thread/INFO] [STDOUT]: [com.trhsy.sim.npcCode.build.BuildingBlueprint:addBuildingBlueprint:401]: 当前建筑：警卫塔
[10:37:30] [Client thread/INFO] [sim]: 找到建筑描述 暂无 在 警卫塔
[10:37:30] [Client thread/INFO] [STDOUT]: [com.trhsy.sim.npcCode.build.BuildingBlueprint:addBuildingBlueprint:656]: 当前建筑所需方块：715
[10:37:30] [Client thread/INFO] [STDOUT]: [com.trhsy.sim.npcCode.build.BuildingBlueprint:addBuildingBlueprint:401]: 当前建筑：谷仓
[10:37:30] [Client thread/INFO] [sim]: 找到建筑描述 暂无 在 谷仓
[10:37:30] [Client thread/INFO] [STDOUT]: [com.trhsy.sim.npcCode.build.BuildingBlueprint:addBuildingBlueprint:656]: 当前建筑所需方块：1232
[10:37:30] [Client thread/INFO] [STDOUT]: [com.trhsy.sim.npcCode.build.BuildingBlueprint:addBuildingBlueprint:401]: 当前建筑：路灯
[10:37:30] [Client thread/INFO] [sim]: 找到建筑描述 暂无 在 路灯
[10:37:30] [Client thread/INFO] [STDOUT]: [com.trhsy.sim.npcCode.build.BuildingBlueprint:addBuildingBlueprint:656]: 当前建筑所需方块：15
[10:37:30] [Client thread/INFO] [STDOUT]: [com.trhsy.sim.npcCode.build.BuildingBlueprint:addBuildingBlueprint:401]: 当前建筑：轻便海滩
[10:37:30] [Client thread/INFO] [sim]: 找到建筑描述 暂无 在 轻便海滩
[10:37:30] [Client thread/INFO] [STDOUT]: [com.trhsy.sim.npcCode.build.BuildingBlueprint:addBuildingBlueprint:656]: 当前建筑所需方块：240
[10:37:30] [Client thread/INFO] [STDOUT]: [com.trhsy.sim.npcCode.build.BuildingBlueprint:addBuildingBlueprint:401]: 当前建筑：道路围堵装置
[10:37:30] [Client thread/INFO] [sim]: 找到建筑描述 暂无 在 道路围堵装置
[10:37:30] [Client thread/INFO] [STDOUT]: [com.trhsy.sim.npcCode.build.BuildingBlueprint:addBuildingBlueprint:656]: 当前建筑所需方块：975
[10:37:30] [Client thread/INFO] [STDOUT]: [com.trhsy.sim.npcCode.build.BuildingBlueprint:addBuildingBlueprint:401]: 当前建筑：郊区牧场
[10:37:30] [Client thread/INFO] [sim]: 找到建筑描述 暂无 在 郊区牧场
[10:37:30] [Client thread/INFO] [STDOUT]: [com.trhsy.sim.npcCode.build.BuildingBlueprint:addBuildingBlueprint:656]: 当前建筑所需方块：864
[10:37:30] [Client thread/INFO] [STDOUT]: [com.trhsy.sim.npcCode.build.BuildingBlueprint:addBuildingBlueprint:401]: 当前建筑：钓鱼角
[10:37:30] [Client thread/INFO] [sim]: 找到建筑描述 暂无 在 钓鱼角
[10:37:30] [Client thread/INFO] [STDOUT]: [com.trhsy.sim.npcCode.build.BuildingBlueprint:addBuildingBlueprint:656]: 当前建筑所需方块：735
[10:37:30] [Client thread/INFO] [STDOUT]: [com.trhsy.sim.npcCode.build.BuildingBlueprint:addBuildingBlueprint:401]: 当前建筑：铁路中动力
[10:37:30] [Client thread/INFO] [sim]: 找到建筑描述 暂无 在 铁路中动力
[10:37:30] [Client thread/INFO] [STDOUT]: [com.trhsy.sim.npcCode.build.BuildingBlueprint:addBuildingBlueprint:656]: 当前建筑所需方块：180
[10:37:30] [Client thread/INFO] [STDOUT]: [com.trhsy.sim.npcCode.build.BuildingBlueprint:addBuildingBlueprint:401]: 当前建筑：铁路中段
[10:37:30] [Client thread/INFO] [sim]: 找到建筑描述 暂无 在 铁路中段
[10:37:30] [Client thread/INFO] [STDOUT]: [com.trhsy.sim.npcCode.build.BuildingBlueprint:addBuildingBlueprint:656]: 当前建筑所需方块：180
[10:37:30] [Client thread/INFO] [STDOUT]: [com.trhsy.sim.npcCode.build.BuildingBlueprint:addBuildingBlueprint:401]: 当前建筑：铁路入口匝道
[10:37:30] [Client thread/INFO] [sim]: 找到建筑描述 暂无 在 铁路入口匝道
[10:37:30] [Client thread/INFO] [STDOUT]: [com.trhsy.sim.npcCode.build.BuildingBlueprint:addBuildingBlueprint:656]: 当前建筑所需方块：936
[10:37:30] [Client thread/INFO] [STDOUT]: [com.trhsy.sim.npcCode.build.BuildingBlueprint:addBuildingBlueprint:401]: 当前建筑：铁路出口匝道
[10:37:30] [Client thread/INFO] [sim]: 找到建筑描述 暂无 在 铁路出口匝道
[10:37:30] [Client thread/INFO] [STDOUT]: [com.trhsy.sim.npcCode.build.BuildingBlueprint:addBuildingBlueprint:656]: 当前建筑所需方块：936
[10:37:30] [Client thread/INFO] [STDOUT]: [com.trhsy.sim.npcCode.build.BuildingBlueprint:addBuildingBlueprint:401]: 当前建筑：铁路右转
[10:37:30] [Client thread/INFO] [sim]: 找到建筑描述 暂无 在 铁路右转
[10:37:30] [Client thread/INFO] [STDOUT]: [com.trhsy.sim.npcCode.build.BuildingBlueprint:addBuildingBlueprint:656]: 当前建筑所需方块：150
[10:37:30] [Client thread/INFO] [STDOUT]: [com.trhsy.sim.npcCode.build.BuildingBlueprint:addBuildingBlueprint:401]: 当前建筑：铁路左转
[10:37:30] [Client thread/INFO] [sim]: 找到建筑描述 暂无 在 铁路左转
[10:37:30] [Client thread/INFO] [STDOUT]: [com.trhsy.sim.npcCode.build.BuildingBlueprint:addBuildingBlueprint:656]: 当前建筑所需方块：150
[10:37:30] [Client thread/INFO] [STDOUT]: [com.trhsy.sim.npcCode.build.BuildingBlueprint:addBuildingBlueprint:401]: 当前建筑：铁路短动力
[10:37:30] [Client thread/INFO] [sim]: 找到建筑描述 暂无 在 铁路短动力
[10:37:30] [Client thread/INFO] [STDOUT]: [com.trhsy.sim.npcCode.build.BuildingBlueprint:addBuildingBlueprint:656]: 当前建筑所需方块：105
[10:37:30] [Client thread/INFO] [STDOUT]: [com.trhsy.sim.npcCode.build.BuildingBlueprint:addBuildingBlueprint:401]: 当前建筑：铁路短段
[10:37:30] [Client thread/INFO] [sim]: 找到建筑描述 暂无 在 铁路短段
[10:37:30] [Client thread/INFO] [STDOUT]: [com.trhsy.sim.npcCode.build.BuildingBlueprint:addBuildingBlueprint:656]: 当前建筑所需方块：105
[10:37:30] [Client thread/INFO] [STDOUT]: [com.trhsy.sim.npcCode.build.BuildingBlueprint:addBuildingBlueprint:401]: 当前建筑：铁路长动力
[10:37:30] [Client thread/INFO] [sim]: 找到建筑描述 暂无 在 铁路长动力
[10:37:30] [Client thread/INFO] [STDOUT]: [com.trhsy.sim.npcCode.build.BuildingBlueprint:addBuildingBlueprint:656]: 当前建筑所需方块：255
[10:37:30] [Client thread/INFO] [STDOUT]: [com.trhsy.sim.npcCode.build.BuildingBlueprint:addBuildingBlueprint:401]: 当前建筑：铁路长段
[10:37:30] [Client thread/INFO] [sim]: 找到建筑描述 暂无 在 铁路长段
[10:37:30] [Client thread/INFO] [STDOUT]: [com.trhsy.sim.npcCode.build.BuildingBlueprint:addBuildingBlueprint:656]: 当前建筑所需方块：255
[10:37:30] [Client thread/INFO] [STDOUT]: [com.trhsy.sim.npcCode.build.BuildingBlueprint:addBuildingBlueprint:401]: 当前建筑：雷区
[10:37:30] [Client thread/INFO] [sim]: 找到建筑描述 暂无 在 雷区
[10:37:30] [Client thread/INFO] [STDOUT]: [com.trhsy.sim.npcCode.build.BuildingBlueprint:addBuildingBlueprint:656]: 当前建筑所需方块：3060
[10:37:30] [Client thread/INFO] [STDOUT]: [com.trhsy.sim.npcCode.build.BuildingBlueprint:addBuildingBlueprint:401]: 当前建筑：马厩
[10:37:30] [Client thread/INFO] [sim]: 找到建筑描述 暂无 在 马厩
[10:37:30] [Client thread/INFO] [STDOUT]: [com.trhsy.sim.npcCode.build.BuildingBlueprint:addBuildingBlueprint:656]: 当前建筑所需方块：3179
[10:37:30] [Client thread/INFO] [STDOUT]: [com.trhsy.sim.npcCode.build.BuildingBlueprint:addBuildingBlueprint:401]: 当前建筑：高级附魔台
[10:37:30] [Client thread/INFO] [sim]: 找到建筑描述 暂无 在 高级附魔台
[10:37:30] [Client thread/INFO] [STDOUT]: [com.trhsy.sim.npcCode.build.BuildingBlueprint:addBuildingBlueprint:656]: 当前建筑所需方块：567
[10:37:30] [Client thread/INFO] [STDOUT]: [com.trhsy.sim.npcCode.build.BuildingBlueprint:addBuildingBlueprint:401]: 当前建筑：鹅卵石农场
[10:37:30] [Client thread/INFO] [sim]: 找到建筑描述 暂无 在 鹅卵石农场
[10:37:30] [Client thread/INFO] [STDOUT]: [com.trhsy.sim.npcCode.build.BuildingBlueprint:addBuildingBlueprint:656]: 当前建筑所需方块：396
[10:37:30] [Client thread/INFO] [STDOUT]: [com.trhsy.sim.npcCode.build.BuildingBlueprint:addBuildingBlueprint:401]: 当前建筑：鹅卵石发电机
[10:37:30] [Client thread/INFO] [sim]: 找到建筑描述 暂无 在 鹅卵石发电机
[10:37:30] [Client thread/INFO] [STDOUT]: [com.trhsy.sim.npcCode.build.BuildingBlueprint:addBuildingBlueprint:656]: 当前建筑所需方块：567
[10:37:30] [Client thread/INFO] [STDOUT]: [com.trhsy.sim.npcCode.build.BuildingBlueprint:addBuildingBlueprint:401]: 当前建筑：鹅卵石火炬
[10:37:30] [Client thread/INFO] [sim]: 找到建筑描述 暂无 在 鹅卵石火炬
[10:37:30] [Client thread/INFO] [STDOUT]: [com.trhsy.sim.npcCode.build.BuildingBlueprint:addBuildingBlueprint:656]: 当前建筑所需方块：36
[10:37:30] [Client thread/INFO] [STDOUT]: [com.trhsy.sim.npcCode.build.BuildingBlueprint:addBuildingBlueprint:401]: 当前建筑：16 单元
[10:37:30] [Client thread/INFO] [sim]: 找到建筑描述 暂无 在 16 单元
[10:37:30] [Client thread/INFO] [STDOUT]: [com.trhsy.sim.npcCode.build.BuildingBlueprint:addBuildingBlueprint:656]: 当前建筑所需方块：5460
[10:37:30] [Client thread/INFO] [STDOUT]: [com.trhsy.sim.npcCode.build.BuildingBlueprint:addBuildingBlueprint:401]: 当前建筑：1单元牢房
[10:37:30] [Client thread/INFO] [sim]: 找到建筑描述 由铁栏杆组成的简易牢房 在 1单元牢房
[10:37:30] [Client thread/INFO] [STDOUT]: [com.trhsy.sim.npcCode.build.BuildingBlueprint:addBuildingBlueprint:656]: 当前建筑所需方块：90
[10:37:30] [Client thread/INFO] [STDOUT]: [com.trhsy.sim.npcCode.build.BuildingBlueprint:addBuildingBlueprint:401]: 当前建筑：1单元监狱
[10:37:30] [Client thread/INFO] [sim]: 找到建筑描述 暂无 在 1单元监狱
[10:37:30] [Client thread/INFO] [STDOUT]: [com.trhsy.sim.npcCode.build.BuildingBlueprint:addBuildingBlueprint:656]: 当前建筑所需方块：945
[10:37:30] [Client thread/INFO] [STDOUT]: [com.trhsy.sim.npcCode.build.BuildingBlueprint:addBuildingBlueprint:401]: 当前建筑：3层沙楼
[10:37:30] [Client thread/INFO] [sim]: 找到建筑描述 暂无 在 3层沙楼
[10:37:30] [Client thread/INFO] [STDOUT]: [com.trhsy.sim.npcCode.build.BuildingBlueprint:addBuildingBlueprint:656]: 当前建筑所需方块：704
[10:37:30] [Client thread/INFO] [STDOUT]: [com.trhsy.sim.npcCode.build.BuildingBlueprint:addBuildingBlueprint:401]: 当前建筑：4 公寓
[10:37:30] [Client thread/INFO] [sim]: 找到建筑描述 暂无 在 4 公寓
[10:37:30] [Client thread/INFO] [STDOUT]: [com.trhsy.sim.npcCode.build.BuildingBlueprint:addBuildingBlueprint:656]: 当前建筑所需方块：1792
[10:37:30] [Client thread/INFO] [STDOUT]: [com.trhsy.sim.npcCode.build.BuildingBlueprint:addBuildingBlueprint:401]: 当前建筑：4 单元
[10:37:30] [Client thread/INFO] [sim]: 找到建筑描述 暂无 在 4 单元
[10:37:30] [Client thread/INFO] [STDOUT]: [com.trhsy.sim.npcCode.build.BuildingBlueprint:addBuildingBlueprint:656]: 当前建筑所需方块：2205
[10:37:30] [Client thread/INFO] [STDOUT]: [com.trhsy.sim.npcCode.build.BuildingBlueprint:addBuildingBlueprint:401]: 当前建筑：8 单元
[10:37:30] [Client thread/INFO] [sim]: 找到建筑描述 暂无 在 8 单元
[10:37:30] [Client thread/INFO] [STDOUT]: [com.trhsy.sim.npcCode.build.BuildingBlueprint:addBuildingBlueprint:656]: 当前建筑所需方块：3150
[10:37:30] [Client thread/INFO] [STDOUT]: [com.trhsy.sim.npcCode.build.BuildingBlueprint:addBuildingBlueprint:401]: 当前建筑：一室一厅
[10:37:30] [Client thread/INFO] [sim]: 找到建筑描述 暂无 在 一室一厅
[10:37:30] [Client thread/INFO] [STDOUT]: [com.trhsy.sim.npcCode.build.BuildingBlueprint:addBuildingBlueprint:656]: 当前建筑所需方块：480
[10:37:30] [Client thread/INFO] [STDOUT]: [com.trhsy.sim.npcCode.build.BuildingBlueprint:addBuildingBlueprint:401]: 当前建筑：三层别墅
[10:37:30] [Client thread/INFO] [sim]: 找到建筑描述 暂无 在 三层别墅
[10:37:30] [Client thread/INFO] [STDOUT]: [com.trhsy.sim.npcCode.build.BuildingBlueprint:addBuildingBlueprint:656]: 当前建筑所需方块：2475
[10:37:30] [Client thread/INFO] [STDOUT]: [com.trhsy.sim.npcCode.build.BuildingBlueprint:addBuildingBlueprint:401]: 当前建筑：世贸中心v1
[10:37:30] [Client thread/INFO] [sim]: 找到建筑描述 暂无 在 世贸中心v1
[10:37:30] [Client thread/INFO] [STDOUT]: [com.trhsy.sim.npcCode.build.BuildingBlueprint:addBuildingBlueprint:656]: 当前建筑所需方块：1421
[10:37:30] [Client thread/INFO] [STDOUT]: [com.trhsy.sim.npcCode.build.BuildingBlueprint:addBuildingBlueprint:401]: 当前建筑：世贸中心v2
[10:37:30] [Client thread/INFO] [sim]: 找到建筑描述 暂无 在 世贸中心v2
[10:37:31] [Client thread/INFO] [STDOUT]: [com.trhsy.sim.npcCode.build.BuildingBlueprint:addBuildingBlueprint:656]: 当前建筑所需方块：182900
[10:37:31] [Client thread/INFO] [STDOUT]: [com.trhsy.sim.npcCode.build.BuildingBlueprint:addBuildingBlueprint:401]: 当前建筑：东都铎大厦
[10:37:31] [Client thread/INFO] [sim]: 找到建筑描述 暂无 在 东都铎大厦
[10:37:31] [Client thread/INFO] [STDOUT]: [com.trhsy.sim.npcCode.build.BuildingBlueprint:addBuildingBlueprint:656]: 当前建筑所需方块：4284
[10:37:31] [Client thread/INFO] [STDOUT]: [com.trhsy.sim.npcCode.build.BuildingBlueprint:addBuildingBlueprint:401]: 当前建筑：两层公寓
[10:37:31] [Client thread/INFO] [sim]: 找到建筑描述 暂无 在 两层公寓
[10:37:31] [Client thread/INFO] [STDOUT]: [com.trhsy.sim.npcCode.build.BuildingBlueprint:addBuildingBlueprint:656]: 当前建筑所需方块：945
[10:37:31] [Client thread/INFO] [STDOUT]: [com.trhsy.sim.npcCode.build.BuildingBlueprint:addBuildingBlueprint:401]: 当前建筑：两层地堡
[10:37:31] [Client thread/INFO] [sim]: 找到建筑描述 暂无 在 两层地堡
[10:37:31] [Client thread/INFO] [STDOUT]: [com.trhsy.sim.npcCode.build.BuildingBlueprint:addBuildingBlueprint:656]: 当前建筑所需方块：1521
[10:37:31] [Client thread/INFO] [STDOUT]: [com.trhsy.sim.npcCode.build.BuildingBlueprint:addBuildingBlueprint:401]: 当前建筑：两层大房子
[10:37:31] [Client thread/INFO] [sim]: 找到建筑描述 暂无 在 两层大房子
[10:37:31] [Client thread/INFO] [STDOUT]: [com.trhsy.sim.npcCode.build.BuildingBlueprint:addBuildingBlueprint:656]: 当前建筑所需方块：960
[10:37:31] [Client thread/INFO] [STDOUT]: [com.trhsy.sim.npcCode.build.BuildingBlueprint:addBuildingBlueprint:401]: 当前建筑：两层楼
[10:37:31] [Client thread/INFO] [sim]: 找到建筑描述 暂无 在 两层楼
[10:37:31] [Client thread/INFO] [STDOUT]: [com.trhsy.sim.npcCode.build.BuildingBlueprint:addBuildingBlueprint:656]: 当前建筑所需方块：420
[10:37:31] [Client thread/INFO] [STDOUT]: [com.trhsy.sim.npcCode.build.BuildingBlueprint:addBuildingBlueprint:401]: 当前建筑：两层砖房
[10:37:31] [Client thread/INFO] [sim]: 找到建筑描述 暂无 在 两层砖房
[10:37:31] [Client thread/INFO] [STDOUT]: [com.trhsy.sim.npcCode.build.BuildingBlueprint:addBuildingBlueprint:656]: 当前建筑所需方块：896
[10:37:31] [Client thread/INFO] [STDOUT]: [com.trhsy.sim.npcCode.build.BuildingBlueprint:addBuildingBlueprint:401]: 当前建筑：中世纪住宅
[10:37:31] [Client thread/INFO] [sim]: 找到建筑描述 暂无 在 中世纪住宅
[10:37:31] [Client thread/INFO] [STDOUT]: [com.trhsy.sim.npcCode.build.BuildingBlueprint:addBuildingBlueprint:656]: 当前建筑所需方块：392
[10:37:31] [Client thread/INFO] [STDOUT]: [com.trhsy.sim.npcCode.build.BuildingBlueprint:addBuildingBlueprint:401]: 当前建筑：中世纪木屋
[10:37:31] [Client thread/INFO] [sim]: 找到建筑描述 暂无 在 中世纪木屋
[10:37:31] [Client thread/INFO] [STDOUT]: [com.trhsy.sim.npcCode.build.BuildingBlueprint:addBuildingBlueprint:656]: 当前建筑所需方块：648
[10:37:31] [Client thread/INFO] [STDOUT]: [com.trhsy.sim.npcCode.build.BuildingBlueprint:addBuildingBlueprint:401]: 当前建筑：中世纪酒店
[10:37:31] [Client thread/INFO] [sim]: 找到建筑描述 暂无 在 中世纪酒店
[10:37:31] [Client thread/INFO] [STDOUT]: [com.trhsy.sim.npcCode.build.BuildingBlueprint:addBuildingBlueprint:656]: 当前建筑所需方块：6859
[10:37:31] [Client thread/INFO] [STDOUT]: [com.trhsy.sim.npcCode.build.BuildingBlueprint:addBuildingBlueprint:401]: 当前建筑：中型农舍
[10:37:31] [Client thread/INFO] [sim]: 找到建筑描述 暂无 在 中型农舍
[10:37:31] [Client thread/INFO] [STDOUT]: [com.trhsy.sim.npcCode.build.BuildingBlueprint:addBuildingBlueprint:656]: 当前建筑所需方块：990
[10:37:31] [Client thread/INFO] [STDOUT]: [com.trhsy.sim.npcCode.build.BuildingBlueprint:addBuildingBlueprint:401]: 当前建筑：中型土坯房
[10:37:31] [Client thread/INFO] [sim]: 找到建筑描述 暂无 在 中型土坯房
[10:37:31] [Client thread/INFO] [STDOUT]: [com.trhsy.sim.npcCode.build.BuildingBlueprint:addBuildingBlueprint:656]: 当前建筑所需方块：225
[10:37:31] [Client thread/INFO] [STDOUT]: [com.trhsy.sim.npcCode.build.BuildingBlueprint:addBuildingBlueprint:401]: 当前建筑：中庭酒店
[10:37:31] [Client thread/INFO] [sim]: 找到建筑描述 暂无 在 中庭酒店
[10:37:31] [Client thread/INFO] [STDOUT]: [com.trhsy.sim.npcCode.build.BuildingBlueprint:addBuildingBlueprint:656]: 当前建筑所需方块：448
[10:37:31] [Client thread/INFO] [STDOUT]: [com.trhsy.sim.npcCode.build.BuildingBlueprint:addBuildingBlueprint:401]: 当前建筑：乡村别墅
[10:37:31] [Client thread/INFO] [sim]: 找到建筑描述 暂无 在 乡村别墅
[10:37:31] [Client thread/INFO] [STDOUT]: [com.trhsy.sim.npcCode.build.BuildingBlueprint:addBuildingBlueprint:656]: 当前建筑所需方块：756
[10:37:31] [Client thread/INFO] [STDOUT]: [com.trhsy.sim.npcCode.build.BuildingBlueprint:addBuildingBlueprint:401]: 当前建筑：乡村图书屋
[10:37:31] [Client thread/INFO] [sim]: 找到建筑描述 暂无 在 乡村图书屋
[10:37:31] [Client thread/INFO] [STDOUT]: [com.trhsy.sim.npcCode.build.BuildingBlueprint:addBuildingBlueprint:656]: 当前建筑所需方块：648
[10:37:31] [Client thread/INFO] [STDOUT]: [com.trhsy.sim.npcCode.build.BuildingBlueprint:addBuildingBlueprint:401]: 当前建筑：伐木工人之家
[10:37:31] [Client thread/INFO] [sim]: 找到建筑描述 暂无 在 伐木工人之家
[10:37:31] [Client thread/INFO] [STDOUT]: [com.trhsy.sim.npcCode.build.BuildingBlueprint:addBuildingBlueprint:656]: 当前建筑所需方块：1680
[10:37:31] [Client thread/INFO] [STDOUT]: [com.trhsy.sim.npcCode.build.BuildingBlueprint:addBuildingBlueprint:401]: 当前建筑：公寓
[10:37:31] [Client thread/INFO] [sim]: 找到建筑描述 暂无 在 公寓
[10:37:31] [Client thread/INFO] [STDOUT]: [com.trhsy.sim.npcCode.build.BuildingBlueprint:addBuildingBlueprint:656]: 当前建筑所需方块：405
[10:37:31] [Client thread/INFO] [STDOUT]: [com.trhsy.sim.npcCode.build.BuildingBlueprint:addBuildingBlueprint:401]: 当前建筑：公寓A
[10:37:31] [Client thread/INFO] [sim]: 找到建筑描述 暂无 在 公寓A
[10:37:31] [Client thread/INFO] [STDOUT]: [com.trhsy.sim.npcCode.build.BuildingBlueprint:addBuildingBlueprint:656]: 当前建筑所需方块：405
[10:37:31] [Client thread/INFO] [STDOUT]: [com.trhsy.sim.npcCode.build.BuildingBlueprint:addBuildingBlueprint:401]: 当前建筑：公寓B
[10:37:31] [Client thread/INFO] [sim]: 找到建筑描述 暂无 在 公寓B
[10:37:31] [Client thread/INFO] [STDOUT]: [com.trhsy.sim.npcCode.build.BuildingBlueprint:addBuildingBlueprint:656]: 当前建筑所需方块：405
[10:37:31] [Client thread/INFO] [STDOUT]: [com.trhsy.sim.npcCode.build.BuildingBlueprint:addBuildingBlueprint:401]: 当前建筑：公寓C
[10:37:31] [Client thread/INFO] [sim]: 找到建筑描述 暂无 在 公寓C
[10:37:31] [Client thread/INFO] [STDOUT]: [com.trhsy.sim.npcCode.build.BuildingBlueprint:addBuildingBlueprint:656]: 当前建筑所需方块：405
[10:37:31] [Client thread/INFO] [STDOUT]: [com.trhsy.sim.npcCode.build.BuildingBlueprint:addBuildingBlueprint:401]: 当前建筑：公寓D
[10:37:31] [Client thread/INFO] [sim]: 找到建筑描述 暂无 在 公寓D
[10:37:31] [Client thread/INFO] [STDOUT]: [com.trhsy.sim.npcCode.build.BuildingBlueprint:addBuildingBlueprint:656]: 当前建筑所需方块：280
[10:37:31] [Client thread/INFO] [STDOUT]: [com.trhsy.sim.npcCode.build.BuildingBlueprint:addBuildingBlueprint:401]: 当前建筑：公寓F
[10:37:31] [Client thread/INFO] [sim]: 找到建筑描述 暂无 在 公寓F
[10:37:31] [Client thread/INFO] [STDOUT]: [com.trhsy.sim.npcCode.build.BuildingBlueprint:addBuildingBlueprint:656]: 当前建筑所需方块：405
[10:37:31] [Client thread/INFO] [STDOUT]: [com.trhsy.sim.npcCode.build.BuildingBlueprint:addBuildingBlueprint:401]: 当前建筑：公馆 1
[10:37:31] [Client thread/INFO] [sim]: 找到建筑描述 暂无 在 公馆 1
[10:37:31] [Client thread/INFO] [STDOUT]: [com.trhsy.sim.npcCode.build.BuildingBlueprint:addBuildingBlueprint:656]: 当前建筑所需方块：2912
[10:37:31] [Client thread/INFO] [STDOUT]: [com.trhsy.sim.npcCode.build.BuildingBlueprint:addBuildingBlueprint:401]: 当前建筑：冥府
[10:37:31] [Client thread/INFO] [sim]: 找到建筑描述 暂无 在 冥府
[10:37:31] [Client thread/INFO] [STDOUT]: [com.trhsy.sim.npcCode.build.BuildingBlueprint:addBuildingBlueprint:656]: 当前建筑所需方块：5236
[10:37:31] [Client thread/INFO] [STDOUT]: [com.trhsy.sim.npcCode.build.BuildingBlueprint:addBuildingBlueprint:401]: 当前建筑：冰屋
[10:37:31] [Client thread/INFO] [sim]: 找到建筑描述 暂无 在 冰屋
[10:37:31] [Client thread/INFO] [STDOUT]: [com.trhsy.sim.npcCode.build.BuildingBlueprint:addBuildingBlueprint:656]: 当前建筑所需方块：975
[10:37:31] [Client thread/INFO] [STDOUT]: [com.trhsy.sim.npcCode.build.BuildingBlueprint:addBuildingBlueprint:401]: 当前建筑：别墅 A
[10:37:31] [Client thread/INFO] [sim]: 找到建筑描述 暂无 在 别墅 A
[10:37:31] [Client thread/INFO] [STDOUT]: [com.trhsy.sim.npcCode.build.BuildingBlueprint:addBuildingBlueprint:656]: 当前建筑所需方块：540
[10:37:31] [Client thread/INFO] [STDOUT]: [com.trhsy.sim.npcCode.build.BuildingBlueprint:addBuildingBlueprint:401]: 当前建筑：别墅 B
[10:37:31] [Client thread/INFO] [sim]: 找到建筑描述 暂无 在 别墅 B
[10:37:31] [Client thread/INFO] [STDOUT]: [com.trhsy.sim.npcCode.build.BuildingBlueprint:addBuildingBlueprint:656]: 当前建筑所需方块：540
[10:37:31] [Client thread/INFO] [STDOUT]: [com.trhsy.sim.npcCode.build.BuildingBlueprint:addBuildingBlueprint:401]: 当前建筑：别墅 C
[10:37:31] [Client thread/INFO] [sim]: 找到建筑描述 暂无 在 别墅 C
[10:37:31] [Client thread/INFO] [STDOUT]: [com.trhsy.sim.npcCode.build.BuildingBlueprint:addBuildingBlueprint:656]: 当前建筑所需方块：756
[10:37:31] [Client thread/INFO] [STDOUT]: [com.trhsy.sim.npcCode.build.BuildingBlueprint:addBuildingBlueprint:401]: 当前建筑：别墅 D
[10:37:31] [Client thread/INFO] [sim]: 找到建筑描述 暂无 在 别墅 D
[10:37:31] [Client thread/INFO] [STDOUT]: [com.trhsy.sim.npcCode.build.BuildingBlueprint:addBuildingBlueprint:656]: 当前建筑所需方块：540
[10:37:31] [Client thread/INFO] [STDOUT]: [com.trhsy.sim.npcCode.build.BuildingBlueprint:addBuildingBlueprint:401]: 当前建筑：办公大楼
[10:37:31] [Client thread/INFO] [sim]: 找到建筑描述 暂无 在 办公大楼
[10:37:31] [Client thread/INFO] [STDOUT]: [com.trhsy.sim.npcCode.build.BuildingBlueprint:addBuildingBlueprint:656]: 当前建筑所需方块：10976
[10:37:31] [Client thread/INFO] [STDOUT]: [com.trhsy.sim.npcCode.build.BuildingBlueprint:addBuildingBlueprint:401]: 当前建筑：北方寺院
[10:37:31] [Client thread/INFO] [sim]: 找到建筑描述 暂无 在 北方寺院
[10:37:31] [Client thread/INFO] [STDOUT]: [com.trhsy.sim.npcCode.build.BuildingBlueprint:addBuildingBlueprint:656]: 当前建筑所需方块：355347
[10:37:31] [Client thread/INFO] [STDOUT]: [com.trhsy.sim.npcCode.build.BuildingBlueprint:addBuildingBlueprint:401]: 当前建筑：北方度假酒店
[10:37:31] [Client thread/INFO] [sim]: 找到建筑描述 暂无 在 北方度假酒店
[10:37:31] [Client thread/INFO] [STDOUT]: [com.trhsy.sim.npcCode.build.BuildingBlueprint:addBuildingBlueprint:656]: 当前建筑所需方块：43560
[10:37:31] [Client thread/INFO] [STDOUT]: [com.trhsy.sim.npcCode.build.BuildingBlueprint:addBuildingBlueprint:401]: 当前建筑：北欧大别墅(木)
[10:37:31] [Client thread/INFO] [sim]: 找到建筑描述 暂无 在 北欧大别墅(木)
[10:37:31] [Client thread/INFO] [STDOUT]: [com.trhsy.sim.npcCode.build.BuildingBlueprint:addBuildingBlueprint:656]: 当前建筑所需方块：31280
[10:37:31] [Client thread/INFO] [STDOUT]: [com.trhsy.sim.npcCode.build.BuildingBlueprint:addBuildingBlueprint:401]: 当前建筑：北欧大别墅(石)
[10:37:31] [Client thread/INFO] [sim]: 找到建筑描述 暂无 在 北欧大别墅(石)
[10:37:31] [Client thread/INFO] [STDOUT]: [com.trhsy.sim.npcCode.build.BuildingBlueprint:addBuildingBlueprint:656]: 当前建筑所需方块：9975
[10:37:31] [Client thread/INFO] [STDOUT]: [com.trhsy.sim.npcCode.build.BuildingBlueprint:addBuildingBlueprint:401]: 当前建筑：北欧小别墅
[10:37:31] [Client thread/INFO] [sim]: 找到建筑描述 暂无 在 北欧小别墅
[10:37:31] [Client thread/INFO] [STDOUT]: [com.trhsy.sim.npcCode.build.BuildingBlueprint:addBuildingBlueprint:656]: 当前建筑所需方块：4750
[10:37:31] [Client thread/INFO] [STDOUT]: [com.trhsy.sim.npcCode.build.BuildingBlueprint:addBuildingBlueprint:401]: 当前建筑：北欧石楼
[10:37:31] [Client thread/INFO] [sim]: 找到建筑描述 暂无 在 北欧石楼
[10:37:31] [Client thread/INFO] [STDOUT]: [com.trhsy.sim.npcCode.build.BuildingBlueprint:addBuildingBlueprint:656]: 当前建筑所需方块：891
[10:37:31] [Client thread/INFO] [STDOUT]: [com.trhsy.sim.npcCode.build.BuildingBlueprint:addBuildingBlueprint:401]: 当前建筑：北欧风小屋
[10:37:31] [Client thread/INFO] [sim]: 找到建筑描述 暂无 在 北欧风小屋
[10:37:31] [Client thread/INFO] [STDOUT]: [com.trhsy.sim.npcCode.build.BuildingBlueprint:addBuildingBlueprint:656]: 当前建筑所需方块：567
[10:37:31] [Client thread/INFO] [STDOUT]: [com.trhsy.sim.npcCode.build.BuildingBlueprint:addBuildingBlueprint:401]: 当前建筑：古雅的小屋
[10:37:31] [Client thread/INFO] [sim]: 找到建筑描述 暂无 在 古雅的小屋
[10:37:31] [Client thread/INFO] [STDOUT]: [com.trhsy.sim.npcCode.build.BuildingBlueprint:addBuildingBlueprint:656]: 当前建筑所需方块：210
[10:37:31] [Client thread/INFO] [STDOUT]: [com.trhsy.sim.npcCode.build.BuildingBlueprint:addBuildingBlueprint:401]: 当前建筑：可堆叠木屋
[10:37:31] [Client thread/INFO] [sim]: 找到建筑描述 暂无 在 可堆叠木屋
[10:37:31] [Client thread/INFO] [STDOUT]: [com.trhsy.sim.npcCode.build.BuildingBlueprint:addBuildingBlueprint:656]: 当前建筑所需方块：1200
[10:37:31] [Client thread/INFO] [STDOUT]: [com.trhsy.sim.npcCode.build.BuildingBlueprint:addBuildingBlueprint:401]: 当前建筑：可爱家庭旅馆
[10:37:31] [Client thread/INFO] [sim]: 找到建筑描述 暂无 在 可爱家庭旅馆
[10:37:31] [Client thread/INFO] [STDOUT]: [com.trhsy.sim.npcCode.build.BuildingBlueprint:addBuildingBlueprint:656]: 当前建筑所需方块：440
[10:37:31] [Client thread/INFO] [STDOUT]: [com.trhsy.sim.npcCode.build.BuildingBlueprint:addBuildingBlueprint:401]: 当前建筑：可爱的小屋
[10:37:31] [Client thread/INFO] [sim]: 找到建筑描述 暂无 在 可爱的小屋
[10:37:31] [Client thread/INFO] [STDOUT]: [com.trhsy.sim.npcCode.build.BuildingBlueprint:addBuildingBlueprint:656]: 当前建筑所需方块：180
[10:37:31] [Client thread/INFO] [STDOUT]: [com.trhsy.sim.npcCode.build.BuildingBlueprint:addBuildingBlueprint:401]: 当前建筑：史诗之家
[10:37:31] [Client thread/INFO] [sim]: 找到建筑描述 暂无 在 史诗之家
[10:37:31] [Client thread/INFO] [STDOUT]: [com.trhsy.sim.npcCode.build.BuildingBlueprint:addBuildingBlueprint:656]: 当前建筑所需方块：726
[10:37:31] [Client thread/INFO] [STDOUT]: [com.trhsy.sim.npcCode.build.BuildingBlueprint:addBuildingBlueprint:401]: 当前建筑：启示录庇护所
[10:37:31] [Client thread/INFO] [sim]: 找到建筑描述 暂无 在 启示录庇护所
[10:37:31] [Client thread/INFO] [STDOUT]: [com.trhsy.sim.npcCode.build.BuildingBlueprint:addBuildingBlueprint:656]: 当前建筑所需方块：150
[10:37:31] [Client thread/INFO] [STDOUT]: [com.trhsy.sim.npcCode.build.BuildingBlueprint:addBuildingBlueprint:401]: 当前建筑：地下室
[10:37:31] [Client thread/INFO] [sim]: 找到建筑描述 暂无 在 地下室
[10:37:31] [Client thread/INFO] [STDOUT]: [com.trhsy.sim.npcCode.build.BuildingBlueprint:addBuildingBlueprint:656]: 当前建筑所需方块：2880
[10:37:31] [Client thread/INFO] [STDOUT]: [com.trhsy.sim.npcCode.build.BuildingBlueprint:addBuildingBlueprint:401]: 当前建筑：地狱汽车旅馆
[10:37:31] [Client thread/INFO] [sim]: 找到建筑描述 暂无 在 地狱汽车旅馆
[10:37:31] [Client thread/INFO] [STDOUT]: [com.trhsy.sim.npcCode.build.BuildingBlueprint:addBuildingBlueprint:656]: 当前建筑所需方块：139230
[10:37:31] [Client thread/INFO] [STDOUT]: [com.trhsy.sim.npcCode.build.BuildingBlueprint:addBuildingBlueprint:401]: 当前建筑：堆叠式四层公寓
[10:37:31] [Client thread/INFO] [sim]: 找到建筑描述 暂无 在 堆叠式四层公寓
[10:37:31] [Client thread/INFO] [STDOUT]: [com.trhsy.sim.npcCode.build.BuildingBlueprint:addBuildingBlueprint:656]: 当前建筑所需方块：660
[10:37:31] [Client thread/INFO] [STDOUT]: [com.trhsy.sim.npcCode.build.BuildingBlueprint:addBuildingBlueprint:401]: 当前建筑：多生物群落之家
[10:37:31] [Client thread/INFO] [sim]: 找到建筑描述 暂无 在 多生物群落之家
[10:37:31] [Client thread/INFO] [STDOUT]: [com.trhsy.sim.npcCode.build.BuildingBlueprint:addBuildingBlueprint:656]: 当前建筑所需方块：980
[10:37:31] [Client thread/INFO] [STDOUT]: [com.trhsy.sim.npcCode.build.BuildingBlueprint:addBuildingBlueprint:401]: 当前建筑：大型土坯房
[10:37:31] [Client thread/INFO] [sim]: 找到建筑描述 暂无 在 大型土坯房
[10:37:31] [Client thread/INFO] [STDOUT]: [com.trhsy.sim.npcCode.build.BuildingBlueprint:addBuildingBlueprint:656]: 当前建筑所需方块：720
[10:37:31] [Client thread/INFO] [STDOUT]: [com.trhsy.sim.npcCode.build.BuildingBlueprint:addBuildingBlueprint:401]: 当前建筑：大城堡v1
[10:37:31] [Client thread/INFO] [sim]: 找到建筑描述 暂无 在 大城堡v1
[10:37:31] [Client thread/INFO] [STDOUT]: [com.trhsy.sim.npcCode.build.BuildingBlueprint:addBuildingBlueprint:656]: 当前建筑所需方块：9375
[10:37:31] [Client thread/INFO] [STDOUT]: [com.trhsy.sim.npcCode.build.BuildingBlueprint:addBuildingBlueprint:401]: 当前建筑：大城堡v2
[10:37:31] [Client thread/INFO] [sim]: 找到建筑描述 暂无 在 大城堡v2
[10:37:31] [Client thread/INFO] [STDOUT]: [com.trhsy.sim.npcCode.build.BuildingBlueprint:addBuildingBlueprint:656]: 当前建筑所需方块：10092
[10:37:31] [Client thread/INFO] [STDOUT]: [com.trhsy.sim.npcCode.build.BuildingBlueprint:addBuildingBlueprint:401]: 当前建筑：大宫殿
[10:37:31] [Client thread/INFO] [sim]: 找到建筑描述 暂无 在 大宫殿
[10:37:31] [Client thread/INFO] [STDOUT]: [com.trhsy.sim.npcCode.build.BuildingBlueprint:addBuildingBlueprint:656]: 当前建筑所需方块：9576
[10:37:31] [Client thread/INFO] [STDOUT]: [com.trhsy.sim.npcCode.build.BuildingBlueprint:addBuildingBlueprint:401]: 当前建筑：大房子v1
[10:37:31] [Client thread/INFO] [sim]: 找到建筑描述 暂无 在 大房子v1
[10:37:31] [Client thread/INFO] [STDOUT]: [com.trhsy.sim.npcCode.build.BuildingBlueprint:addBuildingBlueprint:656]: 当前建筑所需方块：2250
[10:37:31] [Client thread/INFO] [STDOUT]: [com.trhsy.sim.npcCode.build.BuildingBlueprint:addBuildingBlueprint:401]: 当前建筑：大房子v2
[10:37:31] [Client thread/INFO] [sim]: 找到建筑描述 暂无 在 大房子v2
[10:37:31] [Client thread/INFO] [STDOUT]: [com.trhsy.sim.npcCode.build.BuildingBlueprint:addBuildingBlueprint:656]: 当前建筑所需方块：1170
[10:37:31] [Client thread/INFO] [STDOUT]: [com.trhsy.sim.npcCode.build.BuildingBlueprint:addBuildingBlueprint:401]: 当前建筑：大房子v3
[10:37:31] [Client thread/INFO] [sim]: 找到建筑描述 暂无 在 大房子v3
[10:37:31] [Client thread/INFO] [STDOUT]: [com.trhsy.sim.npcCode.build.BuildingBlueprint:addBuildingBlueprint:656]: 当前建筑所需方块：704
[10:37:31] [Client thread/INFO] [STDOUT]: [com.trhsy.sim.npcCode.build.BuildingBlueprint:addBuildingBlueprint:401]: 当前建筑：大砖房
[10:37:31] [Client thread/INFO] [sim]: 找到建筑描述 暂无 在 大砖房
[10:37:31] [Client thread/INFO] [STDOUT]: [com.trhsy.sim.npcCode.build.BuildingBlueprint:addBuildingBlueprint:656]: 当前建筑所需方块：1728
[10:37:31] [Client thread/INFO] [STDOUT]: [com.trhsy.sim.npcCode.build.BuildingBlueprint:addBuildingBlueprint:401]: 当前建筑：大豪宅
[10:37:31] [Client thread/INFO] [sim]: 找到建筑描述 暂无 在 大豪宅
[10:37:31] [Client thread/INFO] [STDOUT]: [com.trhsy.sim.npcCode.build.BuildingBlueprint:addBuildingBlueprint:656]: 当前建筑所需方块：17255
[10:37:31] [Client thread/INFO] [STDOUT]: [com.trhsy.sim.npcCode.build.BuildingBlueprint:addBuildingBlueprint:401]: 当前建筑：奶酪屋
[10:37:31] [Client thread/INFO] [sim]: 找到建筑描述 暂无 在 奶酪屋
[10:37:31] [Client thread/INFO] [STDOUT]: [com.trhsy.sim.npcCode.build.BuildingBlueprint:addBuildingBlueprint:656]: 当前建筑所需方块：1100
[10:37:31] [Client thread/INFO] [STDOUT]: [com.trhsy.sim.npcCode.build.BuildingBlueprint:addBuildingBlueprint:401]: 当前建筑：学者之家
[10:37:31] [Client thread/INFO] [sim]: 找到建筑描述 暂无 在 学者之家
[10:37:31] [Client thread/INFO] [STDOUT]: [com.trhsy.sim.npcCode.build.BuildingBlueprint:addBuildingBlueprint:656]: 当前建筑所需方块：486
[10:37:31] [Client thread/INFO] [STDOUT]: [com.trhsy.sim.npcCode.build.BuildingBlueprint:addBuildingBlueprint:401]: 当前建筑：安逸小屋
[10:37:31] [Client thread/INFO] [sim]: 找到建筑描述 暂无 在 安逸小屋
[10:37:31] [Client thread/INFO] [STDOUT]: [com.trhsy.sim.npcCode.build.BuildingBlueprint:addBuildingBlueprint:656]: 当前建筑所需方块：343
[10:37:31] [Client thread/INFO] [STDOUT]: [com.trhsy.sim.npcCode.build.BuildingBlueprint:addBuildingBlueprint:401]: 当前建筑：客房
[10:37:31] [Client thread/INFO] [sim]: 找到建筑描述 暂无 在 客房
[10:37:31] [Client thread/INFO] [STDOUT]: [com.trhsy.sim.npcCode.build.BuildingBlueprint:addBuildingBlueprint:656]: 当前建筑所需方块：378
[10:37:31] [Client thread/INFO] [STDOUT]: [com.trhsy.sim.npcCode.build.BuildingBlueprint:addBuildingBlueprint:401]: 当前建筑：宽敞的房子
[10:37:31] [Client thread/INFO] [sim]: 找到建筑描述 暂无 在 宽敞的房子
[10:37:31] [Client thread/INFO] [STDOUT]: [com.trhsy.sim.npcCode.build.BuildingBlueprint:addBuildingBlueprint:656]: 当前建筑所需方块：800
[10:37:31] [Client thread/INFO] [STDOUT]: [com.trhsy.sim.npcCode.build.BuildingBlueprint:addBuildingBlueprint:401]: 当前建筑：宽敞的木屋
[10:37:31] [Client thread/INFO] [sim]: 找到建筑描述 暂无 在 宽敞的木屋
[10:37:31] [Client thread/INFO] [STDOUT]: [com.trhsy.sim.npcCode.build.BuildingBlueprint:addBuildingBlueprint:656]: 当前建筑所需方块：882
[10:37:31] [Client thread/INFO] [STDOUT]: [com.trhsy.sim.npcCode.build.BuildingBlueprint:addBuildingBlueprint:401]: 当前建筑：寄宿室
[10:37:31] [Client thread/INFO] [sim]: 找到建筑描述 暂无 在 寄宿室
[10:37:31] [Client thread/INFO] [STDOUT]: [com.trhsy.sim.npcCode.build.BuildingBlueprint:addBuildingBlueprint:656]: 当前建筑所需方块：125
[10:37:31] [Client thread/INFO] [STDOUT]: [com.trhsy.sim.npcCode.build.BuildingBlueprint:addBuildingBlueprint:401]: 当前建筑：小型木屋
[10:37:31] [Client thread/INFO] [sim]: 找到建筑描述 暂无 在 小型木屋
[10:37:31] [Client thread/INFO] [STDOUT]: [com.trhsy.sim.npcCode.build.BuildingBlueprint:addBuildingBlueprint:656]: 当前建筑所需方块：180
[10:37:31] [Client thread/INFO] [STDOUT]: [com.trhsy.sim.npcCode.build.BuildingBlueprint:addBuildingBlueprint:401]: 当前建筑：小房子A
[10:37:31] [Client thread/INFO] [sim]: 找到建筑描述 暂无 在 小房子A
[10:37:31] [Client thread/INFO] [STDOUT]: [com.trhsy.sim.npcCode.build.BuildingBlueprint:addBuildingBlueprint:656]: 当前建筑所需方块：150
[10:37:31] [Client thread/INFO] [STDOUT]: [com.trhsy.sim.npcCode.build.BuildingBlueprint:addBuildingBlueprint:401]: 当前建筑：小房子B
[10:37:31] [Client thread/INFO] [sim]: 找到建筑描述 暂无 在 小房子B
[10:37:31] [Client thread/INFO] [STDOUT]: [com.trhsy.sim.npcCode.build.BuildingBlueprint:addBuildingBlueprint:656]: 当前建筑所需方块：125
[10:37:31] [Client thread/INFO] [STDOUT]: [com.trhsy.sim.npcCode.build.BuildingBlueprint:addBuildingBlueprint:401]: 当前建筑：小房子C
[10:37:31] [Client thread/INFO] [sim]: 找到建筑描述 暂无 在 小房子C
[10:37:31] [Client thread/INFO] [STDOUT]: [com.trhsy.sim.npcCode.build.BuildingBlueprint:addBuildingBlueprint:656]: 当前建筑所需方块：125
[10:37:31] [Client thread/INFO] [STDOUT]: [com.trhsy.sim.npcCode.build.BuildingBlueprint:addBuildingBlueprint:401]: 当前建筑：小房子D
[10:37:31] [Client thread/INFO] [sim]: 找到建筑描述 暂无 在 小房子D
[10:37:31] [Client thread/INFO] [STDOUT]: [com.trhsy.sim.npcCode.build.BuildingBlueprint:addBuildingBlueprint:656]: 当前建筑所需方块：150
[10:37:31] [Client thread/INFO] [STDOUT]: [com.trhsy.sim.npcCode.build.BuildingBlueprint:addBuildingBlueprint:401]: 当前建筑：小房子公寓
[10:37:31] [Client thread/INFO] [sim]: 找到建筑描述 暂无 在 小房子公寓
[10:37:31] [Client thread/INFO] [STDOUT]: [com.trhsy.sim.npcCode.build.BuildingBlueprint:addBuildingBlueprint:656]: 当前建筑所需方块：10948
[10:37:31] [Client thread/INFO] [STDOUT]: [com.trhsy.sim.npcCode.build.BuildingBlueprint:addBuildingBlueprint:401]: 当前建筑：小木屋v1
[10:37:31] [Client thread/INFO] [sim]: 找到建筑描述 温馨提示：请建筑于水平面下一格 在 小木屋v1
[10:37:31] [Client thread/INFO] [STDOUT]: [com.trhsy.sim.npcCode.build.BuildingBlueprint:addBuildingBlueprint:656]: 当前建筑所需方块：75
[10:37:31] [Client thread/INFO] [STDOUT]: [com.trhsy.sim.npcCode.build.BuildingBlueprint:addBuildingBlueprint:401]: 当前建筑：小木屋v2
[10:37:31] [Client thread/INFO] [sim]: 找到建筑描述 暂无 在 小木屋v2
[10:37:31] [Client thread/INFO] [STDOUT]: [com.trhsy.sim.npcCode.build.BuildingBlueprint:addBuildingBlueprint:656]: 当前建筑所需方块：210
[10:37:31] [Client thread/INFO] [STDOUT]: [com.trhsy.sim.npcCode.build.BuildingBlueprint:addBuildingBlueprint:401]: 当前建筑：小砖房
[10:37:31] [Client thread/INFO] [sim]: 找到建筑描述 暂无 在 小砖房
[10:37:31] [Client thread/INFO] [STDOUT]: [com.trhsy.sim.npcCode.build.BuildingBlueprint:addBuildingBlueprint:656]: 当前建筑所需方块：294
[10:37:31] [Client thread/INFO] [STDOUT]: [com.trhsy.sim.npcCode.build.BuildingBlueprint:addBuildingBlueprint:401]: 当前建筑：巨树屋
[10:37:31] [Client thread/INFO] [sim]: 找到建筑描述 暂无 在 巨树屋
[10:37:31] [Client thread/INFO] [STDOUT]: [com.trhsy.sim.npcCode.build.BuildingBlueprint:addBuildingBlueprint:656]: 当前建筑所需方块：6783
[10:37:31] [Client thread/INFO] [STDOUT]: [com.trhsy.sim.npcCode.build.BuildingBlueprint:addBuildingBlueprint:401]: 当前建筑：巨石大厦
[10:37:31] [Client thread/INFO] [sim]: 找到建筑描述 暂无 在 巨石大厦
[10:37:31] [Client thread/INFO] [STDOUT]: [com.trhsy.sim.npcCode.build.BuildingBlueprint:addBuildingBlueprint:656]: 当前建筑所需方块：3640
[10:37:31] [Client thread/INFO] [STDOUT]: [com.trhsy.sim.npcCode.build.BuildingBlueprint:addBuildingBlueprint:401]: 当前建筑：市长府v1
[10:37:31] [Client thread/INFO] [sim]: 找到建筑描述 暂无 在 市长府v1
[10:37:31] [Client thread/INFO] [STDOUT]: [com.trhsy.sim.npcCode.build.BuildingBlueprint:addBuildingBlueprint:656]: 当前建筑所需方块：1430
[10:37:31] [Client thread/INFO] [STDOUT]: [com.trhsy.sim.npcCode.build.BuildingBlueprint:addBuildingBlueprint:401]: 当前建筑：市长府v2
[10:37:31] [Client thread/INFO] [sim]: 找到建筑描述 暂无 在 市长府v2
[10:37:31] [Client thread/INFO] [STDOUT]: [com.trhsy.sim.npcCode.build.BuildingBlueprint:addBuildingBlueprint:656]: 当前建筑所需方块：11136
[10:37:31] [Client thread/INFO] [STDOUT]: [com.trhsy.sim.npcCode.build.BuildingBlueprint:addBuildingBlueprint:401]: 当前建筑：布朗斯通公寓 
[10:37:31] [Client thread/INFO] [sim]: 找到建筑描述 暂无 在 布朗斯通公寓 
[10:37:31] [Client thread/INFO] [STDOUT]: [com.trhsy.sim.npcCode.build.BuildingBlueprint:addBuildingBlueprint:656]: 当前建筑所需方块：4250
[10:37:31] [Client thread/INFO] [STDOUT]: [com.trhsy.sim.npcCode.build.BuildingBlueprint:addBuildingBlueprint:401]: 当前建筑：希姆利斯豪斯酒店
[10:37:31] [Client thread/INFO] [sim]: 找到建筑描述 暂无 在 希姆利斯豪斯酒店
[10:37:31] [Client thread/INFO] [STDOUT]: [com.trhsy.sim.npcCode.build.BuildingBlueprint:addBuildingBlueprint:656]: 当前建筑所需方块：1820
[10:37:31] [Client thread/INFO] [STDOUT]: [com.trhsy.sim.npcCode.build.BuildingBlueprint:addBuildingBlueprint:401]: 当前建筑：希尔赛德工作室
[10:37:31] [Client thread/INFO] [sim]: 找到建筑描述 暂无 在 希尔赛德工作室
[10:37:31] [Client thread/INFO] [STDOUT]: [com.trhsy.sim.npcCode.build.BuildingBlueprint:addBuildingBlueprint:656]: 当前建筑所需方块：252
[10:37:31] [Client thread/INFO] [STDOUT]: [com.trhsy.sim.npcCode.build.BuildingBlueprint:addBuildingBlueprint:401]: 当前建筑：带图书馆的伍德大厦
[10:37:31] [Client thread/INFO] [sim]: 找到建筑描述 暂无 在 带图书馆的伍德大厦
[10:37:31] [Client thread/INFO] [STDOUT]: [com.trhsy.sim.npcCode.build.BuildingBlueprint:addBuildingBlueprint:656]: 当前建筑所需方块：3432
[10:37:31] [Client thread/INFO] [STDOUT]: [com.trhsy.sim.npcCode.build.BuildingBlueprint:addBuildingBlueprint:401]: 当前建筑：带池塘的家
[10:37:31] [Client thread/INFO] [sim]: 找到建筑描述 暂无 在 带池塘的家
[10:37:31] [Client thread/INFO] [STDOUT]: [com.trhsy.sim.npcCode.build.BuildingBlueprint:addBuildingBlueprint:656]: 当前建筑所需方块：1352
[10:37:31] [Client thread/INFO] [STDOUT]: [com.trhsy.sim.npcCode.build.BuildingBlueprint:addBuildingBlueprint:401]: 当前建筑：带门廊的房子
[10:37:31] [Client thread/INFO] [sim]: 找到建筑描述 暂无 在 带门廊的房子
[10:37:31] [Client thread/INFO] [STDOUT]: [com.trhsy.sim.npcCode.build.BuildingBlueprint:addBuildingBlueprint:656]: 当前建筑所需方块：315
[10:37:31] [Client thread/INFO] [STDOUT]: [com.trhsy.sim.npcCode.build.BuildingBlueprint:addBuildingBlueprint:401]: 当前建筑：平房v1
[10:37:31] [Client thread/INFO] [sim]: 找到建筑描述 暂无 在 平房v1
[10:37:31] [Client thread/INFO] [STDOUT]: [com.trhsy.sim.npcCode.build.BuildingBlueprint:addBuildingBlueprint:656]: 当前建筑所需方块：420
[10:37:31] [Client thread/INFO] [STDOUT]: [com.trhsy.sim.npcCode.build.BuildingBlueprint:addBuildingBlueprint:401]: 当前建筑：平房v2
[10:37:31] [Client thread/INFO] [sim]: 找到建筑描述 暂无 在 平房v2
[10:37:31] [Client thread/INFO] [STDOUT]: [com.trhsy.sim.npcCode.build.BuildingBlueprint:addBuildingBlueprint:656]: 当前建筑所需方块：567
[10:37:31] [Client thread/INFO] [STDOUT]: [com.trhsy.sim.npcCode.build.BuildingBlueprint:addBuildingBlueprint:401]: 当前建筑：廉价小屋
[10:37:31] [Client thread/INFO] [sim]: 找到建筑描述 温馨提示：请建筑于水平面下一格 在 廉价小屋
[10:37:31] [Client thread/INFO] [STDOUT]: [com.trhsy.sim.npcCode.build.BuildingBlueprint:addBuildingBlueprint:656]: 当前建筑所需方块：45
[10:37:31] [Client thread/INFO] [STDOUT]: [com.trhsy.sim.npcCode.build.BuildingBlueprint:addBuildingBlueprint:401]: 当前建筑：强迫症沙居
[10:37:31] [Client thread/INFO] [sim]: 找到建筑描述 暂无 在 强迫症沙居
[10:37:31] [Client thread/INFO] [STDOUT]: [com.trhsy.sim.npcCode.build.BuildingBlueprint:addBuildingBlueprint:656]: 当前建筑所需方块：1014
[10:37:31] [Client thread/INFO] [STDOUT]: [com.trhsy.sim.npcCode.build.BuildingBlueprint:addBuildingBlueprint:401]: 当前建筑：彩色房子
[10:37:31] [Client thread/INFO] [sim]: 找到建筑描述 暂无 在 彩色房子
[10:37:31] [Client thread/INFO] [STDOUT]: [com.trhsy.sim.npcCode.build.BuildingBlueprint:addBuildingBlueprint:656]: 当前建筑所需方块：858
[10:37:31] [Client thread/INFO] [STDOUT]: [com.trhsy.sim.npcCode.build.BuildingBlueprint:addBuildingBlueprint:401]: 当前建筑：房屋
[10:37:31] [Client thread/INFO] [sim]: 找到建筑描述 暂无 在 房屋
[10:37:31] [Client thread/INFO] [STDOUT]: [com.trhsy.sim.npcCode.build.BuildingBlueprint:addBuildingBlueprint:656]: 当前建筑所需方块：252
[10:37:31] [Client thread/INFO] [STDOUT]: [com.trhsy.sim.npcCode.build.BuildingBlueprint:addBuildingBlueprint:401]: 当前建筑：拉祖利城堡
[10:37:31] [Client thread/INFO] [sim]: 找到建筑描述 暂无 在 拉祖利城堡
[10:37:31] [Client thread/INFO] [STDOUT]: [com.trhsy.sim.npcCode.build.BuildingBlueprint:addBuildingBlueprint:656]: 当前建筑所需方块：274170
[10:37:31] [Client thread/INFO] [STDOUT]: [com.trhsy.sim.npcCode.build.BuildingBlueprint:addBuildingBlueprint:401]: 当前建筑：拿铁咖啡馆
[10:37:31] [Client thread/INFO] [sim]: 找到建筑描述 暂无 在 拿铁咖啡馆
[10:37:31] [Client thread/INFO] [STDOUT]: [com.trhsy.sim.npcCode.build.BuildingBlueprint:addBuildingBlueprint:656]: 当前建筑所需方块：840
[10:37:31] [Client thread/INFO] [STDOUT]: [com.trhsy.sim.npcCode.build.BuildingBlueprint:addBuildingBlueprint:401]: 当前建筑：掩体
[10:37:31] [Client thread/INFO] [sim]: 找到建筑描述 暂无 在 掩体
[10:37:31] [Client thread/INFO] [STDOUT]: [com.trhsy.sim.npcCode.build.BuildingBlueprint:addBuildingBlueprint:656]: 当前建筑所需方块：676
[10:37:31] [Client thread/INFO] [STDOUT]: [com.trhsy.sim.npcCode.build.BuildingBlueprint:addBuildingBlueprint:401]: 当前建筑：故事屋
[10:37:31] [Client thread/INFO] [sim]: 找到建筑描述 暂无 在 故事屋
[10:37:31] [Client thread/INFO] [STDOUT]: [com.trhsy.sim.npcCode.build.BuildingBlueprint:addBuildingBlueprint:656]: 当前建筑所需方块：420
[10:37:31] [Client thread/INFO] [STDOUT]: [com.trhsy.sim.npcCode.build.BuildingBlueprint:addBuildingBlueprint:401]: 当前建筑：有石板的小房子
[10:37:31] [Client thread/INFO] [sim]: 找到建筑描述 暂无 在 有石板的小房子
[10:37:31] [Client thread/INFO] [STDOUT]: [com.trhsy.sim.npcCode.build.BuildingBlueprint:addBuildingBlueprint:656]: 当前建筑所需方块：80
[10:37:31] [Client thread/INFO] [STDOUT]: [com.trhsy.sim.npcCode.build.BuildingBlueprint:addBuildingBlueprint:401]: 当前建筑：木屋v1
[10:37:31] [Client thread/INFO] [sim]: 找到建筑描述 暂无 在 木屋v1
[10:37:31] [Client thread/INFO] [STDOUT]: [com.trhsy.sim.npcCode.build.BuildingBlueprint:addBuildingBlueprint:656]: 当前建筑所需方块：125
[10:37:31] [Client thread/INFO] [STDOUT]: [com.trhsy.sim.npcCode.build.BuildingBlueprint:addBuildingBlueprint:401]: 当前建筑：木屋v2
[10:37:31] [Client thread/INFO] [sim]: 找到建筑描述 暂无 在 木屋v2
[10:37:31] [Client thread/INFO] [STDOUT]: [com.trhsy.sim.npcCode.build.BuildingBlueprint:addBuildingBlueprint:656]: 当前建筑所需方块：384
[10:37:31] [Client thread/INFO] [STDOUT]: [com.trhsy.sim.npcCode.build.BuildingBlueprint:addBuildingBlueprint:401]: 当前建筑：木屋v3
[10:37:31] [Client thread/INFO] [sim]: 找到建筑描述 暂无 在 木屋v3
[10:37:31] [Client thread/INFO] [STDOUT]: [com.trhsy.sim.npcCode.build.BuildingBlueprint:addBuildingBlueprint:656]: 当前建筑所需方块：1344
[10:37:31] [Client thread/INFO] [STDOUT]: [com.trhsy.sim.npcCode.build.BuildingBlueprint:addBuildingBlueprint:401]: 当前建筑：木屋车库
[10:37:31] [Client thread/INFO] [sim]: 找到建筑描述 暂无 在 木屋车库
[10:37:31] [Client thread/INFO] [STDOUT]: [com.trhsy.sim.npcCode.build.BuildingBlueprint:addBuildingBlueprint:656]: 当前建筑所需方块：480
[10:37:31] [Client thread/INFO] [STDOUT]: [com.trhsy.sim.npcCode.build.BuildingBlueprint:addBuildingBlueprint:401]: 当前建筑：未来派木屋
[10:37:31] [Client thread/INFO] [sim]: 找到建筑描述 暂无 在 未来派木屋
[10:37:31] [Client thread/INFO] [STDOUT]: [com.trhsy.sim.npcCode.build.BuildingBlueprint:addBuildingBlueprint:656]: 当前建筑所需方块：1326
[10:37:31] [Client thread/INFO] [STDOUT]: [com.trhsy.sim.npcCode.build.BuildingBlueprint:addBuildingBlueprint:401]: 当前建筑：朴素的大厦
[10:37:31] [Client thread/INFO] [sim]: 找到建筑描述 暂无 在 朴素的大厦
[10:37:31] [Client thread/INFO] [STDOUT]: [com.trhsy.sim.npcCode.build.BuildingBlueprint:addBuildingBlueprint:656]: 当前建筑所需方块：15744
[10:37:31] [Client thread/INFO] [STDOUT]: [com.trhsy.sim.npcCode.build.BuildingBlueprint:addBuildingBlueprint:401]: 当前建筑：村民住宅
[10:37:31] [Client thread/INFO] [sim]: 找到建筑描述 暂无 在 村民住宅
[10:37:31] [Client thread/INFO] [STDOUT]: [com.trhsy.sim.npcCode.build.BuildingBlueprint:addBuildingBlueprint:656]: 当前建筑所需方块：420
[10:37:31] [Client thread/INFO] [STDOUT]: [com.trhsy.sim.npcCode.build.BuildingBlueprint:addBuildingBlueprint:401]: 当前建筑：树屋
[10:37:31] [Client thread/INFO] [sim]: 找到建筑描述 暂无 在 树屋
[10:37:31] [Client thread/INFO] [STDOUT]: [com.trhsy.sim.npcCode.build.BuildingBlueprint:addBuildingBlueprint:656]: 当前建筑所需方块：819
[10:37:31] [Client thread/INFO] [STDOUT]: [com.trhsy.sim.npcCode.build.BuildingBlueprint:addBuildingBlueprint:401]: 当前建筑：梅斯仓库
[10:37:31] [Client thread/INFO] [sim]: 找到建筑描述 暂无 在 梅斯仓库
[10:37:31] [Client thread/INFO] [STDOUT]: [com.trhsy.sim.npcCode.build.BuildingBlueprint:addBuildingBlueprint:656]: 当前建筑所需方块：1100
[10:37:31] [Client thread/INFO] [STDOUT]: [com.trhsy.sim.npcCode.build.BuildingBlueprint:addBuildingBlueprint:401]: 当前建筑：梅斯公主大城堡
[10:37:31] [Client thread/INFO] [sim]: 找到建筑描述 暂无 在 梅斯公主大城堡
[10:37:31] [Client thread/INFO] [STDOUT]: [com.trhsy.sim.npcCode.build.BuildingBlueprint:addBuildingBlueprint:656]: 当前建筑所需方块：41382
[10:37:31] [Client thread/INFO] [STDOUT]: [com.trhsy.sim.npcCode.build.BuildingBlueprint:addBuildingBlueprint:401]: 当前建筑：梅斯别墅
[10:37:31] [Client thread/INFO] [sim]: 找到建筑描述 暂无 在 梅斯别墅
[10:37:31] [Client thread/INFO] [STDOUT]: [com.trhsy.sim.npcCode.build.BuildingBlueprint:addBuildingBlueprint:656]: 当前建筑所需方块：486
[10:37:31] [Client thread/INFO] [STDOUT]: [com.trhsy.sim.npcCode.build.BuildingBlueprint:addBuildingBlueprint:401]: 当前建筑：梅斯沙庙
[10:37:31] [Client thread/INFO] [sim]: 找到建筑描述 暂无 在 梅斯沙庙
[10:37:31] [Client thread/INFO] [STDOUT]: [com.trhsy.sim.npcCode.build.BuildingBlueprint:addBuildingBlueprint:656]: 当前建筑所需方块：2028
[10:37:31] [Client thread/INFO] [STDOUT]: [com.trhsy.sim.npcCode.build.BuildingBlueprint:addBuildingBlueprint:401]: 当前建筑：梅斯沙漠市场
[10:37:31] [Client thread/INFO] [sim]: 找到建筑描述 暂无 在 梅斯沙漠市场
[10:37:31] [Client thread/INFO] [STDOUT]: [com.trhsy.sim.npcCode.build.BuildingBlueprint:addBuildingBlueprint:656]: 当前建筑所需方块：3468
[10:37:31] [Client thread/INFO] [STDOUT]: [com.trhsy.sim.npcCode.build.BuildingBlueprint:addBuildingBlueprint:401]: 当前建筑：梅斯炼金术士
[10:37:31] [Client thread/INFO] [sim]: 找到建筑描述 暂无 在 梅斯炼金术士
[10:37:31] [Client thread/INFO] [STDOUT]: [com.trhsy.sim.npcCode.build.BuildingBlueprint:addBuildingBlueprint:656]: 当前建筑所需方块：2057
[10:37:31] [Client thread/INFO] [STDOUT]: [com.trhsy.sim.npcCode.build.BuildingBlueprint:addBuildingBlueprint:401]: 当前建筑：梅斯迷你城堡
[10:37:31] [Client thread/INFO] [sim]: 找到建筑描述 暂无 在 梅斯迷你城堡
[10:37:31] [Client thread/INFO] [STDOUT]: [com.trhsy.sim.npcCode.build.BuildingBlueprint:addBuildingBlueprint:656]: 当前建筑所需方块：15138
[10:37:31] [Client thread/INFO] [STDOUT]: [com.trhsy.sim.npcCode.build.BuildingBlueprint:addBuildingBlueprint:401]: 当前建筑：梅斯铁匠铺
[10:37:31] [Client thread/INFO] [sim]: 找到建筑描述 暂无 在 梅斯铁匠铺
[10:37:31] [Client thread/INFO] [STDOUT]: [com.trhsy.sim.npcCode.build.BuildingBlueprint:addBuildingBlueprint:656]: 当前建筑所需方块：1400
[10:37:31] [Client thread/INFO] [STDOUT]: [com.trhsy.sim.npcCode.build.BuildingBlueprint:addBuildingBlueprint:401]: 当前建筑：橙色摩天大楼
[10:37:31] [Client thread/INFO] [sim]: 找到建筑描述 暂无 在 橙色摩天大楼
[10:37:31] [Client thread/INFO] [STDOUT]: [com.trhsy.sim.npcCode.build.BuildingBlueprint:addBuildingBlueprint:656]: 当前建筑所需方块：30008
[10:37:31] [Client thread/INFO] [STDOUT]: [com.trhsy.sim.npcCode.build.BuildingBlueprint:addBuildingBlueprint:401]: 当前建筑：水屋酒店
[10:37:31] [Client thread/INFO] [sim]: 找到建筑描述 暂无 在 水屋酒店
[10:37:31] [Client thread/INFO] [STDOUT]: [com.trhsy.sim.npcCode.build.BuildingBlueprint:addBuildingBlueprint:656]: 当前建筑所需方块：192
[10:37:31] [Client thread/INFO] [STDOUT]: [com.trhsy.sim.npcCode.build.BuildingBlueprint:addBuildingBlueprint:401]: 当前建筑：沙石屋
[10:37:31] [Client thread/INFO] [sim]: 找到建筑描述 暂无 在 沙石屋
[10:37:31] [Client thread/INFO] [STDOUT]: [com.trhsy.sim.npcCode.build.BuildingBlueprint:addBuildingBlueprint:656]: 当前建筑所需方块：560
[10:37:31] [Client thread/INFO] [STDOUT]: [com.trhsy.sim.npcCode.build.BuildingBlueprint:addBuildingBlueprint:401]: 当前建筑：沙达斯大厦
[10:37:31] [Client thread/INFO] [sim]: 找到建筑描述 暂无 在 沙达斯大厦
[10:37:31] [Client thread/INFO] [STDOUT]: [com.trhsy.sim.npcCode.build.BuildingBlueprint:addBuildingBlueprint:656]: 当前建筑所需方块：3036
[10:37:31] [Client thread/INFO] [STDOUT]: [com.trhsy.sim.npcCode.build.BuildingBlueprint:addBuildingBlueprint:401]: 当前建筑：没有羊毛的家
[10:37:31] [Client thread/INFO] [sim]: 找到建筑描述 暂无 在 没有羊毛的家
[10:37:31] [Client thread/INFO] [STDOUT]: [com.trhsy.sim.npcCode.build.BuildingBlueprint:addBuildingBlueprint:656]: 当前建筑所需方块：567
[10:37:31] [Client thread/INFO] [STDOUT]: [com.trhsy.sim.npcCode.build.BuildingBlueprint:addBuildingBlueprint:401]: 当前建筑：泥土屋
[10:37:31] [Client thread/INFO] [sim]: 找到建筑描述 暂无 在 泥土屋
[10:37:31] [Client thread/INFO] [STDOUT]: [com.trhsy.sim.npcCode.build.BuildingBlueprint:addBuildingBlueprint:656]: 当前建筑所需方块：360
[10:37:31] [Client thread/INFO] [STDOUT]: [com.trhsy.sim.npcCode.build.BuildingBlueprint:addBuildingBlueprint:401]: 当前建筑：流浪汉小屋
[10:37:31] [Client thread/INFO] [sim]: 找到建筑描述 暂无 在 流浪汉小屋
[10:37:31] [Client thread/INFO] [STDOUT]: [com.trhsy.sim.npcCode.build.BuildingBlueprint:addBuildingBlueprint:656]: 当前建筑所需方块：150
[10:37:31] [Client thread/INFO] [STDOUT]: [com.trhsy.sim.npcCode.build.BuildingBlueprint:addBuildingBlueprint:401]: 当前建筑：漂亮的普通房子
[10:37:31] [Client thread/INFO] [sim]: 找到建筑描述 暂无 在 漂亮的普通房子
[10:37:31] [Client thread/INFO] [STDOUT]: [com.trhsy.sim.npcCode.build.BuildingBlueprint:addBuildingBlueprint:656]: 当前建筑所需方块：891
[10:37:31] [Client thread/INFO] [STDOUT]: [com.trhsy.sim.npcCode.build.BuildingBlueprint:addBuildingBlueprint:401]: 当前建筑：热中屋酒店
[10:37:31] [Client thread/INFO] [sim]: 找到建筑描述 暂无 在 热中屋酒店
[10:37:31] [Client thread/INFO] [STDOUT]: [com.trhsy.sim.npcCode.build.BuildingBlueprint:addBuildingBlueprint:656]: 当前建筑所需方块：450
[10:37:31] [Client thread/INFO] [STDOUT]: [com.trhsy.sim.npcCode.build.BuildingBlueprint:addBuildingBlueprint:401]: 当前建筑：爬行立方体
[10:37:31] [Client thread/INFO] [sim]: 找到建筑描述 暂无 在 爬行立方体
[10:37:31] [Client thread/INFO] [STDOUT]: [com.trhsy.sim.npcCode.build.BuildingBlueprint:addBuildingBlueprint:656]: 当前建筑所需方块：512
[10:37:31] [Client thread/INFO] [STDOUT]: [com.trhsy.sim.npcCode.build.BuildingBlueprint:addBuildingBlueprint:401]: 当前建筑：爱情小屋
[10:37:31] [Client thread/INFO] [sim]: 找到建筑描述 暂无 在 爱情小屋
[10:37:31] [Client thread/INFO] [STDOUT]: [com.trhsy.sim.npcCode.build.BuildingBlueprint:addBuildingBlueprint:656]: 当前建筑所需方块：180
[10:37:31] [Client thread/INFO] [STDOUT]: [com.trhsy.sim.npcCode.build.BuildingBlueprint:addBuildingBlueprint:401]: 当前建筑：现代住宅v1
[10:37:31] [Client thread/INFO] [sim]: 找到建筑描述 暂无 在 现代住宅v1
[10:37:31] [Client thread/INFO] [STDOUT]: [com.trhsy.sim.npcCode.build.BuildingBlueprint:addBuildingBlueprint:656]: 当前建筑所需方块：1188
[10:37:31] [Client thread/INFO] [STDOUT]: [com.trhsy.sim.npcCode.build.BuildingBlueprint:addBuildingBlueprint:401]: 当前建筑：现代住宅v2
[10:37:31] [Client thread/INFO] [sim]: 找到建筑描述 暂无 在 现代住宅v2
[10:37:31] [Client thread/INFO] [STDOUT]: [com.trhsy.sim.npcCode.build.BuildingBlueprint:addBuildingBlueprint:656]: 当前建筑所需方块：13728
[10:37:31] [Client thread/INFO] [STDOUT]: [com.trhsy.sim.npcCode.build.BuildingBlueprint:addBuildingBlueprint:401]: 当前建筑：现代住宅v3
[10:37:31] [Client thread/INFO] [sim]: 找到建筑描述 暂无 在 现代住宅v3
[10:37:31] [Client thread/INFO] [STDOUT]: [com.trhsy.sim.npcCode.build.BuildingBlueprint:addBuildingBlueprint:656]: 当前建筑所需方块：6460
[10:37:31] [Client thread/INFO] [STDOUT]: [com.trhsy.sim.npcCode.build.BuildingBlueprint:addBuildingBlueprint:401]: 当前建筑：现代住宅v4
[10:37:31] [Client thread/INFO] [sim]: 找到建筑描述 暂无 在 现代住宅v4
[10:37:31] [Client thread/INFO] [STDOUT]: [com.trhsy.sim.npcCode.build.BuildingBlueprint:addBuildingBlueprint:656]: 当前建筑所需方块：4680
[10:37:31] [Client thread/INFO] [STDOUT]: [com.trhsy.sim.npcCode.build.BuildingBlueprint:addBuildingBlueprint:401]: 当前建筑：现代住宅v5
[10:37:31] [Client thread/INFO] [sim]: 找到建筑描述 暂无 在 现代住宅v5
[10:37:31] [Client thread/INFO] [STDOUT]: [com.trhsy.sim.npcCode.build.BuildingBlueprint:addBuildingBlueprint:656]: 当前建筑所需方块：780
[10:37:31] [Client thread/INFO] [STDOUT]: [com.trhsy.sim.npcCode.build.BuildingBlueprint:addBuildingBlueprint:401]: 当前建筑：现代大厦
[10:37:31] [Client thread/INFO] [sim]: 找到建筑描述 暂无 在 现代大厦
[10:37:31] [Client thread/INFO] [STDOUT]: [com.trhsy.sim.npcCode.build.BuildingBlueprint:addBuildingBlueprint:656]: 当前建筑所需方块：29952
[10:37:31] [Client thread/INFO] [STDOUT]: [com.trhsy.sim.npcCode.build.BuildingBlueprint:addBuildingBlueprint:401]: 当前建筑：现代摩天大楼
[10:37:31] [Client thread/INFO] [sim]: 找到建筑描述 暂无 在 现代摩天大楼
[10:37:31] [Client thread/INFO] [STDOUT]: [com.trhsy.sim.npcCode.build.BuildingBlueprint:addBuildingBlueprint:656]: 当前建筑所需方块：14280
[10:37:31] [Client thread/INFO] [STDOUT]: [com.trhsy.sim.npcCode.build.BuildingBlueprint:addBuildingBlueprint:401]: 当前建筑：现代木屋v1
[10:37:31] [Client thread/INFO] [sim]: 找到建筑描述 暂无 在 现代木屋v1
[10:37:31] [Client thread/INFO] [STDOUT]: [com.trhsy.sim.npcCode.build.BuildingBlueprint:addBuildingBlueprint:656]: 当前建筑所需方块：2016
[10:37:31] [Client thread/INFO] [STDOUT]: [com.trhsy.sim.npcCode.build.BuildingBlueprint:addBuildingBlueprint:401]: 当前建筑：现代木屋v2
[10:37:31] [Client thread/INFO] [sim]: 找到建筑描述 暂无 在 现代木屋v2
[10:37:31] [Client thread/INFO] [STDOUT]: [com.trhsy.sim.npcCode.build.BuildingBlueprint:addBuildingBlueprint:656]: 当前建筑所需方块：8280
[10:37:31] [Client thread/INFO] [STDOUT]: [com.trhsy.sim.npcCode.build.BuildingBlueprint:addBuildingBlueprint:401]: 当前建筑：白宫
[10:37:31] [Client thread/INFO] [sim]: 找到建筑描述 暂无 在 白宫
[10:37:31] [Client thread/INFO] [STDOUT]: [com.trhsy.sim.npcCode.build.BuildingBlueprint:addBuildingBlueprint:656]: 当前建筑所需方块：80640
[10:37:31] [Client thread/INFO] [STDOUT]: [com.trhsy.sim.npcCode.build.BuildingBlueprint:addBuildingBlueprint:401]: 当前建筑：石屋
[10:37:31] [Client thread/INFO] [sim]: 找到建筑描述 暂无 在 石屋
[10:37:31] [Client thread/INFO] [STDOUT]: [com.trhsy.sim.npcCode.build.BuildingBlueprint:addBuildingBlueprint:656]: 当前建筑所需方块：336
[10:37:31] [Client thread/INFO] [STDOUT]: [com.trhsy.sim.npcCode.build.BuildingBlueprint:addBuildingBlueprint:401]: 当前建筑：砂岩单体
[10:37:31] [Client thread/INFO] [sim]: 找到建筑描述 暂无 在 砂岩单体
[10:37:31] [Client thread/INFO] [STDOUT]: [com.trhsy.sim.npcCode.build.BuildingBlueprint:addBuildingBlueprint:656]: 当前建筑所需方块：968
[10:37:31] [Client thread/INFO] [STDOUT]: [com.trhsy.sim.npcCode.build.BuildingBlueprint:addBuildingBlueprint:401]: 当前建筑：砂岩工作室
[10:37:31] [Client thread/INFO] [sim]: 找到建筑描述 暂无 在 砂岩工作室
[10:37:31] [Client thread/INFO] [STDOUT]: [com.trhsy.sim.npcCode.build.BuildingBlueprint:addBuildingBlueprint:656]: 当前建筑所需方块：2645
[10:37:31] [Client thread/INFO] [STDOUT]: [com.trhsy.sim.npcCode.build.BuildingBlueprint:addBuildingBlueprint:401]: 当前建筑：砂岩棚屋
[10:37:31] [Client thread/INFO] [sim]: 找到建筑描述 暂无 在 砂岩棚屋
[10:37:31] [Client thread/INFO] [STDOUT]: [com.trhsy.sim.npcCode.build.BuildingBlueprint:addBuildingBlueprint:656]: 当前建筑所需方块：486
[10:37:31] [Client thread/INFO] [STDOUT]: [com.trhsy.sim.npcCode.build.BuildingBlueprint:addBuildingBlueprint:401]: 当前建筑：砂岩沙漠绿洲
[10:37:31] [Client thread/INFO] [sim]: 找到建筑描述 暂无 在 砂岩沙漠绿洲
[10:37:31] [Client thread/INFO] [STDOUT]: [com.trhsy.sim.npcCode.build.BuildingBlueprint:addBuildingBlueprint:656]: 当前建筑所需方块：5775
[10:37:31] [Client thread/INFO] [STDOUT]: [com.trhsy.sim.npcCode.build.BuildingBlueprint:addBuildingBlueprint:401]: 当前建筑：砖房v1
[10:37:31] [Client thread/INFO] [sim]: 找到建筑描述 暂无 在 砖房v1
[10:37:31] [Client thread/INFO] [STDOUT]: [com.trhsy.sim.npcCode.build.BuildingBlueprint:addBuildingBlueprint:656]: 当前建筑所需方块：280
[10:37:31] [Client thread/INFO] [STDOUT]: [com.trhsy.sim.npcCode.build.BuildingBlueprint:addBuildingBlueprint:401]: 当前建筑：穷人之家v1
[10:37:31] [Client thread/INFO] [sim]: 找到建筑描述 暂无 在 穷人之家v1
[10:37:31] [Client thread/INFO] [STDOUT]: [com.trhsy.sim.npcCode.build.BuildingBlueprint:addBuildingBlueprint:656]: 当前建筑所需方块：27
[10:37:31] [Client thread/INFO] [STDOUT]: [com.trhsy.sim.npcCode.build.BuildingBlueprint:addBuildingBlueprint:401]: 当前建筑：穷人之家v2
[10:37:31] [Client thread/INFO] [sim]: 找到建筑描述 暂无 在 穷人之家v2
[10:37:31] [Client thread/INFO] [STDOUT]: [com.trhsy.sim.npcCode.build.BuildingBlueprint:addBuildingBlueprint:656]: 当前建筑所需方块：27
[10:37:31] [Client thread/INFO] [STDOUT]: [com.trhsy.sim.npcCode.build.BuildingBlueprint:addBuildingBlueprint:401]: 当前建筑：紧凑型住宅
[10:37:31] [Client thread/INFO] [sim]: 找到建筑描述 暂无 在 紧凑型住宅
[10:37:31] [Client thread/INFO] [STDOUT]: [com.trhsy.sim.npcCode.build.BuildingBlueprint:addBuildingBlueprint:656]: 当前建筑所需方块：144
[10:37:31] [Client thread/INFO] [STDOUT]: [com.trhsy.sim.npcCode.build.BuildingBlueprint:addBuildingBlueprint:401]: 当前建筑：美丽乡村别墅酒店
[10:37:31] [Client thread/INFO] [sim]: 找到建筑描述 暂无 在 美丽乡村别墅酒店
[10:37:31] [Client thread/INFO] [STDOUT]: [com.trhsy.sim.npcCode.build.BuildingBlueprint:addBuildingBlueprint:656]: 当前建筑所需方块：715
[10:37:31] [Client thread/INFO] [STDOUT]: [com.trhsy.sim.npcCode.build.BuildingBlueprint:addBuildingBlueprint:401]: 当前建筑：花盆酒店
[10:37:31] [Client thread/INFO] [sim]: 找到建筑描述 暂无 在 花盆酒店
[10:37:31] [Client thread/INFO] [STDOUT]: [com.trhsy.sim.npcCode.build.BuildingBlueprint:addBuildingBlueprint:656]: 当前建筑所需方块：2106
[10:37:31] [Client thread/INFO] [STDOUT]: [com.trhsy.sim.npcCode.build.BuildingBlueprint:addBuildingBlueprint:401]: 当前建筑：莱克豪斯酒店
[10:37:31] [Client thread/INFO] [sim]: 找到建筑描述 暂无 在 莱克豪斯酒店
[10:37:31] [Client thread/INFO] [STDOUT]: [com.trhsy.sim.npcCode.build.BuildingBlueprint:addBuildingBlueprint:656]: 当前建筑所需方块：275
[10:37:31] [Client thread/INFO] [STDOUT]: [com.trhsy.sim.npcCode.build.BuildingBlueprint:addBuildingBlueprint:401]: 当前建筑：街角小屋
[10:37:31] [Client thread/INFO] [sim]: 找到建筑描述 暂无 在 街角小屋
[10:37:31] [Client thread/INFO] [STDOUT]: [com.trhsy.sim.npcCode.build.BuildingBlueprint:addBuildingBlueprint:656]: 当前建筑所需方块：320
[10:37:31] [Client thread/INFO] [STDOUT]: [com.trhsy.sim.npcCode.build.BuildingBlueprint:addBuildingBlueprint:401]: 当前建筑：西尔斯大厦
[10:37:31] [Client thread/INFO] [sim]: 找到建筑描述 暂无 在 西尔斯大厦
[10:37:31] [Client thread/INFO] [STDOUT]: [com.trhsy.sim.npcCode.build.BuildingBlueprint:addBuildingBlueprint:656]: 当前建筑所需方块：390825
[10:37:31] [Client thread/INFO] [STDOUT]: [com.trhsy.sim.npcCode.build.BuildingBlueprint:addBuildingBlueprint:401]: 当前建筑：西瓜南瓜农场
[10:37:31] [Client thread/INFO] [STDOUT]: [com.trhsy.sim.npcCode.build.BuildingBlueprint:addBuildingBlueprint:656]: 当前建筑所需方块：3230
[10:37:31] [Client thread/INFO] [STDOUT]: [com.trhsy.sim.npcCode.build.BuildingBlueprint:addBuildingBlueprint:401]: 当前建筑：诺兹之家酒店
[10:37:31] [Client thread/INFO] [sim]: 找到建筑描述 暂无 在 诺兹之家酒店
[10:37:31] [Client thread/INFO] [STDOUT]: [com.trhsy.sim.npcCode.build.BuildingBlueprint:addBuildingBlueprint:656]: 当前建筑所需方块：1089
[10:37:31] [Client thread/INFO] [STDOUT]: [com.trhsy.sim.npcCode.build.BuildingBlueprint:addBuildingBlueprint:401]: 当前建筑：豪华公寓
[10:37:31] [Client thread/INFO] [sim]: 找到建筑描述 暂无 在 豪华公寓
[10:37:31] [Client thread/INFO] [STDOUT]: [com.trhsy.sim.npcCode.build.BuildingBlueprint:addBuildingBlueprint:656]: 当前建筑所需方块：3750
[10:37:31] [Client thread/INFO] [STDOUT]: [com.trhsy.sim.npcCode.build.BuildingBlueprint:addBuildingBlueprint:401]: 当前建筑：豪华木屋酒店
[10:37:31] [Client thread/INFO] [sim]: 找到建筑描述 暂无 在 豪华木屋酒店
[10:37:31] [Client thread/INFO] [STDOUT]: [com.trhsy.sim.npcCode.build.BuildingBlueprint:addBuildingBlueprint:656]: 当前建筑所需方块：1365
[10:37:31] [Client thread/INFO] [STDOUT]: [com.trhsy.sim.npcCode.build.BuildingBlueprint:addBuildingBlueprint:401]: 当前建筑：超小房子
[10:37:31] [Client thread/INFO] [sim]: 找到建筑描述 暂无 在 超小房子
[10:37:31] [Client thread/INFO] [STDOUT]: [com.trhsy.sim.npcCode.build.BuildingBlueprint:addBuildingBlueprint:656]: 当前建筑所需方块：24
[10:37:31] [Client thread/INFO] [STDOUT]: [com.trhsy.sim.npcCode.build.BuildingBlueprint:addBuildingBlueprint:401]: 当前建筑：迎阳楼
[10:37:31] [Client thread/INFO] [sim]: 找到建筑描述 暂无 在 迎阳楼
[10:37:31] [Client thread/INFO] [STDOUT]: [com.trhsy.sim.npcCode.build.BuildingBlueprint:addBuildingBlueprint:656]: 当前建筑所需方块：4752
[10:37:31] [Client thread/INFO] [STDOUT]: [com.trhsy.sim.npcCode.build.BuildingBlueprint:addBuildingBlueprint:401]: 当前建筑：迷宫砖房
[10:37:31] [Client thread/INFO] [sim]: 找到建筑描述 暂无 在 迷宫砖房
[10:37:31] [Client thread/INFO] [STDOUT]: [com.trhsy.sim.npcCode.build.BuildingBlueprint:addBuildingBlueprint:656]: 当前建筑所需方块：6156
[10:37:31] [Client thread/INFO] [STDOUT]: [com.trhsy.sim.npcCode.build.BuildingBlueprint:addBuildingBlueprint:401]: 当前建筑：郊区门廊
[10:37:31] [Client thread/INFO] [sim]: 找到建筑描述 暂无 在 郊区门廊
[10:37:31] [Client thread/INFO] [STDOUT]: [com.trhsy.sim.npcCode.build.BuildingBlueprint:addBuildingBlueprint:656]: 当前建筑所需方块：504
[10:37:31] [Client thread/INFO] [STDOUT]: [com.trhsy.sim.npcCode.build.BuildingBlueprint:addBuildingBlueprint:401]: 当前建筑：都铎住宅
[10:37:31] [Client thread/INFO] [sim]: 找到建筑描述 暂无 在 都铎住宅
[10:37:31] [Client thread/INFO] [STDOUT]: [com.trhsy.sim.npcCode.build.BuildingBlueprint:addBuildingBlueprint:656]: 当前建筑所需方块：616
[10:37:31] [Client thread/INFO] [STDOUT]: [com.trhsy.sim.npcCode.build.BuildingBlueprint:addBuildingBlueprint:401]: 当前建筑：金字塔
[10:37:31] [Client thread/INFO] [sim]: 找到建筑描述 暂无 在 金字塔
[10:37:31] [Client thread/INFO] [STDOUT]: [com.trhsy.sim.npcCode.build.BuildingBlueprint:addBuildingBlueprint:656]: 当前建筑所需方块：196
[10:37:31] [Client thread/INFO] [STDOUT]: [com.trhsy.sim.npcCode.build.BuildingBlueprint:addBuildingBlueprint:401]: 当前建筑：金库
[10:37:31] [Client thread/INFO] [sim]: 找到建筑描述 暂无 在 金库
[10:37:31] [Client thread/INFO] [STDOUT]: [com.trhsy.sim.npcCode.build.BuildingBlueprint:addBuildingBlueprint:656]: 当前建筑所需方块：6300
[10:37:31] [Client thread/INFO] [STDOUT]: [com.trhsy.sim.npcCode.build.BuildingBlueprint:addBuildingBlueprint:401]: 当前建筑：铁匠之家
[10:37:31] [Client thread/INFO] [sim]: 找到建筑描述 暂无 在 铁匠之家
[10:37:31] [Client thread/INFO] [STDOUT]: [com.trhsy.sim.npcCode.build.BuildingBlueprint:addBuildingBlueprint:656]: 当前建筑所需方块：462
[10:37:31] [Client thread/INFO] [STDOUT]: [com.trhsy.sim.npcCode.build.BuildingBlueprint:addBuildingBlueprint:401]: 当前建筑：铁屋v1
[10:37:31] [Client thread/INFO] [sim]: 找到建筑描述 暂无 在 铁屋v1
[10:37:31] [Client thread/INFO] [STDOUT]: [com.trhsy.sim.npcCode.build.BuildingBlueprint:addBuildingBlueprint:656]: 当前建筑所需方块：294
[10:37:31] [Client thread/INFO] [STDOUT]: [com.trhsy.sim.npcCode.build.BuildingBlueprint:addBuildingBlueprint:401]: 当前建筑：铁屋v2
[10:37:31] [Client thread/INFO] [sim]: 找到建筑描述 暂无 在 铁屋v2
[10:37:31] [Client thread/INFO] [STDOUT]: [com.trhsy.sim.npcCode.build.BuildingBlueprint:addBuildingBlueprint:656]: 当前建筑所需方块：280
[10:37:31] [Client thread/INFO] [STDOUT]: [com.trhsy.sim.npcCode.build.BuildingBlueprint:addBuildingBlueprint:401]: 当前建筑：长木屋
[10:37:31] [Client thread/INFO] [sim]: 找到建筑描述 暂无 在 长木屋
[10:37:31] [Client thread/INFO] [STDOUT]: [com.trhsy.sim.npcCode.build.BuildingBlueprint:addBuildingBlueprint:656]: 当前建筑所需方块：72
[10:37:31] [Client thread/INFO] [STDOUT]: [com.trhsy.sim.npcCode.build.BuildingBlueprint:addBuildingBlueprint:401]: 当前建筑：阁楼
[10:37:31] [Client thread/INFO] [sim]: 找到建筑描述 暂无 在 阁楼
[10:37:32] [Client thread/INFO] [STDOUT]: [com.trhsy.sim.npcCode.build.BuildingBlueprint:addBuildingBlueprint:656]: 当前建筑所需方块：630
[10:37:32] [Client thread/INFO] [STDOUT]: [com.trhsy.sim.npcCode.build.BuildingBlueprint:addBuildingBlueprint:401]: 当前建筑：阳光房
[10:37:32] [Client thread/INFO] [sim]: 找到建筑描述 暂无 在 阳光房
[10:37:32] [Client thread/INFO] [STDOUT]: [com.trhsy.sim.npcCode.build.BuildingBlueprint:addBuildingBlueprint:656]: 当前建筑所需方块：540
[10:37:32] [Client thread/INFO] [STDOUT]: [com.trhsy.sim.npcCode.build.BuildingBlueprint:addBuildingBlueprint:401]: 当前建筑：阿蒙纳之家酒店v1
[10:37:32] [Client thread/INFO] [sim]: 找到建筑描述 暂无 在 阿蒙纳之家酒店v1
[10:37:32] [Client thread/INFO] [STDOUT]: [com.trhsy.sim.npcCode.build.BuildingBlueprint:addBuildingBlueprint:656]: 当前建筑所需方块：324
[10:37:32] [Client thread/INFO] [STDOUT]: [com.trhsy.sim.npcCode.build.BuildingBlueprint:addBuildingBlueprint:401]: 当前建筑：阿蒙纳之家酒店v2
[10:37:32] [Client thread/INFO] [sim]: 找到建筑描述 暂无 在 阿蒙纳之家酒店v2
[10:37:32] [Client thread/INFO] [STDOUT]: [com.trhsy.sim.npcCode.build.BuildingBlueprint:addBuildingBlueprint:656]: 当前建筑所需方块：528
[10:37:32] [Client thread/INFO] [STDOUT]: [com.trhsy.sim.npcCode.build.BuildingBlueprint:addBuildingBlueprint:401]: 当前建筑：隐士之家
[10:37:32] [Client thread/INFO] [sim]: 找到建筑描述 暂无 在 隐士之家
[10:37:32] [Client thread/INFO] [STDOUT]: [com.trhsy.sim.npcCode.build.BuildingBlueprint:addBuildingBlueprint:656]: 当前建筑所需方块：216
[10:37:32] [Client thread/INFO] [STDOUT]: [com.trhsy.sim.npcCode.build.BuildingBlueprint:addBuildingBlueprint:401]: 当前建筑：鹅卵石小屋
[10:37:32] [Client thread/INFO] [sim]: 找到建筑描述 暂无 在 鹅卵石小屋
[10:37:32] [Client thread/INFO] [STDOUT]: [com.trhsy.sim.npcCode.build.BuildingBlueprint:addBuildingBlueprint:656]: 当前建筑所需方块：120
[10:37:32] [Client thread/INFO] [STDOUT]: [com.trhsy.sim.npcCode.build.BuildingBlueprint:addBuildingBlueprint:401]: 当前建筑：鹅卵石屋
[10:37:32] [Client thread/INFO] [sim]: 找到建筑描述 暂无 在 鹅卵石屋
[10:37:32] [Client thread/INFO] [STDOUT]: [com.trhsy.sim.npcCode.build.BuildingBlueprint:addBuildingBlueprint:656]: 当前建筑所需方块：140
[10:37:32] [Client thread/INFO] [STDOUT]: [com.trhsy.sim.npcCode.build.BuildingBlueprint:addBuildingBlueprint:401]: 当前建筑：鹅卵石隔间
[10:37:32] [Client thread/INFO] [sim]: 找到建筑描述 暂无 在 鹅卵石隔间
[10:37:32] [Client thread/INFO] [STDOUT]: [com.trhsy.sim.npcCode.build.BuildingBlueprint:addBuildingBlueprint:656]: 当前建筑所需方块：125
[10:37:32] [Client thread/INFO] [STDOUT]: [com.trhsy.sim.npcCode.build.BuildingBlueprint:addBuildingBlueprint:401]: 当前建筑：黑白摩天大楼
[10:37:32] [Client thread/INFO] [sim]: 找到建筑描述 暂无 在 黑白摩天大楼
[10:37:32] [Client thread/INFO] [STDOUT]: [com.trhsy.sim.npcCode.build.BuildingBlueprint:addBuildingBlueprint:656]: 当前建筑所需方块：21609
[10:37:32] [Client thread/INFO] [STDOUT]: [com.trhsy.sim.npcCode.build.BuildingBlueprint:addBuildingBlueprint:401]: 当前建筑：乡村教堂1
[10:37:32] [Client thread/INFO] [sim]: 找到建筑描述 暂无 在 乡村教堂1
[10:37:32] [Client thread/INFO] [STDOUT]: [com.trhsy.sim.npcCode.build.BuildingBlueprint:addBuildingBlueprint:656]: 当前建筑所需方块：4032
[10:37:32] [Client thread/INFO] [STDOUT]: [com.trhsy.sim.npcCode.build.BuildingBlueprint:addBuildingBlueprint:401]: 当前建筑：乡村教堂2
[10:37:32] [Client thread/INFO] [sim]: 找到建筑描述 暂无 在 乡村教堂2
[10:37:32] [Client thread/INFO] [STDOUT]: [com.trhsy.sim.npcCode.build.BuildingBlueprint:addBuildingBlueprint:656]: 当前建筑所需方块：9384
[10:37:32] [Client thread/INFO] [STDOUT]: [com.trhsy.sim.npcCode.build.BuildingBlueprint:addBuildingBlueprint:401]: 当前建筑：南大教堂2
[10:37:32] [Client thread/INFO] [sim]: 找到建筑描述 暂无 在 南大教堂2
[10:37:32] [Client thread/INFO] [STDOUT]: [com.trhsy.sim.npcCode.build.BuildingBlueprint:addBuildingBlueprint:656]: 当前建筑所需方块：354705
[10:37:32] [Client thread/INFO] [STDOUT]: [com.trhsy.sim.npcCode.build.BuildingBlueprint:addBuildingBlueprint:401]: 当前建筑：梅斯教堂
[10:37:32] [Client thread/INFO] [sim]: 找到建筑描述 暂无 在 梅斯教堂
[10:37:32] [Client thread/INFO] [STDOUT]: [com.trhsy.sim.npcCode.build.BuildingBlueprint:addBuildingBlueprint:656]: 当前建筑所需方块：12348
[10:37:32] [Client thread/INFO] [jei]: Starting JEI...
[10:37:33] [Client thread/INFO] [jei]: Registering recipe categories...
[10:37:34] [Client thread/INFO] [jei]: Registering recipe categories took 64.29 ms
[10:37:34] [Client thread/INFO] [jei]: Registering mod plugins...
[10:37:35] [Client thread/INFO] [jei]: Registering mod plugins took 1.330 s
[10:37:35] [Client thread/INFO] [jei]: Building recipe registry...
[10:37:35] [Client thread/INFO] [jei]: Building recipe registry took 147.6 ms
[10:37:35] [Client thread/INFO] [jei]: Building ingredient list...
[10:37:35] [Client thread/INFO] [jei]: Building ingredient list took 44.63 ms
[10:37:35] [Client thread/INFO] [jei]: Building ingredient filter...
[10:37:37] [Client thread/INFO] [jei]: Building ingredient filter took 1.462 s
[10:37:37] [Client thread/INFO] [jei]: Building bookmarks...
[10:37:37] [Client thread/INFO] [jei]: Building bookmarks took 117.4 ms
[10:37:37] [Client thread/INFO] [jei]: Building runtime...
[10:37:37] [Client thread/INFO] [jei]: Building runtime took 537.2 ms
[10:37:37] [Client thread/INFO] [jei]: Optimizing memory usage...
[10:37:38] [Client thread/INFO] [jei]: Optimizing memory usage took 348.8 ms
[10:37:38] [Client thread/INFO] [jei]: Starting JEI took 5.372 s
[10:37:38] [Client thread/INFO] [FML]: Forge Mod Loader has successfully loaded 7 mods
[10:37:38] [Client thread/WARN] [net.minecraft.client.settings.GameSettings]: Skipping bad option: lastServer:
[10:37:38] [Client thread/INFO] [com.mojang.text2speech.NarratorWindows]: Narrator library for x64 successfully loaded
[10:37:40] [Realms Notification Availability checker #1/INFO] [com.mojang.realmsclient.client.RealmsClient]: Could not authorize you against Realms server: Invalid session id
[12:21:46] [Client thread/INFO] [net.minecraft.client.Minecraft]: Stopping!
[12:21:46] [Client thread/INFO] [net.minecraft.client.audio.SoundManager]: SoundSystem shutting down...
[12:21:46] [Client thread/WARN] [net.minecraft.client.audio.SoundManager]: Author: Paul Lamb, www.paulscode.com
